# 3D point list with one line of data per point:
#   POINT3D_ID, X, Y, Z, R, G, B, ERROR, TRACK[] as (IMAGE_ID, POINT2D_IDX)
# Number of points: 5217, mean track length: 4.0295188805827102
6563 1.775342377025257 3.0017902338936109 2.723257110469679 95 94 101 0.80075069939723165 46 240 40 326 76 402 34 790 32 768 99 477
6562 1.4934076907615206 2.2345393654124424 1.690032078744919 0 0 0 2.2809948635742399 48 1102 66 1087 88 1142 4 1211 80 1126 37 1140 15 1230 42 1083
6554 1.6049464639140352 2.6824932419702718 2.8874813092102305 0 0 0 3.2341728621077084 92 1797 64 1745
6553 0.62673114706702981 2.2581665447253658 2.1556433356395552 197 42 37 1.879291141939645 34 1672 64 1747
6552 0.62673114706702981 2.2581665447253658 2.1556433356395552 197 42 37 1.879291141939645 34 1673 64 1746
6550 1.7571140569238528 3.0028804194309302 2.7032841480651197 168 155 151 0.54733431454942671 38 1297 64 1519 10 1376
6549 0.79944573763390736 2.9649532438817254 1.9320109590782115 228 49 36 0.64378089019936424 76 1121 99 1339 64 1446
6548 1.7434509262910245 2.9821177397728564 2.6840585548031322 0 0 0 0.25778692857371466 99 1191 64 1410
6547 1.6271311111524891 2.9101596942726835 2.5755815555873407 0 0 0 0.59701001379025354 10 1227 64 1402 38 1282
6546 1.3635864800699473 2.9604147228231725 2.6954006741264136 171 149 61 0.17980141566071839 99 1294 64 1398
6541 0.27845994065895779 2.1605836114521559 3.2087176076752764 0 0 0 0.027035940761872053 99 1118 64 1203
6539 0.84610821006338488 2.7246749949684355 2.2938355103344223 225 59 43 0.52429585113411159 32 926 64 1184
6538 0.81359881542719115 2.977895062471918 1.9040162697696632 251 252 252 0.073488326464753811 99 1069 64 1149
6537 1.7826041276659608 3.0303592097771714 2.7011310377083775 0 0 0 0.35715048538389726 76 703 64 1092
6535 0.5182733736686912 2.2001739910473561 1.7934106963953653 112 65 50 0.54536534846233287 34 811 64 851
6533 1.4300430754637947 2.6592572089302968 2.170040061721902 176 47 39 0.2257435431858491 99 305 64 700
6532 0.71675665493529717 2.8432777295509228 1.9626404702735196 150 30 20 0.94026255011033155 99 597 64 619
6531 0.53450409475650895 3.0035291992022763 1.8304493155768518 0 0 0 0.44545112710607182 10 560 64 602
6530 -0.26745433859438833 2.0989577242316009 2.2210911686298629 113 68 52 0.15361742118111738 99 509 64 524
6529 1.4305757105696628 2.9755222903508858 2.688645036374639 195 174 68 0.1439704070303473 38 779 64 443
6528 0.90988968440276108 2.9202825975305817 2.1031351098396232 246 70 49 0.10927588096862084 34 616 64 266
6527 0.85075015780870444 2.9086608759566488 2.0328427274619023 250 66 45 0.2699413223655982 38 171 64 244
6526 0.60375563084512085 2.759758305548754 2.0045670881429891 111 86 70 0.47939679098489069 34 167 99 147 64 171
6524 0.29138558220540051 1.9546800891933278 3.3224320469017901 0 0 0 0.88477774076336879 92 1533 32 1356 94 1485 52 1098 92 1052 61 1276 34 1182
6523 -0.57756077940666395 2.2803272414007161 2.2384671110308036 67 59 53 2.2036454175850149 16 1589 94 1649 39 1489 69 1500
6522 1.4805221553106827 2.89380756949252 2.543163478306913 0 0 0 0.70955601305663907 24 1686 94 1843
6521 0.53885024315461183 2.3842005337221783 3.1218141024978658 0 0 0 1.8042761368084339 38 1658 94 1817 10 1526
6520 -0.53521109865130456 2.1021431377293984 1.9178890582182404 0 0 0 1.4692654294847911 10 1636 32 1639 34 1621
6519 0.2764379448612147 1.9307132222644114 3.336213291933535 255 255 255 0.64579356391692111 34 1539 94 1778 64 1562
6518 1.7314976987494903 2.9084566775287359 2.6776382227619022 120 104 85 0.88598801540125238 24 1481 94 1772
6517 1.5132979133997435 2.8217880869169885 2.4636796469383566 118 101 85 1.1874584060684961 16 1623 94 1755
6516 1.1922709075180422 1.932084764263948 1.517723386533405 0 0 0 0.36719033748741287 38 1623 94 1717 10 1551
6514 0.62272669855548324 2.0912346504000077 2.1306044682272418 255 249 210 0.28994292793096832 24 1523 94 1637
6513 -0.45590130548295144 2.2283197915177069 1.7205684069326577 0 0 0 0.7162018217230155 32 1579 94 1627
6512 -0.38971357092360304 2.2725519512289853 1.794397402913497 228 192 143 0.26861500227612978 32 1394 94 1510
6511 1.8065071693851327 3.0772343613753876 2.7372095908102372 81 88 102 0.39520260497919446 24 1395 94 1489
6510 -0.15027949019833658 2.2737958352219296 2.0701221031597923 164 148 145 1.9611138939404036 10 1278 94 1397 38 1132
6509 1.1866337128649627 2.0339948029807946 1.7240105448213168 0 0 0 0.18788215478468354 38 1441 94 1376 10 1391
6508 0.86717579216189111 2.0425112759624344 2.364572063863148 255 255 255 0.23829333223395599 38 912 94 977 10 599
6507 0.90442778297190818 1.8417912139556172 1.7608151378887325 178 150 104 1.3950680472499248 32 1501 94 876
6506 1.0309120315174303 3.8184939190763219 2.7815979132365363 255 255 145 0.034383949992841036 34 775 94 854
6505 1.5703756538503311 2.2542016115806551 3.0082587409688211 255 255 152 0.053342534130472012 16 486 94 832
6504 0.73115288767996411 3.2468117134834338 2.5782554244878111 126 116 111 0.59953071506332967 38 729 94 771 10 731
6503 0.96812143859953514 3.0006115242712252 2.1249250368951063 255 255 255 0.00011674486989559637 10 930 94 651
6501 -0.029752212952139073 2.0821857036006342 2.408829129374825 115 9 8 0.23978706097044658 52 607 94 609 61 614
6500 0.41713858715340374 2.1456300907865198 1.9024857403837356 163 123 102 0.59945930517089308 10 843 38 847 94 521
6499 0.96736357286030028 1.865258114886849 1.743245046270151 255 221 138 1.018472957412045 38 474 94 490 10 467
6498 0.80433597070994756 2.7363146662784552 2.1943054015085375 255 255 255 0.0049664584853855035 32 200 94 199
6497 0.4179658912254321 2.2524047617090095 2.123206560865023 166 144 121 0.16435598190222003 24 135 94 118
6496 1.0881589995398471 1.9285915348657345 2.0956126701212221 117 27 22 0.14744489635077981 10 80 94 55 38 73
6495 -0.62041959962341608 2.09121845209207 1.9467551006740407 3 4 0 2.1492438933337583 32 25 94 31
6492 1.7122988370205352 2.3265925041474751 3.240702743154527 94 85 78 0.49337753284152008 10 1634 34 1593 38 1710 32 1675 99 1527 40 1116 59 1156 23 1189 60 1078
6489 1.7125772430960808 2.3242358786822681 3.2384040968380261 127 115 108 0.45272543935460979 34 1594 40 1117 59 1155 99 1528 23 1188 60 1079
6487 1.7998534564898099 3.0359042628135473 2.745597548598639 106 101 104 0.54003867014488527 40 1114 99 1525
6486 0.32391132569174702 1.906941661236184 3.1708550206027248 0 0 0 0.88896684289287931 34 1613 52 1720 61 1708 99 1507 64 1653
6485 -0.54261446667004753 2.1995300070422736 2.1488546193917908 209 219 215 0.60965703629934709 52 1645 99 1461 61 1631
6484 1.3000783458301324 2.3122583019797429 3.1715760891879938 42 38 37 0.59573953108363242 52 1637 99 1456
6483 0.22408640501698179 1.9072616780891269 3.4360858173320938 149 131 96 0.75184107304691072 34 1483 52 1681 61 1666 64 1569 99 1438
6481 1.3770541039965227 2.8860736101754494 2.6648480517141926 194 172 73 1.8145030882906323 34 1427 99 1387
6480 1.3770541039965227 2.8860736101754494 2.6648480517141926 194 172 73 1.8145030882906323 34 1428 99 1386
6479 1.5376281109522461 2.8771798075985644 2.5588111630855184 0 0 0 1.1994049558228528 34 1542 99 1385
6478 1.3015492089640619 2.7692496871170111 2.6790533474543792 255 255 255 0.56818580818774544 52 1627 99 1380 64 1498
6476 1.3446287011108269 2.7910474332944735 2.6105625935707488 0 0 0 0.66681484523395484 52 1443 61 1435 99 1286
6475 0.24390119168587224 2.189773661587691 3.195685193783552 202 230 255 0.75103492425235485 52 1440 61 1423 99 1264 64 1369
6474 0.24390119168587224 2.189773661587691 3.195685193783552 202 230 255 0.75103492425235485 52 1441 61 1424 99 1263 64 1368
6472 0.54061560357500504 2.0761998136489455 3.2759933594213737 152 140 135 0.031075933983869278 34 1192 99 1146
6470 1.7735113756224596 3.0105077058484633 2.760646696288684 43 39 37 0.36089411106019498 76 411 99 986
6469 0.60093330109244458 2.1150889699198583 3.3223372514516996 158 146 142 0.2161727240342971 40 695 99 947
6466 0.93826420248419451 2.9951036687006818 2.3722740118645946 253 250 190 0.34255476426563991 52 1047 99 914 61 1032
6465 0.79356751774786194 2.5417476269206984 2.4970262037985469 174 55 43 1.3057589012159108 34 931 99 898 64 963
6464 0.5558431052472963 2.6696732721846219 1.691579344692357 172 160 152 0.20448290227546168 76 1107 99 811
6463 1.41878237681315 2.6248200997033964 2.1865849402445034 86 74 62 0.058234690512939759 61 269 99 657 52 259
6462 1.3829415780345586 1.8039255959620251 2.1847856724853183 244 206 153 0.24415596919742757 61 694 99 618 52 217
6461 1.1267118439072363 2.1478662977118446 1.9993802261415088 210 48 41 0.7731000811744666 34 539 99 587 64 582
6460 -0.39793873311629296 2.3942632982612997 1.5614366740415346 255 255 237 1.7668465035548881 52 0 99 485
6459 1.2410165802495425 2.5870393004605594 3.0578625899561107 134 123 112 0.17237425402611464 34 436 99 453 64 447
6458 0.65083842196480601 2.1290372111318256 3.3428999241728135 86 77 70 0.31283812367207509 34 749 99 372
6457 0.35357743261078534 1.988518656937617 3.1846547900422966 109 86 74 0.26227445217908341 61 798 99 302 52 784
6456 0.92378025577282397 2.8866691924652557 2.266082550617436 195 50 39 0.28540655128132081 32 235 92 255 99 284
6455 -0.3897771403680072 2.3280515627014444 1.6312959233856443 255 255 247 0.21389290414078382 61 2 99 1
6454 1.6071491907308932 3.0029450682014076 2.5910190755580462 217 197 190 1.2822142888925521 34 750 32 734
6453 1.3724102140855807 2.3866775821244994 3.3028136787573792 0 0 0 2.6221201502319 52 1805 32 1743 38 1786 61 1779
6452 0.90304001447861271 2.8849580204894685 2.153265016014986 247 72 53 0.33698613676861033 10 1133 34 1128 32 1148 92 1206 38 1181
6451 0.66801675522912796 2.1510649855838144 3.3814640129376454 63 58 56 0.69674273375898033 34 1548 38 1616 61 1718 92 1721 52 1734 38 1704 10 1629 32 1631
6450 1.4375861775838084 2.5742597744490516 3.0384521448050763 0 0 0 1.9483191929981682 32 1740 99 1600
6449 -0.28079945722495492 2.0639120557003641 2.5255180416376093 0 0 0 2.9204697765292744 38 1783 32 1736
6448 0.43418244016694008 2.1450759594509572 1.981055642596268 168 148 139 0.97651494695674301 38 1756 32 1711 10 1685
6447 1.1300625354810778 1.9170113153495036 1.5903413677926304 225 185 131 2.0195216028126062 10 1683 26 1627 38 1753 32 1709 94 1847
6446 0.62319372060006595 1.8581527432833864 2.487624328035233 255 255 255 1.7684985090613727 10 1689 32 1686 38 1758
6445 -0.43102737124110813 2.0712255026225557 2.2155843765191854 0 0 0 1.7048699027236018 34 1624 32 1681 99 1573
6444 -0.50196005157251633 2.0566383756042432 2.0251603032297791 0 0 0 1.7067425929597959 34 1557 32 1678 99 1459
6443 1.7159932395447945 2.3243605243946548 3.2409271358839908 126 113 102 0.20612367645100205 10 1633 38 1709 32 1676
6442 1.3404943206395354 2.789401403342322 2.9244619692307618 73 77 88 0.27943128275896134 10 1631 38 1706 32 1672
6441 1.3404943206395354 2.789401403342322 2.9244619692307618 73 77 88 0.27943128275896134 10 1630 38 1705 32 1671
6440 0.47786591813684809 2.3275680209901366 3.241285806477471 61 61 64 0.77358712803582885 34 1586 32 1667 99 1515 64 1659
6439 0.32707314823517236 1.9861669450046451 3.2941342241242606 0 0 0 0.1117922636198337 10 1627 38 1697 32 1661
6438 -0.60536737991474387 2.12788825367493 1.9007631067996122 209 174 126 2.1473041534535251 10 1637 32 1640 94 1791
6437 1.4041592682711717 2.2328610727356888 1.7233181365844448 0 0 0 1.6817435487166545 10 1603 38 1670 32 1638 94 1720
6435 0.32348841372924592 2.155450666614561 3.2388435895598233 0 0 0 0.76049841673496799 10 1591 32 1622
6434 0.85149595448116877 2.6071519305785822 2.4085851648557135 255 255 255 0.17971750402587744 10 1577 34 1525 32 1602 99 1428
6433 0.85138207439142233 2.6072599081727414 2.4086318878599897 255 255 255 0.15545617064756936 10 1576 34 1524 32 1601 38 1637 99 1427
6432 1.2132520278646348 2.7502479987599115 2.9555488257060252 60 65 74 0.23443726463637105 10 1539 32 1573 38 1663
6431 1.3188916066600807 2.7179282838408998 2.8969003267248601 222 218 233 0.25044818540599412 10 1538 38 1614 32 1571
6430 1.4557837634895243 2.5158447699056921 1.9859195701018855 255 255 255 0.16486725600869223 10 1483 38 1561 32 1528
6429 0.90907221350758749 1.8402139198347967 1.7611403341919856 122 109 93 1.5245683074869982 26 1045 32 1502 94 877
6428 0.49922584225882999 2.6853781168944644 3.0086337644161691 51 53 58 1.0576013986440553 34 1480 52 1546 32 1484
6427 0.24894682680260058 1.9224685575627214 3.3831899918633055 255 255 255 1.0523825862277734 10 1522 38 1606 32 1469 94 1782
6426 0.95538778006899316 3.0187020118753471 2.4292152683745885 255 255 255 0.094413099989695562 10 1335 32 1453 38 1385
6425 0.87249373421830989 2.8463931676402003 2.1618482378203834 225 65 48 0.087292632560797112 10 1422 38 1475 32 1429
6424 1.1348743098550196 2.2965689286588091 3.2687222115036527 25 28 34 0.25195774896470913 10 1382 38 1435 32 1384
6422 0.66011729695639354 2.2988137313359047 2.8192816689079772 0 0 0 0.32193719822867678 10 1341 38 1388 32 1341
6421 0.69737520373394268 2.3072257571036845 2.7155950182976012 56 62 72 0.18980471658303391 10 1333 32 1336 38 1382
6420 0.77816585816373252 1.9336741493112688 2.6300070090455603 71 64 58 0.24724102691940483 10 1315 38 1481 32 1310
6419 1.6622794250224484 2.4140155547254953 1.6662685342716033 168 150 139 0.49445782523366288 52 1182 61 1349 32 1265
6418 -0.71263859127851681 2.3743364155237434 1.9262270649031989 103 84 68 2.7645270493734859 38 1322 32 1263
6417 -0.71263859127851681 2.3743364155237434 1.9262270649031989 103 84 68 2.7645270493734859 38 1323 32 1262
6416 1.4595330184083524 2.2919398305852146 1.6877791903546513 0 0 0 0.94759375641963872 10 1267 34 1068 32 1252 38 1319 94 1382
6414 0.4322782166310265 2.1137185559089078 3.3173306467182071 178 166 162 1.5229098011154889 10 1226 32 1213 38 1281
6413 0.81426266753227772 2.8544852317485905 2.0828589466808705 166 27 26 0.11805411110911952 10 1127 38 1178 32 1140
6412 0.81426266753227772 2.8544852317485905 2.0828589466808705 166 27 26 0.11805411110911952 10 1128 38 1177 32 1139
6411 0.86548804975487492 2.0417153049412708 2.3408957340151 111 55 57 0.8245084885273426 10 1123 38 1170 32 1123 94 1236
6410 -0.31357079779018937 1.9040539000175474 2.2443500270964232 175 155 140 1.7324706787297393 26 1253 32 1084
6409 1.0122700885964837 2.2418055415559399 3.3154890345520358 0 0 0 0.46193790043981275 34 1220 92 818 32 1052
6408 0.79193640155342171 2.6954012048434599 2.6823806564981356 174 178 194 0.479068655524718 34 956 32 992 99 926 76 593 64 997
6407 0.6632243842020501 2.2553781291552681 2.7781388696126759 215 231 251 0.24414375673067265 10 971 38 961 32 969
6406 0.82596004412088797 2.57939415510435 2.4209454223170073 104 31 23 0.36129202865897742 34 624 32 945 99 638
6405 0.84264077984372354 2.2135119631469431 2.3746813249984298 101 15 12 0.097727854238481571 10 617 32 907 38 928
6404 -0.69789009093812238 2.0538731725350408 2.2070873383668239 0 0 0 0.38948441046966203 26 841 32 826
6403 -0.60188144647340736 2.112233308529853 1.9443135554063355 255 254 171 0.52046580462658187 38 835 32 802 10 832
6402 0.52791365181393091 2.2533041981464725 1.7402008431665008 169 153 143 0.83009683034860593 10 831 32 798 38 834
6401 1.1389773175948941 1.9773798083165706 1.6385388880129415 252 255 255 0.031285574873347953 38 824 32 782
6400 1.1389773175948941 1.9773798083165706 1.6385388880129415 252 255 255 0.031285574873347953 38 823 32 781
6399 1.1153169892803194 1.8714730330675251 1.5365908750028641 95 95 103 0.40177942034882808 10 820 38 820 32 777 94 488
6396 0.88146854123046292 3.2594748775009825 2.4580531630055935 93 23 20 1.9164751396249666 10 703 38 709 32 696
6395 0.83163461138960448 2.7920211079400521 2.6425074835227504 147 45 33 0.4271974385034803 10 695 38 705 32 683
6394 0.6362125826513092 2.2364736224899056 2.782977645285492 255 254 255 0.2181106063269361 38 678 32 663 10 670
6393 0.75287578390185561 1.9371991510977526 2.6609108124938095 141 16 12 0.3500314938517306 10 934 38 941 32 625
6392 0.70088179886051505 2.5209245397834517 2.326964899188793 218 46 36 0.17668794205408869 34 615 32 619 64 936
6391 0.86424950501600351 1.9796305961766878 2.5583845912587848 185 42 35 0.3571305076298773 10 623 38 630 32 616 94 646 24 728
6390 1.4262752543255897 2.4765206312590005 1.9637001299080241 177 168 163 0.11769235266089724 10 584 38 580 32 571
6389 -8.0559533823332234 10.655992089165757 2.1459159386329683 86 52 46 0.93313282113284446 61 559 32 390
6388 0.26048474255478099 1.9044793210085531 3.4078958858953379 90 79 67 1.9174420161322452 38 765 32 382 10 771
6387 0.76924141594281392 3.3114801003808632 2.5420079808456841 249 250 252 0.26119240207737987 38 346 32 363 10 730
6386 0.76152661097152774 3.325559245652125 2.5238873566090394 8 6 5 0.019832684440290634 10 706 32 338
6385 0.77846844797359793 3.3332122865623961 2.5263658019972799 132 146 170 0.17175226247978817 10 320 32 337 38 727
6384 0.6699604174967404 2.229653540478044 2.7915403571342301 114 92 64 0.48837273199762371 10 981 38 679 32 289
6383 0.84560564637514457 2.6927563245494568 2.4153647475742477 163 38 34 0.25940201167924687 34 265 32 261 64 300 76 216
6382 0.86227962123289315 2.7407457842907395 2.4197805268831942 215 60 46 0.03107775263003331 38 247 32 259
6381 0.7490137098987808 2.5733531545873176 2.3224133803883471 203 43 35 0.39380361072514669 10 192 34 229 32 202 99 627 64 250
6380 0.80659103448204017 2.7078873911135561 2.2358089052948289 174 31 27 0.28075315132891232 34 228 32 201 99 246 64 249
6379 0.90916671437947894 2.0396314805788136 2.336894388932381 166 150 141 0.2158379757699215 10 163 32 143 38 166
6378 1.4568385354748414 2.4734502402709642 2.003796843363904 121 98 95 0.040524329180070616 10 587 32 127 38 592
6377 0.27826964852888353 2.1240120826982158 2.2836156814608213 255 252 255 1.9178649195232964 38 1343 32 122 10 1298
6376 -0.26399489896247402 2.0917109159802547 2.3603403790489832 26 21 17 0.20792176153833145 10 119 32 105 38 114
6375 1.2838362368158995 2.3298398913017389 1.9611800198336302 255 255 255 0.24159978000448254 10 121 38 122 32 95
6374 0.21924786372436386 3.3019553560610553 2.3126613704218442 17 1 1 1.5409875925125016 6 1223 44 1228 26 1432 67 1213 21 1134 1 1050 63 1116 67 1151 11 1254 93 1370 8 1208 100 1260 33 1089 3 983 2 1044 89 1245
6373 -0.41162898924464725 2.2410744026210114 2.0457286317069832 0 0 0 2.0966723328534771 16 1737 48 1690 66 1658 56 1693 81 1704 69 1687 39 1701 24 1728 7 1745 52 1793 61 1768 83 1702 36 1735
6362 0.96539875322008373 1.9869025536033977 1.6026197565566189 0 0 0 2.1203124989144566 28 19 75 32
6361 0.21614047910767542 2.0999632924148521 1.9593354109452494 0 0 0 0.484964299356201 92 1785 34 1643
6360 1.4598053752203206 2.1711705180118965 1.6454874682489644 199 189 186 0.29347776915085177 10 1063 34 1055
6357 0.95444603806451478 1.8974222830932008 1.7364894590553794 233 196 140 2.5425634151682557 92 16 34 20
6354 0.7475168396613584 2.3680271761707776 3.1649971677326918 0 0 0 0.31391619391934544 10 1712 38 1782 34 1664
6350 1.3326070738658296 2.7833235186061156 2.9255518347768747 69 71 79 0.75856083391494633 52 1733 61 1717 34 1591 99 1521 64 1662
6349 1.3326070738658296 2.7833235186061156 2.9255518347768747 69 71 79 0.75856083391494633 52 1732 61 1716 34 1590 99 1522 64 1663
6348 0.31045136574441617 1.9980279814153463 3.298248623904426 0 0 0 0.33982150064539712 52 1727 61 1711 34 1582
6347 0.92468911290064404 2.4839402763907859 3.2040674515501242 255 255 217 0.71220550267314808 10 1543 38 1618 34 1550
6345 0.61700548504206787 2.3128225306509318 2.8764366470427842 141 125 96 2.1130588068577389 92 1674 34 1530
6344 1.1166256333106039 1.8861734621270985 1.6065801938076911 254 215 156 1.2466317245598699 92 1686 34 1497 32 1578
6343 1.2682393500076814 2.7773248829313593 2.9526430467792215 0 0 0 0.65982586403760279 52 1564 34 1493 61 1462
6342 0.19136003257919607 1.9305613147013505 3.5090037950314654 0 0 0 0.48959989713896618 10 1534 38 1610 34 1486 32 1629 64 1570
6341 1.3367839804119879 2.7598328159340699 2.5775401173748689 167 140 125 1.543750730835215 52 1624 61 1660 34 1485
6340 0.2240864050169801 1.9072616780891281 3.4360858173320947 156 138 92 0.75184107304691594 52 1680 34 1482 61 1665 64 1568 99 1439
6339 -0.53682316717740752 2.1573566414054741 1.9832749498294953 0 0 0 1.968027922008289 10 1601 34 1445 38 1669 32 1642 94 1826
6338 1.1660526525192494 2.0319846297052977 1.6607993709738058 0 0 0 0.52400876736190127 38 1545 34 1443 32 1503
6337 1.0499283604630141 1.8712673679108236 1.6200063543113905 0 0 0 0.94869942220605719 10 1552 34 1439 38 1624 94 1502
6336 1.3047341081540846 2.7668891431557414 2.6765437830371499 185 164 153 0.98789828101127242 52 1626 34 1420 99 1381
2768 0.65332281111961921 2.1825863251060156 2.1931853559083279 0 0 0 0.081763906633981948 84 1349 49 1293
2756 -0.69364771021611715 2.239472418760259 1.8243529750109453 201 167 120 0.26237866312226615 84 1298 49 1229
2754 -0.37610464413223538 2.334428531688332 1.8148509832161461 255 255 254 0.29503202072106538 84 1154 49 1220
2729 0.58214847501246825 2.0678882469060431 2.0845810109179075 243 222 189 0.62055825014578347 84 1261 85 772 49 1046
2720 -0.57616854604168477 2.1736559469376995 2.0602528838535532 96 80 62 0.46327539213350089 84 740 49 932 36 619
2719 -0.44636351289872556 2.3863903954524752 2.1463211379906832 0 0 0 0.066088891960352877 84 1194 49 929
2701 1.0521014407225435 2.4720723164266998 3.1367864390041071 70 62 51 1.081291510977431 43 543 49 658 13 411 100 221 8 211 72 333 80 689
2686 -0.9747470417745574 1.069400783559519 1.5839709861908322 134 115 91 0.79659607383623043 29 226 49 378
2673 1.3718496058142309 2.0332616987793455 2.5529566813548819 56 48 36 0.37820569432811385 84 128 49 118 36 595
2669 1.1232765900658985 1.8702739094391174 1.5728587102043599 255 237 168 0.4355220008199881 84 831 49 17 71 482
2664 1.3772289879972923 1.9028210048620569 2.4812961157721061 0 0 0 1.1099251997888533 43 1363 84 1555 49 1502 78 1657
2663 3.8517712207577501 8.7974045015196456 7.8561453213562151 0 0 0 0.73002177237906585 29 663 84 796
2642 0.35730670964915545 2.5958601010693285 3.0529143970172767 237 230 218 0.48739577400205186 43 1004 84 1307 49 1252
2621 0.30803589838182266 2.5726747398200058 2.2002780490057514 126 25 17 0.23866121464755119 43 968 84 630 49 588
2608 0.37361234932749099 2.6712340092080971 2.9674580416096692 249 230 198 0.66649867166586785 43 257 84 380 49 707 73 418 78 807
2603 1.1540003325190784 2.368295444925296 3.1551239090855829 72 64 55 1.5123264364275399 96 281 84 272 49 266 62 661 87 338 13 429 54 614 16 490
2570 0.53294579008802012 3.0063018265717845 1.8816853259659139 234 211 183 0.14578105724005783 98 931 18 909 58 898
2569 0.95493598548408443 1.9334076460143534 1.6222332097838998 199 165 114 0.64691650188020944 43 395 18 862
2558 1.3912080252779873 1.7729209216040873 2.1682058675378615 167 150 136 0.9883518617464131 9 685 75 20 98 378 18 388
2549 1.3786383117910999 1.7879390670854409 2.204286971629954 88 77 56 0.86954673873644717 75 27 18 29 73 553 59 746 23 759 37 235 80 278 15 648 42 649 16 978 48 598 66 621 88 645 56 540 81 562 39 588 69 540 83 594
2548 0.98377808472490946 1.9450046013756153 1.614478537986626 217 177 122 0.89385731687438352 9 23 18 22
2540 -0.61416848022853854 2.593880331400193 2.7814791344461995 65 55 30 2.0641463523617243 43 1405 85 1466
2535 0.39489612298485877 2.6738189156295284 2.0410712255484929 125 22 13 1.0364155412902989 25 1414 29 1395 85 1438
2509 1.3727953269483446 1.8253839220910641 2.2560282413959913 245 203 144 0.61544444670346632 25 1133 29 1156 85 1199 71 1279 28 1198
2505 0.55015076197797996 2.6574160096539998 1.7552177654384038 198 184 174 0.10390006416498793 25 1050 85 1098 29 1077
2459 -0.58571673750188058 2.3191092477537159 2.35583128232813 153 129 104 0.10112796626609084 25 355 85 369 29 374
2415 0.81902433175398226 2.1213190428511997 1.9826939927655733 104 108 121 0.15786525830160411 25 1029 43 911 29 1064
2414 0.92434727232147462 1.8747419030394818 1.7288858996495422 201 169 117 0.28412699656023777 9 1140 29 1050
2402 0.35990189932025379 2.6258010948011328 3.1447990841277718 160 141 118 0.80019769930207607 9 814 25 590 29 823
2387 -0.41641949472781054 2.2711696502809304 1.6956607324563751 46 41 31 0.0019032422253017804 9 256 29 220
2357 -0.70183240667873936 2.7758692800240343 2.6254366125969422 115 109 101 1.1328158046026562 43 1336 25 1324 85 1415 84 1519 49 1466 28 1401
2356 -0.66355083073826837 2.4964187680480538 2.7799062222417126 151 130 105 1.1745190107045458 43 1337 25 1321 29 1324 85 1380 71 1483
2355 -0.42038602729811581 2.2725308401349009 1.7039096814084815 87 80 64 0.44559051837942054 43 1312 25 1310 29 1310 85 1362 71 1422
2354 0.39393767910446731 2.160327657934269 2.0189422036772462 126 16 9 0.77467152536930817 9 1167 43 1299 25 1303 29 1304 85 1353
2353 1.3436397587484912 2.0596445954376166 2.6581778488486956 0 0 0 0.79485601316956878 43 1298 25 1297 85 1351
2352 -0.56688973152377675 2.4338906170331875 2.3247643881618867 0 0 0 0.70254470709341843 43 1224 25 1284 29 1287 85 1267
2351 -0.53693019782404228 2.4708040861792453 2.204964653912536 0 0 0 0.70429276325857926 43 1219 25 1278 29 1283 85 1330
2350 -0.33563673239622832 2.2565421223468261 2.18794410438016 168 155 153 0.49655859107361239 43 1196 25 1268 29 1273
2348 0.58131269313456058 2.4580345772891037 2.9626941455161475 141 118 89 0.95872501631049845 9 1261 25 1260 29 1266
2346 0.41797106003430728 2.1094357080319828 2.0189675261343747 163 142 118 0.26153991846507257 9 1164 25 1229 29 1242
2344 1.0045134413226218 1.8925729310401163 1.7951590558715549 255 255 213 1.8490966443012919 25 1215 29 1295 85 1283
2339 0.27583340535403211 2.5703827220932127 3.093911191141232 255 255 226 1.0320572395921463 43 1289 25 1191 29 1219 73 1616 36 1523
2338 0.25992641578564657 2.5519294481730155 3.0736176685751238 255 255 226 0.44290488708494008 43 1288 25 1190 29 1218
2337 0.28567206624057073 2.5414055500525121 3.1251829290064177 0 0 0 0.63887550001620363 9 1197 25 1189 29 1217 43 1207 85 1265 43 1287 84 1459 49 1405 71 1342
2335 0.31692829462570149 2.0305928261362203 3.2506704966592084 88 68 29 0.65867512943935547 43 1205 25 1180 29 1209 85 1259
2334 0.32725334542190215 2.0378097272375379 3.2614027039843174 88 68 29 0.53069781399981109 43 1206 25 1179 29 1210
2333 -0.64327198956085696 2.181851139211668 1.8353188146699368 203 171 125 0.22880941889908424 9 1200 25 1172 29 1204
2331 0.41188406623406676 2.0678368993472094 2.5383798749535469 120 11 7 0.22943089488464588 43 1097 25 1160 29 1185
2329 1.1675306419774689 1.8779696090305742 1.5789120612116632 255 252 234 0.89018475116309581 43 1234 25 1128 29 1147 85 1279 84 1466 49 1414 73 1679 62 1371 87 1298
2328 -0.68421633389414449 2.7474471695577884 2.654103255281075 0 0 0 0.40031833294439173 43 1228 25 1121 84 1401 49 1349 84 1463 73 1456 71 1351 29 1141
2327 5.1323498728675139 7.2203759702138974 7.1273131420233771 0 0 0 2.11545282224745 43 1105 98 1058
2326 -0.64308901052771072 2.5369282418458106 2.5515021320899316 167 137 100 0.12922470595405833 43 1138 25 1117 29 1027
2325 -0.58307727336677084 2.543454298946513 2.660217221424626 195 169 137 0.61723979050321409 9 1011 25 1115 29 1134
2324 -0.61374595674401267 2.3819502599413678 2.3734563055815721 127 113 91 0.55877499730733515 43 1025 25 1112 29 1014
2323 -0.30323746038524585 2.2418124562351651 2.5501959896819391 21 16 14 0.38340675115365375 43 1127 25 1107 29 1126 85 1161
2322 0.25134211801155565 2.5886901352721789 3.0957150709881822 3 2 1 0.43717750696509006 43 1123 25 1103 29 1123 85 1165
2321 0.32157953009225793 2.5529087308019718 3.1064770110488644 255 255 248 0.16794493395907883 9 1103 25 1098 29 995
2320 -0.66262125727824683 2.4048945359840452 1.8392519364985858 205 173 125 1.4683721292506464 9 996 84 1299 49 1230
2319 -0.34867753686533598 2.230941154240115 2.1215094607304641 107 8 5 1.3780305702064153 43 1113 25 1089 29 1112
2318 -0.45168175932928806 2.2832048787886374 1.7177200145375371 251 208 148 0.59500043019489424 43 984 25 1075 29 1195 28 1139
2317 0.37200883749027663 2.1114908655178075 2.0106986703277601 95 36 22 1.6770436817439538 43 1168 25 1055 29 933 9 919 85 1211
2316 0.69312392738065642 2.1098337547529109 2.1633880384090594 62 14 8 0.87854247474773228 43 1245 25 1048 29 1166
2315 0.62936596504948339 2.5376469607754957 1.7692073895106617 0 0 0 0.32946421946276644 9 897 25 1038 71 1017
2314 0.91077403380826394 2.0303504288353436 2.1950347327944524 131 16 10 0.86539676510278485 43 1064 25 1034 29 1067 85 1295 71 1366 28 1275
2313 1.3442131991213189 2.0521697555332339 2.5247430946727323 255 255 251 0.58440879562542514 43 914 25 1031 29 1063 85 951
2312 0.8467032001196203 2.1297901157508541 1.9392775284008783 70 57 44 0.45299497780787562 43 1060 25 1025 29 1061
2311 1.1545863145497599 1.9028587963222965 2.1110184756948613 212 175 129 1.8981926812755576 43 1241 25 1020 29 1157 85 1287
2310 1.1522586228476277 1.9106294529271732 2.0625500241794374 255 235 134 1.279531451324371 9 1144 25 1017 29 1054
2307 -0.53950700742084134 2.4349008909891237 2.2699700666584506 55 42 27 0.57113583220460684 43 1130 25 981 29 1010
2306 0.19858332498429507 2.2784933951331188 3.210090952005006 10 9 6 0.78103312630538502 9 988 25 974 29 1006 85 1055 43 1016
2304 -0.35612915931105454 2.2643400109491845 2.1657364314770993 61 58 51 0.74658848539848643 43 999 25 955 29 989
2303 -0.31709070424015101 2.1685037159755107 2.2369640228828596 162 152 150 0.48912772880109306 9 982 25 953 29 987
2302 -0.31709070424015101 2.1685037159755107 2.2369640228828596 162 152 150 0.48912772880109306 9 983 25 952 29 988
2301 -0.26722334800832848 2.1306779979075516 2.3248362863752359 110 11 6 0.64185948946460858 43 1006 25 951 29 811
2300 -0.63929718947660319 2.2962561844203515 1.7535035322159247 210 176 130 0.97755632317775876 43 1002 25 947 29 809
2299 -0.3114403634554242 2.1631721319322432 2.2173662572747017 83 37 26 0.63635159564966026 9 973 25 944 29 985
2298 0.57055397666032892 2.433608124950668 2.9773194775084932 140 114 77 0.18833861418504541 43 1106 25 933 29 972
2296 0.48346722496959349 3.0310498414336027 1.8868327619647658 207 191 167 0.30424660884597343 43 946 25 896 85 798 84 888 49 813 73 540
2295 0.39373079262953931 2.2802205580837871 1.8517352173462867 197 178 167 0.25698268644262279 43 934 25 876 29 928 85 957
2294 0.61030881822939098 2.5384038341119792 1.7395554362902008 202 172 153 0.28238539623251613 43 921 25 872 71 1019 28 984
2293 0.6132962330687779 2.5416738710142472 1.7412550979214789 202 172 153 0.32987467892677147 43 920 25 871 29 910 85 946 71 1018
2292 1.3680008779531001 1.9795035362185225 2.4332318309752838 194 176 190 0.75102907815584463 9 441 84 95
2291 1.376610743847827 1.7968861745417388 2.2011592272397378 57 50 35 0.2321867972821752 9 881 25 858 29 892 36 1124 71 995 28 951
2288 1.1378052479220464 1.9204563803178913 1.6182663317924679 255 255 238 0.071307272591294185 43 890 25 846 29 878
2286 -0.79034743216967307 2.4847827258181088 3.0552301607723122 40 35 27 0.40991454632102314 9 866 43 668 25 840 29 867 85 717 71 1141
2285 -0.31267258988586694 2.2908779613103367 2.568338190773765 60 6 3 0.30755560372314195 43 852 25 820 29 837 9 836
2284 -0.60317656912394946 2.1650452682891821 2.050437849928461 73 59 47 0.35091506243778303 43 846 25 814 29 828 85 633
2283 -0.26147915218577938 2.0853926852464175 2.27435115526947 161 138 111 0.085164526986969413 9 807 25 795 29 804
2282 -0.54553532531866344 2.2012544569403838 1.8133088459422195 225 187 138 0.43487045964622223 9 977 25 792 29 977
2281 -0.064188313352070994 2.043175441722894 2.3977960643794134 255 255 255 0.38672740333955857 43 573 25 790 29 799 85 598
2280 0.5986551065168183 2.4243860852491652 2.977056326959969 0 0 0 0.34200277242161398 43 800 25 785 29 794 71 1070
2279 0.99571047942475399 2.4574405512158251 3.1313066231130549 24 24 24 0.45700718768141563 43 548 25 772 29 557
2277 0.38678548284673858 2.2758588212334874 1.8662749674621386 47 36 30 0.23498388942431853 43 734 25 729 29 727 85 487
2276 0.37998397768612496 2.2140123270640037 1.8925214966370942 255 255 221 0.51280200499809503 43 483 25 728 29 480
2275 0.55636899483311042 2.5631991976882014 1.7742909773898765 132 45 34 0.5900930794303646 43 457 25 712 29 720 85 480
2274 0.59948851555404403 2.5704725461062656 1.7572966741700462 255 255 255 0.787051898079552 9 723 25 711 29 718 28 484
2273 1.3761533888339006 1.7949714198894438 2.1781127543418757 255 253 234 0.52666062526100521 43 410 25 676 85 743 83 577 36 872 71 796 28 734
2272 1.3803624166513211 1.7521508737172768 2.114156205772169 255 254 213 1.0967720311010729 25 673 83 569
2271 1.3873471895876008 1.694617471536694 2.0538768545586215 168 145 125 0.69905483316155381 9 676 84 843
2270 1.1331540069367678 1.9266602029658342 1.6454230535109866 255 255 237 1.0880836027004841 43 681 25 666 29 682 85 733 84 836
2269 1.1573151010870313 1.8996356301921609 1.5957174379309198 255 255 234 0.48337621542951609 9 669 43 887 25 658 29 678 85 916
2268 -0.5585587244238972 2.4417858856787942 2.2571204348787148 193 163 127 0.48905566475261292 43 860 25 629 29 641 85 886
2267 -0.54854188376251267 2.4408249398082673 2.245152418363932 195 165 128 0.20177231983748342 43 345 25 622 29 640 85 674
2266 -0.29897696090524517 2.2321029212376762 2.5094531193265821 153 26 15 0.28606081599524857 9 612 43 611 25 600 29 620 71 730
2265 -0.37645151900502405 2.2933659637483221 2.1884135845660162 114 15 9 0.14513794219011875 43 583 25 585 29 605
2264 0.31514426805669887 1.9793731618800712 3.182909291959362 195 165 129 0.22163946282111613 43 830 25 579 29 601 85 653
2263 -0.32313643494865185 2.1875362704173775 2.2142642952940834 164 153 150 0.16855346580503797 9 298 25 574 29 596
2262 -0.25814084481248456 2.0927357573028624 2.3278522288039305 212 180 135 0.17620422673429426 43 276 25 572 29 279
2261 0.47640094476262251 2.2787781947484711 3.1801397032469834 60 52 45 0.20851366141538077 43 580 25 569 29 594 85 643
2260 -0.32274824576554723 2.2187328177916186 2.1534704641155349 116 119 120 0.33844998617080158 43 266 25 568 29 591 71 683
2259 -0.5097362986433932 2.2280237705635804 1.8022113358841347 235 194 140 0.62544449301586824 98 982 25 554 9 970
2258 0.70082457799632769 2.3625451243337152 2.9974192513152316 171 140 102 0.22845676803337756 43 793 25 535 29 567
2257 0.39195788430565542 2.1431599082493644 2.5522020518588473 65 55 42 0.46834729811845222 43 786 25 523 85 571
2256 0.41970695777852579 2.1029443985022418 2.3362745295946374 117 11 6 0.34368722571852423 43 168 25 496 29 523 71 853 28 808
2255 0.41047709358144668 2.2753799035101201 2.1191850202706326 97 17 11 0.42789780967268071 43 525 25 492 29 517 84 604
2253 0.58751223238414285 2.2324774960576468 2.2997149081835491 54 36 36 0.13130634052040333 9 141 25 474 29 503
2252 0.61513684972862936 2.6311543242707467 1.7559610961526575 185 175 174 1.4134402943508477 43 721 25 450 29 719 71 86
2251 0.58941911355018206 2.5114168481274226 1.7969151843333149 166 154 148 0.74144081580706034 43 96 25 447 29 469 85 76 71 79 28 96
2250 0.94666495662618089 2.0655225002478494 2.2336359124863834 115 29 20 0.057764438282851577 43 448 25 439 29 456
2249 0.7984030970583107 2.0948983868208977 2.022124723462686 255 255 252 1.4501032648843168 9 61 25 432 29 61 71 529
2248 0.94138977014221059 2.0327327458626754 2.1731867661137492 205 177 147 0.8838141829308549 43 74 25 431 29 57
2247 1.3949860112899199 2.4975320547207609 1.9285033222404258 145 134 103 0.28914100487409372 9 40 25 420 29 37
2245 -0.3841142463441613 2.3438456467409274 2.3944331590367463 150 23 13 0.364850782477459 9 332 25 319 29 350 85 336 43 612
2244 -0.62121516617924144 2.1863553380488772 2.0551811297730991 118 100 81 0.31883429159854765 9 340 25 308 85 310
2243 0.26699272144519992 2.1410303046953838 3.1751664005674045 1 0 0 0.17049762342400332 9 292 25 301
2242 -0.1235413528721563 2.2127702082084331 2.5732763165712207 221 199 164 0.178550415267587 9 296 25 291 29 603 18 312 58 315 71 716
2241 0.32630435854580753 1.9749888968710012 3.1719511013880033 90 71 30 0.42372136712409247 43 591 25 284 85 651
2240 0.32833305773645544 1.9750945430653533 3.1736821423750197 90 71 30 0.12114106393653624 43 592 25 283 29 291
2239 -0.35869786425266598 2.2988640043599404 2.1635903092061723 255 255 254 0.20796191993336977 43 278 25 279 29 289
2238 -0.32636648254317518 2.1859588270569055 2.2475504049368227 135 21 14 0.2261380686167648 9 299 25 274 85 621
2237 -0.43999311819882386 2.250543894767262 1.8003386803861743 255 255 192 1.214651431826413 9 259 25 236
2236 0.61012275230278434 2.2311773046644308 2.8052133615037338 34 29 24 0.16374005971380665 43 203 25 211 29 207
2233 0.41176349798966 2.2531923212071923 2.1361766091363119 116 20 10 0.26729878515290162 43 155 25 138 29 146 84 172
2232 0.54666584820651942 2.7585345387692568 1.9772374281282157 117 18 11 0.56918612687966319 43 503 25 132 29 141 85 134 84 581
2231 0.54666584820651942 2.7585345387692568 1.9772374281282157 117 18 11 0.56918612687966319 43 504 25 131 29 140 85 135 84 582
2230 0.59482012983082111 2.7689951316765282 2.0242653904999415 182 173 174 0.21239295066470293 43 130 25 126 29 134 71 136
2229 0.59482012983082111 2.7689951316765282 2.0242653904999415 182 173 174 0.21239295066470293 43 131 25 125 29 135 71 137
2228 0.55709537803387987 2.7447217998293345 1.9598227816349978 134 21 15 0.21953600993022518 43 133 25 114 85 127
2227 0.3981824551484146 2.117106685804639 2.0061421828538148 160 132 99 0.19526688450604812 9 113 25 99 29 122 71 558
2226 0.5533673237677893 2.4807116193550898 1.8181922855609836 107 14 13 0.4188693711351843 9 93 25 84 29 92
2225 0.58666841897323196 2.4999988444827417 1.8162735443671461 108 25 21 0.088167328962659289 43 95 25 83 29 91 85 75
2224 0.5844766057823797 2.4980782360377796 1.8159254663929714 108 25 21 0.26489518710295151 9 94 43 94 25 82 29 90 71 81 28 110
2223 1.3546845343554823 2.040169330427728 2.5621306178381529 119 99 84 0.11197097979586625 9 60 25 64 85 82
2222 0.64167203439126586 2.2681286120381419 1.7263881557838547 176 165 147 0.67116558025673212 43 60 25 52 85 45
2221 1.1297841476874166 1.9851180132158091 2.0655357820112252 115 88 76 0.57939684264577374 43 47 25 35 85 32
2220 0.95451500863757932 1.9413705931574492 1.6146665926089152 208 172 120 0.70878123471973165 9 411 25 14 29 13 71 12
2219 1.1494363056975967 1.9446296151560289 1.6725275635780366 255 255 231 1.0854494250808089 9 20 25 9 29 7 96 102 73 499 40 421
2218 1.1075071339200153 1.8949339713386659 1.5439232480232341 71 65 50 0.14571067502873142 9 11 25 5 29 6 71 5
2217 0.52929468523499479 3.0178594308332554 1.8689226247759003 214 47 28 0.83289803098401194 1 743 2 737 75 628 21 1000 1 920 43 745 8 1084 11 1114 93 1217 9 138 25 134 84 106 85 508 22 1157 71 169 28 173 95 785
2215 -0.41933688796038077 2.3253818227242213 1.7682011693856663 246 208 149 1.5548554878548653 43 1427 25 1435 29 1421 71 1543
2214 -0.41933688796038077 2.3253818227242213 1.7682011693856663 246 208 149 1.5548554878548653 43 1426 25 1436 29 1422 71 1544
2213 0.14359345764503254 2.0905291946564413 2.0720061146376216 39 24 12 0.16350796542872492 9 1431 43 1424
2210 -0.55185081438752848 2.562151311642888 2.6395807026555325 92 77 65 0.81872626325172093 9 1400 43 1404 25 1416 29 1401
2209 0.61482805504946592 2.387006990377694 2.9701003516918285 85 66 24 0.910996496278074 9 1389 43 1390 25 1397 29 1379 85 1453
2208 0.4363472473517091 2.4145299612731157 1.8694748479877967 138 23 14 1.697960447033602 9 1403 43 1385 29 1393
2207 0.81808622289902122 2.1093818588780486 2.1913894702203622 94 6 4 1.9406852408033128 9 1364 43 1383 25 1387 29 1374 85 1434 84 1559 73 1714 18 1245 58 1321 49 1505
2206 -0.59138114109916162 2.6927214843449327 2.7170180145716682 0 0 0 1.5651719725623683 9 1352 43 1380 71 1506 28 1428
2205 0.51298969543527984 1.9478323811897797 2.584469237521958 153 19 13 1.989469325587703 9 1370 43 1371 25 1392 29 1378 85 1440
2204 0.55443144989777327 2.9298813297460264 1.9073035623586136 156 33 21 1.2978655306471687 9 1335 43 1349 25 1337 29 1331 85 1354
2203 1.0146723945906559 1.9819229787924444 2.4727864068001173 0 0 0 1.5937081756248062 43 1348 25 1140
2202 1.3696923681521314 2.0558195937130512 2.5618344174631602 140 122 111 0.53259481205152814 9 1360 43 1345 25 1334 29 1329 85 1393
2199 -0.70183240667873936 2.7758692800240343 2.6254366125969422 115 105 96 1.1328158046026562 43 1335 25 1323 85 1414 84 1518 49 1465 28 1400
2198 0.17590774600292758 1.861368297736417 3.5510217623972964 114 106 85 0.56048600372592883 9 1284 98 1286 43 1330 25 1281 29 1284 85 1378 18 1277
2197 0.28121373375411324 2.1344716598388214 3.214564046755028 127 103 71 0.61596833048944566 9 1277 43 1326 25 1275 29 1278
2196 -0.67308734830087169 2.147658232037478 1.8883284306325117 255 255 217 0.56222511513590723 98 1319 25 1270 9 1324 29 1319
2195 0.60426693886437532 2.3632956665253841 3.0457789171656215 104 87 48 1.7476498722916496 9 1313 43 1316 25 1313 29 1314 85 1371
2194 -0.41271441511147555 2.2826328874330573 1.7084197611862151 84 78 62 0.29636652098660998 9 1316 43 1311 29 1311 85 1363
2192 0.62954777862255062 2.3551782507815617 1.7493365113906434 175 167 159 1.0495224897583979 9 1363 43 1296 25 1333
2190 -0.27890274692048317 2.1215462888810483 2.3306498493870964 72 24 16 0.5587524468382753 9 1278 43 1280 85 1320
2189 0.54863447173965152 2.741887818612823 1.9806773714611716 166 40 21 0.431434469793332 9 1238 43 1251 25 1239 29 1246 85 1302
2188 1.2125253734954389 1.9650329823992969 1.394798658188527 255 255 250 2.5839340754378357 9 1297 43 1231 29 1292
2187 -0.68469498555921482 2.5197469089103341 2.8175161114331337 0 0 0 0.5798680906027146 75 1042 43 1230 25 1208 85 1186 71 1350 28 1257 95 1160
2186 0.31991172753656077 2.0076516820030421 3.3076289014572664 0 0 0 0.79052436894826295 9 1275 43 1211 25 1316 29 1276 85 1331 71 1446 28 1353
2185 -0.7256514342957775 2.3155166888140424 1.8066121886905815 255 212 139 1.9534530229143048 43 1204 29 1214 25 1177
2184 -0.4551296728790335 2.2404754779605693 1.7674008450895888 242 202 145 0.60150961121790858 9 1193 43 1193
2183 0.69197952915722283 2.2705684534765855 2.7401383138185689 175 148 110 1.6900309543258205 2 1104 43 1182
2181 0.35505453675870413 2.2869138800798865 1.8882283697203186 208 189 169 0.19891374550166407 9 1237 43 1169 25 1232 29 1244 85 1301
2180 0.38275668776085975 2.2605542580906244 1.8995915161254731 44 37 28 0.52810815802289279 9 1166 43 1162 25 1231 29 1243 85 1298
2179 0.81358408943534777 2.0620130739283189 2.1253200657082245 143 23 12 0.70801118936651974 9 1153 43 1158 29 1162 85 1296
2178 0.92943212239655248 2.0548914343490243 2.252139991804972 200 173 137 0.64281400333862015 9 1151 43 1157 25 1137 29 1161
2177 0.80133260846088472 2.0683826575166702 2.0550413262437144 159 138 123 0.24881306670821571 9 1154 43 1155 29 1159
2174 0.21531539118520632 1.8921420537195266 3.5027746321926885 210 191 177 0.48657934803102515 9 1205 43 1133 85 1170
2172 -0.29808408632892558 2.2469761474767478 2.5545523517646265 36 27 19 0.44954077330605263 9 835 43 1126 25 1106 29 1125 85 1162
2171 0.49549292627316771 2.331969951824735 3.1571834610172722 0 0 0 0.16160899655251906 98 1083 43 1109 85 1254
2169 0.32020540937623759 2.5383440080020918 2.2019413373287517 189 165 143 0.11012758703318101 9 928 43 1091
2167 0.41193129982831389 2.3197830884135531 2.1541687929781648 109 8 4 0.52976638820352995 9 1076 43 1085 29 1176 25 1153 85 1217
2166 0.48886987786720493 3.0351886691119856 1.8655447229994049 130 41 37 0.67500857920612045 9 1075 43 1081 25 892 29 1090 85 976 84 1257 49 1190
2164 0.7645520895604796 2.9508392659482112 1.90597119113127 137 38 28 0.2359076895148664 9 1061 43 1074
2163 0.62564064264050856 2.6092920306064409 1.750866523891784 255 255 255 0.99544418715336314 9 1158 43 1067 25 1039 29 1073 85 1095 84 1247 49 1177 71 1289 28 1281
2162 1.0896712972516336 1.8483593010787924 1.3814718164820712 210 171 123 0.92173835345992983 9 1128 84 1236 49 1268
2159 -0.75601012197429263 2.3957097651972288 2.8636537234484245 164 141 113 0.3205408789714666 9 1026 85 1075
2158 -0.65563181924796909 2.4700383353532152 2.7502052974681144 198 185 185 0.83877388727705771 9 1018 43 1035 25 994 29 1033 71 1129 85 1180
2157 0.18728531475874183 1.9164686742510444 3.5004932533246982 0 0 0 0.42075812995083089 9 1113 43 1024 25 1197 29 1222 85 1271
2156 0.20716206192391548 2.2820009166996633 3.2434046890941781 156 124 84 1.4459252543869352 9 993 43 1018 25 975 29 835 85 1056 28 1076
2155 0.34057986478862629 2.1203969163161318 3.3347830367262681 192 196 214 0.15397465459801132 9 1101 43 1013
2154 0.34497185203058484 1.9488485597089744 3.191562575833065 197 185 186 0.58395860130197286 9 969 43 1007 25 957 29 990 85 1044
2153 0.54539833003701887 2.489135106658463 2.9665984979839171 131 118 108 0.12355951093297027 9 955 43 988
2152 0.40947332381663465 1.9872901040158861 2.4574766990179815 129 15 8 0.83835357333333216 9 774 43 963 85 1118
2151 0.44721166644218313 2.3947619195949601 1.871964139090494 98 90 88 0.20432257012860208 9 1065 43 935 29 1081 25 1052
2150 0.58818696002506199 2.4752321578677217 1.8334213347498802 0 0 0 0.36789487341252453 9 1160 43 924 29 913
2149 1.3282929658551952 2.1176771454615499 2.6344844329364641 187 171 164 0.58212325123841691 9 713 43 923 29 911 25 1040
2148 0.60688911675205892 2.6523895388614518 1.7169073227738165 255 255 255 0.46260272293427929 9 1056 43 922 25 875 29 914 85 948 71 834 28 990 57 728
2147 0.62354034090558497 2.5337592509983815 1.7658056363355825 0 0 0 0.54476205643036291 9 896 43 919 25 1037 29 1070 85 1094 71 1016
2146 1.358579024209936 2.093869057465005 2.5514177156439946 0 0 0 0.41904544162035312 9 893 43 915 25 869 85 764
2145 1.3459218302909361 2.0262222947700907 2.593173466285581 255 255 231 0.25878677344823614 9 710 43 913 25 703 29 713 85 763 71 826
2144 1.3771106954573853 1.7976502020735869 2.2018223613330838 66 58 42 0.27416584704653046 9 880 43 902 25 857 29 891 85 929 84 1080 49 1018 83 1125 36 1123
2142 0.1730130938413976 1.8893889949234903 3.520063726693031 41 35 27 0.34405011812195618 9 997 43 865 85 1062
2141 0.32823036489468449 2.084980608712101 3.3225989871753265 89 71 32 0.40969862616042424 9 813 43 847 25 595 29 616 85 679
2140 -0.33891996504823174 2.1928673180642702 2.2237704093726132 47 21 14 0.68144794046045487 9 817 43 821 85 857
2139 -0.26255595121672159 2.141015041857671 2.3084208733272411 131 105 68 1.3860794186951528 9 593 43 819 25 802 29 813
2138 -0.52017551728505096 2.2182058660619601 1.8332010994082781 212 178 131 0.97979391700284046 43 807 85 584
2137 0.45093646869544507 2.4621610536803353 2.197041446338087 170 163 174 1.3993299894218851 9 764 43 760 84 914 49 566
2135 0.53160688752648821 2.5618606026788027 1.7726090297372208 255 255 160 0.56231774380155874 9 732 43 727 29 726 25 713 85 766
2134 0.60493939651107775 2.5066416858438685 1.7982131964397305 255 255 255 1.4895270800673799 9 721 43 720 25 709 29 466 85 762 71 832 18 684 28 483 71 78 9 77 58 669
2133 1.0937016407265057 1.9476742288655182 2.0922087692954756 111 50 43 0.77096002966512645 9 436 43 702 29 434 85 753
2132 1.1373592946723301 1.9299913757847706 1.6489356386170855 255 255 254 1.2163166969087498 43 680 25 665 29 681 85 732 84 835 49 776 73 841 9 673
2131 -0.75813807262526167 2.4904626078582792 3.0291524840313628 0 0 0 0.19343740506740248 75 333 43 666
2130 -0.7690193675890572 2.4144622208515605 2.817484144105888 177 152 98 1.6979370665817506 9 663 43 664 85 715
2129 -0.62569805489897179 2.1852231913381601 2.064291886601934 255 255 255 0.21185028851673141 9 343 43 606 29 332 85 636
2128 0.57042155202625944 2.3206125849267578 3.0795632795861025 145 125 107 0.30305823866371379 9 253 43 572 25 557
2127 0.58757992405489767 2.3283394985103283 3.0505203555419302 143 121 93 0.43720130315254013 9 570 43 566 29 583 25 556
2126 0.46410653907071181 2.1442961910187748 2.2990721295462566 109 11 6 0.39227718768877895 9 763 43 528 85 527
2125 0.44429761564780496 2.9414795377115537 1.8825107892318889 156 25 15 0.098542204100760117 9 518 43 518
2124 0.56924540676198276 2.7705898793070003 2.049500004548324 196 192 202 0.53396013245146245 9 515 43 517 25 483 29 512
2123 0.55990996683445382 2.7410867642592009 1.946649028445556 159 135 113 0.16733567445829753 9 506 43 501 29 129 84 579 49 537
2122 0.55972837541682907 2.7406973003460302 1.9465334338918983 159 135 113 0.16629858856915383 9 507 43 500 29 128 85 129 84 578 49 536
2121 0.56310621338008371 2.7362474538163393 2.0199788643772782 100 58 48 0.73256657931841607 9 135 43 499 25 482 29 511 85 503 71 135
2120 0.37027023026335903 2.2851491270003872 1.9182500152255582 88 18 14 0.85217218634495628 9 129 43 497 25 110 85 117
2119 0.56080953539856748 2.7512201396816223 1.9267094814992163 214 174 150 0.75603189059803511 9 495 43 489 84 560 49 525
2118 0.50112006151666599 2.5643539275646359 1.7725611069947371 51 45 35 0.24835735043105309 9 486 43 459 29 478 25 721
2117 1.310344903431552 2.05416839433106 2.5876370604605889 54 43 30 0.28999874583071239 9 712 43 452 25 706 29 714
2116 1.0231402261796114 1.9404433321299515 2.170322600350838 128 115 96 1.3122102317420832 9 56 28 63
2115 1.3730821310274872 1.801820425431337 2.1966032520653731 58 48 34 0.3031037883721906 9 417 43 422 85 22 28 33 95 420
2114 1.389360012025842 1.7793221436128857 2.1953216953231194 255 255 215 0.52321405997191428 9 416 43 409 25 405 29 423 71 504 28 426
2113 1.1109466630398988 1.8639910789431446 1.5428993704260212 47 41 29 0.59578813738474734 2 12 43 389 29 2
2112 0.15015231754387426 1.8722036051108 3.562349092481266 27 23 16 0.32789108377649001 9 347 43 361 29 646 71 764
2111 -0.59495032812368132 2.3495581087008128 2.3399160234714604 186 159 128 0.54039637152421383 9 368 43 351 29 375
2110 -0.10142908736556637 2.103452286595255 2.3680146237296835 212 160 156 0.25399836641790918 43 247 25 252
2108 -0.41733358596785158 2.2753847392478184 1.7057972616351817 86 79 65 0.56529799043515117 9 255 43 215 25 220 29 222 85 187 58 263 71 199
2107 0.54200158392184949 2.7736746568305715 1.986207301596185 166 150 148 0.63120047481057207 9 137 43 134 25 484 29 513 84 127 49 116
2106 0.5546868517172544 2.742566718465163 1.9592593996897261 133 20 13 0.24881690346743346 9 136 43 132 25 113 85 128 84 123
2105 0.37304931122842944 2.258546598574676 1.8728197474325501 123 113 108 0.330704955151715 9 115 43 111 85 105
2104 0.80197464353858727 2.0789238062796107 2.1210840645758884 122 35 26 0.29534636935381309 9 460 43 88 25 72 29 457
2103 1.1212630048247876 1.8892524401636632 1.5525602351637349 77 71 55 1.7010823150732302 9 10 43 11 25 4 29 5 85 5 84 9 49 18 37 29 15 31
2102 1.1553459405931921 1.8858271050279098 1.5482469319004708 255 251 205 0.3737918924748096 9 6 43 7
2095 0.14220665547444064 2.8081934467441116 2.2569234122365178 153 24 15 2.1106613026732233 93 752 31 738 63 588 67 639 89 353 6 344 63 589 89 354 1 294
2093 -0.62703016126982891 2.5674040720363274 2.7360871921625489 0 0 0 1.4844318819141411 6 1670 70 1440 55 1434 44 1531
2092 -0.59278287092276283 2.3645090284070847 2.3338868512230704 55 50 48 1.9421410071456349 89 1578 6 1665 26 1617
2091 0.38462176261173925 2.7459796749728209 2.132105059949454 195 59 30 0.76808461916429216 89 1577 6 1644 44 1528
2089 -0.67292389680469389 2.4996310708257297 2.8009405010443649 167 154 152 0.91828868819609188 89 1430 6 1575 44 1461 57 1281 26 1552 79 1357 45 1349
2087 -0.72095848804406337 2.5074012253951357 2.8493487484159052 166 153 150 0.45382419754050746 89 1346 6 1445 44 1324
2086 -0.72095848804406337 2.5074012253951357 2.8493487484159052 166 153 150 0.45382419754050746 89 1345 6 1444 44 1325
2085 -0.64327934546364784 2.5086731798753279 2.6253337949923514 169 155 154 0.38232915836513215 89 1329 6 1435
2084 -0.64327934546364784 2.5086731798753279 2.6253337949923514 169 155 154 0.38232915836513215 89 1328 6 1434
2083 -0.32120605753943099 2.4099701953145392 2.2381443088562456 140 34 17 0.74556482590824957 89 1207 6 1411 26 1290
2082 -0.32334465651960342 2.4106113805344074 2.2374443240941586 140 34 17 0.31803526909749985 89 1208 6 1410 44 1286
2079 0.27396578649947656 2.5419444874268589 3.0866996195081136 0 0 0 0.84607024867926206 89 1234 6 1209 44 1084
2078 0.12247656073170687 2.6954972928562446 2.3443114150219264 108 43 37 0.11846289201283167 63 990 6 1187
2077 0.38828763792421994 2.9450392754396972 1.9928068261197023 191 50 26 0.25648711851215961 89 1219 6 1174 26 1153
2076 0.38828763792421994 2.9450392754396972 1.9928068261197023 191 50 26 0.25648711851215961 89 1220 6 1173 26 1152
2075 0.34157054444716872 2.929112322804643 2.0234846876322798 188 48 25 0.11630112407691157 89 1094 6 1172 44 1048
2074 -0.63870888101589485 2.3215253613097491 2.3498333671866174 0 0 0 0.11926701336520354 89 1078 6 1170
2072 1.417513275154209 2.2083408179932347 1.7082103439304619 0 0 0 1.1302906872879976 89 949 6 1059 44 1131 57 896
2071 -0.76655363909432817 2.9532060509398552 2.6904142128951745 121 108 100 0.59920859533030113 89 749 6 1045 26 781
2070 0.11199655224928752 2.8746492274944138 2.5553410159332604 138 124 110 0.4347916444699374 21 830 6 1011 26 984
2069 0.11199655224928752 2.8746492274944138 2.5553410159332604 138 124 110 0.4347916444699374 21 829 6 1010 26 983
2068 0.11019543881811827 2.7373278231044749 2.352273949290824 244 214 167 0.28186173895906824 89 911 6 994 70 1052 57 813 55 993 45 988
2067 0.10800350620374005 2.7378893157882485 2.3483419574117939 244 214 167 0.017194926698789539 89 910 6 993
2066 0.36017476704439305 2.9749443797377104 2.0025761097032753 185 48 25 0.30119860574920315 89 904 6 985 26 277
2065 0.28871248911138697 2.8420845307500775 2.1088151956361303 183 52 25 0.16039325281314176 89 653 6 975 44 849
2064 0.24351938066656037 2.7149713759696716 2.1876973657244054 175 38 19 0.18716624949996696 89 882 6 973 44 841 44 1042
2063 0.25304947290758523 2.692426407256312 2.2008733851437245 201 64 29 0.53236668431958178 89 880 6 971 44 1040 45 971
2061 0.3698144274571607 2.237546889931239 1.8450819443366926 98 14 6 0.45963341407381836 89 492 6 836 26 811
2060 0.91638446264501783 2.0928466002310833 1.5252204740148363 177 147 102 1.5039272420363545 89 446 6 812
2059 -0.75536579922794445 2.9734108177682512 2.6932333485105904 53 44 39 1.2084141560580315 89 935 6 802 70 424
2058 0.17827775691567777 3.4850930020108475 2.407181542322923 253 254 255 0.62994335728198969 89 934 6 799 44 398 26 419
2057 -0.31225206259606086 2.4411183437106274 2.2414278318708978 125 29 15 0.32286537144268085 89 280 6 665 26 608
2056 0.42069120975202146 2.0489997823967179 2.3477793024253852 43 36 28 0.81777120683181193 89 99 6 535
2055 1.0232075491821462 2.1908510542012207 1.8997676080222023 139 33 28 0.18366010001154345 89 470 6 493 26 450
2054 0.33633145977913304 3.0223275983245022 2.0143239967521445 206 64 32 0.68923436605959765 89 355 6 345 44 271 26 659
2053 0.44497915338450206 3.0844222220694242 1.8732414353029434 195 41 22 0.14981549537311009 89 341 6 296 44 224
2052 0.25892756999690375 2.6719642199319491 2.1973710805484035 184 46 23 0.27712394684267938 89 282 6 268 44 598 26 255
2051 0.31665410383561687 2.5842343613226886 2.1993935556134789 131 29 16 0.14947323092866002 21 231 6 250 44 204
2050 0.4052712573229369 2.2760449225632144 1.8068203312077979 183 159 142 0.75438673008968349 67 156 44 437
2049 1.0278679439473435 2.2068114045633962 1.9086444249737593 104 16 15 0.34521510094220725 89 34 6 40 26 36
2047 -0.54610354674047223 2.1675032102198051 1.8825564131626962 200 169 124 1.8143028829435237 75 1195 9 1394 29 1360 25 1372 85 1426
2046 1.3379811052520327 2.037304142628475 2.5439284213934044 152 126 113 1.0214772917661155 75 1137 9 1361 43 1346 25 1335 29 1330 85 1394
2045 -0.75315378081323714 2.4915260983270806 3.0397735845866922 103 83 41 0.24151983869119814 2 1260 9 1355
2043 0.33597306971695956 2.0197967247203388 3.3239792508279673 0 0 0 0.66393087560039732 75 1079 9 1276 25 1317 85 1332
2042 -0.50391937629924977 2.2984767423459651 1.715956948236645 217 180 125 1.6363962742187363 9 1274 43 1271 25 1312 29 1313 18 1212 84 1487 49 1437 58 1290 54 1251 62 1270 87 1099 78 1579 80 1205 37 1228 4 1201 15 1328 42 1381 88 1432 48 1396 56 1495 81 1276 39 1235 83 1511
2041 -0.47940609194534217 2.2906041525470116 1.7695447410518375 222 184 128 1.7547817031491781 9 1273 43 1270 25 1259 29 1265 85 1314 84 1490 49 1439 98 1241
2040 0.54742370554984687 2.4345654050216141 1.8692731951031225 134 22 17 1.4056075814283571 75 1107 9 1232 29 1303 25 1302 85 1350
2037 -0.67478203493072841 2.4762565579559235 2.7911068976031013 180 154 122 0.53571563268598743 75 858 9 1122 43 1144 25 997 29 1035 71 1267
2036 0.29947023650060117 2.0793246523025992 3.3586550277452272 0 0 0 1.3392983752221332 75 941 9 1111 25 1192 71 1340
2034 0.59138527725261225 2.8387286571506936 1.9849595762357477 255 255 180 1.7791390319729523 75 1005 9 1070 29 1087
2032 -0.72344328157578641 2.8795261989247782 2.6370625361013129 186 173 171 1.1459750472602082 75 875 9 1025
2031 -0.64168619833554275 2.5108220444046649 2.765949616422815 0 0 0 0.68681309768902943 75 860 9 1019
2028 0.57198510901461319 2.7324794090677109 1.9324822215109034 138 24 14 0.24784642745142343 2 880 9 917 43 941 84 1098 49 1036
2027 0.29622582882784571 2.5109227134245948 2.2168835830463069 163 151 146 0.0066746057774286719 75 647 9 785
2026 1.3798461836304825 2.0315265791375925 2.568736997197151 245 206 186 0.67931519574640364 75 362 9 709 43 715 25 702 85 469 71 821 28 761
2025 1.3862867989049674 1.6966613639131913 2.0873098258378264 0 0 0 1.2497178246881977 2 374 9 677 43 895
2023 0.5398110042090658 2.7509471211777687 2.0484350936986568 104 29 19 1.8547020053883159 98 500 9 516 43 150
2022 -0.39912464447779855 2.2474304942679222 1.7526553196608892 255 255 255 0.13324334843454297 60 654 18 960
2021 0.52247897389119358 2.0380607828532677 3.2759637488144704 255 255 255 0.19975077051438112 46 183 60 198
2020 0.5258100398850204 2.0313921924451086 3.2640385160306651 255 255 255 0.33885694964256269 46 182 60 197 40 251
2016 0.60238122207486733 1.9029615581221457 2.7961253366274659 0 0 0 0.036154196565026962 96 1239 40 1173
2014 0.42488590648321051 3.1347764521559593 1.8495106466226954 0 0 0 1.3948690613808987 46 1050 60 1101 59 1179 23 1210
2012 0.5340524848115018 2.5241429961007058 1.819212643119777 180 29 19 0.70763229669416983 46 986 60 1052 59 1125
2011 0.53298108079014872 2.5261284112505416 1.8212511334671369 180 29 19 0.59863661141322622 46 987 60 1051 23 1156 59 1124
2010 -0.36254839445951897 2.243324078191689 1.801388431003254 242 204 152 1.6391653473063024 46 974 60 1041 59 1117 23 1150 15 1415
2009 -0.30954027659992156 2.2956858387801438 1.757383900384607 231 196 149 0.76605565147784482 46 973 60 1040
2008 1.8003875445663087 3.0289955018587404 2.7415387234180644 104 111 126 0.39984797838813213 46 967 60 1038 59 1113
2006 1.3868958006016154 1.6461437467691173 2.3437330546777222 246 208 145 0.32930324442163766 46 758 60 901 58 904 59 893 23 933
2004 0.32718903278013328 5.6137183361650669 6.0093307032975396 0 0 0 0.70536662413719908 75 968 60 790
2001 0.67107214133474768 2.348645082326954 1.7872151791944144 72 76 86 0.68537164766254877 46 689 60 714 59 810 96 585 23 854
1998 -0.12692203268431096 2.2369445528717096 1.8497855379987795 206 174 131 1.0523818397033053 46 775 60 667 40 885
1996 -0.45507661021427992 2.2665121043022909 1.7073950901302559 255 251 172 2.1615089994244712 33 1070 60 652 40 738
1995 0.85661905618119349 4.9970884757388694 6.7585310836141144 122 97 62 1.0738672098297506 68 944 60 643
1994 1.5898104137639866 1.7797182982209072 2.2595015045620452 210 179 131 0.36996032193498335 13 461 68 150 60 642 40 723 15 946 48 615 66 919 16 1004 24 982
1991 0.63347271817574835 2.094125748781134 2.112146931565928 252 233 196 2.2940936074374156 96 174 60 572 9 737
1990 0.40796924465705797 2.5104272235716416 2.2038505785561284 168 152 129 0.13693294095665878 46 524 60 559 59 651 23 673
1988 1.5586969178689374 1.7934569553910522 2.2437401311361098 201 174 127 0.39644190442793426 46 243 60 491 87 265 51 233
1986 0.97565760318104278 3.0104801592723844 2.1226142345883199 175 40 33 0.17708615590362861 46 381 60 404 40 180 76 209
1985 0.75477877705424146 2.8570346861644369 1.9534849193505959 169 162 162 0.31733676118084325 46 353 60 393 87 36 62 40
1984 0.48616650893493923 3.038011024823124 1.8479857067909158 187 32 22 0.3987380724957037 13 329 60 343 23 408
1983 0.27663409249623844 3.1535806311465526 2.043247546957125 3 1 0 0.16041225767041378 46 299 60 337 59 378 23 48
1982 0.27813608088844433 3.2120445670661142 1.9790067226017047 0 0 0 0.20185131242152121 46 290 60 332 59 599
1981 1.7381782840629603 2.9890555595351782 2.6996842602235125 1 0 0 0.22224983230837456 46 236 60 290 40 321
1980 1.5572090932567 1.7814635269907266 2.2490876360768972 202 172 124 0.42719440770454092 46 244 60 286 87 266 51 234 59 330 23 345 76 293 80 298 37 276
1979 1.244348532943848 1.8803305718455479 2.1644240670885764 192 161 112 0.71341775383997297 13 235 60 237 54 138 62 238 59 287 23 304 40 500
1976 0.84258824145913158 2.9798663603694173 1.9192515908751213 241 56 41 0.36201530582819297 13 376 60 148 40 412
1975 0.63205470540664233 1.8025757038437416 1.9552345795238295 151 130 118 2.6505666474950562 98 99 60 129
1974 0.58420451904652604 2.6051990988072591 1.7099333113853059 89 28 23 0.16286124572035127 46 86 60 86 59 57 23 70
1968 1.4530244307265374 1.9509935146262227 1.9764382771009614 0 0 0 1.1450489358550602 13 1069 96 1236
1967 0.5732412008426 2.6447423730128312 1.8140554465381094 130 77 62 1.5142151414240193 13 1095 46 1069 96 1231
1965 -0.77096828315641164 2.4784177466526485 3.0881658589353425 73 66 51 0.39313088304944382 13 991 96 1188 87 1306
1963 0.68559909347117365 2.1322240179191958 3.3792576805284384 115 118 126 0.30759048330618666 46 953 96 1109 60 1030 23 1143
1961 -0.50381769443873348 2.2584975712651749 1.7523229094621355 224 185 131 1.2780914637055274 13 923 46 913 96 1077 60 915
1960 0.13642914021405395 2.8049464303741121 2.2638383854703017 197 177 143 0.2852652871227484 46 921 68 1140 96 1075 22 1431 54 1250 87 1198
1958 1.3435860617685695 1.7946018658389851 2.2092751664300296 255 220 154 0.7359627128945635 46 909 96 1045 54 1096 62 1245 59 1059 23 1098
1957 1.4084116688489638 1.7715791195222474 2.1594750166629724 255 255 220 0.76438779562016446 13 978 62 1236 87 1227
1956 -0.51149070511912953 2.3186732165321806 1.7631409565571321 255 255 219 1.3497626923984132 13 782 96 1010 87 996 4 931 80 725 62 727 37 723 15 452
1954 -0.28341298302387719 2.2702113879011141 1.3428344210952019 211 179 136 2.6621239371636918 46 912 96 991
1953 0.29284799524340482 3.1992324177450455 2.0024965836493354 164 148 136 0.90935517327350879 46 919 96 988 60 985 59 1075
1952 -0.1025449866870513 2.4430403069952864 2.0142982713640722 0 0 0 1.3395446054494782 13 806 96 936 54 1088
1949 0.60361316156546474 2.1109371624997886 3.3529321997076966 0 0 0 0.66372089735158701 46 720 96 878 60 761 62 1068 40 841 59 886
1947 0.27396596749500546 2.6195305029969966 3.047995265651672 254 254 243 0.23882588193914475 96 863 58 991 13 688
1946 0.26027195131782777 2.6333130998633028 3.0284634801146719 0 0 0 0.63591813197386449 96 862 58 992 73 1446 13 514
1945 -0.67895433167753572 2.4639557965481647 2.7460928099877084 0 0 0 0.043882071645724746 13 790 96 857
1944 -0.23097230929179388 2.5421093430166337 2.2356400245644545 227 191 145 1.3168422857998929 13 803 96 816
1943 0.56238079025476173 2.4933701476202659 2.2622698835339419 146 136 144 0.43762840410570059 46 692 96 811
1942 0.28350455670273123 2.5477928436462545 2.219427595732288 172 28 19 0.21887730433319538 13 672 82 725 96 801
1940 -0.34965919758715175 2.2789603257261635 1.7816553333497538 255 255 255 2.5762739999548292 13 645 46 635 96 788
1939 -0.3232162408800075 2.5596168810578455 1.927833990011921 255 215 154 0.51180042623030086 98 301 96 776
1938 0.89895038749539991 2.8892743011607753 2.153762595992649 239 66 53 0.23795501667356422 13 736 96 771 54 700
1936 0.87015342793556472 2.8262365900262529 2.1851392313433395 172 42 36 0.056096478757306868 13 565 96 580 62 738
1934 0.55270836766807852 2.6620366322290012 1.7080848837235159 151 28 17 0.080157547687605926 13 535 96 557 60 346
1933 0.62525865600815334 2.0913594186717983 3.3543755965728015 255 255 255 0.99033772746873228 46 405 96 542 59 551 23 324 13 148 40 512
1932 1.3675026027342494 1.7810501949523294 2.2115125930429587 255 251 178 0.46968568793494986 13 246 96 518 54 177
1931 -0.71335176825289592 2.4963971135609979 3.0023665962474055 2 1 1 1.1384287305663274 13 260 96 513 62 860
1928 0.84969248554343912 2.8298447953857395 2.1432772214277125 203 46 39 0.27202088088088161 13 174 96 338 62 441
1926 0.69477998934739404 2.9465376340336764 1.9124691154188522 150 35 23 0.55575040084913807 68 266 96 310 60 381 9 489 43 475 25 464 29 489 85 499 62 410 87 381 59 425 23 109 71 122 28 161 57 509
1925 0.77029284355546612 2.9284591521341938 1.938661130711788 141 69 60 0.74330066893835189 3 706 46 534 96 309 60 392 87 632
1924 0.32353734042477089 3.203056444690854 1.9609289156116489 117 30 24 0.56039810335191043 13 306 96 303 18 487 58 449 54 396
1922 0.63566596494035443 1.7971884944678549 2.5224888530400409 182 166 142 0.65249999208144405 60 403 9 140 29 501 25 738
1920 1.5731183598392324 1.776966115553005 2.2544771917731485 213 182 135 0.25963650574121283 46 246 96 256 62 290
1919 1.3982305015892076 1.8290052437174786 2.1894403605451997 255 230 184 0.20369634301615139 46 232 96 251 59 311 23 328 76 257 51 212
1918 1.3975785841502602 1.8963887874280057 2.1583738092245195 249 210 157 0.88281981199877135 54 119 62 231 40 261 23 749 76 255 78 108 37 575 16 231 24 178
1917 -0.28518061910949188 2.2080774076479819 2.0750930670825229 164 48 37 1.4864611162334875 46 269 54 554
1916 1.0348312362687144 2.0098435752527695 1.6209985023922571 230 188 131 0.35295472044485371 82 127 96 88
1914 0.19255648204163009 3.1815416242917176 2.2575820298652043 123 18 9 0.21155442627351109 13 73 96 32 54 86
1913 0.50080020336174313 2.5658646402454153 1.7674186551988382 66 53 38 0.78683074375267159 98 463 96 30 18 109
1912 0.788277621445032 2.9763886062029803 1.8798768133378689 255 255 183 0.34715238157990846 13 366 96 2 62 6
1911 0.91764511171758356 2.9942239484365518 1.987887061259404 238 56 45 0.48834950284410067 13 735 46 703 76 983
1909 1.0630269488706212 1.8842644315165717 1.8063106878552393 215 178 125 0.88331964701333665 13 1113 46 1098
1908 0.024624691096747319 2.6843238204966862 1.9596695294271789 0 0 0 1.0937818490232689 13 1103 46 1089 60 1150 59 1227 23 1252
1905 -0.18236166174399107 2.3628598654705102 1.6886810858379933 198 167 126 2.2875788170830429 46 1034 96 1172 60 1082 13 1051
1904 0.74156141573390799 2.0584581148311307 2.0367111373683584 52 22 17 1.6250571497434729 13 1013 46 993 23 1168
1902 -0.49297285593459766 2.5636728107724909 1.5390113201120474 255 255 255 1.223927905476041 98 1338 46 911 59 996 23 939 23 1101
1901 1.3252173652149497 1.8318040657999244 2.1952950029608447 217 181 127 0.85340822350152923 13 851 46 908 96 975 60 889 18 1016 84 1332 49 1278 58 1171 76 1012 40 845 78 1495 83 1298
1899 0.77221821023067672 2.9638224800503195 1.9140916599354247 192 89 76 0.24765731792198473 68 1109 46 882
1898 0.52937949552264429 3.0205784399390829 1.861247121182114 208 32 24 0.46473166266871208 13 886 46 879 96 888 60 932 18 1035 49 1037 58 1065 59 925 23 960 40 987 36 902 83 903
1896 1.0257590796756249 2.2519285218020051 3.2986582033496372 171 152 137 0.35879379863029981 46 847 54 1224 13 845 59 1062 40 966 80 1201 37 1226 15 1408 16 1501
1895 0.5775550645461055 2.4453544721425158 2.2532931931017415 85 42 35 1.2486330113351345 13 890 46 802 96 1022 54 1086 58 938
1894 0.66397573496387974 2.3547767416596468 1.7668398243635866 253 253 254 0.29697812270867796 13 835 46 795 96 774 60 846 82 868
1890 1.5254646495660389 1.9771668484503233 2.1219472305559517 0 0 0 0.076476092376051824 13 616 46 756
1887 0.48409987810017507 3.0263158388008571 1.8896398675837751 255 255 238 1.0248822150774479 2 922 67 1023 21 1004 63 999 31 1166 77 1047 93 1216 89 1087 12 846 6 1176 95 960 70 1027 55 975 45 964
1886 0.64895264695659349 2.3331801947918334 1.7654543425024429 56 55 61 0.92349340788616774 13 711 46 686 96 583 60 712 59 635 23 667
1885 0.61455531803817132 2.6412754768841094 1.7335245810849 255 255 255 0.96020819097208587 13 707 46 669 96 895 60 699 59 790 23 828
1881 0.61389257877763992 2.1099653798931017 3.3152742338876786 253 255 255 0.2912056594171899 13 551 46 577 59 737
1877 0.72772758143959471 2.4451114858206622 1.8840044728092913 53 10 9 0.19213215434387768 13 552 46 537
1876 0.73293986625042384 2.8563599362353815 2.0170956074966218 106 44 33 0.53937409000153635 13 721 46 536
1875 0.40830483902467851 2.5098892615475941 2.2032718789486676 187 173 147 0.14160993958536097 13 517 46 525 60 560 59 652 23 674
1873 0.13722667704496408 2.6951067649494407 2.3084716084304322 146 124 105 0.24387136539764853 13 492 46 493 96 621
1866 0.32052409629093842 3.1752261353219229 1.9939741848265844 191 169 136 0.91336520043249347 13 498 46 298 96 550 18 728 59 377
1864 -0.75182183950185466 2.5022308017854642 3.118519312945363 77 74 64 0.9205930054276199 46 279 96 261 60 323 54 365 62 648 87 264 59 638 23 656 40 599 13 263 4 830
1863 1.5751662421922226 1.8509443634232783 2.206363192576831 206 176 130 0.35588185131834243 68 168 46 242 59 324 76 298 15 259 61 261
1861 1.4074147989620955 1.8277813042891506 2.1932004130552705 250 211 176 0.37916459942211023 13 449 46 231 60 479 82 340 59 554 23 577 40 524 76 597 4 584 37 227 80 260
1860 1.3000744578668513 1.8480855018114817 2.1851843377533919 221 187 135 0.27907702498551434 13 240 98 33 46 225 96 493 60 252 49 46 58 52 59 295 40 511 4 250 37 214 15 235
1858 1.2241187377392877 1.883632150382182 2.1651549502291698 223 186 130 0.17845459866421132 2 32 46 210 96 237 54 140
1855 1.1143956969389239 1.9045028523782794 1.5569139003093271 43 39 38 1.7750893428012371 46 170 87 77 13 432 59 168
1854 0.63844401709251686 2.3426168025726493 1.7554725721347462 198 173 150 0.26563284513528607 13 138 46 105 60 106
1853 0.62235856146062074 2.6539169098652393 1.7247853404667 245 236 235 0.34318754689583819 13 136 46 87 96 311 59 56
1852 0.48785693434230903 2.5384993853916691 1.7859254934117517 255 255 240 0.57987132911880546 13 334 46 74 59 62 60 75 23 75
1851 0.43096960825085462 2.9139675194496104 1.9166047388257128 189 35 24 0.23119576271451345 13 100 46 61
1850 0.48091508940955391 3.0236609062480952 1.8657526326557676 185 34 20 0.627077332507473 13 330 46 60 96 306 59 49 23 60
1848 0.46749277038098441 3.1994949071264469 1.9422536448996295 0 0 0 2.4380367881387732 8 1523 22 1589
1847 0.19706624909042222 3.0880064675430705 2.1686689532208021 0 0 0 0.73538843797418507 82 992 51 1399
1846 0.80322565709560334 2.7375989661271141 2.1935637185668018 255 255 255 0.27640361726725365 35 268 3 198 68 521 51 707 11 306 100 347 22 370 72 388 35 269 33 238 82 429 10 186 38 186 34 226 32 199 94 198
1844 1.7989461464520862 3.0297332391599365 2.7381041104389916 101 102 110 0.3125286529209762 3 1016 51 1530
1842 0.97526054168339449 3.1026208427656519 2.4110563626366783 255 255 220 0.19241244882566019 68 1112 51 1481
1841 0.80535635806686756 2.8533389984291757 2.0492846402876541 215 56 39 0.721057733195831 68 1162 51 1466 96 997 76 1278
1840 -0.41487205686619699 2.2811190787016549 1.7210495817923583 73 68 65 0.26653409228669389 33 1256 51 1427
1837 1.59803609221512 1.8694463234807255 2.1974198771104891 252 241 192 0.83907010505504298 82 708 51 1300 23 1037
1836 0.35708540514296566 3.3744919491919427 2.3702026500819238 74 65 61 0.03200668405279683 22 1168 51 1181
1835 0.80382538487193145 2.9361704125687811 1.9359406749095325 255 255 255 0.6710866967898812 82 797 51 1160
1834 0.76292650550291985 2.5455491795671898 2.4768595762169188 194 190 200 0.24233891131659485 68 879 51 1126
1833 0.76292650550291985 2.5455491795671898 2.4768595762169188 194 190 200 0.24233891131659485 68 878 51 1125
1831 0.9673023033798982 2.9959188064737625 2.1120834623584881 226 218 218 0.2064813976036001 68 778 51 1000
1830 0.9673023033798982 2.9959188064737625 2.1120834623584881 226 218 218 0.2064813976036001 68 777 51 999
1829 1.0862230708168421 3.1975037452183579 2.5390941043742181 0 0 0 0.20999152802825738 68 792 51 798
1827 1.529174106385204 1.6633435119483795 2.2781256229295197 0 0 0 2.7459786257984105 22 502 51 611
1826 0.095433169498477549 2.0874182555705243 2.3113673479689587 187 157 134 1.1753046422620466 11 734 51 530
1824 -0.39551301948308865 2.2605353355874143 1.7313171765250788 254 216 160 0.46306338998278274 72 907 51 510
1823 0.69643403903148038 2.8831268483780277 1.9631812594156726 206 54 31 0.11046368866867544 22 392 51 317
1821 1.1865535922763513 1.9075095176559493 1.5426994694546747 255 255 240 0.82963411742471882 68 859 51 81
1819 -0.10003176266010032 2.0492275495699181 2.4389093414004765 105 58 49 0.054755404072288807 68 23 51 26
1818 -0.10987233872329484 2.0385009825835434 2.2606003805410233 115 64 59 1.8409618925294213 11 38 51 23
1817 0.91071503288982369 1.8628046903492295 1.5978891265975377 0 0 0 2.9038355949189905 22 3 100 447
1816 -0.41521475499361443 2.2754906818534937 1.6994566187726849 59 54 48 0.5591333336439076 93 1554 31 1515 63 1303 89 1455 75 1122 98 1291
1814 -0.20905693878107676 2.4951512809894831 1.6524494485747625 209 178 138 0.040309183595019601 82 1107 13 1092
1813 0.89322618485708283 3.09314444170648 1.9930897360656392 0 0 0 1.6048065016793904 82 1103 13 1077 96 1195
1810 0.6352086944708194 1.9459078360514481 2.3160238884296307 255 255 241 1.3454512568486876 68 1304 13 1106 96 1253
1802 -0.35760480117570886 2.3353174783742521 1.7762966692527591 255 253 196 1.3026133502650994 82 828 13 874 96 1009 54 1181 62 1207 87 1102
1801 -0.41301501935648299 2.3083536688336292 1.6759021363523767 255 255 221 0.72276809393603669 82 922 13 869 96 1005
1798 0.09295781552619431 2.695984541615601 2.3402921582971556 167 153 145 0.26422336153434112 82 848 13 808 46 657
1797 0.10389538188232003 2.8087905304624896 2.2525314875897364 0 0 0 0.64959991472673106 82 864 13 807 96 930 68 860 54 1080 62 959 87 863
1796 -0.39955000992976469 2.2207140933654026 1.7837600670164155 255 255 253 1.0146802415294456 98 1094 46 767 23 807
1795 -0.39891389407907524 2.2217498629750532 1.7831176953349299 255 255 253 1.1909724559789772 98 1093 46 766 59 771 23 806
1794 -0.60579462274101892 2.1335648064034367 2.1031736160196153 0 0 0 0.95034436784716092 1 1114 13 785 46 865 60 818 40 882 76 1098
1793 1.4073076144907641 1.8427366821701032 2.1866140151172102 255 240 188 0.31748125348687339 82 539 13 761 46 755 60 800 18 27 59 887 23 929 40 856 76 1019 4 1037
1792 1.2195413185806292 1.7076563580101465 2.3030582343382173 244 206 140 0.017865699657577783 68 664 13 755
1791 0.86390311581852752 2.8660542621573026 2.1282898890705026 195 41 36 0.28121772255557737 82 776 13 733 96 571
1790 0.2867466547155979 1.4076079843358538 2.6129037495475695 0 0 0 0.076379625185600167 98 934 13 683
1789 0.27022198255975816 3.3128913680153014 2.2237541770223141 0 0 0 1.3296093221826806 1 770 82 788
1788 0.13609613728856956 2.806713370017432 2.256604342836205 255 255 255 0.3224847630617747 82 585 13 665 96 929 54 728
1787 0.16752824509828285 2.8707994022758356 2.2620066123557026 155 20 14 0.23534658413037349 22 1264 13 664
1786 0.16794935381262008 3.0216128476008177 2.2923081324607724 0 0 0 0.61433393452173146 35 973 58 949
1785 0.10422687670367255 2.713277921767586 2.3162931799260122 166 157 155 0.53208995765937517 82 849 13 659 46 656 96 803
1784 -0.44014142752377339 2.2514943622526196 1.6776199286137141 250 209 148 0.25442528211100401 3 838 13 637
1782 0.77950234380273675 1.8374191535469122 2.5325806630094796 186 165 139 0.96619815304782886 98 697 13 375 9 745
1781 0.7788302342172938 2.8275899838706708 2.0610898542349236 164 40 31 0.14437110246154974 82 216 13 368 46 127 76 140
1778 -0.71144944311835245 2.811394320749987 2.6688474768711439 0 0 0 0.09547080037216038 1 794 2 969
1776 1.3003049469635861 1.8484636813179343 2.1855290382818358 216 183 131 0.27858940020068462 98 34 13 239 46 226 96 492 60 251 58 51 62 258 87 252 59 294 40 510 4 249 80 252 37 213 15 234 88 197
1774 1.2176066156086738 1.8639259597824149 2.1847048371343472 242 202 143 0.37864030878877902 98 39 13 228 96 494 58 434 87 244 59 289 4 581 78 137 80 253 37 216 15 217 42 212 51 146 66 176
1773 1.225926850714822 1.8965034922604305 2.1625576529807096 179 151 102 0.32138162289655664 98 40 13 227 96 226 60 454 54 139 62 234 87 241 51 176 59 275 23 305 4 574 80 609 37 566 15 215 42 211
1772 0.80384981188379712 2.7136632048961071 2.2423727326941862 172 35 30 0.2108759402898632 68 228 13 160 51 310
1771 0.73439682181000321 2.8090243496381371 2.0498781066606027 187 48 35 0.46786283586135013 68 244 13 150
1769 0.30232893933147886 3.3424356846115195 2.0475270509027341 194 180 184 2.5402375525641863 35 617 96 1 13 78
1768 -0.051754450619368612 2.3103407888679355 1.8276302146622825 126 19 9 0.11136453946528704 75 661 98 1085
1767 0.37114233482131376 2.3820436262044353 1.9567509705871753 99 16 6 0.19936342513804842 75 425 98 499
1766 -0.012441147479008069 2.0400552400312661 2.341424473217887 110 62 57 0.0838417145559925 1 226 98 260
1765 0.39445850592121895 2.6031846899004347 2.162689546645312 202 66 33 0.76609355802764811 21 210 2 535 98 943 93 1160 8 1033 100 1239 31 640 63 777 67 992 33 958 3 835 35 933 9 768 43 761 25 753 29 762 18 928 84 1130
1763 0.48246514412610114 3.0354815217310991 1.8631254493022584 192 40 21 1.2111176902194054 2 1119 75 931 98 932 9 1074 35 986 3 718 68 904 22 970 100 417 51 304 43 1082 18 912 96 745 84 1258 58 1070
1762 1.1612333090006841 1.9589651865311195 1.59960552304406 146 120 82 1.8662247849284757 98 1381 43 1420 25 1431 29 1417 85 1479 18 1356 84 1624 49 1569 58 1446 2 1335 73 1771 62 1437 87 1362 78 1794 42 1659
1761 0.84758224169768226 2.336683392151703 1.5398969767217041 0 0 0 0.12223929986774076 98 1377 28 1473
1758 0.52325242268740724 2.0331877811405938 2.813892764018048 0 0 0 0.68560080207734553 75 1211 98 1369
1757 0.36655433892394951 2.262701493035403 2.0078931990314763 135 13 8 1.6995662470722575 9 1404 43 1399 25 1417 29 1402 84 1599 49 1544
1756 0.87891174828288932 2.9467077691996231 1.9079036548581878 0 0 0 1.4806247834400796 75 1146 98 1332 18 1308
1754 0.33427686110223381 2.093509468023802 3.3173255722408079 96 75 45 2.026520165751835 75 1177 98 1311
1753 0.46199125845495015 2.1550441241676954 2.3140295847550272 113 16 11 0.30701060210469666 75 1148 98 1303
1751 0.56243313460097133 1.7939230757453672 2.5318915993292546 0 0 0 0.038226901474559163 75 1106 98 1274
1750 1.210374759747779 1.9047414937541907 2.2047592174670432 213 177 127 1.8599027321616701 75 1095 98 1257 9 1331
1749 1.2478450708813147 1.8871308311993837 2.1534930757129169 209 176 127 1.5003668614285617 75 1052 98 1255 9 1301 43 1240 84 1473 49 1419
1748 -0.66691009310141092 2.190808839944669 1.2037035056083136 221 187 140 1.9430457884405343 75 1123 98 1242
1745 0.28309025961772855 2.1099602169325671 3.2203379407403498 130 115 100 0.24388117859149408 75 1115 98 1230
1744 1.1462528297299281 2.0427522592712477 1.8999730225680103 200 167 117 0.19298838398237433 75 976 98 1199
1743 1.2141823483333634 1.9959276832686217 1.9462139983132929 204 170 120 1.9512202872061497 75 1094 98 1197 18 1231
1742 1.0738095975971704 1.9233694348590922 1.6097061391259357 205 170 117 0.75842101112769456 75 975 98 1196 9 1134 71 1146
1741 -0.80784340043791458 2.5199656491016329 3.1112926342697378 0 0 0 2.4074490756305278 75 1129 98 1192
1740 -0.59109248480775967 2.705573616489275 2.8564898549145861 139 128 123 1.4005409757399314 75 1040 98 1188 54 1288 62 1348 87 1274
1739 0.51773590825767413 2.3072476300994382 3.1347974230496773 97 78 36 0.60256912537008389 75 1076 98 1159 9 1268
1738 0.96140474705175238 2.2047413671498188 1.9459222628800095 149 145 143 0.79493230091848921 75 982 98 1136
1737 0.96140474705175238 2.2047413671498188 1.9459222628800095 149 145 143 0.79493230091848921 75 981 98 1135
1736 1.5685380953293393 2.3661870487472956 1.6345988793618558 0 0 0 0.69525427658476979 75 884 98 1126
1734 0.23332099682280588 2.0935304574680536 2.7037728533035716 0 0 0 1.1311706947744922 33 1026 75 936
1733 0.58552843576271996 2.4102797859159613 3.0684921439548956 0 0 0 0.47000044202750529 75 1017 98 1078 18 1061
1732 0.34898985432892721 1.8932488701850994 2.4134179386075023 143 97 73 1.8161871985573197 75 922 43 770 25 750 29 758 85 811
1731 0.56435949336177416 2.1808484887221247 2.2422537192340841 119 22 10 0.24565599973197699 75 918 98 1064
1730 0.9189889090201756 1.9794203494252045 1.624938578372271 183 151 104 1.2793509961660241 75 896 98 1042 28 725
1728 1.4927441789268123 1.9049754003039179 1.7351236774064773 240 199 141 0.71051827571740322 75 969 98 1026
1727 -0.6061064511396963 2.7593675617304361 3.364772445572799 141 121 101 2.4385892067653945 75 868 98 1017
1726 -0.71285367498425989 2.7293985629693562 2.5217153213282084 155 143 138 1.3573896498200917 75 866 98 1016
1725 -0.69438964203422127 2.7951382288167643 2.6334254543647058 0 0 0 0.27400620349445093 2 1067 98 1015
1724 -0.69271139633399637 2.7975535604668411 2.6368032688831557 0 0 0 0.34176457204494043 1 1059 2 1068 98 1014
1723 -0.70095332520285236 2.4928811892894398 2.8277255723392991 190 172 161 0.65998568655668788 75 864 98 1012 43 1038 25 999 29 862 85 1191 18 1000 84 1055
1722 -0.69426722466061219 2.4796135817031035 2.8437987417679209 0 0 0 0.48391164646159074 75 863 98 1011 9 1024 43 1037 29 1038 85 1190 18 997 84 1234 84 1320 49 1157
1721 -0.66981707132091539 2.4831941697347824 2.8563140682426704 133 111 86 0.63002220821892185 75 722 98 1010 43 878 25 998 29 1034 85 908
1720 -0.6599150923085596 2.7098402588936854 2.6395809967418962 172 160 156 0.20296628358369792 67 852 98 1008
1719 -0.60753846609068407 2.6244509108711926 2.5774322071739264 119 97 72 0.52887647450137076 75 856 98 1002 9 1013
1716 -0.52383334812728244 2.2525656693596412 1.7924867643991842 220 184 136 1.588837893109351 75 840 98 985 9 811
1714 -0.32479069409905753 2.2620535636925689 2.5249665318213768 39 3 1 0.13323085519852296 75 841 98 980
1713 0.32059122752653696 3.1731881003853655 1.9937538781084427 171 157 137 0.68946001195777917 75 806 98 954 13 497 96 549 46 297 18 727 58 690 59 376
1712 0.4517835756507444 2.5225629478003255 2.6521347616863742 214 187 138 0.1126168200457736 1 720 98 948 18 1051
1711 0.45703548750678413 3.0856434705828386 1.8579186806161356 198 31 21 0.98623763883004445 2 1028 75 796 98 940 46 660 43 947 54 886 95 962 57 959 55 976
1710 0.45121095310485365 2.1423745888604055 2.3470940802271318 99 14 9 0.51613764074664736 75 924 98 924 43 1088
1709 0.55855355952297914 2.5230968256470772 1.8038814275795387 115 57 31 1.1505854412114886 75 917 98 912 46 673 9 905
1708 1.3985001385784865 1.760090956456275 2.2360600893308589 255 217 162 0.95463678196449409 75 742 98 857 18 865 58 661
1707 -0.25305335567390336 3.8128127984467364 4.0399151092588692 111 108 112 0.52051964062126277 75 874 98 827
1706 -0.71478315155590921 2.0063901917611529 2.1693263028580363 0 0 0 0.64936489280855969 75 713 98 813
1705 -0.61750417071480068 2.2635564096703726 1.680580836428258 255 221 150 0.61582872711134129 75 511 98 808 13 778
1704 -0.44849033686289452 2.3120413325408409 1.8555048594979477 226 190 137 1.4795119065757942 75 502 98 801 87 55 59 4 40 12 54 504
1703 0.32027630867164142 2.5090094726494065 2.1910837270433121 188 37 22 0.58916755236272966 75 800 98 751 18 195
1702 0.40092327141392087 2.6549507945956701 2.1358354995897586 190 45 27 0.21945364414517066 75 641 98 745 18 726
1701 0.53428803127798385 2.762053296112184 2.0362165153406453 183 174 183 0.66629967344968666 75 429 98 735 29 149 43 151
1699 0.41362384981568845 2.2951328764831138 1.8537069982356342 206 185 167 0.8843436372557163 75 609 98 720
1698 0.79175945820968585 2.9831187809616013 1.8891387280172747 224 241 250 0.33438205830694462 2 500 98 707 95 172
1697 0.79993380052111329 1.8428615377725319 2.5311681581667651 195 181 163 0.87360632472340183 98 696 1 835
1696 0.79988267105140742 2.0900805455936906 2.0373525169501119 161 134 123 0.16552681745504272 75 577 98 685
1695 0.85373012537036619 2.1883927557881364 1.9530319059958849 72 43 38 0.015283963139312132 75 572 98 679
1693 1.3796661819333738 1.6427177288416401 2.3331989072021444 245 204 147 0.032648140331422798 75 348 98 644
1691 0.17415729276827827 2.3088451780767709 3.1844194944903732 123 112 99 0.057356027593462838 75 486 98 569
1690 0.22362811965268925 1.8983058486030078 3.386833013002295 0 0 0 0.70280503677490014 75 247 98 558 25 329
1689 0.33583822046244666 2.6155921374644331 2.1797412548290511 79 27 19 0.24067451358752279 75 460 98 522 9 543 43 535
1688 0.34235567169050024 2.6469258565421105 2.1101511717083206 114 19 11 0.41794837379931021 2 538 98 518
1687 0.45635676946249104 2.9463775282799261 1.901244171147354 167 151 138 0.53628494077451749 75 447 98 513 9 519 18 477 58 90 46 310
1684 0.58123656850607464 2.9607341494816852 1.8798841212479036 140 22 13 0.1327969686944192 75 415 98 490
1683 0.5056518513236512 2.57165290406311 1.772964101143258 50 42 32 0.73569148203587231 75 397 98 462 18 110
1682 0.81033528135581667 1.8504456694064999 2.5203832187007329 202 185 165 1.9745901864127731 3 315 98 447 13 385
1681 0.77944622324353507 2.1093744343285024 1.9242297696291926 93 70 52 1.0676801145644921 75 87 98 426 18 887
1680 0.86609192129385593 2.1622107056627518 1.971536181634997 253 252 253 0.69994889572542984 75 69 98 415 9 58 43 53
1679 1.3940512352054493 2.6087660321257276 2.1883192223380523 195 182 177 0.58127341476247041 75 367 98 395 9 445
1678 1.0848971425092659 1.9231656417776561 2.0852309213453122 255 255 255 0.46859344850457701 75 363 98 391 9 47 43 50 85 39 18 664
1677 1.3043822314653026 1.8322658520326016 2.1971411781912353 255 216 160 0.57955266282976181 75 30 98 384 13 605 46 613 96 701 60 619 9 421 18 657 84 45 49 45 73 562 58 664 54 756 62 829 87 777 59 545 23 753 4 590 78 590 80 874 37 586 15 642 42 650 16 694 48 177 66 175 88 195 56 99 83 73
1675 1.3722284440660522 1.8015088719778083 2.1964528009537521 78 65 48 0.51238510508781465 2 382 98 379 46 622 9 418 43 421 85 23 18 28 49 488 28 32 1 9 95 419
1674 -0.69196873655240132 2.4756578988738696 2.8306231344943109 0 0 0 0.51717584419130469 75 533 98 350 43 663 85 713
1673 -0.28612566736869044 2.1114475640549029 2.3053950853274672 109 10 6 0.23282549716953499 75 496 98 296 29 810 9 816
1672 -0.29012410537258648 2.095071259452963 2.2723142371673863 103 85 63 0.040110972804622835 75 268 98 294
1670 0.41795526818310796 2.5551640131661482 2.6166590674667174 167 144 106 0.070626373605891329 1 243 98 235
1669 0.46549416265548033 2.9570130125209761 1.8937122919506413 146 30 22 0.62741614938336066 2 261 98 211
1667 0.58333097390295818 2.7621858712462704 1.9301576636310178 254 243 200 0.44427496177414405 75 150 98 162
1666 0.63360461455848438 2.3510616231723271 1.7603322866260083 255 255 251 0.48092345521424085 75 103 98 108 96 342 23 450 59 431
1665 0.96896567846861192 2.1489803655237898 1.4430182738778043 1 1 0 0.67041138417857782 2 36 98 37
1664 1.92759154103779 2.7024842051943576 2.5522318999130782 255 218 142 1.2041990119277737 75 746 98 35
1663 1.0661986578503571 1.9470470962558846 1.6075617253600112 209 173 121 1.2667265030840884 75 25 98 29 9 21 25 12
1662 1.3869067707359342 1.7485037344857159 2.168501279581887 154 131 106 0.30938211357545597 75 17 98 22 9 30 84 34 49 483
1661 1.1514043000289016 1.9520246531806149 1.5987664250697733 215 181 123 1.8782130574587985 2 1334 98 1380 9 1432 43 1419 25 1430 29 1416 85 1480 18 1357 84 1625 49 1570 75 1221 73 1772
1660 -0.42804325266863785 2.2958069730384216 1.7557322923383079 243 204 147 1.0148692905239587 75 1223 98 1382
1657 0.29711839031088011 2.1171334954346626 2.1794452689745931 0 0 0 0.57553888029529765 3 1241 98 1371
1656 0.35749624948263276 3.2042105416280111 1.8982535264974705 0 0 0 1.5123911793954432 2 1300 75 1191 18 1310 58 1387 54 1336 95 1402 57 1399 55 1428 45 1391
1655 0.36213580329555395 2.2845102397566408 1.8217236577438094 138 21 11 0.42997069201771787 75 1108 98 1278
1653 -0.66655524116488185 2.7431749681581787 2.6304347789747315 125 113 99 1.3208687245991333 2 1143 98 1191 18 1172 75 1043 1 949
1652 -0.62987360025758932 2.7323505786999807 2.7294122154474145 175 167 167 1.5747396390627564 2 1142 75 1041 98 1189
1647 1.3675255236677131 1.7961348938128165 2.229497493501936 255 246 169 0.59511509767244841 2 820 75 891 98 1038 95 897
1645 -0.69592244720655905 2.9961564094214679 2.8417485590140665 118 98 79 1.802750304607321 2 972 75 878 98 1022
1643 -0.44663633958849386 2.289244623458873 1.7790440318319647 255 253 221 0.62203420011843058 21 993 75 835 98 979
1641 0.71262272451546804 2.6454622853852801 2.7527225174721797 107 94 86 0.24704941862954924 2 897 75 792 98 936
1640 1.5601425483083873 2.4696276972263562 2.2832193799031706 0 0 0 2.2684905549482348 82 877 100 877
1638 0.1884260598860906 2.2414458296624562 3.2161538056613321 156 133 93 0.94111393681390454 11 483 75 679
1637 0.28160687164082199 3.2016301743816569 2.0070444823231224 137 19 11 0.67923626180621 2 571 75 664 98 539
1636 0.50204369068533183 3.0236868334553586 1.8503238751684907 175 158 146 1.3474414549036633 2 920 75 636 13 521 46 314 60 554 9 755 43 508 29 749 18 465
1633 0.53823572359182659 1.8885687230224384 2.6019463067783271 205 180 159 0.21754302101462794 2 450 75 611 98 475
1631 0.4201128636061115 2.0774204436400878 2.3349346320104951 254 253 252 1.4747635423054313 2 465 75 417 95 750
1630 0.58310467773553054 2.8809985857251448 1.9530922531142703 196 47 32 0.25410906938907868 2 524 75 414 98 489 9 509 43 506 25 486 18 461 84 125 49 99 59 92 95 533
1629 0.76890356065278487 2.9517556094832518 1.9160996921358227 150 43 33 0.62782937257092619 2 715 75 400 98 458 9 744 43 474 25 463 29 735 71 579 28 804 57 500
1628 0.71492885971077202 1.8246318040694611 2.5729821615216992 181 169 158 0.87135271840280981 3 312 75 392
1626 1.3897692228529972 1.8413624667252229 2.1848240237713714 235 195 160 0.52937768301412125 82 693 75 351 98 380 13 760 51 1103 68 865 46 754 60 792 9 419 54 755 87 932 59 884 23 758 40 855 76 834 96 688 99 219
1624 0.33384585170277481 2.0916188327344236 3.340445612991465 86 68 32 0.29936872792962793 1 198 75 241 98 547
1622 0.42014407063426673 2.2626822824042301 2.1250247007763012 178 154 134 0.34793989410084114 2 166 75 157 98 190 18 169
1621 1.2119653771840235 1.9034504684464646 2.1578313152958266 190 159 115 0.2934995182569759 2 34 75 34 13 440 46 415 96 484 60 235 58 73 40 247
1620 1.2111483829928786 1.9034325647464596 2.1584516657001176 190 159 115 0.31807881020923667 2 33 75 33 46 416 96 483 60 236 43 44 73 92 58 72 87 243 59 273 18 37 23 294 78 136 80 236 42 210
1619 1.3183028384458595 1.8474973183312802 2.1850630051224775 255 219 161 0.49465246731847862 2 28 75 31 13 241 46 434 96 689 60 462 18 656 84 44 58 428 54 481 62 577 87 555 51 891 59 544 23 750 40 699 76 572 4 580 78 135 80 620 37 576 15 236 83 72
1617 0.39204285393213195 3.1852077986978187 2.065806062276061 209 42 24 0.279723138057896 35 1329 68 1300
1616 -0.58127551905564157 2.1750344488415436 1.4673781888841364 189 157 111 1.6988544906398835 68 363 11 972
1615 0.59303141603408949 2.8124839895047313 2.0041764352494678 255 255 255 2.1980509945714859 63 786 67 822 33 973 35 966 1 906 68 735 11 890 8 869 100 937 22 719 21 780 2 721
1613 0.56151434198281569 3.0608066544231272 2.2860923042350381 152 27 19 0.5658221101339187 35 1337 51 1640
1612 0.80821304050333287 3.4065430965885435 2.1025297378502876 0 0 0 0.81097020776686468 35 1331 63 1426 68 1312
1611 1.4015401999521353 1.8030464942299396 2.2737000569662449 255 236 192 1.6578771949529638 82 1123 68 1310 13 1108 46 1093 96 1250 60 1147 58 1439 54 1412 62 1433 87 1358 40 1183
1609 0.61363674089066489 2.8933292109835831 1.9414592834935567 0 0 0 0.064556654735581573 22 1574 82 1101
1608 1.1570749032868257 3.1909700221878738 2.5752496302923134 0 0 0 0.83279546530414694 22 1563 68 1276
1607 0.76996758421256095 3.022262526027474 1.8484179380935917 33 28 21 1.0097831353058879 35 1312 68 1274
1606 0.59404492782982588 1.7965952644933028 2.7969622672988947 0 0 0 2.4986233125945878 35 1278 68 1267
1605 -0.19518094763487132 2.185943377602285 0.92963931209641504 255 255 255 1.6532483856548681 82 1097 68 1250
1604 1.3261639235811953 3.0063859236428105 2.4512758365806984 138 126 121 0.33203963379494655 100 1318 68 1114
1603 0.87247397995039666 2.8476666026300577 2.1600028718539721 217 54 45 0.16918410665571862 22 1276 68 1105 51 1404
1601 0.62816009204991941 2.5360908783033524 1.8121421482498661 167 32 20 1.1762271317217206 35 1061 68 1083 51 1271 3 659
1599 1.4875863576317034 2.2595885902239368 1.7010262419260513 0 0 0 0.26453401095429463 82 882 68 1028
1597 1.3651880929302667 1.8232643879345172 2.1831138799153877 255 220 164 0.91076733303719182 82 826 68 985 75 743 98 1039 13 854 51 1270 46 854 96 973 60 892 9 690 43 696 54 1090 62 1153 87 1064 59 1058 23 1029 40 1022 76 1158 78 1372
1594 1.6148639192251684 2.9389438951966254 2.5824888550324454 204 188 183 0.65383795771465059 82 899 68 945 51 1220
1593 0.86370244504246252 2.8642053275780914 2.1257376674657422 197 38 33 0.27263003664891311 82 775 68 910 13 732 51 1173 96 572
1590 0.14922487785226471 2.9546692314544796 2.486262057568104 0 0 0 1.049169928873529 63 1109 67 1138 11 1101
1587 0.76443786709121864 1.8148681058683163 2.5463887412767261 0 0 0 1.3003743402260668 3 546 68 833 75 774
1586 0.096710476189213787 2.0928146731376822 2.3550192309080851 0 0 0 0.88816838165608392 82 310 68 822 13 486
1585 0.44713462839953366 1.5302783410727736 1.9425404639586681 0 0 0 0.015996097250745394 3 894 68 815
1584 -0.57938750782967052 2.2413543188942167 1.5267266857415882 213 176 128 0.4127532707435706 11 1270 68 813
1583 0.67274873386951617 2.8887467774853111 1.9470617892323574 154 24 19 0.19016343291306739 22 956 68 747 51 951
1582 1.6937270445955239 2.9190218224174855 2.5724168007027863 254 255 255 0.81969911142638074 68 600 76 694
1580 1.3221435995456261 2.9950790548162205 2.3656265446077884 119 111 110 1.096332749152108 100 405 68 586
1578 0.61325814657080613 2.0759870117756916 2.1509476660483822 136 107 93 1.6579764618933281 82 691 68 411
1574 0.90429767464341038 2.9242638376205097 2.097780280099085 243 56 47 0.45971844889845404 82 258 68 312 51 406
1571 0.84525448793625901 2.9135211166829973 2.0342925825025446 248 63 47 0.72441995908923251 82 256 68 296 13 170 51 368 46 126 96 22 76 157
1570 0.70635818338193246 2.8878736024788747 1.9628003278658808 152 26 20 0.083638533488276337 22 394 68 267 51 319
1569 0.72925386834357453 2.3970814442165422 1.8906357486961272 80 34 37 1.4092586500934372 22 203 35 182 68 145 51 194
1566 1.4676709774394754 1.8843623495960335 1.7839809681732286 0 0 0 2.3141190559005436 72 1408 82 1025
1565 0.76173327416425618 2.1453673471671397 2.344319116472724 0 0 0 1.0552826149846681 1 1175 3 917
1564 0.54918509648627978 2.9318136764026579 1.9196047594063681 149 24 14 1.9642300368955106 93 374 22 399 63 295 33 341 3 289 89 643 1 268 2 228 82 249 93 743 100 728 35 319 31 359 63 294 67 329 33 605 3 278 89 273 21 243 68 241 68 242 13 121
1563 0.56000857409930893 3.0125897364327692 2.1477464060790106 160 32 20 0.36031395921489251 35 1336 82 1125
1562 1.400495550795354 1.8026406224768299 2.2789748033673982 222 204 195 1.4169878739429347 3 1244 82 1122 68 1309 13 1109 46 1094 96 1251 54 1413 58 1440
1560 0.50897404349322217 2.9649895921604337 1.8945228788978568 189 36 22 0.62687478738321412 22 1495 82 1044 68 1242
1558 0.81507571524102473 2.8612694500274918 2.0599365542952146 219 66 47 0.81676612470122956 35 1072 82 958 13 897
1557 0.1454772714906134 2.7649727509680768 2.2814041196893724 100 20 10 0.91595718009121618 22 1242 100 1308 82 865 35 1119 72 1482 11 1399
1556 1.5728929225104153 1.8500896803468054 2.2027474072624464 217 186 136 0.55741189167581362 22 1186 82 831 68 998 13 863 46 855 96 858 60 963 87 937 59 991 73 542 23 1034 40 967 76 1247 4 1165 80 1167
1554 0.13226365979993734 2.3988076572929815 3.2263735977132422 0 0 0 1.4491429774803872 100 1068 82 678
1553 1.3958991210100411 2.1851906321713708 1.6833872761875002 0 0 0 0.20680112260758293 3 566 82 600
1551 -2.3638672736597166 8.8140548162682126 22.013499620251892 0 0 0 0.4892662004433368 33 840 82 512
1550 1.6435689439106544 2.3901886733822648 1.6975424671299773 2 2 1 1.6281393884617075 93 843 82 486
1549 1.2156987532616021 3.2631249055533238 2.5307389426112077 112 102 88 0.34343366149669652 3 271 82 287
1548 0.87786712081921614 2.8941105482402465 2.1010797490522277 235 61 50 0.51962294781919538 3 238 82 255 68 298 13 173 51 371 96 37 10 184
1547 0.87774764442897757 2.8957185019457059 2.1038451450613032 235 61 50 0.43331120445706484 3 237 82 254 68 299 13 172 51 372 96 36
1545 1.5846122315146181 1.8599516972598462 2.2026229800303883 214 184 136 0.40055955546322386 22 70 35 11 82 72 68 169 60 490 59 323 46 450 23 589 76 629 4 592 80 275 37 256 15 257 99 640 34 594
1544 1.5320764698172893 1.7520926042638241 2.2679737209610744 255 220 159 0.37914379089750594 3 1 82 43 51 217 96 262 46 452 60 492 54 175 62 595 23 346 40 538 4 292 80 299 37 278 15 297 42 261 16 267 61 263 52 253
1542 0.55036747088924987 2.0322716307906457 2.0548051220881631 255 252 221 0.84417479698603293 3 31 82 39 8 29
1541 0.036245137696492992 2.0556734949198558 2.3573065845451158 167 151 141 2.1768294486254192 33 460 82 13
1540 1.0474679700154341 2.9589063558992215 2.1462012369222143 0 0 0 2.6347727272402057 63 1372 67 1384 33 1339 3 1224
1538 0.79068935766983384 2.0839358439396412 2.2253091986174045 255 255 217 2.754641465482691 33 1101 2 1087
1537 0.5284337922346195 2.0350574850582608 2.0575033115889512 255 250 214 1.7192785985098666 21 710 2 94
1536 0.51921994501717983 2.035739321936092 2.0578800224958038 153 153 136 2.0520709519240716 33 1176 2 105 11 27 100 470 67 1219
1534 0.55641938282031589 2.5499964866980922 1.7785619757634787 120 23 15 1.4405171301784212 22 1423 35 1234 33 1191 100 1350 3 1152 82 1035 68 1148 51 1444
1531 1.4475790195950862 2.4187819273320024 1.747978549580399 0 0 0 2.861606523588792 1 1279 2 1321
1530 1.3302374644845762 1.7338920861517173 2.2913796613599464 255 233 169 1.9394659740387121 1 1281 2 1320 95 1419 28 1456
1529 1.3413842313037956 1.7406848287384762 2.3015987661395023 255 233 169 0.030858687759241825 1 1282 2 1319
1528 0.30855303267655926 3.3351059901775781 2.0604659237777372 0 0 0 1.2793462408277121 1 1245 2 1301
1527 0.4771507322558457 3.1228353300838396 1.8397848505420953 0 0 0 1.6360564562865472 1 1259 2 1299 75 1189 98 1335 18 1309 84 1528 49 1474 49 1501 73 1622 83 1565 95 1401 70 1428 45 1390 55 1427 57 1375 79 1421
1526 0.77977053844295763 3.045288099775858 1.8854477224469997 0 0 0 2.102991256281058 1 1255 2 1297 75 1169 98 1333
1524 0.59541848557122956 3.0541741168952834 1.8158777401640394 0 0 0 1.2377081897296305 1 1244 2 1277 75 1171 60 1102 9 1366 23 1211 46 1052
1523 0.55686502550950967 2.0847780107416027 2.0657580559961763 139 115 96 1.5651401248199472 1 1251 2 1270
1522 -0.75029699273362871 2.4957258080565738 3.0460490530514597 98 79 39 0.42668703672859204 21 1285 2 1261 9 1354
1520 0.87870563487009323 1.9997534375863453 2.2530161454507738 0 0 0 0.14076611150782387 1 1137 2 1245
1519 0.39919959369932767 2.6093790249884341 2.1222382773699948 116 17 11 1.2869343080939308 21 1299 2 1212 9 1310 43 1262
1518 1.1169826795775477 1.8892465150635116 1.5466950029107038 63 57 43 0.40386185950554093 2 1198 60 1061 1 1167 40 1085
1517 -0.69242582152740928 2.5209872602446013 2.8101756679460705 0 0 0 1.1515519507086083 1 1161 2 1194 9 1295
1515 -0.66651400298605701 2.7450308669088819 2.6311646722352764 152 146 147 1.1240570519517208 21 1146 2 1144 75 1044 98 1190 18 1171
1512 0.30704319207310421 3.2230661971460264 1.9648289627626938 167 159 157 0.62191792040248439 1 1110 2 1127 95 1225 28 1145 55 1213 45 1182
1511 0.17747260662276979 1.8643612504695386 3.5648414325192879 81 74 59 0.32248036597065571 1 1092 2 1120
1509 1.42014127927796 2.7847657934447749 2.3327022220949809 0 0 0 0.5232208981920361 21 1073 2 1091
1508 0.18602998952157637 3.4695561954522693 2.4250145386719821 142 130 124 1.9789688096891902 1 1118 2 1055 95 1153
1507 -0.6431409901611036 2.1522492169628014 2.0830262979581615 0 0 0 2.0048760838946311 1 1046 2 1047 13 780 60 655
1506 0.29645954533971564 2.8712583661094784 2.0886826258291875 156 133 105 0.20283002061874736 22 1137 2 1031 57 1098
1504 0.44379261483885518 2.3863058862221234 1.8520525395972591 134 115 91 0.41408225903510054 1 879 2 1012 75 410 98 469
1502 -0.75684766838375273 2.9229396713202469 2.6963807581321491 162 141 116 0.27006012593110268 31 1013 2 971
1501 -0.71144944311835201 2.811394320749987 2.6688474768711439 159 140 119 0.095470800372237763 1 795 2 970
1500 0.31780261057525877 3.1875129365532056 1.9852686689357446 170 30 17 0.4459168720188163 1 1040 2 932 98 955
1499 0.48695426655807983 3.0068037716337095 1.8906102946366119 157 27 15 0.31306023621840784 1 746 2 919 75 635 63 997 98 503 9 761 95 1105 55 969
1496 0.43715318215672572 2.1213876960455744 2.321342036207755 115 12 6 0.099565129424579263 1 670 2 871
1495 0.75203453133517528 1.8228211347546994 2.5665686982319253 200 184 167 0.0184326751209632 1 833 2 850
1493 0.29781413101517057 3.3383896364828018 2.2180207348017085 123 108 87 0.63618871357573592 1 772 2 776 95 857 28 893 57 838 45 1016
1491 0.49493236037806787 2.9148650740444766 1.9231893707747698 180 33 21 0.44033472283280489 1 742 2 736 75 794 1 919
1490 0.61981390360418764 2.8680937456771263 1.9606236173993439 171 48 34 0.28882993865776363 1 722 2 722 75 620 43 491 25 472 29 499 85 133 71 143
1489 0.7706328624700185 2.9503117915892179 1.9184676763377588 172 38 27 0.24386644460221027 2 716 75 399 21 542
1488 0.2691419731395352 3.3253265065596835 2.2785070083067711 140 125 113 0.25445856748057732 93 799 2 579 98 556
1486 0.55386156213259463 2.758260807540025 1.9681879313440873 194 160 124 0.44361229132654767 21 770 2 506 9 508 43 502 25 128 29 137 85 131 84 126 49 115
1484 0.28076758368631455 2.8853785975482462 2.0977471550596931 23 19 15 0.1373014113227784 1 288 2 277 75 229 57 216 55 226
1483 0.16516235948307331 1.8834164495060342 3.6022541218677904 30 25 19 0.015225576091933275 1 196 2 269
1482 0.41071680651240361 2.5636355562034412 2.1840404120708783 119 18 11 0.29149097729480317 11 261 21 195 2 225 98 220
1481 0.77927096120560013 2.9824097575285764 1.8923480397332217 110 41 37 0.10404999877323129 1 224 2 200 21 222
1480 0.75412939506308774 2.9073193861434006 1.9684555017263221 149 42 32 0.013224384618032938 1 510 2 196
1479 0.4582880572432198 2.1013263672479554 2.3089812349992278 113 79 75 0.82914424784467045 21 106 2 147 75 151
1476 0.81329223969792208 1.9004629853583999 2.3234719359095357 255 255 248 1.0279324000788463 67 439 2 81
1475 0.97944513908854836 2.1718395647069668 1.9639823723239684 206 201 211 0.23773435952590175 1 66 2 67
1472 1.1241455786229075 1.9141809719228764 1.5772591110486938 220 183 121 0.35719680580768493 21 11 2 17 95 8
1471 1.1055566440803384 1.8597339355907165 1.5271304648689135 72 64 52 1.439478643366481 33 14 59 471 23 497
1470 -0.63511319449604464 2.1044342510360239 2.1389434681012673 0 0 0 1.4670069683395006 3 940 33 939 82 812
1468 0.25380586340893835 3.2898717700164992 2.2923081013185529 150 135 128 1.0539711185982221 89 1437 21 1280 1 1160 11 1415 93 1538 8 1376 12 1706 77 1598 31 1492 47 1604 63 1280 67 1278 33 1206 2 1188
1467 0.37480286868820401 2.3831208535747681 1.9588461595149305 67 16 12 0.56101583796357812 31 150 63 150 1 173 67 540 93 623
1464 0.64342854834415042 1.9773583755638935 2.3855223691177105 255 255 236 2.4586753622326127 1 1290 82 1121 75 1220 98 1378 13 1105 46 1091 9 1430 43 1422 2 1330 25 1428 29 1414 23 1254 3 1247 78 1791 18 1354 71 1539 33 1369
1463 0.5674224176773266 1.8265730073621169 1.5054700268218466 0 0 0 0.86202033459552707 21 1405 22 1592
1462 0.22676185588075118 3.242622536906441 2.2959433673188552 0 0 0 0.46125738419609613 3 1216 21 1392 33 1341
1461 -0.40957891929622831 2.3727726995816463 1.7385503578318506 216 182 139 0.93470466305430044 1 1194 2 1186 33 1264
1460 0.55127152172564531 2.8596342756682294 1.9624997103409352 152 26 17 0.65863905314986071 3 1103 1 1184 2 1172 75 1008 98 1156 18 1115
1457 -0.29370581813746871 2.1145128555784436 2.2011813952488652 235 198 145 1.5802234488187403 33 1117 1 1108 2 1222
1455 1.1577390389516267 1.7093731853697192 2.2929240153248283 0 0 0 1.2320311920952793 67 870 1 967
1454 -0.63933785000371468 2.5755654185677583 2.6283965115104753 0 0 0 0.18563251504857492 63 1010 1 946
1453 0.43780379973172762 2.4027422648544037 1.8661740233858934 133 16 11 0.66433205000799322 33 750 2 872 75 610 98 470 9 493 25 459 1 880
1449 0.27454553151636535 3.3721020425462154 2.2615995589629336 2 1 1 0.25764645995166702 67 685 1 774
1448 0.59792599109546651 2.5435907722567048 1.7755153740011436 137 117 115 0.41681838417583211 3 667 1 689 2 694 82 602
1447 0.44945235851918997 2.113645884577565 2.3036045613777465 183 160 138 0.87459357203139487 89 1001 1 669 6 1114 44 766
1446 0.59673337762096423 1.8028154074729241 2.4598184160197816 199 187 171 1.1978510118701764 3 544 1 646
1442 0.27554404338251598 3.0940011061671702 2.0661150595501678 177 92 68 0.48190095961495533 63 620 1 571 75 471
1441 0.3693765917106685 2.2792328887802524 1.8730923679251776 255 255 255 0.41817193339424502 63 723 1 460 75 409
1439 0.28122639490350171 2.8856572786930053 2.0980427605480716 25 21 15 0.15874830564327533 89 337 1 287 2 276 75 228 57 215 55 225
1438 0.50639577321963403 3.0576439284391475 1.856160438838256 179 31 22 0.93607018159454203 67 366 1 283 2 263 75 193 9 154
1437 0.29959538542666969 2.5342806988102167 2.2148050122524232 151 29 19 0.56838381053954901 93 253 1 245 2 237 21 207 75 214 98 233
1433 -0.57233822548930202 2.507096858711011 1.593350845535862 229 193 144 1.4834377662166194 11 1377 21 1272
1432 -0.28861792558246152 2.3512556878804234 1.8255941182488511 0 0 0 1.4825251248504374 12 622 72 934
1430 0.52618209800237536 2.804364425687401 1.9932733885462848 187 159 122 2.0933836644067436 67 1255 21 1302 11 1400 93 1573 8 1357 100 1423 22 1437 72 1561 35 1187 12 1743 77 1647 47 1564 63 1259
1429 1.4329974261484892 2.6468193151717783 2.1947454345485782 173 166 167 0.69988382852829278 93 1593 31 1554 89 1503 21 1338 11 1534 8 1474 100 1492 72 1691 63 1326 67 1335
1428 1.3804626476224291 2.8332330824992895 2.5669717443425188 0 0 0 1.9827721950105213 8 1450 63 1367
1426 0.25505404112902991 3.1703895881401714 2.0449632752396996 135 20 11 0.97858941243689745 89 1522 21 1352 1 1197 2 1227 6 1610 95 1327 57 1318 44 1495 70 1359 55 1366 45 1339 26 1592
1421 0.34108602272407751 1.8985830895494713 3.0614812176062483 188 171 164 1.7407394155259985 63 1209 21 1243
1420 0.16723149896366618 3.4233778214050981 2.36856446959289 164 160 143 0.69203293414833256 63 1281 89 1439 21 1219
1418 0.22050378525905198 3.3028083730437947 2.3126203780153554 101 10 6 0.69501959014635717 89 1244 21 1135 1 1051 67 1212 6 1222
1415 -0.41261940493540011 2.3117470364514414 1.7059431537899234 255 255 252 1.8537758140968192 89 1282 21 1111
1414 -0.74836770873079861 2.9620455811473732 2.6879335568726996 0 0 0 1.8555374826433972 67 864 21 1046 95 1169
1413 -0.52173195940959161 2.6848160142955146 2.7479759405738351 106 94 57 1.6687671954235845 63 1110 21 1038
1412 0.4379115789946969 2.9813638230868866 1.9417724346094225 202 51 26 0.15258987745928657 93 1213 21 1002 44 1043
1411 1.3115273896456534 2.4898203013227422 2.1130163133043802 210 201 213 0.054313567989831543 31 1252 21 929
1409 1.6368136546311112 2.4052777175025097 1.6550283924528946 0 0 0 1.3297876260496744 100 1075 13 622
1408 1.6239969896360069 2.3694919191369652 1.6986683191911773 0 0 0 0.34380960809699657 89 957 21 894
1407 1.4797778974780385 2.2958372833794969 1.6757050909126496 0 0 0 2.2063880973956591 89 1147 21 891
1405 -0.38230226875219459 2.6491148814280749 2.7282829380458371 38 35 33 0.067133632344264449 31 983 21 848
1404 0.62543747658728488 2.5514488085678724 2.2012176386242746 164 155 154 0.49960148165158708 31 910 93 938 21 752
1403 0.44451988661424557 2.2698934608199726 1.7952114332256213 61 18 13 0.99909558170428414 89 985 6 837
1402 0.65663539816892502 1.8638017427839837 2.2856862283345523 253 239 200 1.288206581191452 63 666 21 704
1401 0.97411060289696672 1.9220795123817218 2.0998524823066376 122 57 46 0.47019980148163182 63 658 21 689
1400 0.97411060289696672 1.9220795123817218 2.0998524823066376 122 57 46 0.47019980148163182 63 657 21 688
1399 -0.38002737745538312 2.6686291890800753 2.7310989452588812 100 87 56 0.097221784463511568 12 392 21 627
1398 0.50194167873477746 3.0116317346112695 1.8856466553753863 181 36 27 0.62771723204100272 31 971 89 896 21 579
1397 0.41741319102139046 2.8855752570136386 1.9945319513367237 182 35 20 0.23305955194903913 89 639 21 568 6 272
1396 0.018383297802992093 2.0420304069947401 2.3141191004385928 178 170 168 2.3554132041330433 22 496 98 541 21 511
1395 1.216182789534717 2.3151347027196616 1.9726724860423122 0 0 0 0.36547778578805828 67 460 21 436 2 660
1394 0.25504820643489046 3.1140415635028988 2.0318424232511947 167 158 158 0.27165389095042403 31 419 21 312
1393 0.45128328217325864 2.9528741069974473 1.9451541797363354 110 32 19 0.28301087479465581 31 381 21 271 95 540 57 524
1392 0.47227455526280215 2.7867893863684201 2.0334865861454672 181 50 25 0.25882490312983647 77 341 89 269 21 236 1 263 2 245 95 201
1390 1.2021820445243834 1.8735610046053295 1.6082776119140894 255 252 222 1.5734232224482738 89 2 57 5 70 3
1389 0.77934227006781365 2.9380777031993119 1.9411606408383086 0 0 0 0.094165735638019638 22 960 35 821
1387 1.333351486668811 1.9398531852346574 1.6000657616609253 231 192 136 1.3811269475788523 31 1633 89 1595
1386 1.4341534652542378 2.6494881467162146 2.1967485126926323 241 234 239 0.5237689351236956 31 1555 89 1504 21 1337 93 1619
1385 0.24702022400269691 3.1081346506806256 2.0473846757246061 121 144 127 0.8357659478805991 47 1586 89 1478 21 1315 1 1158 2 1183 6 1569 95 1325 57 1315 44 1449 70 1355 55 1328 45 1302 26 1482
1384 1.3784148645134655 2.4461906601208394 1.9948421887158452 186 168 151 1.3163865919189299 12 1725 89 1451 6 1544 44 1341
1383 -0.10273974668635297 2.4747910010804723 2.0973607982684781 169 170 187 0.64534983045087457 31 1463 89 1382
1381 0.51978238676609201 3.0528381495525858 1.8411484493280676 219 199 179 0.70778802603399837 31 1408 89 1316
1379 1.3031475797211463 2.4888586819173595 2.0960663320943937 196 184 190 0.041737529239956134 93 1291 89 1280
1378 1.1164037926609474 1.8953012203908961 1.5512543855105414 39 33 25 0.31506793269903421 31 1429 89 1253
1375 -0.65664261745734076 2.1039780308404028 1.9056831593649795 175 149 104 0.061468474952614552 31 873 89 1005
1374 0.42240293852919819 2.2704970857005273 1.8393250812005097 181 154 120 2.0678436020229385 31 1064 93 1094 89 994 6 1082
1373 0.2615726972177907 2.8469880033246762 0.58260203841937963 222 190 174 0.73256178306935427 63 283 89 954
1368 0.50330165581393838 3.011012525094094 1.8873425217824267 167 31 21 0.80354136365017648 31 972 89 895
1367 -0.33329533441967824 2.5699533020774932 2.3211742553698249 85 12 8 0.73841431722948181 31 348 89 679 26 1156
1366 -0.30622583892275751 2.4390689525100449 2.2314219238991679 90 11 7 0.27738030276590753 31 300 89 637 6 949 44 835 26 891
1365 0.32242677100069728 2.7145955648879805 2.138953404742765 179 45 23 0.51357627359537539 31 692 89 622 44 205
1363 1.1254759600848561 1.8770264529193412 1.527685266052605 223 186 137 0.88727202360981228 12 504 77 1084 89 437
1362 0.36632115177245739 3.045591823885768 1.9665592425474969 199 58 29 0.093653982446127368 63 341 89 360 6 323
1360 0.45291450319354482 3.0818808329759846 1.8796441695000641 197 41 22 0.62307691180830027 93 432 89 342 44 225
1359 0.4487248852401039 2.8884356258266193 1.9787067299313479 186 37 21 0.20977634407210918 63 311 89 293 21 252
1358 0.63516822700220366 2.9714151782908278 1.8669105982841976 180 48 34 1.3567556211585945 63 296 89 274 98 165
1357 1.2965190545682515 2.2717704196250539 1.9206563784883559 97 91 85 0.28515490247969222 47 560 89 37 6 44
1356 0.34628474156615313 2.5516235933290394 2.6048804776333161 60 55 45 0.077414643543123371 33 201 3 424
1355 -0.41490989677971485 2.2741282992601479 1.6928803154297178 60 55 51 0.51430123776532966 11 1437 8 1406 100 1389 3 1156 67 1314 33 1257 22 1459
1354 0.39954287416345119 2.6296359151010171 2.1456257937759857 130 42 22 0.30658260990983727 35 245 100 658 93 281 63 228 67 270 3 189 21 212 1 246 18 176
1352 0.17564426868696986 3.4253113713958263 2.3799174738292974 185 176 177 1.2139505204872552 63 1282 67 1279 33 1156 3 1058 100 1376 22 1386 21 1220 89 1438 95 1146
1350 1.2472518826880719 1.9368878520252357 1.8592059925299238 255 217 163 1.3115377596822961 33 1375 35 1333 3 1253
1348 0.99631100891673352 2.5446364082278592 2.1558809846903695 0 0 0 0.46723043566885569 35 1330 3 1251
1347 -0.1651179886671918 2.3333628648598341 1.4841657766795424 255 255 198 0.76536093370670266 33 1360 3 1242
1346 0.11691879600060141 3.0976232545998834 2.3234483020763266 0 0 0 0.81755268088504729 33 1363 3 1235
1345 0.27395370692633886 2.9194033277575948 2.1628184544493192 166 39 26 1.1132801449580709 3 1233 82 1098 13 1071 96 1205
1343 0.17163200172045184 3.1330692265122839 2.2683948067002242 0 0 0 1.7914167420484701 96 1122 13 997 3 1203 54 1307 87 1188
1342 1.4014845950376247 2.0046844748873305 1.5355938601108652 255 255 196 1.4292418574922836 35 1145 3 1163
1341 1.3316599954760799 2.4330567990098646 1.9828235308702906 165 154 151 0.29537070780152075 33 1229 67 1290 3 1124 1 1171
1340 1.1147987689655692 1.8921747268514979 1.5504324809960053 48 42 40 0.14800953302851594 33 1213 3 1111 13 1018
1339 -0.77057503042340492 2.4961090215665758 1.8858132615525989 255 220 143 0.91142805758273449 100 1346 3 1106
1338 -0.54651940099814789 2.3225046803574969 1.6948682824892183 227 190 138 2.1827850113296918 33 1076 3 1100
1337 1.3000021133257524 2.8021709282870573 2.6272934900487064 0 0 0 0.54315688322757871 35 1178 3 1085
1336 1.538790046331082 1.7947988626027487 2.2352247849408031 228 193 140 0.72976585765813562 22 1396 3 1061 82 974 68 1202 13 1025 35 1134 51 1510 46 1002 96 1160 54 1311 62 1342 60 1096 87 1277 23 1205 40 1140 80 1414 37 1449
1335 0.28549666951786379 3.1292406119519658 2.0459407726613694 128 21 14 0.36777929540534532 11 1250 3 1056 82 896
1334 0.42650544261492779 2.9173301370382911 1.9658552242884024 186 36 21 1.3673837911423592 22 1375 33 1202 3 1052
1333 0.48887137256690777 2.5772251813654385 1.7614730315553433 121 40 17 0.57551714505927387 33 1128 3 1033 82 949
1332 1.3410873029314712 3.0272169043235708 2.5056796843428963 164 154 149 0.47353957062675445 33 1126 3 1030
1331 1.3410873029314712 3.0272169043235708 2.5056796843428963 164 154 149 0.47353957062675445 33 1127 3 1029
1330 0.58985867062126429 2.3575796074329056 1.7636435270861832 182 169 174 1.6637216145120899 33 1040 35 1110 3 1012
1329 0.5135428802626506 2.0351237888633991 1.9460595344409222 130 61 55 1.4157602354463981 33 1105 3 999
1328 0.45610496845917259 2.9698967401332648 1.9055278209528814 139 23 11 0.40614808019719445 33 1147 3 980 75 1012
1327 0.76198772433235862 2.9482679013590749 1.8827754696555574 237 60 36 0.51062084834862487 33 1077 3 976
1326 1.4152089342342073 2.910940139292244 2.5950332613697649 133 109 76 1.2126077384868597 63 1240 3 950
1324 0.657818263872051 2.2951663833599132 1.8093182243444876 255 252 255 0.59132691704320783 33 1034 3 933
1323 1.4292491829157574 2.2277570348022349 1.6570061766156625 102 80 59 0.7820440852206515 35 1029 3 919 82 881 68 1019
1321 0.37097040325832786 2.097063025714708 3.3480026185010257 144 130 120 0.29036837756399403 33 1018 3 912
1320 1.3854384179840014 2.0233285402042038 1.5272786659991473 206 175 130 0.35506253972105845 35 669 3 906
1319 0.15167833917748325 3.0324764809493097 2.4297328876168902 0 0 0 0.90667500756618147 35 971 3 876
1318 0.5293238943893005 2.8504381841760655 2.20088192806169 157 140 131 1.3747563529295062 22 1372 3 863
1317 0.085772953270610242 2.865540703528437 2.5577685027911596 178 164 163 0.65172782770013771 33 1143 3 860
1316 0.62039919126385135 2.6208954932733546 1.738832629846053 255 255 255 0.23095964631635377 33 1068 35 1063 3 842
1314 1.2394811379159691 3.2376527528814569 2.5355861384406206 0 0 0 0.11937625657221321 33 590 3 704
1313 0.872433434280526 2.9168682197708913 2.0600633015262373 244 57 47 0.43531782023824844 33 587 3 698 82 640 68 770 13 379 46 369 96 316 54 26
1312 0.87281231381600421 2.9163062031250533 2.0597411953397606 244 57 47 0.51756624051011413 33 586 3 697 82 641 68 769 13 378 46 370 96 315 54 27 76 984 52 992 61 663 92 937 38 623 10 615 34 611 64 940
1311 1.2598862326783209 3.1318080601971667 2.4238044892940107 135 122 108 3.0133457946254474 72 836 3 687
1310 -0.39794284674232389 2.2592902652931675 1.6860342032099007 43 38 37 0.77124747597848664 8 762 35 702 3 669
1309 0.66777937692117595 2.3544139798596455 1.7623341535407242 254 254 254 0.75002589813435672 33 735 67 501 3 619
1308 -0.7241198291815677 2.0021707588047342 2.2439585574066099 6 5 3 1.3424526802981596 3 612 68 607 35 641 63 520 75 712 76 721 80 778 8 57
1307 1.42279162394755 2.6557264843365789 2.1882292650861328 199 176 169 0.37358216027589614 33 481 35 786 3 611
1306 1.3779881106414285 2.0351922718079605 1.4725189409205726 255 255 214 0.81370092318584941 35 670 3 557
1305 0.18952928012731299 3.2039862953385709 2.2563011213192898 150 136 125 0.21560064437931423 8 915 33 628 3 516
1304 0.38364281256752802 3.0780829230582536 1.9226848359228512 0 0 0 1.412021152171655 33 357 72 467 63 342
1303 0.79020272150667492 2.8021182323229978 2.1007531201416878 225 54 42 0.26793195276404408 35 294 3 475 82 215 68 539 51 719 96 49 76 781
1302 0.018669381882603527 2.5746962894394021 2.3190532920155773 121 121 119 0.67982086014046705 33 782 3 468 82 82
1301 0.023547595253492627 2.5587735788360204 2.3194578758036322 79 38 33 0.082488148396361871 33 781 3 463
1300 0.55029156519690281 2.5238591900619847 1.8808993229102595 92 14 8 0.10595937072168959 33 538 3 460
1298 1.4844464441150527 2.4612521463928068 1.9475728448289351 255 255 255 0.8187350651705888 63 424 3 382 89 68
1297 -0.16649498383921729 1.9390060089226222 1.8762905317260847 255 255 249 1.9691586394538385 3 369 82 6
1296 0.0043751690158273645 2.0412387325218484 2.3659874752647236 169 156 150 1.8880402334863806 67 509 3 357 82 305
1295 0.77880077978269135 2.0252660618361458 2.065381191613314 255 255 221 0.99488317520562342 33 875 35 394 3 339
1294 0.22041370585873341 3.0483079762907495 1.7812952527216961 93 85 77 0.9360747609104324 72 450 3 298
1293 0.4378501134834879 2.9392643803629137 1.9184307224929591 186 41 23 1.3235990241096056 63 313 3 285 1 745 18 143
1292 1.2324325133761693 3.2688544938694419 2.5224574153625863 124 111 100 0.20846108625908225 35 343 3 273 82 289
1291 1.3064644374775733 3.0611001904508464 2.4672930202748904 1 1 1 0.12070978176907257 67 582 3 218
1290 0.37905165116621914 2.6783454594733951 2.1292925004972116 171 33 20 0.050969441440794294 33 259 3 206 1 256
1287 0.6092518651649832 2.5257593279221116 1.8044820103966637 110 95 77 0.53330441785817573 35 237 3 178 82 187 68 155
1286 1.3599072164506836 2.4698184327373802 1.9614459242807676 90 73 33 0.22958410325238854 35 508 3 82
1285 0.26626703218467757 2.1130764661715142 3.1687116910908339 222 227 249 0.22443045018010827 100 71 3 27
1284 0.86793037682309582 2.4045468626709612 1.6291120960718437 0 0 0 1.3041700911437364 67 1424 33 1373
1283 -0.60192574471526872 2.0771669450610126 1.9129796001765118 205 169 118 0.39458036883357134 11 721 33 1059
1280 0.37982479683109932 2.6840051345493108 2.1170096743360292 198 60 32 1.0150740967157814 8 310 63 246 33 261 11 296 35 258 21 233 1 259 75 203
1279 0.37930698006128055 2.6848616170205477 2.1188769254399831 197 58 32 1.1080547030998416 8 309 63 247 33 260 11 295 35 257 63 248 21 232 1 258 75 204
1278 -0.43411288061983999 2.3355614246909893 1.799091442946037 216 182 138 1.477840132133408 11 1589 8 1528 100 1543 33 1377 63 1428 67 1430 3 1256 1 1300 46 1096 51 1637 60 1149 72 1744
1274 0.21772219506526125 3.2978423415579874 2.3047944759060228 0 0 0 1.1813345130193615 11 1253 8 1207 100 1261 47 1515 33 1090 63 1117 67 1150
1273 -0.080925031151701798 2.2790510378522222 1.8243939305927266 216 181 137 1.273110174043816 100 517 22 527 72 87 33 525 93 136 100 117
1272 0.4887580033449227 2.786525345699066 2.0199199275413409 71 11 6 0.65156908771468991 67 598 77 734 11 332 100 935 72 381 33 584 3 495 35 568 2 726 21 989 75 633 25 742 85 796
1268 0.77155927133025082 3.3282244649793058 2.0243815408858326 0 0 0 1.3609011750961821 67 1426 33 1371
1267 -0.033854322203797638 2.6667154525012902 2.1845764553042115 0 0 0 0.58115644337148387 67 1402 33 1355 3 1232
1266 0.44979292734610782 2.8374524439686333 1.9368155081842082 193 47 24 0.31702974153374625 35 1310 33 1340 3 1215
1265 1.3164472896015289 2.4223217084030786 2.01526745414075 135 125 122 1.33070219460404 35 1293 33 1335 3 1191
1264 0.49877022114287417 3.0328505069193992 1.869622705702322 177 171 144 1.7148740835203558 22 1545 35 1298 33 1330
1263 0.59188540588091998 2.4407917742604845 1.8015954686386042 139 26 22 0.70452359163009526 100 1498 33 1319 3 1195
1260 0.51821490466161635 2.7955629954767982 2.0028285187386734 198 168 134 1.4330690149771179 67 1256 33 1263 1 1153 2 1171 75 1068 3 1102 98 1279 9 1241 18 1195
1258 1.2885560016455175 2.7376582760133132 2.9239436511658656 0 0 0 1.0217669091730737 35 1229 33 1241 3 1133
1257 1.3682674647771695 2.4587630865991525 1.9543111400279274 166 153 151 0.49393961344717968 67 1223 33 1233 3 1127
1256 1.3777706938382386 2.4656865683554035 1.979994860349569 166 153 151 0.36583292719528598 35 1266 33 1232 3 1128
1255 0.11484568164533193 2.8387428695142187 2.2104558563911247 128 15 9 1.8051695440824096 8 1282 33 1201
1254 0.55662757301047994 2.546490715844743 1.775275546837344 163 30 23 1.0645975552980576 35 1235 33 1192 3 1153 82 1036 51 1443
1253 0.1793546159733819 3.4412858825804475 2.4112225855268488 205 199 211 0.62500841262453477 67 1280 33 1157 3 1059
1252 0.16945595073490524 3.2936455849781394 2.3353093118295698 0 0 0 0.71374048604780027 35 1076 33 1155 3 982
1251 0.17559706856264423 3.1902667994604901 2.2310070018668031 115 107 103 0.61084457650298785 35 1192 33 1151 3 1108
1248 -0.67490969914054111 2.1191462076462022 2.1453686919989416 0 0 0 2.0363207937772936 63 1081 33 1063 3 635
1246 1.6095562850825007 2.920079516397033 2.5541297866245172 189 176 174 0.34821634813230767 35 1069 33 1050 3 814
6333 0.83062090965719226 2.7715082430700266 2.1896965324385289 237 67 49 0.22449024403957893 10 1313 38 1361 34 1389 32 1430 94 1249
1245 0.49468157660310302 2.3229023121146337 1.7660796367663292 193 176 168 0.19599990904890144 35 898 33 1038 3 941
6332 1.1282982824234773 1.9916217731285615 1.68156503843863 0 0 0 0.57594854575471666 10 1464 38 1439 34 1360 10 1390 32 1389 94 1503 94 1626
1243 1.2599610833501771 3.2246368070089346 2.5499030718289233 0 0 0 0.031990147343181452 31 1176 33 975
6330 1.1224540460333741 1.9496470340371166 1.5396402272088485 247 209 162 0.70330478066997526 92 1563 34 1357
1242 1.0077924476104192 3.0408912486121435 2.1024377765707296 223 198 193 0.14058647575504071 93 1349 33 974 3 868
6329 1.7355253124781487 2.3374025747291074 3.2762091113027232 0 0 0 0.27459364292798982 10 1385 34 1356 38 1436
1241 1.2991266076688914 3.0692357951986193 2.4635714570265641 0 0 0 0.24502024391431132 67 996 33 961 3 844
6328 1.6555537630026307 2.3119880644987147 3.1728643681188777 0 0 0 0.33694575503419111 10 1384 34 1355
1239 1.4064736129253563 2.97766281713134 2.6584343790515983 101 89 71 0.74290424389417586 8 1185 33 951 3 643
6326 1.4637106696466511 3.0000796192011037 2.6653645921148179 0 0 0 1.1870449312956644 10 1535 38 1660 34 1342 94 1769
1237 -0.74157760769899439 2.00227779565631 2.2386394535381111 149 133 121 0.74702308354366809 63 956 33 933 89 1029 67 997 21 1116 1 934 2 1045 82 665 13 628 98 1114 96 971 46 634 6 1286 9 1119 58 1151 54 1151 62 1021 87 902 78 1268 59 777 23 812 35 847 4 968 76 925 42 1157 48 1164 66 1164 15 827 16 1129 88 1190 56 1325 81 1140 39 1110 69 1134 24 1159 83 1359 44 986 7 1332 92 1125 10 1081 38 1118 34 1235 32 1087 26 1095 94 1200
6324 1.334156857339172 2.4315580636281418 2.8689249207348806 108 99 93 0.29888014030908328 10 1367 38 1419 34 1338
1235 -0.29339903296624287 2.0741518439612019 2.0982119162633506 0 0 0 1.6622679682835748 35 1143 33 924 3 787
6322 1.5994798885195531 2.8838526939486471 2.5786106618769518 0 0 0 0.79657806342987758 38 1412 34 1332 99 1178
1234 0.648241861661774 1.7992625050247595 2.476096261253574 0 0 0 1.4149155749572166 11 1141 95 728 33 864
6321 1.4311319559997653 2.1883446546725525 1.6691811457106691 0 0 0 1.5047727014673675 10 1264 38 1090 34 1238
1233 0.58005864069476976 2.817184669851756 2.0103236678837502 92 51 44 1.0573297091873286 35 804 33 796 1 531 68 734
6320 0.43752039319663305 2.1002568134742767 1.9450362360514022 255 255 255 0.12753760476293927 10 1270 38 1321 34 1236
1232 0.61177491850902521 2.5327902705177641 1.7798869167088969 255 255 255 0.67159812237790018 35 780 33 763 3 668 1 867 2 692 82 752 68 874 98 702
6319 -0.59539823241880196 2.1409519947800084 2.121890387761205 0 0 0 0.8122611051604316 10 1394 34 1233 99 1206 32 1272 64 1281
1231 0.50612565176821456 2.3408339164465124 1.7567948663254127 55 36 29 0.54034168089169499 35 462 33 743 3 428
6318 0.46042484978079956 2.1424177335339318 1.8732125700396653 255 255 255 0.94282599993377003 10 1265 34 1231 38 1443 64 1419
1230 1.3803925801580013 2.4335239763996781 1.9671365736866118 0 0 0 0.098249103092222401 35 750 67 735 33 694
6317 1.167183628831268 1.8691014494407512 1.6820181834925598 255 255 255 1.4835496850010632 10 1257 38 1077 34 1228
1229 0.84503216930844827 1.9280506537523439 3.9500506103634652 230 208 185 1.0586335582389137 35 626 33 653
6316 -0.60871733472694223 2.1569155645573037 1.8634878521633649 203 170 125 1.1834288271489337 92 1473 34 1225 94 891
1228 0.3803868960386339 3.4265489598734789 2.3186926064525624 192 166 142 0.37641562051129906 100 439 33 639 3 531 68 565
6315 1.1041612083074557 1.9048130456844767 1.5563745398446247 58 55 54 0.65149933332283916 92 1335 34 1222
1227 0.2459252837403498 3.3105463413006677 2.2876049632704576 175 163 161 0.16861325069804098 11 697 33 634 3 525
6314 0.2243020236692469 2.3523927488795957 3.4349629932227081 167 154 149 1.1555208229315397 61 1288 34 1204
1225 0.35247806382961994 2.207744602204492 -0.15529345061530764 6 6 6 0.26582830424848292 67 27 33 588
6312 0.15638371248922711 1.8639472219034372 3.5630200120589217 79 72 59 0.61688494659004167 10 1234 38 1422 34 1198 99 1278
1223 0.35260767426548983 2.6866617095882268 2.1303436371298905 118 22 12 0.37620199384195513 22 291 33 572 3 229 1 260 13 89
6310 0.34102317811323812 1.8416060399849923 3.0500950129478204 184 173 167 0.38157489267927758 92 1428 34 1154 64 1183 99 1099
1222 0.53898915886075094 2.4380087213335595 1.8386967609597087 77 27 25 0.30893920498917837 35 503 33 519 1 454 2 456 21 113
1221 0.51364051295109792 2.3337850844049712 1.7732041659877609 49 37 33 0.49797683135426046 67 760 33 489 3 426
6308 1.437336339449605 2.3017298035525173 1.7299205733001444 237 255 255 0.3294157135649361 10 848 34 1081 38 851
1220 0.42954980297288936 2.2720574815017689 1.8431679313704321 255 254 241 1.7969431421743249 35 440 3 405 33 487 100 519
1219 0.36663584313201375 2.2675443419077315 1.8713785066836028 198 180 175 0.097514886206664653 8 749 33 484
6306 -0.6452793038493515 2.1280913334732117 2.1100605752421639 178 158 144 0.53055214034693832 6 1281 10 1272 34 1051 38 1102
1218 -0.2278454563292619 2.0458979124648775 2.2567027891798617 255 255 253 0.32102341845268989 100 464 33 468
6305 -0.64552033113899498 2.1296180580163693 2.1092184272366294 178 158 144 0.24821056775837383 6 1282 10 1271 34 1050
1217 1.0325155011387024 2.2800186030663072 1.9864058016443011 78 19 19 0.56569416261917771 67 728 33 432 89 783 21 445 2 425 6 512
6304 0.5055377500398256 2.2583342783220823 1.7599529066377622 116 54 42 1.1123707969228713 10 1067 38 1092 34 1046 32 1069
1216 1.3345868182472751 2.3399353529622724 1.9085268634285424 255 255 255 0.32593472941582846 67 464 33 427
6303 -0.62540607435166595 2.1617863458409294 2.0583998668797254 236 234 235 0.54475233229628772 92 1114 34 1044
1214 1.0876017855503382 1.849648414824647 1.3799698412577501 241 203 150 1.2979401104837243 100 993 33 386
6301 -0.54138307734002356 2.4428366258020975 1.6338018267248549 222 188 142 1.7987185103978054 38 828 34 1029 10 828 32 480
1213 0.16443150897092421 3.4144006918930176 2.3817314373184169 167 155 153 0.44231714576410486 100 758 33 380 3 304
6300 1.1471762523642723 1.8889218692599106 1.5743273391703172 255 240 177 0.10653011021559602 10 822 34 1028
1211 0.79998495126630109 3.4046831351125193 2.4767784519354694 136 123 114 0.0033602595597916804 35 351 33 358
6298 1.1139793378630394 1.8706577475511561 1.5366863888661746 88 87 93 0.19932807100991326 38 1070 34 1026
1210 0.86500210659788745 3.3039945523929153 2.4697807421838673 88 62 39 0.31234850365912592 63 343 33 346
1209 0.56674797404641963 2.9781962329396388 1.8871954063352765 151 34 20 0.33084393064248391 67 355 33 343 3 291 21 257 1 545 2 229 75 431 98 491 9 510 43 507 25 488 29 515 85 507 18 463 84 564 49 526 73 536 58 423 59 390 23 66 36 80 71 603 28 523 57 516
6296 0.79499173612569529 2.5427145832442011 2.5003757477847612 177 56 44 0.10577616940653711 92 966 34 930 99 897
1208 0.40010349739529028 2.8920380875099285 2.0046397919301686 178 30 18 0.92235141115292707 67 353 93 391 33 337
6295 1.4212974713660835 2.6384550331217866 2.1822767357262123 219 220 234 0.44525991657874142 61 1025 34 926 52 702
1207 0.81777801892305424 2.9845052809462387 1.9122125319282337 254 255 255 0.41740738638164987 35 598 33 334
6294 0.79541585286504179 1.9563020282273929 2.6390862765543033 115 14 18 0.27456406522054294 10 933 38 940 61 721 34 916 32 921 64 264
1206 0.68615906548059069 2.9353994238275023 1.919600216624366 210 55 35 0.38001726006603426 35 321 33 332 3 280 21 221 1 236 2 209 82 268 68 265 98 151 13 142 60 382 9 119 62 411 76 107 64 197
6293 1.3819239365018106 1.785218165534997 2.2064018111997461 65 62 61 0.29312269542189512 10 886 34 878 38 884 99 619
1205 0.70063668894757292 2.8938433672479627 1.9565947261480978 207 47 31 0.16856458566592511 35 312 33 309 82 251 68 264 51 318
6292 1.1639487590642172 2.0149298097490047 1.6818351612104749 153 173 202 0.16057501789654818 10 470 38 479 34 806
1204 0.5877812971454438 2.8731027486606897 1.9633324755330979 146 23 17 0.42010576369663594 11 348 33 307 3 264
6291 -0.64613610988180747 2.1347808061228917 1.9257487415863108 204 169 118 1.0375143192362373 61 881 34 803 52 890
1203 0.5095139164284368 2.8479177904883399 2.0569134072862929 122 24 15 1.6396408021799109 35 304 33 303
1202 0.47706714021009372 2.7782681774683362 2.0346597064858107 111 18 9 0.11006677158099004 67 299 33 290 21 235
6289 1.4095975734563897 2.9668266132462748 2.6685804262864257 62 52 44 0.35776423583435063 52 811 92 762 34 753
1201 0.13556409112842466 2.6870147293504618 2.3319153011899978 125 22 13 0.93760098137057768 93 338 33 287
6288 1.3564999244900469 2.2960823130462336 2.9110973179800412 58 48 40 0.30917923022645383 10 781 34 746 38 775
1200 0.85737424946866458 2.8810588562571149 2.0862739649591324 178 35 33 0.17021306474967357 35 579 33 272 3 484
6287 0.61484685837342012 2.1068200787062139 3.3416395243658714 0 0 0 0.043273897101770362 61 836 34 737
1199 0.61325985284765883 2.6338343934093937 1.7320231904358376 175 158 144 0.32047475553270649 35 277 33 252 3 216
6286 0.3580446761012348 2.0818991944400205 3.3340396440675955 247 231 225 0.26284737893746507 10 770 38 764 34 716
1198 0.4008632130340638 2.6451312750720559 2.1359676295317125 196 61 31 0.19620402122506236 35 246 33 246 98 221 2 242
6285 0.79016253944971038 2.6890706822322445 2.6993573691361727 135 25 28 0.17751321496145758 52 737 61 751 34 669
1197 0.59331236805216003 2.5664537390801345 1.7716903422560475 115 100 89 0.54043660864194443 11 853 35 537 33 234
6284 0.90915302964675693 2.9924250472999874 2.4156730126493042 127 112 89 0.62631095977457163 10 674 38 693 34 652
1196 0.5794847194192928 2.5577342746070912 1.7798889219872727 160 148 143 0.34141839993550988 35 252 33 233 3 195
6283 0.70785614188965063 2.2959233254089986 2.7255220246053922 75 81 91 0.17912889958684033 10 669 38 677 34 649 32 661
1194 0.96655682262842091 2.1470301769468167 1.9490390465384597 208 208 221 1.548046835413323 67 38 33 50 21 43
6281 0.79865614942909546 1.9680950075253547 2.6596751170463411 8 8 8 0.040206308055681435 10 207 38 221 34 630
1193 0.79572416393901213 2.0063237350790715 2.0645219808398645 125 96 82 0.68271975330973622 35 26 33 25
6280 0.61948418818305762 2.7524875735722234 2.0478017543566835 118 36 36 0.17542222495223478 38 146 34 585 10 154
1192 0.64048049295314824 1.9594663216206811 2.4862325999588242 255 255 234 1.3778639550813947 35 1326 67 1421
6279 0.63416665900029057 2.7821561314054275 2.0255715693701677 255 255 255 0.017157508797773568 38 603 34 584 32 595
1191 1.0412471352152115 2.0032039084496316 1.743200027018597 195 161 112 1.286218609096937 63 1199 67 1284
6278 0.63911718623873859 2.7994635931247442 2.0213600516083319 87 52 58 0.17412043337371655 10 592 38 602 34 583
1190 0.79221625528409667 2.9761003823100132 1.8842827959609147 255 255 255 0.031098393199398722 63 1092 67 1125
6277 0.43764783716951733 1.9439747388279973 2.4243824676622219 251 255 252 1.8531151500528713 52 638 34 576
1189 0.48164586466973874 2.8716124749137264 1.9914042906288096 213 62 31 1.5559688025632588 8 881 72 781 67 1019 93 741 63 987 21 997
6276 -0.11095938752004281 2.1531361656056118 2.3560229832594013 255 255 255 2.2330603846183883 52 120 61 119 92 118 34 551
1186 1.1814000865853056 1.9390592812476166 1.6890408107740882 227 188 133 0.35451470997286583 93 1677 67 1428
6273 0.3301434027559616 2.0665535944121745 3.3390429791249838 199 193 194 0.0019313241083290535 10 378 34 372
1185 0.37682994980393808 3.2163659469599697 2.1117300163558754 152 139 130 1.4575875369425135 33 1370 68 1301
6272 0.32033139609738553 2.0561318518624443 3.3341324502481862 0 0 0 0.63458088634934062 52 807 34 369 94 843
1184 0.32184285821880959 1.6817557443190658 2.820610301500972 128 118 100 0.60917330700540873 63 1422 67 1420 33 1366
6271 0.85374254901575009 2.6996351070347901 2.4131705041777951 212 61 49 0.29499784105808269 10 231 38 249 34 266 32 260 99 287 76 217
1183 0.99007951319710041 1.8007170566978339 2.3615836726049988 0 0 0 1.5630603777625867 75 1216 67 1418 71 1535 3 1239
6270 0.92824347238599159 2.8862144869765514 2.2863381441029129 161 36 31 0.26224807941124323 38 233 34 262 32 256
1182 1.1850992760822969 2.3646924879878122 2.0095823421932448 0 0 0 0.9047098538666829 63 1393 67 1395 89 1567 21 1387
6269 0.92824347238599159 2.8862144869765514 2.2863381441029129 161 36 31 0.26224807941124323 38 234 34 261 32 255
1181 1.5245087043853265 2.1450667751446071 1.6877525509129903 0 0 0 1.7758357349003184 72 1724 67 1391 33 1342
6268 0.81346218482919785 2.7161052991364598 2.2368080561615695 223 56 39 0.1889452133500161 10 191 38 196 34 241 99 260
1180 0.51277131809138332 3.0133356758061303 1.8568188941190356 212 63 35 0.93259880236530479 67 1387 1 1257 2 1298 75 1188 98 1346
6267 0.89006140086438057 2.9064962518918103 2.0871764941658775 207 44 36 0.23662564701762084 10 182 34 222
1178 0.57573817407477201 1.7983116405651145 2.6948943791390194 0 0 0 1.5638860807384272 67 1378 3 1205 33 1333 82 1088
6265 -0.29218494935241768 2.2275062209983707 2.5397194274573591 26 20 15 0.29488611727302699 38 168 34 180 32 170
1177 1.3325453404255372 2.5027077095880381 2.0244818583943873 0 0 0 1.4089679001370565 63 1322 67 1360 89 1497 1 1174 21 1335
6264 1.384722138741779 1.7877024302121656 2.1931945635324972 255 254 252 0.46108847928217989 10 105 34 177 38 558 32 531
1175 1.3678494257972269 2.4000610874117974 1.9356437817244683 0 0 0 1.1291891063223636 63 1352 67 1333 89 1538 21 1331 70 1329
6262 -0.62788430912267301 2.1566999154570339 1.9831230446363359 1 1 1 0.67655245067860592 61 886 34 25 52 895
1174 0.44006090464059394 2.7364951927704873 2.0618908409243488 118 17 11 0.88070850430249514 31 1529 67 1316 21 1266 89 1397
6261 -0.49420610837836948 2.3893894809165643 1.6477684022607106 253 231 169 0.76384387720176683 38 1625 10 1554 34 1553
1173 1.4204938347676084 2.173523220426044 1.6743610095751329 0 0 0 1.1172108650487336 67 1285 33 1219 3 1119 82 1064
6260 0.85907191465460064 2.8811233194563379 2.0855881337061879 176 37 31 0.37595235672167532 52 662 92 613 38 184 10 183 22 404 100 374 35 580 33 273 3 485 82 461 68 559 51 740
1172 1.1134905586520689 1.892858157440978 1.5442330659633852 54 47 40 0.064886576373163474 63 1284 67 1281
6259 0.86184087162236667 2.874491417157234 2.0976020213793372 216 57 44 0.40842142856839303 92 202 38 185 10 185 82 232 68 297 51 370 32 196
1170 0.93931384778641203 2.8786569795652897 2.2135617947864787 0 0 0 0.46567283969975359 63 1248 67 1247
6257 1.4508183178732319 2.2343072391758128 1.6719007427755119 254 255 255 1.3251612179536314 52 1742 10 1602 34 1598
1169 0.50463132586186799 2.5492730758040021 1.7851015997742936 236 220 195 1.4191923860057836 8 1411 63 1229 67 1243 33 1190 35 1176 3 1090 82 1034 68 1199 96 1118 87 1186 13 952
6256 0.37631465974946776 2.2170164263365204 2.1156003278155762 0 0 0 0.55983288540389109 38 1674 92 1692 10 1559
1168 0.89891653791879345 2.2014945357096392 1.9352395748546709 115 18 13 0.70868707550707388 63 1205 67 1221 33 1224
6255 1.4348981250399198 2.3431906956932473 1.6951948610392216 0 0 0 1.7022333686966205 92 1570 10 1555 34 1504 32 1641
541 0.6758126760049219 2.9988495212611355 1.8557245275126197 207 43 28 0.16797991099605411 93 400 72 455 31 362
5628 0.3074213634997261 3.1805510971730198 1.9821441679596739 162 32 18 0.10992237053001452 57 242 70 271 55 264 45 272
540 0.96057935915962978 2.8947686002315209 2.1950818901750706 127 123 126 0.4861090261958918 100 717 72 438
5627 0.10411795964363912 2.7768950178398928 2.2866673824380732 92 44 34 0.44819443457364433 57 262 89 352 70 267
539 0.68233958084129531 2.8971007261145711 1.9497442825039966 209 51 31 0.15453321088426436 100 382 72 423 35 311 33 310 3 267 82 250 68 263 46 100 60 130 23 137 76 108
538 0.5869635994544935 2.7609275818530765 1.9498446945966756 143 44 41 0.77519611303763059 93 287 72 358 12 772 77 312
5625 -0.43762179426941344 2.2750023062979592 1.7173006891356986 255 246 174 0.30880165246885038 57 145 70 87
537 0.47788108883912095 2.7490025379585861 2.0461235548046472 116 15 9 0.70539244364394504 100 926 72 357 77 721 67 597 31 305
5624 0.3718057718379611 2.2469787368779395 1.8520156763448197 169 159 160 0.79175717139170954 57 88 95 70 70 43 55 42 45 43
536 1.0685398546024525 2.2809027443202097 3.2919368391813579 87 79 64 0.31860926477639778 8 512 72 271 12 315 77 267
535 -0.07035367361478341 2.4553900575559613 2.0955047141223595 197 182 180 0.22161982764864799 8 229 72 198 77 211
534 0.69469241312944308 2.1113684965229593 1.9455637063883782 251 243 186 0.62548574790425082 93 40 72 48
5621 -0.58899666688782304 2.6316343875278676 2.6541918503231483 0 0 0 0.26601344346294309 89 1602 44 1558
533 1.5760223440109473 1.8880681575833638 2.1811031895302069 219 185 131 0.53620305652272016 22 537 72 25 68 717 82 357 13 250 76 845 96 236
5620 -0.73873564588051877 2.7084803845967458 2.4915333078633548 0 0 0 1.6721209393673355 6 1697 44 1557
532 1.1466123229572733 1.8813533368789037 1.5648947165678857 244 206 150 0.24549055788247678 100 453 72 6 35 21
5619 1.1662766470208097 1.9502313549551622 1.8556539674550294 0 0 0 1.5310626791763078 6 1679 44 1539 45 1405 55 1450
531 -0.430656419110171 2.6160157179088737 1.7161192005497898 0 0 0 1.6018307838581687 11 609 100 650
5618 0.19941228034067887 3.1974249249886215 2.2509322899557791 136 130 129 1.7852160814863152 6 1671 57 1387 55 1406 45 1373 44 1519 70 1417 79 1428
530 -0.20196132649095894 2.9011546259670453 2.2959984435566532 0 0 0 1.0937171339401388 8 1530 22 1607
5617 0.1174193964411888 2.8011227420093641 2.2635135978684353 255 255 255 0.13971601306395412 89 1419 44 1447
529 -0.20755446202200825 2.8792501310895191 2.3480004681274536 0 0 0 1.372830100528607 100 1540 22 1605 68 1313
5616 0.11867627955741482 2.7997528195267329 2.2642054748503675 255 255 255 0.24374156292667873 57 1317 44 1446 70 1354 55 1327 45 1301 79 1293
528 0.85799909512663408 2.9486381985456758 2.0330564632514099 243 51 41 2.0806324681764088 100 1533 22 1595 35 1324 63 1400 67 1410
5615 0.6402628990413699 3.3118990190085018 2.4351429517001506 119 14 9 1.0165219973128712 21 1130 44 1401
526 1.1959137284516728 2.0239358258322584 1.9615053840271428 210 173 124 1.4803601285201997 11 1261 22 1401
524 0.6129408832813914 3.1427144907136997 3.0210746932530279 243 67 38 2.0231597686998417 8 1284 22 1378
5611 -1.7063038536384794 3.441337442126752 0.65760622257239709 0 0 0 0.38126196845543298 6 980 44 1360
523 -0.61344623491597849 2.7387973624078583 2.687122926507989 119 109 108 1.2485488330135688 11 1229 22 1342 72 1479
522 1.4933224275487011 2.9246548880885062 2.4754830096135056 110 95 76 0.63180510823029312 100 1254 22 1292
521 1.4933224275487011 2.9246548880885062 2.4754830096135056 110 95 76 0.63180510823029312 100 1253 22 1291
5608 0.16896011398069719 3.4356378759956998 2.4095281474021859 0 0 0 1.3394650662905803 95 1027 44 1332 70 1191 6 1363
520 1.4680997360768269 2.9418979533713094 2.4896274046025524 96 83 57 0.056225348069219416 11 1239 22 1290
519 1.4776822401362482 2.643996242015799 2.1923934621183272 0 0 0 0.57925016818986153 11 1081 22 1273 35 547
517 0.71923261831668384 2.2372777207502064 1.8415182208187273 252 253 254 2.3424724180080143 8 1220 22 1203 72 1423
5604 -0.76681573522144619 2.9648924925114439 2.7167678899509564 2 2 1 0.38699643810996659 57 1149 44 1240 70 1200 45 1120 55 1237
516 0.32729376182211806 3.3932948534322693 2.2182307476156335 49 42 36 0.41124261808742407 100 986 22 1167 35 836 68 758
515 0.15706265364682415 3.4491470022711606 2.3814572098963409 0 0 0 0.67020112169621415 100 1155 22 1166 35 990 12 1499 8 1100 47 1399 3 727
5602 0.32128669036150664 3.0678907956912402 2.7557272952005412 0 0 0 0.071680510085882665 57 1019 44 1230
514 0.75938458238861928 2.9428694386491605 1.9262760828120511 255 255 255 0.61108227256714165 100 948 22 1158 72 805 35 976 33 977 3 874 82 795 51 1157 46 687 60 729 62 700 54 670 87 634 23 851
5601 -0.67825150688188152 2.5222768518025633 2.826966651887294 0 0 0 0.68950648611470078 6 1354 55 1300 70 1321 44 1224 79 1187
512 0.76828612794310003 3.3984797628260823 2.4934704297814947 57 50 45 0.22615137087965262 100 759 22 1005 35 834
5599 0.2446556851584655 2.7635960701492222 2.172916305533239 176 37 19 0.17445901609781758 6 1323 44 1197 26 1160
511 1.242573396488952 3.2443396676078966 2.5388259121146071 0 0 0 0.84576275949944579 11 925 100 755 22 1002
5598 0.35596417367935668 2.6787149726195252 2.1118541092043968 191 50 28 1.7360759783466715 6 1407 44 1189 70 1241 55 1104 45 1080 79 1137
509 0.93312609466593677 3.2495155939997047 2.4481280274477943 81 56 32 0.05851618969272207 22 997 12 1355
5596 1.5202615375283193 1.8990707805790876 1.6694691917077873 255 255 220 0.95807354523944566 6 1054 44 1128
508 0.74728507944565725 3.3194297296794 2.5164591795098645 55 50 46 0.19218861151167088 8 918 100 982 22 996 35 830 31 1007
5595 1.1161271897631513 1.8958440436117976 1.551609813553479 35 29 20 0.35051496285969125 6 1236 44 1126 26 1040
507 0.50471303897762854 3.0838950092980899 1.8508596598341549 37 33 23 0.48247526753439057 11 1118 100 427 22 979
5594 0.34679575829271575 3.0367754436734784 2.7058793232775789 88 14 8 0.4570294747062898 6 1221 70 1089 55 1141 45 1108 44 1105 26 1219
506 0.60163695168093001 3.0050300399164929 1.8576750780094535 233 59 33 0.36129977513337935 8 1085 22 971 72 1075 35 987 77 1040 33 992 3 881
5593 0.19314723733420203 2.6348784533995273 2.2546488745261919 255 255 255 0.42614092061574377 6 968 44 1039 55 978 26 921
503 0.77998992316826887 3.4054694435320894 2.4771529694802927 87 74 44 0.31112373582558761 11 936 22 780 51 793
5590 -0.42418283841869486 2.2679690571002062 1.6670771212917503 63 61 58 0.32970577406505908 6 1251 44 951
502 0.81513769539423564 2.9505066920950371 1.931900835908718 245 60 42 1.1647035481333154 11 673 22 753 72 437 35 589 67 824 3 707 33 598 68 768
498 0.1693323016051245 3.491274163231409 2.4099072305129905 53 49 46 0.72134039092224289 100 440 22 475 35 353 12 501 77 502 47 501 89 434 45 422 44 397 26 418
5585 0.34349190371935762 3.0743406324875462 1.979030777606424 195 59 30 0.34214247010840609 6 995 44 854 26 937
497 0.52223607203861089 3.0157877004466456 1.8688927851741512 204 43 28 0.33553431324250554 100 408 22 415 35 608 1 282 82 490 13 108 68 551 46 315 60 354 59 384 40 100
495 0.58371155655898233 2.8820909041878444 1.9518180322934335 207 61 34 0.42113492005665687 100 380 22 390 1 250 60 112 68 223
494 0.58346596411490459 2.8828951458253664 1.9504712239719435 207 61 34 0.26113217983701492 100 379 22 389 12 383
5581 -0.76218294620769944 2.9514712784368222 2.6947357223647117 164 147 134 0.91529657255385821 6 1044 95 881 44 717 26 782
493 0.53285126262729454 2.9256418327775857 1.9322993328233646 194 46 26 0.17713704436800054 11 352 22 387 63 293 67 328 33 330 3 277 1 267
5580 0.17480162541118427 3.509991448620652 2.4126444230860877 72 78 90 0.29773813901496782 6 1046 44 714 26 787
492 1.1182544535144712 2.4459140480535937 3.1294347557306961 162 137 111 0.22219463056259348 8 180 22 269
5579 0.13111417780411186 2.9717032370863254 2.507940229480957 113 20 8 0.82889570725882755 6 764 44 664 70 673 55 660 45 673 79 658
491 0.34444707258899121 2.6441024064529079 2.125194594508192 134 19 13 0.4450822023986693 8 605 22 249 72 1023
5578 0.28152370460972131 3.1506714562518821 2.0672859570384121 139 31 13 0.1861097525708133 6 737 44 643 26 679
490 0.40911217994093274 2.4904992671188557 2.0166177651324833 131 109 98 1.7912261957977622 100 214 22 200
5577 0.17974076325784699 2.7217475412949494 2.2566131476452482 183 50 24 0.38373442719879186 6 318 44 618 70 605 45 605 26 271
488 0.59465214392196752 2.0380110231966744 1.9428740192162282 255 253 229 0.99833194803881664 22 46 67 68 100 1002
5575 0.78124032211291894 3.3791685053181522 2.4828128527719384 96 67 45 0.31698293570562186 21 315 44 370
486 0.22521658564967528 2.4409634525677295 2.4792974925874671 0 0 0 1.0690286234519584 11 1572 100 1522
5573 -0.59250718506607714 2.3998790157279926 2.407012397822748 170 160 158 0.886808547865229 6 328 44 274 55 617 45 610
485 -0.42190687422733014 2.7684533324689595 2.5396418312059668 0 0 0 0.042200289304361413 11 1585 100 1535
5572 -0.32587601568592239 2.5444851454631534 2.2878520344618134 122 108 106 0.27726558102095322 6 313 44 262
484 0.19132503673551521 2.0022348204637059 2.5683527087100155 0 0 0 1.7793233079065849 11 1583 100 1534 72 1734 35 1325 68 1302
483 1.4224388296016173 2.8540254469883548 2.5407291559237621 154 142 105 0.8005690460221766 11 1581 100 1531 35 1321
5570 0.23618988646175348 2.6890416988896133 2.2079722603974203 181 39 20 0.042373863637075251 89 283 44 220
480 1.5259264120453271 3.0175654468441011 2.5603019756035832 0 0 0 0.32673976904394136 11 1574 100 1523 22 1591
5567 0.53334359879940896 1.7856265131447171 2.6276012025926008 0 0 0 0.80167392928345127 28 1458 95 1420 57 1419 79 1462
478 0.87208888953415931 3.0755940639493282 2.011464786623657 49 28 12 2.5896470606674917 11 1566 100 1517 22 1590
477 1.4110910749860586 2.1001419762776345 1.7283267497302268 0 0 0 1.2884639570661132 11 1552 100 1507
5564 0.44838095875894957 2.9616566885736075 1.9214082311678136 94 27 22 0.59728231839860924 95 1270 57 1251 70 1291 55 1268 45 1240
476 1.395262674757205 2.5515342923844884 2.439201371452326 0 0 0 1.7834658998244848 8 1510 11 1562 100 1501
475 -0.28598864749397873 2.4866519405827572 1.3599934658673534 210 176 133 0.074312803454028645 11 1531 100 1489
5562 0.31506826711532637 3.1880828525963416 1.9754276348396516 162 28 14 1.0209632857418478 28 1143 95 1224 57 1192 70 1163 79 1146 44 1295
474 0.81441299410487955 2.8934796526409037 1.9645337393853739 231 48 38 1.6413384397804847 11 1514 100 1467 22 1527 72 1669 35 1273
5561 0.4255337466727373 2.2697338779417806 1.8197175655457691 104 17 10 1.9073079942347635 95 1187 57 1174 70 1119
473 1.4679292973796765 2.8857068083013759 2.4798959233044289 0 0 0 2.0264420832672578 93 1598 100 1465 22 1530 72 1695 12 1823 77 1735 31 1533
5560 -1.6247171776858447 1.9176058942566234 1.6686671789854588 0 0 0 0.017772002389145794 28 1364 57 1104
472 1.45949323038876 2.5719673383050252 2.0493414556570415 0 0 0 0.7902868277891546 11 1502 100 1458 35 1232
5559 0.55004346683474736 1.889082374675519 2.609429752709898 208 178 148 0.45937650494134213 28 1129 57 1070 70 1127 79 1215
471 1.45949323038876 2.5719673383050252 2.0493414556570415 0 0 0 0.7902868277891546 11 1501 100 1457 35 1231
5558 0.56053677938140034 2.6614585337211802 1.7486961147673259 189 175 166 0.52332497082465623 71 1182 95 1088 57 1066
470 0.44354171357449024 2.5549260266183662 1.8598946981268276 115 16 11 0.76883171504840642 11 1504 100 1454 22 1482
5557 1.6106863593135872 1.8162891590445114 2.2197302626497804 0 0 0 0.93618792586576349 28 948 79 949
469 0.33035264093008943 3.4374767405779809 2.2278660825359422 0 0 0 0.48158684221085724 8 1377 11 1416 100 1435 72 1588
468 0.30380396436310514 3.3767638947434522 2.2126592237469529 162 134 101 1.1207653292355504 11 1475 100 1434 35 1252
5555 0.48810543183470556 3.0369334497687501 1.8716013209834808 178 31 18 0.14540916943258164 95 956 57 957 79 989
467 0.29307367490782116 3.1359687531480103 2.0223899837582597 150 21 13 0.46112467084137271 11 1471 100 1431 72 1585
5554 0.10939056274433061 2.8773922529431215 2.546805256933161 125 110 90 0.45852347436054647 95 845 57 842 55 853 79 895
466 0.96233711051250892 2.9259770853910076 2.1755563025837064 174 154 141 0.56245499435565161 11 1470 100 1429 72 1640 8 1368
5553 0.10939056274433061 2.8773922529431215 2.546805256933161 125 110 90 0.45852347436054647 95 844 57 841 55 852 79 894
465 0.88672272518578432 2.8593740038417574 2.2010361641875225 201 36 35 0.77343128988765819 11 1401 100 1428 35 1241 3 1095 33 1130
5552 0.10600816574183498 2.738019094755193 2.3505394186260853 206 182 146 0.29904396534579469 95 989 57 812 70 1051 55 992 45 987
464 -0.74713222775129906 2.9626423280476191 2.6947260605628141 162 157 154 0.76838085129670974 8 1457 100 1427 22 1484 72 1575 43 1339
5551 0.76728240156086613 2.9919193109227882 1.8710505734242446 0 0 0 0.22549419067480045 95 779 57 749 70 550
463 -0.74642384736142764 2.962650104957687 2.692288680295126 162 157 154 0.77450051352381311 100 1426 22 1485 72 1576 43 1338 9 1296 8 1456 25 1290
5550 0.51280742716326422 2.3725989941955445 1.7731766715048529 124 20 16 0.62417788896966131 95 732 57 717 70 471 55 49 45 44
462 1.2551208456477208 2.7753854433178811 2.9156332028817555 93 74 48 0.87955787494121174 11 1394 100 1421 33 1244
461 1.2551208456477208 2.7753854433178811 2.9156332028817555 93 74 48 0.87955787494121174 11 1395 100 1420 33 1243
460 0.84258534101401406 2.6240506415316069 2.4563549277427073 159 144 137 0.70224263369005835 11 1458 100 1418 22 1432
5547 0.35203645449237547 3.0136372268020875 1.9886677177795151 174 29 18 0.24810018334343856 2 279 57 218 45 230
459 1.4520991981778177 2.2474048283320598 1.665171882808125 255 255 255 0.63346847887463242 11 1354 100 1387 35 1212
5546 0.4887684790884812 3.0311124223662698 1.8725352936152373 126 21 14 0.37051111203350651 95 219 57 180 79 531
458 0.86043703277229766 2.2455753607986879 1.9698684895190797 83 6 3 0.92339539950074201 11 1432 100 1386 33 1108
5545 0.49312029734180884 3.0512164562462529 1.8330733213506771 96 93 93 0.24560143320677272 95 536 57 170 70 189
457 1.1945574899210722 2.0236404792129643 1.9786215951018948 220 183 130 1.6941674300092358 11 1343 100 1381 22 1402
5544 -0.41701123107567639 2.3514644879016777 1.698322785107206 255 214 134 1.19856729912176 28 1022 57 146 79 88
452 0.54771469164730446 2.5998519572931591 1.7514603589749338 151 130 113 0.29319662620162223 8 1333 100 1354 35 1238 3 1158
451 1.2664829309335104 2.6019184402092872 3.064322553783613 105 93 85 0.61564036446243608 11 1380 100 1352 35 1162
5538 -0.62101686358009534 2.5747955616521572 2.7281473729986221 0 0 0 0.78028913597239247 2 1257 95 1410
450 0.36847234957158959 2.3831608252928618 1.9402174247244908 171 160 159 0.37953786863629818 11 1282 100 1341 22 1331
5537 -0.71791732714132273 2.8673999182840597 2.6519232060774676 0 0 0 0.61602996778422658 21 1394 95 1392
449 -0.62064533833378599 2.2041253163005412 1.4809800281819765 255 255 231 0.78850825670799862 11 1353 100 1327
448 0.8685027180139161 1.861337489365209 2.4034477461754271 0 0 0 1.5815086483752627 11 1422 100 1323
5535 0.26367817250793435 3.2821099439586474 2.2356454265563901 128 16 9 1.672579015067742 2 1232 28 1355 95 1368 57 1388 70 1418 55 1408 45 1375 79 1387
447 0.20184153228765744 3.1314736223190831 2.1215767961261336 0 0 0 1.3441838888188793 11 1414 100 1320 13 811
5534 0.31058992386382717 3.4155078267588022 2.2679614178892358 0 0 0 0.90693061879852355 28 1167 95 1291
446 1.5843478644209377 2.930006998907202 2.5719786716114843 0 0 0 0.58497390115044356 11 1329 100 1314 35 1068 33 1049 3 813
5533 0.23369555726882854 3.066637891118682 2.076618694400564 159 26 15 0.84847962057405102 2 1182 95 1282 55 1212
444 1.134521293298338 2.6147893520613783 3.0644906484638752 1 1 1 0.56869122650576143 11 1309 100 1301 22 1366
5531 0.082506327227739706 2.893940804716705 2.5566766141958879 143 128 113 0.52242727473089257 89 1114 95 1233
443 0.88949033870984662 2.4767799311648502 3.161930972892002 75 71 68 0.72098934209343735 11 1200 100 1296 2 1020
5530 1.4247075597734127 2.4881107536052465 1.9279396003211271 255 255 255 0.80500420153108065 2 1077 28 1105 95 1177 70 1121
442 0.65575850028277793 2.2744590041182224 1.7460253439959705 238 231 246 0.21483682499632506 11 1272 100 1278 72 1520
5529 1.2540463486557067 3.2330233879312651 2.5472158680847228 0 0 0 0.30387610818374294 63 993 93 1223
441 1.4393301955155295 2.9932582899483835 2.6968071139973802 176 175 185 0.10983478176207631 11 1246 100 1252
440 -0.6539439890871025 2.7703593542597837 2.6447404545022559 0 0 0 0.027165916985607795 8 1191 100 1244
5527 0.33644549673613117 1.8625202846780269 3.0005028671733958 169 158 157 0.57069431796245795 28 1023 95 1097
439 -0.48155208435999319 2.6199634263856488 1.7626589510439883 0 0 0 1.8733445876556485 11 1310 100 1237
5526 0.9097461054095628 1.9715132727401103 2.3581945974993457 0 0 0 1.5699951431881467 2 999 95 1072
438 0.7355036102181719 2.5851158305922359 2.2909958434958622 144 22 24 0.15091230216656126 11 1215 100 1236 22 1364
5525 0.28967561168812139 3.2023326961932335 2.0272682542595857 194 175 147 0.39328490968065138 28 1040 95 1001 57 986
437 1.2450218095312462 2.5246716852957456 3.007484682182413 255 255 255 0.21152867217742416 11 1062 100 1231
5524 0.2875789851820606 3.2011915098521797 2.0255490511760024 194 175 147 0.37746449940336058 28 1039 95 1000 57 985 79 1019 45 991
436 0.26503948216677692 2.5031014108759786 2.2406587855331064 0 0 0 0.45024603486961995 11 1205 100 1227 22 1082
435 1.4711094026238871 2.442304939345731 1.9706720557767119 0 0 0 0.38133058137686526 11 1197 100 1226 35 1054
434 1.3644458545996601 2.4459885365903919 1.9822629470133777 152 139 130 0.73664081085465205 11 1195 100 1225 35 1053 67 1061 33 1024
5521 -0.77811943474061362 3.0285040264151442 2.7547127952035684 54 49 38 0.58576573375945218 28 1090 95 884 57 887
433 0.38732508140718319 2.4299221130069042 2.0099790394133144 95 8 5 0.025459965228209761 11 1192 100 1217
431 1.3609868303804498 2.0268121755426303 1.6193955003694813 198 166 122 0.40326683769961302 93 1060 100 1177
430 1.1869169140327638 1.8745766396599588 1.5721414196342718 231 194 142 0.22337977517122101 11 1139 100 1163 22 1181
5517 1.4728842404780027 2.1702061480758403 1.5232884930693265 0 0 0 0.96261395424177065 2 814 95 672
429 1.0874247828446861 1.7633851916808971 1.784004437822875 215 180 124 1.2754795548995077 11 1137 43 1148
5516 -0.73242336370642758 2.9639414934518227 2.6758679904393756 148 139 133 0.62598916939130178 89 933 95 665 70 720
428 1.2451496856782707 3.2235026017145461 2.5110260751469369 0 0 0 1.2569916934072429 11 1124 100 1146 22 1302 8 1202 72 1401
5515 0.25004040786175791 3.132665398124455 2.0396207943533553 122 125 127 0.16875844683632582 2 294 95 577 57 265
427 0.20929044342706882 3.2028579015182959 2.2437972715491137 124 18 11 0.13794993875058309 11 1126 100 1145 72 1396
5514 0.44778762227041941 2.9519979695835334 1.9425891015007459 87 27 18 0.18312458352590791 21 270 95 539 57 525 70 216
426 -0.73706094222754193 2.967802638181209 2.6928771355734749 159 149 145 1.0096772343122371 11 1100 100 1132 72 1259 98 1122 75 880 18 994
425 -0.48433765320232025 2.7777318503849009 1.6765820323999217 103 91 82 1.4616996462019904 11 1089 100 1124
5512 0.56136339588376971 1.8273544266466069 2.5329547583515737 254 254 254 0.40257766041200754 1 88 95 469 57 116
424 0.43329145637610611 2.7479562252560905 2.0657126679139277 119 17 10 0.18637595251656958 11 1088 100 1114 72 1233 12 1292 77 1216 47 1033 75 793
423 1.3321664030696148 2.6951562572163565 2.8229345773063863 0 0 0 0.078271666524724504 11 1076 100 1109
422 0.8515744372899865 2.6613001870583202 2.4221795832459505 0 0 0 0.34168427781043248 8 1035 100 1107 35 936
421 1.4469042417917175 2.5476141688605511 2.0025475332510942 0 0 0 1.2059686604055544 8 1160 11 1066 100 1097 67 1063 1 980 2 1080
5508 0.4458431801892041 3.0832568807789111 1.8732466911728693 190 32 20 0.11767027238561208 21 282 95 227 70 234
420 1.4781504188670229 2.4869125077938046 1.9625113448150082 0 0 0 0.90675880988983371 11 1057 100 1095 22 1135 35 926 33 696
5507 0.44644618977184441 3.0833555710225902 1.873906172784876 190 32 20 0.1269637502025393 21 283 95 226 70 233 45 217
419 1.2618201511759997 2.5455605720099146 3.0105031628400853 27 26 30 0.61063773610978522 11 1211 100 1091 72 1376
5506 0.50092650181752885 3.0670809466593649 1.8359546318824549 192 199 217 0.061228264348058947 28 175 95 221
2775 -0.31805616464497227 2.391021402167492 2.039635366248576 213 180 134 0.23378485980161245 84 1375 49 1323
418 1.3314739313477024 2.3931004267598657 1.9771070000105295 154 137 130 0.77980387089577541 8 761 11 1032 100 1073
2774 0.53975186268860476 1.9558774081717993 2.640281049560254 110 10 6 0.059200300275097602 84 1372 49 1321
417 0.12702089584214671 2.4159949876976192 2.4483269843273563 0 0 0 0.1313289056534773 11 1041 100 1067
416 1.4605245362892569 2.2736695272218661 1.6593091585445412 0 0 0 1.1429139116347005 11 1006 100 1050 35 891 33 878 3 763 67 714 82 769 46 836 60 884 13 860 23 880 22 895
5503 -0.12875631347856295 2.2997126944146937 2.9516685446020579 0 0 0 0.4504064189377151 28 1478 85 1489
2772 -0.33727873062433289 2.3263787376422926 1.7396808667289521 254 219 175 1.7733736857056801 84 1365 49 1313 58 1116
415 0.17646178714304608 2.2644154594197383 2.2087377029808781 176 180 199 0.15658835971837032 11 1009 100 1041
2771 -0.33727873062433289 2.3263787376422926 1.7396808667289521 254 219 175 1.7733736857056801 84 1364 49 1312 58 1117
414 -0.42335112319145524 2.307551958796878 1.6608249748200605 255 255 255 0.22342014499690421 11 1007 100 1038
5501 -0.69090192966762332 2.8077764942154144 2.6474110890280143 0 0 0 0.15868561031835082 9 656 25 378
2770 0.39949215196347765 2.3157042802375196 2.1327955981209503 127 11 8 0.7152800428948094 84 1358 49 1301 73 1369
413 1.4626670576985574 2.2318978373826188 1.6702545276884697 255 255 255 0.73810028284507012 11 756 100 1036 22 1225 35 881 33 874 3 760
2769 1.3652507223658048 2.1646707836937269 2.7072726028287044 99 80 47 0.73637577428420076 84 1425 49 1295 73 1507 78 1595 42 1540
412 0.18619768845735568 2.2425940621516971 2.2187371649969583 0 0 0 0.36169972038590376 11 993 100 1026 3 789
5499 1.1635192928645799 1.693306071486542 2.2004105076733298 255 255 239 2.65669320433812 71 1529 28 1455
2767 0.60462084055916887 2.6757247968019513 1.6951282223056763 0 0 0 0.66513357492323011 84 1334 49 1282 73 1563 49 1361 78 1570
410 0.11735947143548742 2.1178170755721921 2.3330122456438347 228 220 209 0.14354312807798691 11 974 100 1013
5497 1.3553098392658949 1.9854125074191404 1.9950282332144846 0 0 0 0.32364289014746994 71 1516 28 1443
408 -0.72934937869639793 2.0514495019388574 2.2018640956398983 0 0 0 1.0027062710150489 11 960 93 1124 100 1004 22 783
407 1.1505232354946779 1.8783774999348888 1.5709653198817883 255 221 159 1.5140914518288073 8 931 100 996 22 1180 77 504
5494 -0.62909327188414133 2.5763012033064041 2.7611276683009489 0 0 0 1.6327819186387511 71 1484 28 1426
2763 -0.14591105721438097 2.2203396772969599 2.6019179213435462 123 14 9 0.94020772300282951 84 1308 49 1253 73 1263 62 849 54 851 87 773 78 1437
406 0.44515428370971649 3.3917009376027916 2.4442239351552204 68 60 57 1.3418258337505689 93 1048 100 983 11 933 68 765
5493 0.2728220887113732 2.1585271315347043 3.2982738921882881 0 0 0 0.34480171173708157 71 1502 28 1422 57 1353
405 0.24769884524926444 3.0857547670846817 2.0714003769069693 148 20 12 0.43066754628913301 11 917 100 965 35 825
5492 0.34823580343865956 1.877278216193194 3.0549103773622321 136 119 102 0.94509720096009164 71 1475 28 1386 57 1349 55 1362 45 1369 95 1318 79 1381
404 0.23665371052750553 3.0846666329563877 2.0085799534896727 167 153 153 0.2608561455367332 11 918 100 964
5491 0.35980362824250067 2.1051411867406746 3.2885753935076694 0 0 0 0.57236086732387903 71 1402 28 1312 57 1200
2760 -0.35552397469981023 2.2065594791022392 2.2130823568320284 138 120 105 0.59677477496643572 18 1073 84 1387 49 1244
403 1.244994272559887 3.088867616212069 2.3325726463688259 94 82 73 0.6848494615161268 11 915 100 960 3 688
5490 0.51082902184192547 1.8878434350754869 2.5467409266140426 79 36 32 0.71581793414510508 71 1376 28 1291 57 1069
2759 -0.3171483323282987 2.3105585277507732 2.2593222439348688 138 120 105 0.043999018312184279 84 1386 49 1243
402 1.2624757930691302 3.1062229592829524 2.4553598308730322 94 82 73 0.34945071775388559 11 916 100 959
2757 -0.56268819765098921 2.2380424765089799 1.9573519614170247 204 173 126 0.70309715177044674 84 1297 49 1236
400 0.75990047710799891 2.9432449125931335 1.92820229566866 255 255 255 0.68377360036155599 11 903 100 949 22 1159 35 977 33 978 3 875 51 1158 46 688 60 730
5487 -0.62558457058030403 2.7275995550309671 2.7631406665554947 76 61 43 0.32868196404885469 25 1206 28 1258 29 1229
2755 1.0493453319187331 2.4544572108664955 3.1717717503688339 71 64 54 0.51284223267656026 43 977 49 1226 73 1432
398 0.12810862167262982 2.9945012662190669 2.4854154126917614 189 176 176 1.2411604402879597 11 905 100 944 35 813 12 1702 77 1595 3 507 93 1535 67 1271
396 0.41235975120783142 2.6819217940988485 2.10925776114171 118 19 11 0.23366283446502686 8 856 100 920 2 908
5483 0.88186111451999616 2.0619785860126369 2.3010583097962196 244 200 163 0.82010146159012809 43 928 28 980
395 0.77415025706903762 2.6329845513164871 2.2852790744081757 146 22 23 0.46266791082113506 11 869 100 916 22 1255 68 1089
5482 0.96948891504843882 2.0372462957935924 1.6759492622505499 255 217 136 1.3012189809704178 71 1153 28 950
394 -0.028142963977402444 2.6266939043073609 2.3842573497323971 71 6 4 0.39283932822979439 11 865 100 911 93 985
5481 -0.75279311574622743 2.4827241049994666 3.0382730106655211 255 255 255 0.73178828396454021 71 1140 28 940 57 1039 70 1099
2750 -0.55216851117345567 2.2968773641563214 1.4755020604439977 255 255 249 2.1371112638279017 84 1273 73 1142 49 1202
393 0.29388029024847734 2.5645760821660701 2.2079904241735293 188 169 138 0.23643861390243026 11 589 100 904 22 645 35 755 33 769 3 665
5480 -0.73718539766204183 2.4743440875887948 3.0513606060206167 4 3 2 0.4523948782062911 71 1139 28 939
392 1.3660887428332356 2.5632116553281366 3.1285608912768454 176 175 161 1.2646369548131651 11 845 100 897 72 776
2748 0.59867721533274498 2.1368423447762162 2.1328986539899466 59 11 10 0.52023739575904682 84 1350 49 1196 73 1365
391 1.3215273150173839 2.5796565278735719 3.1243094627536325 64 60 55 0.1136652598238449 11 1064 100 896 72 775
5478 0.55543941992400792 2.5659572552713668 1.7543871177840695 103 51 46 0.34949468447640014 71 1023 28 784 57 474
2747 0.36969779107692546 2.185267693080835 1.9112186782993228 241 237 228 0.0023060408785608695 84 1263 49 1193
390 1.0617377219878852 2.5663348842238598 2.92180088730878 70 66 60 0.12857074272975277 11 842 100 892
5477 1.3429327480883082 1.8372270024589694 2.2031874012189792 231 195 141 0.15187317614175083 25 1016 28 736 29 897
2746 0.62850725973805155 2.6589130282012663 1.7291124091056576 255 255 255 0.64458366205306417 84 1335 49 1178 73 1112
389 0.33486440869742728 2.54377830824729 2.2065961890506904 255 255 229 0.57232736812099749 8 831 100 883 35 758 12 734 77 680 63 962 31 1125 3 657 21 982 1 727 75 649
2745 0.87420179269502607 1.9395254554484043 1.3717934653514945 255 255 239 0.13039117262672228 84 1066 49 1165
388 0.29175540958490981 2.4971322259582136 2.2162377519952181 166 144 127 0.032546810261020548 11 1059 100 878
5475 0.91958142600588311 1.9892016037561904 1.6365210172573441 255 213 136 2.6925836188196359 29 881 28 726
387 1.4815773799575476 2.4595588101149302 1.9431023263645735 255 255 255 0.34916986795995836 8 782 100 876 22 939 33 439
5474 -0.58481726718675686 2.7123971461401721 2.8386903830450505 95 76 32 0.28688903996387061 71 778 28 701 95 652
386 1.4011511024682615 2.4381607315595661 1.9577026321421651 154 138 130 0.63524645786915046 8 519 11 814 100 875 72 221 35 913 12 642 77 602 31 539 63 693 67 736 33 897 82 610
385 1.3315826505912769 2.4768331563620714 2.0752775182573315 0 0 0 0.29713011294312575 11 1203 100 873
5472 0.29698252040766759 3.3577291924666754 2.216844694021797 89 16 10 0.6983937523341851 71 705 28 624 57 839 95 1021 55 1030 45 1017 79 885
384 0.061601457125614996 2.4029687279058036 2.1042337820181274 251 249 254 0.49433160459097353 11 806 100 846 35 717
5471 -0.14479579352735747 2.6038237329514216 2.2503237768634277 86 66 50 0.17902495762584025 71 708 28 605 79 582
383 -0.10426130974263539 2.3854752183712469 1.9869181180498852 96 78 71 0.61108310490000517 11 805 100 845
5470 0.47655846983466582 2.1155768418488075 2.3017582575813313 100 77 68 0.99663518367407544 71 125 28 505 57 737
2739 -0.12595440673306585 2.1991032225929312 2.57535991028083 254 253 249 0.35238060166861174 84 1202 49 1130 73 1262
382 0.56035418373793944 2.3131690939784559 1.7413249970462703 115 17 14 0.25751627193154686 11 773 100 819 35 721
5469 0.43811608680823555 2.0888325349229322 2.3115830713589207 95 80 71 1.1335202105582072 71 152 28 504 57 485 79 763
2738 0.27471654809531038 2.6176951611378616 3.0449662900956196 192 174 154 0.34255536420299065 43 1010 49 1129
381 1.1513695582502534 2.1617507924653023 1.9482425932479506 116 108 102 0.13418007233810259 11 743 100 799 72 1139
379 0.97104611526940521 2.0700741454736247 1.5367630738999964 200 164 114 0.96447601373514891 8 19 11 418 100 788
378 0.65743399314342255 2.0639497072614099 2.0606540237281892 134 95 83 0.83602116961712303 11 726 100 785 72 893
5465 1.1009530568488242 1.9123949983612278 1.5695017672020377 229 190 125 0.54517296507858071 71 6 28 404 57 401 79 1
376 0.28758183000055182 3.1782907572028503 2.0107388470666323 179 152 126 0.10044653002764141 11 693 100 751 72 1085
5463 0.32443786159636617 1.9845187651555543 3.2419942480523627 0 0 0 0.86751971302538178 71 727 28 275
2732 0.533496819835799 1.9011550936773081 2.6164195252385483 124 105 79 0.2290197237575414 84 1159 49 1090 73 1235
375 0.98296120360544803 3.2127215934103801 2.3311691005999333 22 20 19 0.3454970951788362 8 1087 93 1022 100 748 31 750
5462 1.0419040227762943 2.0051736180930249 1.6504475123970539 255 223 140 0.23401054901763196 25 16 29 16 28 24
2731 -0.45672625866058708 2.3228622719866157 1.6663903354916445 209 176 132 1.8046676910201167 84 1145 49 1073 78 530
374 0.2697733955657709 3.0828667511545538 2.0676149983240313 151 25 14 0.22402241298639253 11 683 100 740 72 464 35 606 3 295
2730 -0.39226396562585764 2.6855060770019334 1.5607947798935435 195 164 124 0.56438128621475647 84 910 49 1056
373 0.56819346745107957 2.9482993930736767 1.9044737456955556 144 21 14 0.43741057029797747 8 365 100 729 22 743 35 586 63 584 67 833 33 610 3 509 89 644 21 792 1 739 68 538 51 306 6 656
5460 0.35046323522352313 1.6856577489798348 2.8336046466486398 98 88 77 1.0460985494811263 21 1421 2 1331 98 1376 2 1325 75 1217 9 1428 1 1291 28 1468 57 1430 95 1432 79 1477
2728 0.5298093220027783 2.6465617525818952 1.7113259723059697 0 0 0 0.44469543251372168 84 1089 49 1026 73 1113 78 1350
371 0.54030067258953296 2.8329833306416132 1.9643297010833609 166 145 137 0.76426179490211332 11 335 100 712 63 557 67 610 31 329 33 593
2727 1.1078628737973448 1.9553871593854615 2.0932147658959415 255 255 255 0.10345447088025136 84 1083 49 1023
370 1.4202900675957273 2.7883103974164531 2.3852118006515708 93 80 48 0.59590537268186061 11 327 100 697 35 558 33 157 3 133
2726 1.1172299224615336 1.9728673065913129 2.132899760271799 255 255 253 0.14142139498261075 84 1088 49 1022
369 1.3497571312591645 2.7197288686099546 2.9518647021315916 0 0 0 0.37041160249312122 11 627 100 685
2725 -0.7294484410975387 2.3229861576939337 2.7986382577332818 130 115 99 1.3292156836994411 18 835 49 986
368 1.3497571312591645 2.7197288686099546 2.9518647021315916 0 0 0 0.37041160249312122 11 628 100 684
5455 -0.41719188144821623 2.2742777354725621 1.7003250479686565 75 73 70 0.45070574961475046 13 989 46 972 96 1125 60 971 54 1310 73 1637 62 1319 87 1247 78 1640 59 1116 23 1149 40 1035 76 1258 4 1260 80 1290 37 1311 15 1413 42 1458 83 1567 36 1608 16 1502 48 1473 66 1460 88 1522 56 1494 24 1506 61 1567 92 1471 34 1358 10 1258 38 1315 99 1312 64 1414
2724 -0.53862048501540927 2.3534988695161823 2.421564856517834 154 127 96 0.24170639784701328 84 1023 49 958 73 1049
367 1.3287315647546347 2.7198305101942353 2.9018249020049431 132 129 129 0.28966209613970662 11 636 100 683 22 379
2723 -0.37587127544737187 2.4434028569094122 2.4780816206785805 79 7 4 0.16996887336884123 84 773 49 951
366 0.60421031474831166 2.6446702552531889 1.728414029985603 255 255 255 0.69209554961317754 11 624 100 680 22 695 3 684 35 798
365 1.2437231596972567 2.6541088648733537 3.045396730643156 72 68 65 0.87745108498172131 11 626 93 973 100 665 72 1055 35 187 33 718 8 1037
364 0.85239720838116284 2.6343213154536209 2.3216225552628926 131 115 98 0.2879578813570568 11 625 100 664
2718 -0.34060684369724331 2.2850147263593716 2.1779370029934029 55 50 38 0.66063580031660363 84 978 49 911 73 312
361 -0.42661918802411836 2.5986828028981885 1.7099712437192018 220 187 138 1.6660026399962757 11 275 100 649
5448 0.33263427411407542 1.8437110054336581 3.1733538958453291 0 0 0 1.0105721580491009 25 1400 29 1381 71 1521
2717 -0.31347447304257947 2.3114532456522459 2.2054150299764461 137 118 105 0.16470709927153696 84 1181 49 909
360 -0.14787899975602875 2.5949983346928507 2.2461000570925305 107 15 12 0.22624821454626134 11 585 100 632 22 618
5447 -0.55543278162208465 2.4499753504785113 2.340200679814894 0 0 0 0.58383104707961475 29 1286 71 1481 25 1283
359 1.1899205499844112 2.5240120994581363 2.8718151656591679 32 29 27 0.33997268272034403 11 578 100 628 22 930
5446 0.34823580343865956 1.877278216193194 3.0549103773622321 133 113 94 0.94509720096009175 71 1474 28 1385 57 1348 95 1317 79 1380 55 1361 45 1368
358 0.31732084232042784 2.539871275780226 2.1968259395923035 173 51 32 0.14258350113680407 8 233 100 617
5445 0.33191512321257122 2.0883168389543942 3.332719001237336 97 80 58 0.76025643907498652 9 1321 71 1447 28 1357 57 1320 79 1390
357 1.1780729837799726 2.4895662306969495 2.8530669224877823 43 38 32 0.17845432533661701 11 559 100 604 22 307
5444 0.98952717488356623 1.923763305972825 1.6625746491501081 209 174 124 1.9344525683509932 25 1327 71 1415 29 1326
356 1.0269458236301441 2.4664846663777036 3.129897409647179 151 134 113 0.98445257488577853 11 206 100 601 51 350
5443 -0.61737192277353159 2.7075914881959204 2.804010870710663 121 105 90 0.52460259957606303 25 1205 29 1226 85 1188 71 1413
2712 0.32932934009599996 2.5477253592628042 2.1906066192455049 195 34 23 0.31901175122994263 84 922 49 852 73 1170
355 0.73785174174342572 2.4435671693713945 1.8975003425862931 89 14 14 0.54906170158349166 11 527 100 598 35 207 8 534
5442 0.18763999935961873 1.920848087853688 3.5024890239554534 0 0 0 0.10526354253548602 29 1285 71 1410 25 1282
354 0.12094501484360522 2.4668593371401122 2.4593165009968505 51 27 17 0.47809610207150105 11 198 100 593 72 684
5441 -0.31470288301762134 2.3138247539709229 2.0887137256587129 255 255 208 1.7964280939868849 85 1319 71 1391 28 1345
2710 0.6052001708513125 2.4041175991567787 1.7544816560445651 255 255 255 0.14275884128664745 84 1086 49 796
353 1.1034303307014137 2.4198572678976933 3.1911429888796219 157 137 114 0.54537679313043197 11 174 100 578 22 234
5440 0.58573678256182515 2.1361843934862437 2.1496694900608797 0 0 0 0.36578953636305522 25 1144 71 1372 29 1080
2709 1.0133149854646091 2.1813788547292026 1.8833994612843026 88 38 27 0.42538616605515894 84 521 49 792 73 37
352 1.0754209557721519 2.4164657906298803 3.1529055845807896 153 131 107 0.55334507719687809 11 528 100 577 72 723
5439 1.1624376984959544 1.853349553591255 2.2927809496343339 143 67 69 0.07746260600737212 9 1050 71 1360
2708 0.91685080868556035 2.0077976324035727 1.6958909963178959 197 163 112 2.4673924595714083 84 841 49 782 73 1109
351 0.74501276583095377 2.4150547691076758 1.886185402026916 108 23 27 0.12870832354371106 11 526 100 573 77 594 12 631
5438 0.33292963266276659 1.9626974037565077 3.3110648796174069 255 250 237 1.068065592265997 29 1208 71 1334
350 0.04227631163203955 2.4136348169016335 2.106369528753246 144 27 21 0.58766512190886278 11 520 100 564 72 1189 12 1245
5437 0.33261982840678672 1.9647364042288911 3.3147635942949787 255 250 237 1.1120594414027543 25 1178 29 1207 85 1263 71 1333
349 1.3061707269056406 2.3306480557641458 3.1219590147712473 164 145 130 0.30726212785164847 8 516 11 511 100 552
5436 0.90149701732604592 2.053640141034025 2.2885133280038708 0 0 0 1.1603573894174422 85 1100 71 1286 25 1042 29 1165 43 1244
2705 -0.32787146511140219 2.2420987438726856 2.3766310983638315 119 105 78 0.32092701866370732 9 825 49 713 73 1030 83 1018
348 0.17853005707534589 2.3406243399972575 3.1924290064805056 78 71 64 0.42463411777607396 8 171 100 539 35 60
5435 0.95342393697501282 2.0650463616381334 2.264066589645672 191 163 132 0.48117120019141307 85 1208 71 1284 28 1204
347 0.71636804535679388 2.3050368187862511 1.8032373202525473 49 47 49 0.47244273091541245 11 493 100 521 22 869 35 443
5434 1.0594094488250432 1.9236943616594648 1.4297357788568517 255 224 150 1.3449805360085803 29 1325 71 1271 25 1326
346 0.51288837025533363 2.3036674030886712 1.7464626655504336 69 15 13 0.42779041886392799 11 489 100 520 77 559 8 104
5433 0.22767488980286174 1.5709013978842805 2.8969208790419594 76 70 55 0.63403510283601516 9 962 25 1083 43 1108 71 1226 29 1105
2702 0.53257491365771814 2.6118470077176821 3.0022072308828647 112 94 70 0.58116893400580782 43 804 84 731 49 697
345 0.90817036494955594 2.1582190854623975 1.9396173593907384 53 44 32 0.28447159820879692 11 441 100 494 22 562
5432 0.55750829229496612 2.1783267110324629 2.2456046762730923 122 18 10 0.84188098050325177 9 1068 71 1184 28 1211
2700 -0.47027528898347409 2.2450704719021362 1.7969953306750133 255 255 252 0.64966536237500994 84 670 49 627
343 -0.069952754258719385 2.0261615244492237 2.2618435606837948 171 159 155 1.3931677403885292 8 469 100 458
5430 -0.5697396136953965 2.4369837588307091 2.2727426272225419 86 67 45 0.54193508795812162 25 825 71 1119 29 846
2699 -0.47027528898346826 2.245070471902153 1.7969953306750193 255 255 252 0.64966536237495109 84 669 49 626
342 1.1340442759325537 1.8762997904203116 1.5507654458104629 71 64 55 0.77481308533667603 8 419 11 8 100 452 22 501 72 5
5429 -0.67359119388894684 2.3322315628896289 1.7795919153596296 210 176 128 1.456869449481565 43 1201 71 1065
341 0.53185147819305001 3.0495625627503711 1.8368691426426464 200 176 145 0.49411761781984914 11 684 100 421 1 551 68 553 35 827 75 432 98 736 2 738
5428 -1.7658588634476347 0.85960843955139887 1.223947889991384 251 216 179 0.70437839213401277 43 665 71 1032
2697 0.57499221618429142 2.2220511350852967 2.2559379700961641 102 18 13 0.84001351553774661 84 169 49 559 59 676 23 691
340 0.27862378376957725 3.0929049485821971 2.0682234037203364 188 87 38 0.28164827015968075 11 372 100 415 72 466 35 333 63 619 93 778 3 518
5427 1.3724005791409097 1.7955351048711712 2.1996620547391603 58 50 35 0.34204438838959056 43 903 71 996 28 952
2696 0.49417269385740414 3.0516237234226344 1.8377454716118617 195 183 183 0.11450847128806248 9 762 84 565 49 528
339 0.27845506138467924 3.0931074295844878 2.0677917777096315 188 87 38 0.368679989472188 11 371 100 414 72 465 35 334 33 831 3 517
5426 0.1389726285469991 1.7989544962591646 2.8729066086058617 0 0 0 1.0340085231213452 25 948 71 902 29 593
2695 0.78861477975208194 2.1616765748442122 1.8933839337341987 254 254 247 0.13427924682838568 84 545 49 497
338 0.64814303932820228 3.0053663799454173 1.8584232765938404 198 40 26 1.6382698558582871 93 401 100 409 35 336 77 405 31 361 63 316 63 317
5425 1.0882336826564125 2.3360961461652838 3.2303580787874484 188 166 147 0.24945178642632726 9 770 71 886 28 834
337 0.75262253369886833 2.9230461831688737 1.95113421629947 237 63 40 0.25451394083044582 11 355 100 385 22 403 35 322 33 311 3 268 82 253 68 558 13 149 51 341 46 108 96 16 60 139 54 15 62 19
2693 0.77037836838016993 2.2066348445095594 1.841297024446608 140 45 34 0.2421037149516852 84 534 49 491
336 0.67553540663699851 2.9072410199190015 1.938830854707172 153 23 19 0.31554133865501249 11 354 100 383 72 424 35 313 68 261 13 144 76 481
5423 0.36374016597754089 2.1897618475771137 1.9036121976532165 166 157 137 0.93395921716005981 25 456 29 481 71 837
2692 1.1470657586605466 1.9225724549469876 1.6388742160733878 219 180 126 0.5688595097654221 29 412 49 460 73 493
335 0.57972763492539725 2.8950228588855453 1.9450148949160566 150 21 15 0.2502916939363144 11 665 100 381 22 391 72 420 77 377 31 332 63 292 67 611 1 533 82 228 68 224 98 179 60 110
5422 1.608868070306209 1.8443917348291632 2.2219509395086501 255 255 229 0.66044330653219863 9 407 71 795
2691 1.1469858642714654 1.9225130417366356 1.6390658161367599 219 180 126 0.49074141336096694 25 8 29 413 49 459 73 492
334 0.56398923796773581 2.8685161608409691 1.9699196637045122 148 21 15 0.66858021547477531 8 344 100 373 72 784 31 700
5421 -0.33606566563426454 2.1926114766765781 2.1755503750437355 84 10 6 0.31831825254072882 85 612 71 682 28 854
333 0.58856599315096014 2.7904873092539071 2.0002250143702534 255 255 255 0.27229958615047578 11 336 100 361 22 365
5420 1.0219110272251333 2.3178378169874474 3.2629303019652887 255 255 223 0.52865403914197229 9 780 71 655 28 839 79 605
332 0.1555147198762451 2.798778732453457 2.2648386245850984 149 23 15 0.2465360555466711 11 330 100 355 72 402
5419 0.67109540606256424 2.9257445247488922 1.9299256349896297 157 40 27 0.12576559334378332 25 473 71 588 28 519
331 0.13582293405375742 2.8171658294126711 2.2608216161874939 146 22 14 0.99283654044488501 11 650 100 354 72 401 3 503
5418 0.36268278712758106 2.3752860292288074 1.9639169352057009 122 19 9 0.24329028061626934 25 480 29 510 71 577
330 0.13507074517537571 2.8083807053351153 2.2706006408117774 255 254 196 0.26712215464522177 11 329 100 353 3 255
5417 0.62007355665526487 2.5695771233538092 1.745127300691655 0 0 0 0.86809102435096686 9 722 71 553 28 985 75 777 57 926
2685 1.258108630666289 2.2528374059647089 1.9354307840387324 0 0 0 0.39098567688745889 8 733 22 1075
328 0.8034982441348868 2.7373823649143239 2.1917057197288292 255 255 255 0.33498904242271482 11 305 100 346 22 369 72 389 33 237 3 197 82 430 68 522 51 708
5415 -0.33972144650960523 2.2396743351027903 2.3513052484901187 74 62 44 0.073734945042786812 43 294 71 350
327 1.3260056126096675 2.6907644663986394 2.6447325181578454 153 148 141 0.28582384377737419 11 287 100 341
5414 0.36865802082283572 1.9298047918423649 3.1982481403891958 199 187 188 0.28578756986913639 25 578 71 340 29 599
2683 -0.062640396862686326 2.069120124737263 2.4017056020393515 56 26 19 0.11922126741413538 84 733 49 333
326 1.218995297705092 2.759604745494141 2.891891676361948 127 117 100 0.44565407274152036 93 317 100 339 67 195 33 150
5413 -0.23391118876868255 2.0432872972148473 2.2801501465081606 60 53 47 0.13969415224082013 29 260 71 270 25 260
2682 0.50366590331528704 2.6111815935988179 2.9750207277749827 94 84 75 0.26409678893289162 18 265 84 363 49 329
325 1.186673864908967 2.7632254959178084 2.930603022309263 22 17 14 0.23870187314774335 11 307 100 337 35 238 33 495 3 88
5412 0.4190086325374327 2.0327588788522779 2.3875773243669434 255 255 244 1.3959089708396 25 147 71 149 9 167 29 165 28 142 79 492
2681 0.43998493451054316 2.0258613121460876 2.4878201899048213 122 18 11 0.061229740505086352 84 666 49 251
324 0.098504219706220905 2.6932854006762073 2.3802890852400389 158 142 132 0.37995555254892183 11 629 100 327 35 527
5411 0.50313762247022398 1.9080756962952361 2.5235387045462985 166 145 122 0.17106735306935156 85 175 71 146
323 0.58339755167862151 2.6077325181068791 1.7129061352833506 132 30 24 0.27548725715187594 11 269 100 318 35 266 22 300 3 214 33 565 68 170
5410 1.2831098506232943 3.2079970883063722 2.2588089044486725 136 26 16 1.4778047163857049 25 1234 71 134
2679 1.2572281250888484 2.3763828959501319 3.1699199036907184 78 69 58 2.3380682935683175 43 164 49 244 78 818
322 0.58353729731350235 2.6083263226885105 1.7130034304332138 132 30 24 0.11636687538546145 11 268 100 317 35 267 22 301
5409 0.37310518419607902 2.3630589000082916 1.947361605751228 87 25 18 0.75392991550454325 29 126 71 113 28 127
2678 -0.42267678094194594 2.2800112178254723 1.6969686037700311 87 80 65 0.6072072290233359 84 209 49 216 87 29 83 62 66 35
321 0.45931809637935289 2.6323579467096136 2.131818902792153 180 52 27 0.27391859368189037 11 281 100 311 77 283 67 580
5408 1.3781202773412473 1.9775675190528386 2.2283156604418259 210 169 120 1.5136138068116487 29 1053 71 32 25 1019
2677 0.10543439836395899 2.4008436782381581 2.1160233562160062 134 66 54 0.085602607526836516 84 206 49 210
320 0.99367473987087518 2.5883570085816747 2.8137112666222333 47 47 50 0.22287715240565525 11 603 100 285 72 1042 8 837
5407 1.0460720567128421 1.8784967023849102 2.3445184952232041 0 0 0 2.9309327834768166 73 1763 36 1742
2676 0.34343920054045873 2.5961295399045925 2.0955259961918289 174 28 21 0.37159119348800385 84 175 49 178
319 0.036296507971633862 2.5693371422834455 2.3160751679745246 122 29 20 0.21412419209242517 11 588 100 269 68 67
318 1.1548596071453263 2.5426736141728861 2.8369095623846667 253 254 254 0.33950382488769049 11 247 100 254 35 149
5405 0.13112398780694504 1.6876971760505521 2.8965587486409174 58 49 37 0.46698383299601121 29 978 36 1269
2674 0.38966045647010972 2.4028171912366991 1.9740180628027904 184 155 123 0.12588462420117805 84 135 49 135
317 0.30740051368148186 2.4994787687096567 2.2136110255916854 115 23 12 0.29946873003527935 11 225 100 237 22 621
2672 0.9179094448233841 1.9387220862977874 2.167423808952575 136 19 12 0.084216811244776674 84 98 49 92
315 0.89039645139181556 2.5070080663522312 3.1425778932639172 28 26 25 0.17660199638591917 11 204 100 217
5402 1.2287753317829266 2.5920732967046454 3.0201798630913141 0 0 0 0.569510896868341 83 379 36 334
2671 1.1596749815427232 1.818116356669961 2.2450424039457033 209 173 123 1.7953088440298259 84 75 49 75
314 -0.13169255266750904 2.4923204896641522 2.0899390906942781 124 19 16 1.5704561795638106 11 224 100 208 72 227 12 707 77 235
5401 -0.61200720758262817 2.1865509200253164 2.0160051737912563 0 0 0 1.2923008044930575 84 1390 49 1330 36 1562 81 1546 39 1554 24 1510 83 1581 56 1565
2670 1.0577313039886846 2.3306007105301911 2.028928818226174 98 69 38 0.32283820278516662 84 50 49 51 73 63
313 0.72536880594044228 2.388977298472938 1.8780520763067468 178 48 39 0.085549531526046052 11 132 100 186 72 627 47 590
5400 0.15613729408624138 2.3726642270174096 3.2015082257980603 34 30 25 0.48590673815217561 56 1247 73 1462 49 1146 54 1030 36 1422
311 1.1029517157072775 2.1881787483779171 1.9453282685393669 193 181 184 0.16727230262281434 11 84 100 83
5398 0.53837429834233019 2.2834163244385133 1.8591555263806243 126 100 89 1.2905399929508219 56 1703 83 1714 36 1748
310 0.60552569504377951 2.0428422134828819 2.0611315065419293 113 94 86 1.0436080606787701 11 29 100 41 35 34
5397 0.86403585016810081 2.1038261415600874 1.7747649965925429 0 0 0 1.9826123518787593 56 1691 83 1705 36 1740
309 0.53583357378088659 2.9773574500245692 2.1333637781026353 158 34 16 1.2637320606999018 11 1592 100 1545 72 1747
5396 1.4824823079333154 2.1707268969795255 1.9367404255074863 0 0 0 0.85226922546637607 83 1709 36 1739
308 0.53583357378088659 2.9773574500245692 2.1333637781026353 158 34 16 1.2637320606999018 11 1591 100 1544 72 1746
2662 1.258410521427578 1.982621230280607 1.9965984877009555 0 0 0 1.5358642652633892 84 1606 43 1396 25 1408 29 1388 49 1552 73 1757
305 -0.11940877667519664 1.8222079662193009 2.4398019533120414 0 0 0 1.6758091287184902 11 1587 8 1526 100 1538 22 1606
5392 -0.59724162758934918 2.2176177633827727 1.9689289470030309 0 0 0 1.1925165791064336 56 1640 83 1641 36 1684
2661 0.65678225782192567 1.9933031385761701 2.3894770009024793 255 255 244 1.3396657106653389 85 1477 84 1622 49 1567 73 1768
304 1.4224388296016173 2.8540254469883548 2.5407291559237621 116 100 74 0.8005690460221766 11 1582 100 1532 35 1320
2660 0.40035717737598314 2.195124383910577 2.6420174941363488 0 0 0 1.1556179245898679 84 1620 49 1565
303 1.0205521635460046 2.7289188174770653 2.6568018702437346 0 0 0 1.3603919139525702 11 1584 8 1520 100 1536
5390 1.3954565680689031 1.8675338284898879 2.4042534638332138 0 0 0 1.4107598022426129 83 1614 36 1651 71 1456 28 1332
302 0.95341970961077571 2.2377336351069861 2.1673847770057195 111 14 11 1.545991351618909 11 1570 8 1517 100 1530 22 1585
5389 0.62084470976028394 2.1145735205890563 3.3463474784126541 167 180 210 0.11587558964697242 48 1582 36 1600
2658 0.56339505159368009 2.8971268585813958 1.9236214487132852 150 26 19 0.97122002842897437 43 1367 84 1556 9 1386 49 1500
301 0.28241594607994841 1.6715167944697022 2.8537776688272785 139 131 109 0.74916386302183635 11 1578 8 1515 100 1526
5388 0.62084470976028394 2.1145735205890563 3.3463474784126541 167 180 210 0.11587558964697242 48 1581 36 1599
2657 0.42341866004784962 2.649505046720662 3.0186423310219124 0 0 0 0.33334976316518705 18 1297 84 1543
300 0.28159854034088821 1.6795148930426609 2.788967825259856 139 131 109 1.4509025976544541 11 1577 93 1670 8 1514 100 1527 31 1627
5387 -0.27054053949608542 2.7156724799590193 2.8954784972569203 0 0 0 1.7427322289287004 49 1148 83 1489 36 1525
299 0.2530911055356122 3.2223062788421473 2.2181312712080268 128 16 10 1.4458721647564221 11 1576 8 1513 100 1524
5386 -0.37186388130289161 2.4292376197006909 2.4399225866615648 96 9 6 1.6424243918709365 83 1460 36 1498
2655 1.4019736021432847 1.7783286857640508 2.2347769581131205 255 255 211 0.4185723435158995 85 1285 84 1472 49 1418
298 -0.011908735877841406 2.7310577663626541 2.4126890259753453 0 0 0 1.8412435711428892 11 1563 93 1668 100 1513 72 1732 31 1631
5385 1.3848348449830192 2.3851221954497515 3.0856575499082468 0 0 0 0.27849401409377189 83 1465 36 1495
2654 0.58049175979591283 2.4553491980670721 2.9609774886900393 119 96 68 0.17033786950224064 43 1272 84 1445 49 1391
297 0.59732453390148477 2.9003307730097978 1.9370411697110916 180 40 26 1.8604699337290742 11 1564 93 1648 8 1506 100 1515 35 1316 63 1402 67 1399 33 1350 3 1227 1 1271 21 1398 2 1307 68 1283 75 1186
5384 1.5096522111305677 2.2818397186296795 3.0120476533131963 0 0 0 1.6009292277562326 66 1513 84 1361 36 1482 49 1305
2653 0.33649434183145133 2.6103612502288231 2.124186001483082 153 142 138 0.16448122236327045 18 1198 84 1430 49 1367 73 1575
296 1.352625759084179 2.6823560276451164 2.3656282809294629 0 0 0 0.51133906437651144 11 1545 100 1503
5383 1.5363614912163133 2.2508279168609411 3.0237614312286243 134 117 108 0.34131971872317585 84 1360 36 1481 49 1304
295 0.47698679001319522 2.4374952809877843 1.8342848043126148 131 17 11 0.7603285207595073 11 1561 8 1502 100 1511
5382 1.5363614912163133 2.2508279168609411 3.0237614312286243 134 117 108 0.34131971872317585 49 1303 84 1359 36 1480
2651 1.694281028381212 2.3591490342714265 3.1998210532045981 127 107 74 0.6922739212036414 43 1164 84 1367 49 1374 83 1548
294 0.39646956125117372 3.3349500755619537 2.4870581500273161 39 35 25 1.859239672317077 8 1497 100 1519 11 1567
5381 -0.79738774836632176 2.4762525876222141 3.1504342511943446 0 0 0 0.18107775556092348 84 1324 36 1427
2650 0.39954837812137822 2.1495422403678983 2.0708616237090234 121 101 76 0.14191073354900893 43 1252 84 1354
293 1.1463454562611994 3.2002158882184695 2.528632983873603 0 0 0 1.4881890139256198 11 1549 8 1495 72 1713 35 1311
292 1.2895626222312169 2.3175437329215907 1.9371466573948373 166 154 152 1.7182063570748647 93 1633 12 1830 77 1743 31 1601 63 1379 67 1380 21 1384 89 1565 2 1266 8 1487
2648 1.1556132085732698 1.9107950641693119 1.6349190543458412 230 192 135 0.27294450175100682 85 1082 84 1329 49 1272
291 0.55745024490714523 3.364877749205474 2.4681061921238805 34 31 31 0.90572589731550546 11 1538 93 1632 8 1483 100 1495 22 1548
5378 1.3501248638689414 2.3702583681974749 3.1188556700644621 0 0 0 1.9002843984991244 83 1466 36 1393
2647 1.1331299221099715 1.9129386695823276 1.5179799759490287 255 254 221 0.49314105864359342 18 1177 84 1326 49 1164
290 1.4049612952919317 2.977355259264804 2.6541194131104175 102 86 58 1.2993688329635429 11 1547 8 1482 12 1826 77 1740 3 1200
5377 1.2717742822315747 2.4341780664613255 2.9846372171362061 41 37 31 0.80648386903436808 56 1197 83 1371 36 1384
2646 -0.74810511499183352 2.4933211773728439 3.02042505297677 0 0 0 0.3032365612795267 43 1046 84 1322
289 1.4067490852029192 2.9801889230538663 2.6523523169901222 102 86 58 1.8441533169323936 11 1546 8 1481 12 1827 77 1696 3 1199 76 1420
5376 1.3665498017026634 2.3177358019099814 3.0105074971027572 0 0 0 0.35009738941765683 83 1370 36 1383
2645 -0.70187471530498968 2.7615169139955209 2.6346909175694493 141 115 82 0.5295032965187636 25 1123 84 1319 29 1142 49 1264
288 1.4663691385216493 2.7421335399375084 2.293365139664493 0 0 0 1.0746380570339071 11 1536 8 1477 100 1462 11 1509
5375 -0.54523589839402997 2.2156006821535086 1.9815140022138373 103 83 69 1.2340392576796206 83 1320 36 1350
2644 -0.6566590733774631 2.7253150237211732 2.6739268128400298 124 104 76 0.92476425448008381 25 1120 84 1318 29 1140 49 1153
287 1.2659162318843609 2.6842104514795522 2.8800821482535408 0 0 0 0.38439165010458209 11 1533 8 1476 100 1490
5374 -0.78112462331554156 2.4801730840739808 3.039932091066611 0 0 0 0.17107265919079778 83 1276 36 1294
2643 -1.0700532000579797 0.95413255627363713 1.8013220635094565 177 151 121 0.45103516558379875 29 600 84 1317
286 1.4386002780499771 2.6455879696648554 2.2018466005769426 146 139 139 1.1784321749893991 11 1535 8 1475 100 1493 22 1523 35 1237 63 1327
2641 1.0383586023491704 2.4300166598538051 3.1636496642236427 93 85 70 0.65457674806035338 25 912 96 979 54 1139 62 1181 87 1087 76 1182 4 1188 42 1363
284 0.43821764979677613 2.5635811815551826 2.1015046382320737 115 16 11 0.74353250882689048 11 1503 8 1473 100 1455
283 0.33032743724344138 2.4559401434300852 2.0678215929779187 0 0 0 0.49742608609094346 11 1495 8 1470 100 1449
2639 1.063617715485516 2.4419099042001329 3.1455085810441532 255 255 255 1.1568131716771237 25 1071 84 1294 49 1222 4 1187 80 1190 15 1176 83 1072
282 1.3675232350290134 2.3948441848592097 1.9276153497569264 0 0 0 1.3211732608388804 93 1613 8 1465 12 1806 77 1713 31 1582 47 1693 72 1684 63 1351 67 1332 89 1537 21 1330 26 1608
5368 -0.55682453014541922 2.0933436738856659 1.9292094297566125 207 177 129 0.81066216859546136 73 1406 36 1166
2637 0.24191343916688909 1.8993158211024848 3.3706966067217388 0 0 0 0.23469707652261401 18 975 84 1226
280 1.4565924840888886 2.8743586249988011 2.4420635320208506 0 0 0 0.052629725080789738 11 1512 8 1452
5367 1.3753589175415744 2.0344642231640848 2.5090327935605452 156 118 120 1.7779677013626847 84 1099 36 1164 71 1013
2636 -0.53508088480658866 2.179098031884303 1.8163873008103808 213 181 134 1.4719146141289285 18 1076 84 1163
279 1.4550907232739523 2.8699196175070343 2.4341158137882615 0 0 0 1.2290415649757673 11 1513 8 1451 100 1464 63 1235
5366 0.60325115874901392 2.0584598518501731 2.0533752452891467 115 96 88 0.23019153828884362 83 1136 36 1149
278 0.43168294277792196 2.6973841177902731 2.1052133407186573 117 15 9 0.54663437792420222 93 1597 8 1449 100 1460 12 1781 77 1688 31 1565 47 1669 63 1339 67 1348 33 1296 89 1461 21 1345 1 1220
5365 1.3476024513879166 1.762071004017963 2.1306342285801056 255 255 227 0.99427841390917526 56 1275 36 1119
277 1.4197879559779183 2.7965138439119839 2.4058399406019251 150 138 130 0.87530178289887284 11 1510 8 1448 100 1463 35 1270
5364 1.3851171589791447 1.7096284133320225 2.1118933939860272 0 0 0 0.027777147445556157 25 849 83 1115
2633 -0.31563904307568463 2.2855167808349743 2.5600894306016575 50 4 2 1.2311716095453411 43 1213 84 1017 49 954
276 0.089856821245074367 2.62593193553549 2.3704774097925143 0 0 0 0.66911535842884107 11 1506 8 1447 100 1459 22 1514 72 1627 12 1738 77 1646
5363 1.3298269475971389 1.8936597715703338 1.7734345129389613 255 255 235 0.87643324800292721 83 1107 36 1112
2632 -0.33070517654194115 2.2287269388403694 2.1633371379291084 39 2 2 0.81162265073659956 85 1139 84 975 49 908
275 1.0749293558513247 2.4639320117878882 3.097591656326725 144 126 105 0.52614104960608998 11 1498 8 1445 100 1451
5362 0.83893928397723561 2.0547168643207225 1.5312640006729885 0 0 0 0.85089548223046263 49 1168 36 1110
2631 1.1751937835353723 1.9118095900631853 1.6059064401808592 255 255 250 0.70560262340284075 85 420 84 830 49 456 73 838 62 939 87 860
274 0.61138693437194025 2.3166399120904013 1.7782013293205259 70 50 32 1.5929516780537227 11 1486 8 1436 72 1653
2630 1.187160269314363 1.8960225771206303 1.6124925978567692 241 203 150 0.0061396996761129818 84 829 49 774
273 0.59522537635129802 1.7318582120022121 2.8035522552161618 0 0 0 2.2372238835618372 93 1589 8 1431 11 1523 100 1496
5360 0.35141356165397752 2.2115372179763195 3.6084808353641713 0 0 0 2.1600657538193961 73 1305 36 1101
2629 -0.75915865114957104 2.507154903000981 3.0098365896110866 137 117 99 0.37985093400665304 18 622 84 823
272 1.1689546456660427 1.912663895288383 1.5682721523710161 252 221 168 0.60669722797142411 11 1478 93 1540 8 1430 100 1439 31 1430 89 1141
5359 0.22167000472938342 1.8822125388588395 3.4963804973672992 154 135 114 0.18561371890896589 49 983 36 1099
2628 -0.75915865114957104 2.507154903000981 3.0098365896110866 137 117 99 0.37985093400665304 18 621 84 822
271 1.2105116637279196 3.3179848382113728 2.5447769947064378 50 45 41 0.81486949443918 11 1473 93 1583 8 1428 100 1432 72 1673 35 1249 12 1763 77 1665 31 1540 47 1686 63 1311 67 1321 33 1268 89 1483 6 1573 26 1564
270 1.2106767237080791 3.3180225397019458 2.5456622206237487 50 45 41 0.83681499134510695 11 1474 93 1582 8 1427 100 1433 72 1674 35 1250 12 1764 77 1666 31 1539 47 1687 63 1312 67 1322 33 1269 89 1484 26 1565
5357 -0.36169341274345168 2.2747611490892892 1.9143495804225423 218 185 138 2.1642700121906175 49 647 36 922
2626 -0.34736717726266958 2.446280169501871 2.5538505642036382 186 166 146 1.3166249581783989 43 623 84 777 49 728
269 0.73826512153692192 2.9023824420488014 1.948992912491063 143 26 21 1.3497806685248412 11 1515 93 1521 8 1423 100 1466 22 1526 72 1638 35 1272 12 1683 77 1572 31 1471 67 1318 63 1308 33 1265 3 1180 82 1066 68 1217 51 1518 46 988 96 1117 76 1317
5356 1.6997667167987134 1.8719331902748093 2.3558234642247315 234 204 163 1.2640090948672968 49 1275 36 888
2625 1.1085434868344883 2.2893331942471615 3.2535938108329514 76 69 59 1.0526330283104512 9 535 84 711 96 294 62 672 87 611 78 1110 59 567 23 343 23 769 36 1262
268 -0.58268281473003491 2.714618095566959 2.846620750400799 126 114 97 1.4536019747374924 72 1632 12 1791 77 1695 47 1674 9 1294 8 1422 25 1322 29 1347 85 1381 93 1581 71 1485 28 1399 57 1366 95 1339 79 1434
2624 -0.59628640905053132 2.3910950864387508 1.8317108981907613 255 218 147 1.0076072974195234 96 359 84 700
267 0.60901355975166149 2.7981101902633267 1.9970389559623005 244 236 231 0.67373600922495991 11 1468 8 1419 100 1424 35 1240 63 1306 67 1317
5354 1.1291687313300416 1.9141238785749042 1.6165524243871507 255 255 251 0.14530461916600546 83 873 36 844
2623 1.0978400778559092 2.4339555650161548 3.1296385212326765 98 88 77 0.45198773647199619 96 526 84 687 49 654 85 224 87 592
266 0.1421165012728075 2.7528803418667578 2.3284398727039357 134 22 13 0.12354320815187153 11 1463 8 1418 100 1419
5353 0.47763566571584004 2.7160625881956757 2.7473970919196922 62 58 47 0.049196205796731493 83 764 36 728
265 0.47671751661620076 2.6275237282945567 2.1411087908745681 176 48 25 0.64606760940597119 93 1563 8 1412 72 1556 77 1639 12 1736 31 1524 47 1554 63 1304 67 1307 21 1260 1 1152 33 1188
5352 1.2852758946656868 2.4115198216862357 2.9922356503203509 0 0 0 0.5218603771214263 83 771 36 699
2620 0.56080953539856748 2.7512201396816223 1.9267094814992163 193 180 182 0.75603189059803511 9 496 43 490 84 561 49 524
263 -0.41613155153525072 2.2755677636705638 1.6987269806936758 70 64 59 0.53360443156791793 11 1436 93 1553 8 1405 100 1388 72 1602 12 1714 77 1614 31 1514 63 1302 89 1454 95 1314
5350 -0.4005012187156286 2.2732477505889803 1.6922263629334362 57 50 37 0.42646188149439102 83 906 36 559
2619 0.63934699416271967 2.5509147167588346 1.7420059969849115 252 255 255 0.34844339242661876 9 470 84 540 49 492
262 0.52771650227528988 2.3629776515475238 1.750289524510855 191 181 180 0.74694212209299737 11 1443 93 1550 8 1401 100 1400 12 1717 77 1620 31 1443 47 1527 63 1297 67 1300
5349 0.50616314066579937 2.1574376121583212 1.7382738296288056 143 68 59 0.60555295590504765 83 559 36 514
2618 1.1832313817511821 2.0333269498346516 1.8789468541776204 215 179 124 1.0232851642506251 43 686 84 508
261 0.52753551350489247 2.3610987363587288 1.75720396001222 191 181 180 0.33337736910531651 11 1442 8 1400 100 1401 12 1718 77 1621 33 1184 35 1166
5348 0.86711050219997676 2.0820562387769055 1.8738212374151932 140 122 109 0.21682510258434992 83 888 36 508
2617 1.1266966148672666 1.9276125967875541 1.6322936093500691 212 176 122 0.30177125416392553 43 18 84 503 49 462
260 0.67557141762348982 2.3267765417368373 1.8209415222508862 255 255 255 0.52317170609210939 11 1439 8 1399 100 1402
5347 0.15306673592109826 2.2656769691823877 3.2227644620629712 55 51 44 0.50305747222575858 83 518 36 466
2616 0.97132421676858494 1.9236883368945306 1.4424539983119722 255 255 232 1.2062860896030068 25 391 84 495 49 458
259 0.67471582179002509 2.3271347468680537 1.8263575892868322 255 255 255 0.74863083371461547 11 1440 8 1398 100 1403 72 1654
2615 -0.77032035541462662 2.4872635608803608 3.0245178487068745 133 112 93 0.0078076895337998884 18 624 84 484
258 1.0740544197932946 2.2298142722378098 1.9298399669531066 151 37 31 1.6521687168946759 11 1482 8 1390 47 1662
5345 0.4843523161584401 2.0123233066446051 2.6142640838047035 114 93 66 0.076692395178971126 83 328 36 260
2484 -0.7328242117151853 2.9879729503984027 2.7012530700672963 243 249 255 0.87338248265973362 25 838 29 863 85 911 71 977 28 714
127 0.897208379062162 2.1414894411983014 1.9522505702435511 153 135 122 0.67952407584594565 11 736 8 717 100 790
5214 -0.6057115557090097 2.5027300630352003 2.5463728983812466 134 124 120 1.2545749015569647 15 551 81 652 24 241
2483 -0.55875169012218051 2.488436964304261 2.2117499738629118 255 255 255 0.32745445736904638 25 823 29 642 85 887
126 0.6980868514244688 2.0796681666408747 1.9644801251739183 255 255 240 1.8899218025995941 11 727 8 711 100 786 22 808
5213 0.033532753753369782 2.3978242381336425 2.070746705532486 110 44 32 0.51771254334426886 16 106 24 113
2482 0.36077467459927065 2.2564717962005694 1.8812167380263212 65 33 28 0.51839761198704393 29 484 43 485 85 775 25 458
125 0.83693773462847498 1.8661475892940165 2.4475213583528066 255 254 239 1.4993674703557385 11 716 8 705 35 361
2481 0.86213658780782687 2.0675112716638915 2.103682587184859 252 226 189 0.50361523575733369 25 700 29 711 85 757
124 0.50665924336326673 3.4856326386676297 2.4260528146323708 150 135 128 0.34648422786260091 11 704 93 1052 8 694 63 641
5211 0.34948872178527457 1.9732045978810129 2.5357879315514968 53 38 22 2.0943978478008258 39 1705 69 1691 7 1751
2480 0.68107997784925112 2.3871319647467599 1.7278244324215144 0 0 0 0.32428777649354201 9 455 25 699 85 755
123 0.50730175847554904 3.4873199707630853 2.4314727932518014 150 135 128 0.1401759533245098 11 703 8 693 63 642
5210 0.60904553585146615 1.8315578214702142 2.5405544489698322 90 84 74 0.065735901341358649 56 257 24 256
2479 1.3100245933572447 2.3347711983777493 1.7758823555917125 0 0 0 1.1538920336929905 25 398 85 738
122 0.4801771052252507 3.3852667774987757 2.4561677392888703 117 121 133 0.31461526817736324 11 932 93 1044 8 691 100 984 22 993 68 766 51 765
5209 1.0896780118430871 2.3086347867530379 3.2353149994397952 76 69 59 1.5809688383288496 81 1252 88 1423 39 1048 69 1236 16 1403 9 769 49 892 73 1034 62 899 54 854 87 812 78 1322 76 661 4 907 42 1243 48 1256 66 1270 56 1238 81 1045 7 1098 83 1247 36 1264
2478 0.99069000392957196 2.0428296525384368 1.6874066023942298 255 212 133 0.90722261837855922 29 687 85 736
121 0.24715770616506719 3.3127226264680418 2.2837232129176872 182 173 177 0.70845437076486895 93 797 8 690
5208 1.6481723811652365 2.2921371583947723 3.1650855686717567 86 71 45 1.4940319533216522 42 1594 66 1567 88 1685 81 1593 69 1593 48 1535 56 1473
120 0.9744482989573946 3.2292558880526929 2.3520214391540835 14 12 13 0.33204387476659308 11 385 8 677 100 754 35 339
5207 1.1224471274559074 2.5401265339865038 2.8368068948102154 168 150 136 0.7371514332026643 76 1169 80 1179 15 1283 69 1322 81 1345 39 1188
2476 -0.61433225759176635 2.5494347854066715 2.6141820847617634 106 90 54 0.34510625430172659 29 657 85 705
119 0.50362771603027212 3.0664253546172748 1.8433165858064591 204 172 135 0.13087794655173471 11 375 8 672 22 427
5206 1.0383396028095195 2.4246266835064678 3.1603364470587954 75 67 57 0.9245235644041907 37 1215 15 1307 16 1401 69 1351 81 1375 39 1341 24 1404 7 1400
2475 -0.27778939686636317 2.6963983330103551 2.8568621930911124 0 0 0 0.86006990787316928 25 639 85 698 29 652
118 0.12417525614713082 3.0054696694918155 2.4989241870588574 172 162 162 0.44013787495900103 93 1026 8 667
5205 -0.42185380814364076 2.3663889745137232 2.1534422061356535 0 0 0 0.67215565091543594 81 1488 39 1382 69 1392 48 1503 56 1515 7 1550
2474 -0.19762773439483763 2.7473986771663061 2.9361793502295068 64 58 49 0.2057310776066347 25 359 85 697
117 0.12417525614713082 3.0054696694918155 2.4989241870588574 172 162 162 0.44013787495900103 93 1027 8 666
5204 1.0639031925872275 2.4153389766814786 3.1922705899811814 47 43 40 0.24819843953297571 37 680 15 992 69 783 81 787 39 1046
2473 -0.32418933158019037 2.3835721153352187 2.5529021023607381 123 98 66 1.0857698072654691 25 331 29 366 85 683
116 1.3077683823759192 3.1150728839423216 2.5213286494186748 0 0 0 0.79995885489871599 11 682 8 664
5203 0.26667307827675435 1.7106882951282076 2.8237728261298281 101 92 80 0.30097643607950203 39 1712 69 1698
115 0.4865668969415502 2.9632795003753603 1.9126004673797155 89 33 31 0.40026576298024974 11 670 8 661 100 727 22 742 72 802 35 326 68 744
5202 0.05392766626794139 2.1617755262897602 2.2362338798722718 164 150 140 2.4232022440547536 39 1704 7 1739 69 1689
2471 -0.55567259072745301 2.4958116705239966 2.2432964598041334 88 69 53 0.14110112441344438 25 634 29 643 85 676
114 0.67247592123441791 2.9219144273749231 1.9279152942033011 152 22 18 0.41335279243403367 11 666 8 655 67 612 22 400 3 279 2 508 13 143 96 9 60 383 76 480 95 190 64 618
5201 0.18564266098620591 1.830223691817304 3.5500055116313569 106 98 78 0.39285340487309384 39 1660 69 1656
2470 -0.59838032048065737 2.1797021050845897 2.0454664554113191 254 254 255 0.18982555795818815 25 307 29 319 85 634
113 0.31077637844983363 2.8471988931039416 2.0804661096249437 105 92 75 0.29407766354996179 93 364 8 653 31 377
5200 0.48414996707463287 2.2745853182188944 2.1767081970338777 121 12 7 0.64447869304662742 39 1640 69 1638 7 1687
2469 0.40988740443520605 2.5120075295591873 2.2050456231760056 226 210 199 0.19144851027046944 9 767 85 542
112 0.16038026999431587 2.8315820706266575 2.2671759206815083 76 15 11 0.61172598992958394 93 753 8 652 31 739 67 358 3 259 89 685 6 726 26 942
5199 -0.50608709104513805 2.1788183281682985 2.0947903137827879 0 0 0 1.1507694602506777 39 1637 69 1636 24 1631
2468 0.57609363065115871 2.765432008327612 1.933257959373893 255 255 151 0.25942513346217955 25 733 85 497 29 743
111 0.15997320898153927 2.8320128140401475 2.2677988499104837 76 15 11 0.59269744768351196 11 651 93 754 8 651 100 356 35 566 12 822 77 1026 31 740 89 686 6 725 26 941
5198 1.2982728573504319 3.0043096510970133 2.5612832568555137 0 0 0 0.90640646675467895 39 1566 81 1610 69 1608
2467 0.62371215934658375 2.7283591681648631 1.8989545736603737 137 27 18 0.98445547165954617 25 462 85 490 29 488
110 0.52046865626921335 2.8517509191136732 1.978934701915078 220 73 37 0.86669817544609207 11 894 8 644 35 305 12 807 31 699 63 274 67 311 33 594 89 272 1 266 2 227 2 523 75 177 98 195 95 202 95 531 57 514 70 812 55 182 45 560 79 529
109 1.7150872900202772 2.9965470066735835 2.675943083212855 85 76 63 0.65190194316907457 11 668 100 726 72 476
5196 1.5912473696078961 2.2598091052872897 3.0883661279379511 122 98 65 0.24352027518156352 66 1597 69 1590
2465 0.90042802347096684 1.9846855771164231 2.2034673856700535 228 208 171 0.57978108382748417 25 438 85 467 71 817 28 759
108 0.57874450726089754 2.8045401861213768 2.0084959571123764 100 46 42 0.75631257287035569 11 653 8 632 100 936 22 949 63 257 67 599 51 271
5195 1.5974026397588565 2.2903141575973978 3.086933568875573 122 98 65 1.3048189315310565 66 1598 69 1589 36 1479
2464 0.96916464651639145 2.1458178719492049 1.8590355282013835 254 254 255 0.13650711132886853 25 683 85 441 29 699
5194 1.2303875481179705 2.4852102837086383 2.9640534987376972 0 0 0 1.0811617289105273 39 1579 88 1577 69 1584
2463 1.4344455862902949 1.6511246627829095 2.3383874600293515 255 238 188 1.0574488515560085 25 400 29 421 85 435
106 0.13134743973723059 2.7059168724857687 2.3255485016355482 212 183 147 0.91863694965628218 11 631 93 738 8 628 100 673 22 248 35 529 31 964 63 804 67 618 33 793 3 682 89 902 82 574 13 493 96 622 46 494 6 992
5193 0.68591027032128837 2.4087212508035054 2.908270222992527 0 0 0 0.70471658953554528 39 1575 69 1581 7 1595
2462 0.99031696449460971 1.9670582878064042 1.6330022035746119 205 172 121 2.1845906712702901 85 423 49 1008 84 17
105 0.13114494285125927 2.7061108689881905 2.3288877549078073 212 183 147 0.67745446545595833 11 632 93 737 8 627 100 674 35 530 31 963 63 803 67 617 33 792 3 681 89 901 82 573
5192 1.3558964647978244 2.3583675944455349 1.9322149426649069 0 0 0 0.58977606523539572 81 1544 7 1525
104 0.11690044684948141 2.7020322725331667 2.3331859548830614 101 18 11 0.53594185524832016 11 630 93 1001 8 626 22 665 72 355 35 528 31 712 33 581 3 680 82 572
5191 0.20936787633559173 1.8269530350173842 3.4996215692934238 151 135 124 0.091473282372245959 39 1595 69 1547
2460 0.16500505407016222 1.8644287750174098 3.4978902771224138 112 104 85 0.37550312730383784 43 638 85 377
103 -0.080024426891117065 2.6594389910387961 2.5209220137968384 255 255 255 1.5925923917292202 11 616 8 617 100 654
5190 0.20936787633559173 1.8269530350173842 3.4996215692934238 151 135 124 0.091473282372245959 39 1596 69 1546
2458 -0.50572381449788928 2.4385248023632244 2.3054340878933526 53 47 46 0.16622921904197033 25 337 29 371 85 355
2457 -0.59953307580798587 2.2246183167157794 2.1662737245450967 92 73 37 0.046989415179231796 25 324 85 340
100 -0.15074901713738836 2.5924691923149616 2.2490895172574588 107 14 12 0.41463518044375575 93 722 8 603 72 709 12 744 77 712 31 689
5187 0.90810215167481589 2.1309057688707358 2.2725839613946817 102 5 4 0.79367638368783588 39 1556 56 1513 69 1496
2456 -0.31973156961244303 2.2548761734319913 2.5030481458390352 94 25 18 0.43404272620835754 29 348 85 335 25 318
99 0.47715495239169203 2.5761033656357832 2.1684281277185473 169 44 22 0.30869816467692301 93 233 8 587 72 288 77 259 31 249 63 526 67 568 2 502
5186 1.1954262501018811 2.0452158894215411 1.7216083280313146 0 0 0 1.3816174491843713 39 1457 69 1469 24 1578 81 1539
2455 -0.5192774116344212 2.4137920690812082 2.1694400078908371 252 254 254 0.094432453253667045 25 327 85 324 29 340
98 0.4060868168601417 2.5425856872733124 2.1981519735908792 209 66 34 0.271383314289939 11 565 93 657 8 585 100 242 72 255 12 271 77 258 31 246 63 524 67 566 33 536 21 535 1 517 2 519 75 198 46 97 9 175 70 180
5185 1.3731275688151048 2.3753805780650792 3.0649914815822648 0 0 0 0.50170228380690751 39 1436 88 1504 69 1450
2454 -0.5901978927831496 2.2206359898059191 2.161337835049935 166 143 119 0.34335397959670672 25 818 85 322 29 840
97 0.29781724406625054 2.5472407037772524 2.2128570645962844 97 38 29 0.53151155158947139 93 1156 8 584 77 974
5184 1.3731275688151048 2.3753805780650792 3.0649914815822648 0 0 0 0.50170228380690751 39 1435 88 1505 69 1449
2453 -0.33764813433335822 2.1867609589734451 2.2376414536142799 159 146 145 0.28190932859599094 25 276 29 283 85 280 71 308
96 0.057117880410335609 2.4513763595398279 2.1456202093777375 93 26 24 0.35762364433740829 11 544 8 573 100 592 22 144
5183 0.66241794720645775 2.382821073046518 3.000482489399741 0 0 0 0.09803002718215699 39 1431 69 1446 7 1600
2452 -0.33764813433335822 2.1867609589734451 2.2376414536142799 159 146 145 0.28190932859599094 25 275 29 282 85 279 71 307
95 1.0550684618199471 2.4491031547717181 3.1348190606755564 177 153 122 0.16396714746506746 11 555 8 559 100 218
5182 0.64769149717644259 2.4293708684870001 2.9184700009532123 143 119 99 1.8699621597439242 39 1424 69 1439 7 1596
2451 -0.33874589217840406 2.1754496912417967 2.1828060076057212 64 14 10 0.3607350155905551 25 267 85 271 71 681
94 1.0550684618199471 2.4491031547717181 3.1348190606755564 177 153 122 0.16396714746506746 11 554 8 558 100 219
5181 -0.61708524955640176 2.6578300613574699 2.8147157127133884 0 0 0 1.5488353146800478 16 1460 69 1432 24 1369
2450 0.76755025421343548 2.9853605398410092 2.8800644106638389 206 236 248 0.15479470802628778 25 548 29 579 85 257
93 0.65784912052435218 2.4716849932698155 1.8234909316357271 207 222 250 1.8699713042017287 93 142 8 550 100 597 51 190
5180 -0.54030476863059507 2.5663544086631522 2.3923098631012585 131 120 96 0.39565256126670184 39 1398 69 1408 7 1453
2449 0.76755025421343548 2.9853605398410092 2.8800644106638389 206 236 248 0.15479470802628778 29 580 85 256 25 547
92 0.46200515444286516 2.3974731380662537 1.8537795990807791 4 3 3 0.2951550519693667 93 140 8 529 63 136 67 173 89 506 95 79
5179 -0.46690276200012903 2.391745044499427 2.2364379044854008 107 22 15 0.069547585105728352 39 1388 69 1399 7 1441
2448 0.41567197106878778 2.0086245355408372 2.4925543631959712 119 27 11 0.29381062798791951 25 181 29 179 85 199 71 187
91 0.62026715046883429 2.3485258196132484 1.7925987462219064 48 41 33 0.27942389522308969 11 506 8 509 100 549
5178 1.0208036116220205 2.0852210007565861 1.9240587895646881 114 97 89 1.4097640886043283 39 1462 69 1367 7 1410
2447 0.54829339753148987 2.7501982826845137 1.9647258207416065 169 143 125 0.2187741760925436 25 129 29 138 85 130
90 0.53866891490160906 2.3067424592360122 1.7373038563608243 95 13 15 0.54220007638035728 11 107 8 499 100 124 72 593 12 962 77 892 47 900
5177 0.40439453155322674 2.1608149525937872 1.8369063128033871 253 224 218 1.6054353274963833 39 1236 69 1366 24 1310 7 1411
2446 0.52779801465639919 2.6055232737136462 1.7578440583371902 254 224 157 0.066004169769724855 25 94 85 95 29 108
89 0.39457042310923601 2.2883236743168593 1.8353179684033727 69 5 3 0.52003592191209824 11 770 8 498 47 916
5176 1.3218355267163437 2.4828135509363811 3.1610444952765797 15 12 9 0.2621474984289176 39 1441 69 1350 7 1503
2445 0.52769644451550402 2.4688932791444782 1.85829664256837 159 147 145 0.65979123214794233 43 469 85 93 18 458
88 0.65708904899837073 2.284201936991471 1.7570731588303068 255 255 255 1.809050359093362 8 480 72 923 12 963 47 531
5175 1.0665510966923506 2.4711094855476556 3.1352785172637616 148 137 132 0.64542948290337954 39 1340 69 1346 7 1275
2444 0.57881818517821526 2.6418113363498201 1.7031836658899464 255 255 255 0.073646021639665826 25 87 29 96 85 81
87 1.0334092771341952 2.2556986557065875 1.9848868292296482 79 15 14 0.24056760318061157 11 94 8 475 100 134
5174 1.2290570983534443 2.5438476285361165 2.9811406271645087 0 0 0 0.65921849219530859 39 1197 81 1357 69 1340 7 1494
2443 0.59781983519573445 2.6236367125713072 1.7284580338854174 255 255 169 0.60039930424950705 25 86 85 79 29 95 71 85
86 1.421100337391531 2.2693844360621296 1.6268237609164615 98 81 42 0.53372761956336401 11 479 8 465 100 141 22 637
5173 -0.20627186587496091 2.1098331638912633 2.3162626992045992 100 9 5 0.95168249687697593 39 1268 69 1283 7 1336
2442 1.3957520897058675 2.0329664583777771 2.2631458494615639 214 179 128 1.0542141184047102 25 32 29 40 85 38
85 0.96364831779805726 2.1694121572357292 1.9504722697554888 213 206 214 0.35842564961868656 11 445 8 460 100 496 22 578
5172 0.17486105757403919 2.3093800162883649 2.2619535632699193 158 143 134 0.15740672677685208 81 1301 69 1278 7 1334
2441 1.0569161820364288 1.9457147349026815 1.5943808530877321 210 176 123 0.90234118174631683 43 19 85 8 28 12
84 0.96364831779805726 2.1694121572357292 1.9504722697554888 213 206 214 0.35842564961868656 11 446 8 459 100 497 22 577
5171 0.6039361048876104 2.060955562035681 2.0453984470138789 127 101 92 0.7024109232387914 39 1365 81 1116 69 1263 7 1132
2440 1.124307475417526 1.9448633899844499 1.5147461423482809 236 201 152 0.7204809338556194 25 388 29 407 85 6
83 0.82742898769323792 2.1565954514665369 1.924880395116126 71 16 17 0.3604971340462173 11 65 8 456 72 70
5170 0.76024050842569812 2.0927000951393913 2.0043656762471098 37 22 16 0.73731645972143145 81 1114 69 1258 24 933
2439 0.52287836991556247 1.7372762992283806 2.588373151832263 0 0 0 1.8694200122008962 25 1418 29 1403 85 1460
82 1.474639289466581 2.217028686761636 1.6779975419663835 1 0 1 0.2923994242914747 11 468 8 448 100 513
5169 0.28477969328601638 1.9333118215544685 3.3730191624588546 0 0 0 0.10759136008427576 39 1226 69 1244
2438 0.82387523796307782 1.9381443149097133 1.3083462988051811 255 255 236 0.49315939394847785 25 1358 43 1146
81 0.87419912087988538 2.1355517732339151 1.9358617161362512 144 34 31 1.3256091721145953 11 66 93 31 8 439 100 54 67 55
5168 1.1509473148417309 2.3613748572151803 3.1680801712025204 74 68 62 0.30703472800074083 39 1214 69 1234 7 1273
2437 0.90124249362344588 2.0032394801356346 1.3545717388047693 218 184 133 1.2454399361793158 25 1011 43 888 29 1047
80 0.88742933648765732 1.8627331661046862 1.5940954598103831 255 253 243 0.79713246810490856 11 710 8 417 100 995
5167 0.55660785138161184 2.3412470057501542 3.122958949759751 176 154 131 0.64155164766039185 15 1159 69 1231 16 1262
79 0.16815782871011745 3.3376488828140523 2.2891759602664412 113 97 79 1.4825703887706936 93 802 8 407 31 780
5166 -0.11740265608747359 2.2856754718027967 2.6191672080662411 116 10 8 0.0027561782628664185 39 1296 69 1176
2435 0.56809682048964183 2.8349278021617588 1.9936566391927266 79 53 47 1.0985083231322015 75 621 98 729 9 751 29 514 43 505 25 485 85 147
78 0.81736728996208674 3.3841208075573173 2.4659790975764535 149 122 92 0.58398601436335451 93 468 8 406 12 917
5165 1.3484845914331314 2.9943121268464252 2.4694645332468754 0 0 0 0.99946465101773063 39 938 88 1221 69 1168 7 1457
2434 1.0815615215977568 1.9770568548535079 2.3153127899176065 0 0 0 1.2184409963352656 29 1411 85 1472
77 0.76831657741951109 3.0014967316242123 1.8913942649547821 29 27 26 0.28093733044487551 11 368 8 370 33 333
5164 -0.70364557414645656 2.0946608415703061 1.8949248548629345 0 0 0 1.2448076129387753 39 836 69 1103
2433 0.42697148110868655 1.8337756158024818 2.6045107801481522 241 234 217 1.9731322462755534 9 1369 25 1368 29 1358
76 0.54153359204060825 2.9369639071801545 1.9219232450596415 211 61 32 0.16594117208066181 93 373 8 364 100 396 22 388 35 320 12 395 77 393 63 314 67 330 33 340 3 288 89 298 21 255 1 270 82 248 68 240 98 196 60 109 18 123
5163 -0.28001391884210997 2.1653273551405232 1.9358793763626332 255 255 244 1.1862440044479998 39 1078 81 1280 69 1098
2432 -0.62753050194151783 2.1099691690188314 1.9576391014322421 109 19 11 1.1703898226591842 25 1269 29 1318 85 1368
75 0.52380310294887455 2.9386622246654523 1.9235918695701981 185 40 23 0.4194690713458013 11 353 93 372 8 363 100 395 31 358
74 0.806548609387155 2.9568924022705398 1.9105017479719455 206 190 179 0.40267505299662809 11 360 8 357 100 402 22 418
2430 -0.53914038879441806 2.5508062449279802 2.3972659841230124 119 97 71 0.86855889865896274 25 1286 43 1292 29 1289 9 1290 2 1138 85 1338 71 1411 28 1324
73 0.53502339624992934 2.8971181824999106 1.9500916155574752 157 31 19 0.57368152747031287 11 664 8 355 100 378 77 392 31 713 67 620
5160 1.3923948847245502 2.2752456134275012 2.9032969579135317 0 0 0 0.38508346090968831 81 1000 69 1008 7 1237
2429 0.1780597671341129 2.3050088864804135 3.2098807585840787 88 87 88 1.0904972403858304 9 1202 98 1284 29 1281 85 1336 18 1274 13 882 28 1319
5159 0.47512074780476721 1.9219710171304778 2.5021640714763453 255 255 255 1.0404994892119788 39 923 81 640 69 914
2428 0.17974457422938969 2.3079966212598331 3.2114848872802391 88 87 88 0.36005873986115328 9 1201 29 1280 85 1335 28 1318
71 0.37793824533361547 2.9032015764447454 2.0143910985216777 183 35 20 0.24972805091067865 93 392 8 351 31 379 89 655 21 268 44 222
5158 -0.47356348714078178 2.3703812272864351 2.2324231078398045 132 27 14 0.41962101054073991 81 894 69 887 7 629
2427 -0.60987212755153852 2.1717867320110611 1.916671468699362 199 167 121 1.494835731424921 9 1279 25 1092 29 1275
70 0.16926016290645493 2.842289581655026 2.2646668407023274 170 30 19 0.69536116249154201 93 760 8 350 63 809 67 641 89 912 21 597 6 999 44 862 70 619 55 822 45 840 26 669
5157 -0.55069431782691569 2.4040425006587327 2.1683219137491916 150 139 126 0.086846723212889498 39 892 69 876 7 609
2426 0.45437041160678521 2.9787447456784397 1.8987745652625958 178 30 19 0.096446908006179111 25 1247 43 1259 29 1252
69 -0.22100751689408679 2.7459081287054583 2.8809806227452674 132 128 103 0.30979101838517659 11 294 93 424 8 336 100 324 63 351 21 355
5156 -0.59773580565244455 2.2073265880112807 2.158222832589634 156 142 130 0.49183186442040661 39 880 81 1130 69 867 7 937
2425 -0.63679707730017276 2.7091919286199677 2.6689592144826393 0 0 0 1.3351791467139491 25 1200 43 1142 29 1227 49 1261
68 0.41402560975700275 2.7261354150266532 2.0820207390687524 123 19 10 0.16289601528084596 11 300 8 312 72 356
5155 0.43297930670145057 2.2648439232460218 1.7761353146401175 133 57 48 1.2492858579236965 39 834 69 830 10 837 38 838
2424 -0.59685213160827921 2.6303886478182203 2.824812496228172 0 0 0 0.57189028271342346 9 1123 25 1204 29 1225
67 0.40315082435469884 2.6966389163256013 2.106165054942259 121 21 10 0.27932853103948679 11 298 8 311 63 250 67 818 33 574 3 230 89 246 2 243 82 169 75 205 13 88
5154 1.3087349131749919 1.8562068223677581 1.7169788485774078 0 0 0 0.22521289717036463 39 815 69 812 7 1112
66 0.078177056820934995 2.6808952857916273 2.3754318559946088 193 193 213 0.64895733749645446 93 736 8 307 31 711
5153 1.6813545179747653 2.3296212809159407 3.1968551626091273 157 147 145 0.1031330842629638 81 785 69 779
2422 0.79370755448905062 2.1015703554605034 2.0610236448977637 81 5 2 0.56561222100692199 9 1155 25 1138 29 1163 85 1207
65 1.2599759030140258 2.7551072675111268 2.8859758074263464 243 251 255 0.059510138290413149 11 311 8 294
5152 1.1275833371950237 2.5813881245853896 3.0395139001826248 145 134 128 0.14947790276204218 39 769 69 767
2421 0.92173572924694658 1.9890322194186192 2.2040672920213882 159 146 135 0.47285964829156168 9 1150 25 1033 29 1160 71 1283
64 1.2220581535669515 2.7697256309040945 2.8809492374829402 43 37 33 0.17497381563568884 11 309 8 293 93 320
5151 1.0929925730102863 2.5490950810547837 2.8286881520897924 70 63 52 0.36263681523611724 56 341 69 715 7 354
2420 -0.64408240490070501 2.7127960301454479 2.7189306027064899 134 109 73 2.1667056034820638 9 1213 29 1139
63 1.2479872217157346 2.7457149453733782 2.8703760322042182 9 7 6 0.18677007925174569 11 310 8 290 100 682
5150 -0.25197256804439816 2.1178948632338233 2.3702703448317277 37 22 19 0.73848304050884017 48 657 69 609 7 628
2419 -0.55346846428504948 2.3992706842177163 2.3569580501500584 79 63 44 0.55442355880060734 9 1118 25 986 29 1130
62 0.45720240763464387 2.6497124644007668 2.1207290603865405 176 52 26 0.18359861047442841 11 283 8 284 63 229 31 275 33 247 3 207 21 213 1 231
5149 0.35727191723926544 2.6292072472681185 2.1538740998276773 255 255 255 0.23834394326161412 39 604 69 589 7 616
2418 -0.32423064638517374 2.2371692401486545 2.38362187457914 129 110 77 0.67007999270945495 9 990 29 1120 36 1378 71 1245 79 1144
61 0.40902483440013987 2.6787685812410782 2.1132921853029245 125 20 12 0.31712077406308775 93 283 8 282 35 259 31 276 33 263 3 471 89 244 21 216
5148 -0.62363192348442054 2.2577368695739968 2.1591374497146005 0 0 0 0.52358655457223446 39 593 69 585
60 0.31816592907580266 2.6526979009279916 2.1694300271981843 182 48 25 0.38092199356435136 93 677 8 277 72 318 12 749 31 937 63 540
5147 0.13109855288553565 2.3429826761575372 2.1429905548323571 115 65 59 0.89101708378585975 16 607 81 133 69 577
2386 0.40473981322537439 2.1298772657667557 2.0534625054232918 67 35 32 0.23413156632883195 25 108 43 144 29 123
29 0.52475949657157206 3.0048613050084723 1.8811361267695725 255 255 253 1.3162355709678704 11 1112 93 1214 8 1082 100 954 22 1155 72 1074 12 1128 77 1248 31 1162 63 1000 67 1024 21 999 82 791 98 930 33 990 13 695 46 664 60 696 18 908 58 897 40 772 76 962 95 954
5116 0.9764616416541464 2.113574985354945 2.2056319669420739 143 22 14 1.1630497371421629 81 1705 39 1702 69 1688 7 1746
2385 0.87962531779759123 2.1338910242448001 2.2727779580592182 107 40 32 0.23928317219010675 43 103 29 99 84 587
28 0.58026505859183009 2.9808548295111206 1.8771657947113598 255 255 255 0.28349338335185437 11 1109 93 1199 8 1075 100 1139 22 1150 72 1063 72 1255 35 982 12 1116 77 1039 31 966 31 1156 63 992 67 1020 33 986 3 877 89 887 21 998 1 917 2 900 82 793 68 905 98 730 75 622 13 533 46 509 9 752 43 739 25 735 18 699 84 562 49 811 58 658 59 613 23 635 40 783 36 555 71 848
5115 0.88355645470800881 2.0054567400408092 1.8169632139751872 0 0 0 1.3796486507793246 81 1702 39 1699
2384 1.0619149137935164 2.0131127683124777 1.657035692347099 255 224 142 0.96656602131005764 25 15 75 29 29 15 28 23
27 0.53710381538452778 2.9130744814205354 1.9372647741479578 148 23 15 0.25653647189545792 11 901 93 1003 8 654 100 946 22 736 72 791 35 818 12 1103 31 714 47 1045 72 1250 63 799 67 621 33 817 3 712 1 543 82 459 68 518 75 627 2 735 51 290
5114 1.0098252946793449 2.3325190389451746 3.2245536476247345 204 196 193 1.9091221791418864 88 1743 39 1697 69 1684
26 0.44549329615299088 2.7676338525433768 2.052986387832664 186 51 27 0.33369260680587687 11 880 93 978 8 867 100 1115 22 711 72 1045 35 803 12 1086 77 1004 31 940 47 1034 63 793 67 820 33 794 3 693 89 874 21 790 2 734 75 632 98 740 96 349 6 939 18 721 44 832 26 231
5113 0.63762965304192065 1.8981379813936414 2.6010181623693072 149 18 13 1.2852933717009556 81 1699 39 1695 69 1682 7 1752
1135 0.50184930255457805 3.0653654794238188 1.8375684571100819 171 151 134 0.3609484157437518 63 595 67 652 1 557 75 449
6222 0.39997370933502019 2.1441975664370911 2.0791837423581279 253 241 205 0.1395945647664992 38 532 61 99 10 529
25 0.32434621529366442 2.6938905576814229 2.1476378303462447 183 42 24 0.43924930462741379 11 872 93 1173 8 1052 100 919 22 925 72 751 35 950 12 1069 31 939 63 981 67 1009 33 967 3 848 89 1066 21 995 1 1031 2 917 75 802 98 949 6 1167 44 1190 70 1144 55 1107 45 1081 26 912
5112 0.45024161032709409 2.0570979357744226 3.1397182080997266 0 0 0 1.9274722726262823 81 1693 39 1693 69 1678
1134 0.54759523656199427 3.0586976633532506 1.8448145734335812 55 49 47 0.13220998307678392 63 591 67 643 89 318
6221 0.68255522084502596 2.3531812997332699 1.7423950854031798 0 0 0 0.61793324084476842 92 41 10 493 34 486
24 0.39878356320749059 2.6524536030143016 2.1326273157121771 200 64 34 0.29454679196840505 11 868 93 965 8 855 100 915 72 737 35 940 12 751 77 696 31 926 47 286 67 1003 33 959 3 841 89 861 21 779 1 728 2 733
5111 0.60781945147873462 2.4105230412273766 2.9867329731276837 137 122 109 0.8096977941035981 81 1692 7 1734
23 0.43991494723713515 2.2699748404033495 1.8494434143830429 97 45 37 1.9311276859940751 11 763 93 874 8 751 72 921 63 708
5110 1.3015069186026451 2.4776456921233994 2.984101107831568 15 13 10 0.51378032263977647 81 1672 39 1675 69 1664
1132 -0.48753412995422035 2.3034689641134576 1.8694914278091601 211 175 122 1.2045401709168657 72 918 67 604
6219 1.6743907154266908 2.3394270298836508 3.2667456162926252 62 56 47 0.096182629976914055 61 515 10 465 52 497
2379 -0.41031147319703287 1.9801857476712923 2.5987130526064774 0 0 0 0.34809981442069104 9 1435 25 1437
22 0.4379201970514453 2.2534393735336091 1.8340023966057739 255 249 227 2.534940851649758 11 762 93 1085 8 744 72 1145 31 1058 63 707 67 753
5109 1.392516499616671 2.485113304328157 2.8076170310569526 82 68 53 0.56324978161596906 81 1669 69 1675
1131 0.33187791745095735 2.6955409799991337 2.13945236533137 191 55 30 0.35947720374793524 93 303 67 595 33 262 3 228 89 621 1 279 6 269 44 584 70 214
6218 1.7435265226016945 2.9885488629665784 2.7021754361761263 255 255 255 0.4780785077180249 61 476 10 437 34 785 32 764
21 0.91587392665510858 2.1798437657363428 1.9520675809955439 116 20 17 0.82908735719289806 11 753 93 854 22 576 100 76
5108 1.4302142555228805 2.2650762156595072 1.6672848795444484 98 86 74 0.45803112619770342 81 1638 39 1663 24 1699
1130 0.32062409272883569 2.6029009597554205 2.1613886184365763 134 23 14 0.97470782334837469 63 227 67 585 21 559 1 538 2 746 75 461
6217 1.7545107763381489 3.0082121270430568 2.6939229385924941 255 255 255 0.2876351196726577 61 473 10 435 34 784
20 0.33494988926667052 3.2210268135894675 1.9594376432681602 118 113 118 0.2123944151857142 11 698 93 458
5107 0.29119943139614923 1.7843975882230956 3.0285061448280914 0 0 0 2.026998178685028 81 1623 39 1651 69 1650
1129 1.4229439688097629 2.9218103156362103 2.6685022184894049 0 0 0 0.098794988146172436 93 730 67 558
6216 1.7506338221093916 2.9991097347755522 2.6816785680400366 255 255 255 0.53065326115952305 52 459 10 432 61 472 32 763
2376 1.3629540232171264 1.7586591050980613 2.2576328454283638 255 247 173 1.2756101120762224 43 1414 25 1425 29 1410 85 1470 71 1530
19 0.59766017080788791 2.9861672769231586 1.8700039808414031 180 37 24 0.31321526350867129 11 672 93 399 8 662 22 751 72 803 35 596 77 404 31 716 63 806 67 838 33 825 3 717 1 272 2 525 82 648 68 753 75 416 13 532 46 508 96 3 60 363 9 498 43 116 25 116 29 130 18 698 84 552 49 88 58 422 59 612 23 431
5106 1.3381083119470683 2.1792753555716415 2.9066712169838165 115 99 88 0.93085896597878692 81 1620 39 1650
1128 0.59486640366204679 2.3746538691865839 1.8006898531605018 218 214 228 0.57968484831540024 63 469 67 518
6215 1.3992832108886921 2.3127248354393979 2.9962546765947611 67 62 55 0.54438809910440444 38 438 52 480 10 425 61 848 32 751
2375 0.22466506987580043 1.7443049708923364 3.0923634380809633 0 0 0 0.27664418455498291 43 1402 25 1422 29 1407
18 0.54976525000610943 2.9473570477791942 1.9137204678769 214 64 33 0.29993081919372588 11 671 93 744 22 398 100 397 31 715 63 583 67 331 33 342 3 290 21 256 1 271 2 248 82 475 68 537 98 180 13 119 46 84
5105 0.49531779326120678 1.8866639848503479 2.5592789263877824 145 18 12 0.67627765038411569 81 1653 39 1644 69 1641
1127 1.0600015992130882 2.2618608026257139 1.9684080201605103 95 44 44 0.23534975299792435 63 420 67 469 33 422
6214 0.33205002995252197 2.0654701084425962 3.3386739197294766 189 192 207 0.050951914726291438 92 397 10 379 34 371
17 0.56276855324395347 2.8568972713090122 1.9727510440333837 209 57 32 0.16656315867902091 11 661 93 342 8 647 100 715 22 729 35 306 31 331 63 277 67 312 33 596 3 262 21 240 1 248 68 222 51 293
5104 0.39537528683282352 2.0402251848029271 3.2663218930830005 0 0 0 0.29461491357944064 81 1631 39 1632 69 1633 7 1710
1126 1.2275683416114471 2.2989558376036059 1.9437989437609164 48 34 29 0.19386458541717796 63 422 67 461 21 695
2373 0.96036672094457987 1.9804288622120163 2.3176811828026307 0 0 0 1.5825269504563191 9 1402 25 1411 29 1392 71 1519
16 0.56270364009121132 2.856888252737563 1.9727396788399256 209 57 32 0.22670674666088239 11 660 93 341 8 646 100 714 22 730 72 783 35 307 12 381 31 330 63 276 67 313 51 292
5103 0.25896111262130289 2.1569805363822017 3.1489376254717807 0 0 0 1.1671294411215911 81 1629 39 1629 69 1625
1125 -0.66656403473713088 2.7492876126885775 2.4848267011276404 0 0 0 1.2152587321295862 77 787 67 401
6212 0.95150400681501113 3.1650797770598964 2.314645872367413 131 34 30 1.3410806450447892 52 261 61 271 10 262
2372 1.0923422755586112 1.9013691466185372 2.2120000845761862 0 0 0 1.3698902017377144 9 1401 25 1410 29 1391 71 1508
15 0.35908225930955029 2.6948492802157404 2.1259584843219081 187 48 26 0.51296056412090074 11 633 93 704 8 618 22 681 72 739 35 550 12 766 31 672 63 792 67 596 33 784 3 479 89 620 21 789 1 738 2 748 98 523 6 652 44 585 70 581 55 571 26 230
5102 0.8639119713595339 2.4966618248643759 3.1199865943559071 54 49 41 0.31643748987063119 81 1626 39 1627 69 1624
1124 0.50355440477679747 2.7534229329996189 2.0483710759024336 161 43 22 0.23019453264867012 63 252 67 298 33 288 1 530 75 430
6211 -0.62636933750739465 2.904320215844379 2.8193507951975816 173 157 153 1.8044985159982918 38 256 52 241 10 245
14 0.40980507055764487 2.6624647035278723 2.1234481707177686 116 16 9 0.27218134569092928 11 621 93 679 8 280 100 659 22 293 72 319 35 533 12 752 77 697 31 641 47 287 63 541 67 273 33 559 3 205 89 243 21 215 1 528 2 537 82 168 75 456 98 516 6 254 18 163 49 152 43 160 44 181
1123 -0.41548194602382299 2.2671607174223971 1.6879593478067811 29 29 31 0.29112668468781372 63 531 67 281 33 569 3 199
6210 0.92446619446160394 2.8858785241515523 2.2657162304281138 197 54 41 0.31642979718943598 92 254 10 216 32 234 99 285
2358 0.49763406429571766 2.315098074553958 3.2536613974760558 59 49 41 1.3710274691400921 43 1321 25 1347 85 1373
1 1.1477481878387246 1.9052944539427057 1.5608618758038848 255 223 163 1.0137620593206993 11 9 93 492 100 768 35 637 67 5
543 -0.31909229559116348 2.0538603449833341 2.0088410995932904 204 175 131 0.26768077658927347 72 531 63 489
5630 0.38310533958280407 2.278376847798953 1.8512447381477697 178 172 179 0.22351992706318202 95 740 70 480 55 457
2359 -0.55504622770970757 2.293120387173647 2.0416280092492247 0 0 0 1.1553727555752522 43 1285 25 1351 29 1320
2 -0.36753514564760353 2.3188513821088805 1.7775803532186996 255 254 207 0.87368196023922862 11 103 93 174 100 111
5089 0.85198760751741165 2.0162681680354382 2.1627055917025033 152 31 16 1.6459853992017563 81 1549 39 1555 69 1600 24 1529
1111 1.4004312927869405 2.239546807806573 1.7076532116710665 0 0 0 1.1244998928685184 31 1499 63 1201 67 1218 89 1445 6 1537
6198 0.33549833618540009 1.7956578203683262 3.0152992147457414 0 0 0 0.11974552968207317 92 1668 34 1571
544 0.84802809855200501 2.1811929258579328 1.9399041682608533 79 46 36 0.47470809634849265 8 50 72 565 12 80
2360 -0.66030134735624335 2.7081278657663996 2.6172146849820703 128 103 72 1.9742745385144052 43 1362 25 1354 29 1346 9 1353 84 1462
3 0.39936169733170196 2.5748787491251406 2.1791608667369129 192 59 30 0.1827702661152997 11 262 93 257 8 261 63 216 67 249 33 225 21 196 1 526 2 226 75 199 25 170 18 175
5090 0.16623776302299753 2.2430217498608638 2.2527601317345134 183 154 170 0.50514271922478626 81 1552 39 1557 69 1570
1112 1.3985390089235177 2.5908965184679271 2.1807861085028293 0 0 0 1.0050412607666759 93 1556 63 1215 89 1374
6199 0.63926357441348414 2.250149928407803 2.7306437641907788 0 0 0 0.14107302254718332 92 1665 38 1645 10 1583 32 1611
545 0.86855916408199318 2.1895718756765734 1.9500213364987744 62 40 38 0.21401368086012237 8 732 72 569 35 416
5632 0.18580417318042547 1.8926580659787386 3.5127186130698695 46 40 33 0.16137502934436179 21 545 70 650 45 353
2361 -0.77899027848462221 2.4763341634567988 3.1004499119198616 93 86 68 0.62704708632089501 43 1340 25 1355 29 1348 85 1382 18 1284 49 1495 73 1708 78 1725 56 1632
4 0.44764784553072834 2.6451756824451316 2.124026570886449 120 17 10 0.30872910048023805 11 282 93 681 8 283 100 660 72 321 77 698 63 536 67 272 3 190 21 549
5091 0.79989444595500281 1.8710740903633418 2.5266568072779716 112 40 26 0.60895596546037867 81 1607 39 1562 69 1573
1113 1.4510980976026395 2.7072778911055537 2.2294898614052672 0 0 0 0.62561467932591541 8 1338 72 1635 63 1221 67 1234
6200 1.2197474944050364 2.7442241772888805 2.9557521531969244 60 65 75 0.29773011762882345 92 1623 38 1664 32 1572
546 0.61618513908694539 2.2813038649374695 1.7555825644070535 158 146 141 1.5663098645231812 11 472 72 594 77 542
5633 0.31413416804437655 2.8548161934811818 2.900628849907525 54 50 39 0.52749006826028466 57 637 70 692 55 683 45 697
5 0.3995820918086832 2.6759277276978111 2.1194004699490931 193 59 31 0.30750368428369762 11 297 93 680 8 281 100 677 22 294 72 320 35 552 12 306 77 308 31 303 63 542 67 586 33 573 3 470 89 245 21 561 1 529 2 539 82 167 75 202 98 517 13 314 9 176 6 255 43 161 29 171 58 479 70 563 45 193
5092 1.2483623771862762 2.3855837636788602 3.1673990257847664 95 87 75 2.1903744868442097 88 1589 39 1590 69 1629
1114 1.4151217861956726 2.7023606815766894 2.2764278962421516 103 88 53 0.74296721962328527 72 1563 63 1225
6201 1.3854381992951244 2.4595899149066955 2.0458757336942566 0 0 0 0.57008519502232391 92 1732 38 1719 10 1648
2363 0.3444185165386458 1.9754630509579401 3.1972988499614874 133 117 100 0.84558265027029567 9 1346 25 1374 29 1363 37 1457 15 1553
6 0.39549285888996721 2.7077551936224191 2.1034054574931451 198 56 30 0.313272913618517 11 299 93 304 100 329 22 693 35 260 63 251 67 297 33 264 3 231 21 234 1 261 82 166 75 457 98 223 43 162 18 164 44 586 70 185 55 572 45 572
5093 0.93887259974878534 2.4630403738923601 3.1456690179515983 0 0 0 1.5252735693744841 81 1591 39 1591 24 1617 7 1673 69 1623 39 1631
1115 -0.44475734829958319 2.289052461872441 1.7590076174206066 255 245 171 1.0684922350207835 93 1422 63 1250 67 1257
6202 0.48502165895531762 2.3241977867695445 3.2390072294518535 63 64 69 0.69206530360761398 52 1758 38 1735 34 1585 32 1668 99 1514 64 1658
2364 -0.60661210536579158 2.3360767839551944 2.3465400189689452 166 147 129 1.2682378203276019 43 1361 25 1377 29 1365 85 1412
7 0.4918223042147713 2.8527126046469982 1.9875792414508064 189 42 24 0.53254654255675815 11 344 93 340 8 341 72 404 35 575 31 328 63 567 67 609 33 306 3 261 21 239
5094 0.26679029225315393 1.986305697495423 3.3427690690836376 130 112 96 0.9514541504466919 81 1599 39 1593 7 1621
1116 1.4436857607533389 2.4826297289652168 1.9798638598439151 198 169 148 2.1123117927712198 8 1488 63 1355 67 1359 21 1364
6203 1.2586964731229382 2.5896556348026358 2.9157763258082938 0 0 0 1.3609573041040639 92 1718 38 1736 10 1681
2365 -0.63008336247231811 2.630361525587301 2.6637414501156518 0 0 0 1.1305919767000394 9 1351 43 1379 25 1380 29 1368 85 1431
8 0.53715469552435802 2.8559612783940498 1.9749272046854618 211 64 34 0.4309313653905496 11 346 93 725 8 645 100 713 22 727 72 782 35 576 12 808 77 756 63 275 33 595 3 263 1 532 51 675
5095 0.60723359177348002 2.104634773959015 3.3781094321285008 0 0 0 0.53045605502230286 81 1534 39 1594 69 1597
1117 0.18898593636274633 3.2037462100360652 2.2054028645719521 154 134 109 1.8692772172018208 93 1631 67 1389 1 1262 63 1377
6204 0.22693159059119614 2.3910530016255018 3.2806831770717113 0 0 0 0.53728752279333503 92 1776 38 1751 10 1680
2366 1.3916906601416763 1.8923782123726005 1.885371435442498 255 255 248 1.6637594284659343 43 1381 25 1383 29 1371
9 0.56952920603988721 2.9630731328440629 1.9006282497164824 206 57 32 0.15302708909520676 11 359 93 397 35 595 63 315 21 564 1 269 82 476 68 243 13 122
5096 1.3499347014211245 2.2769125656629008 1.5827923512715387 0 0 0 0.32488787719223594 39 1597 69 1599
1118 0.4592499589302152 2.658174219022007 2.0277878824028002 176 40 22 1.4047099201202184 31 1642 63 1416 67 1415
2367 0.37229796637194534 2.2170969817344623 1.8423322812797653 150 139 129 0.25796930165515608 43 1384 25 1389 29 1375
10 0.76959422541478228 2.9928269214496352 1.8905346537394956 191 112 83 0.33418044008991749 11 362 93 746 8 369 100 410 72 456 77 408 12 399 31 363 47 790 67 315
5097 1.3570902154834878 2.3618966008614182 1.9372722875144006 0 0 0 1.672778220479739 81 1543 39 1603 69 1555 7 1524
1119 0.89014458227703575 1.8086299770251733 2.1478373117213927 0 0 0 1.6051223792893754 63 1421 67 1419 1 1289
6206 0.58429353966670683 2.431319258399435 2.9877191391884579 142 139 147 1.3368039975179078 92 1781 38 1777 10 1709 34 1653 32 1730
11 0.4759952148825945 3.0032318213025766 1.9081602538439548 209 54 27 0.37812375502810186 11 366 93 412 100 407 31 392 63 325 67 642 3 510 89 315 21 578 1 556 2 262 75 448 98 514 6 277 9 153 29 152 95 218 57 178 44 210 70 582 55 183 45 198
5098 -0.56434687839080488 2.2111194921988 2.1604744799121236 217 234 250 2.0117582466095412 81 1645 39 1604 24 1672 7 1688
2369 -0.61520806533463623 2.4885131772866154 2.4321893481412347 0 0 0 0.49328281873545121 43 1394 25 1406 29 1387
12 0.90738512890122702 2.1578957067672317 1.9216000277968397 57 47 35 0.74316244059993553 11 440 93 850 100 495 22 561
1121 1.4329096160991674 2.2638393590935162 1.6701173657636803 112 104 99 1.5274972929753063 93 1610 31 1580 63 1348 72 1681 77 1706 67 1357 89 1533 6 1657 26 1600
6208 1.105806295464931 2.2956678847383736 1.7685067851961138 0 0 0 0.65654024238311914 92 1793 38 1787 10 1717
2370 1.4884520622433963 1.8910348497715024 2.0440107382145905 0 0 0 1.4812782440547945 9 1382 25 1407 71 1515
13 0.37030956068367787 2.6689974667453118 2.129782647880281 195 59 32 0.37452582287736697 11 620 93 678 8 606 100 676 22 680 72 738 35 551 12 305 100 328 77 719 31 671 47 285 63 782 67 817 33 571 3 675 89 607 21 560 1 540 2 540 82 405 13 90 6 651 44 820 55 570 70 579 45 571 26 229
5100 1.2702544137600835 1.7090439822726464 2.372729907796848 0 0 0 1.8053817689055056 81 1553 39 1606
1122 0.49827183891199861 2.5641871045948599 1.7930674877508848 163 152 151 1.6165708460714614 35 250 63 178 67 231 33 554 3 472 1 485 2 174 75 147
6209 0.41286620119266987 2.2667738076437858 2.1595007424616535 96 17 11 0.21737588713172773 38 105 92 110 10 112
1139 0.91582130634934189 1.9314658668937386 2.0503668612813999 112 41 35 1.729502105357883 63 864 67 711
6226 1.3768515321629062 2.7935507787937941 2.4615474090426286 131 130 139 0.76988002933258171 38 988 92 711 10 702
2388 1.2234964843020233 1.8946101617116931 1.5653332784448586 237 195 141 0.93172923631789206 25 1 43 886 29 405 84 1325 49 1269 73 1555 62 1370
31 0.45025272637241259 2.6062648860272382 2.1455705372007774 110 12 9 0.25478479385809771 11 1214 93 1161 8 1034 31 1126
2389 1.255770458922812 1.9275047534993968 1.5671389904693351 244 199 143 0.41038478225279856 9 870 25 2 29 406
32 0.5195631045961222 2.8990405670542767 1.94964828109522 221 67 33 0.50182462072436973 11 1242 93 1191 8 1195 100 1249 22 1274 72 1384 35 1124 12 1467 77 1365 31 1155 47 1236 67 1130 33 1080 3 1050 21 791 1 1028 2 909 82 885 68 1094 75 930 98 1071 9 1072 43 944 25 891 29 937 18 1039 84 1103 58 1077 95 532
5119 1.2090803332040612 2.1354269029453605 1.8014247326020145 0 0 0 0.65057134172953424 81 1709 39 1708 69 1694
1141 1.3938203495126167 2.6697487144968206 2.2446349584051992 120 98 69 0.35963763355276707 63 727 67 757 1 414
6228 0.64983022219359721 2.3380942309500243 1.7277840890329075 254 255 255 0.32195217180319791 92 850 10 836 32 487 34 485
2390 0.95281140241718287 1.8424400595316626 1.777018304306299 207 173 119 0.69331733703086895 9 686 29 416
33 0.5421898897183095 2.9464922311207764 1.9152491406090091 215 59 31 0.33667436618990543 11 1247 93 1348 8 1198 100 1255 22 1278 72 1254 35 1073 12 1332 77 1240 31 1302 47 1046 63 1098 67 1131 33 1082 3 977 1 1029 82 897 68 1017 98 1072 51 1141
5120 1.159765259002753 2.457119565730145 2.3311734914674149 0 0 0 2.27050908297017 81 1715 39 1714 7 1762 69 1699
2391 1.2776963712057776 1.8635341485083523 2.3279862048053008 96 77 52 0.87697061361313489 25 692 29 439 85 942
34 0.6906367059593066 2.8928963914436623 1.9544423525371635 208 49 30 0.46365933480173283 11 1331 93 1346 8 1178 100 1250 22 1377 72 1385 35 1125 12 1468 77 1360 31 1149 47 1047 63 1091 67 1117 33 1138 3 1046 1 1020 2 891 21 984 82 959 68 1103 75 921 13 893 51 1321 96 993 60 852 23 970
5121 0.18295982104597946 2.236244858513023 1.9987798363812737 0 0 0 1.6224404567304926 39 1718 69 1701
1143 1.2384418941285926 3.2688894439239746 2.5252777573127441 99 91 86 0.80281802852022732 8 910 67 834 21 570
6230 0.68114787730211235 2.2909205695343986 2.7365335750124027 58 62 69 0.27754658111472297 92 994 10 970 32 662
2392 1.3916317834658791 2.0943641495557781 2.5449646376516681 18 15 6 0.3429598795920763 9 451 25 437 29 451 71 535
35 -0.38472412808627854 2.3004647449636901 1.7472801093802153 255 244 186 1.108658877798625 11 1358 93 1488 8 1320 100 1390 72 1649 77 1618 12 1715 31 1451
5122 0.90821626987090043 2.4315426512615663 2.8100126158174841 0 0 0 0.4376408294532525 48 1703 56 1710
2393 0.79144746067147254 2.0872852944502966 2.1203956132025485 240 221 180 0.22586981676293441 9 74 25 705 29 458
36 0.338095238914916 2.6174930413409174 2.1264325996991178 153 133 120 0.80745414043892227 11 1385 93 1507 8 1340 100 1353 72 1467 12 1568 77 1455 31 1464 63 1305 67 1310 33 1253 3 1157 21 1301 89 1388 1 1185 75 1074 2 1213 98 1226 18 1197 58 1267
5123 0.82079712498991975 1.9243009407560547 2.5637050962814301 252 252 253 0.31792584167015503 42 335 48 293 66 281 4 283 56 254 39 214 4 282 42 336 16 297 48 294 66 280 88 311 56 253 24 316 7 213 61 264 32 173
2394 0.58097206046709726 2.5290801509692957 1.8147909667182709 117 90 87 0.3827402388124348 9 96 29 470 71 552
37 0.34211381108472877 2.6637415632588022 2.1460208227100446 101 14 8 0.92575918602401408 11 1386 93 1508 8 1341 100 1358 72 1554 35 1177 12 1670 77 1564 31 1528 47 1559 63 1255 67 1253 33 1194 89 1464 21 1264 1 1154 82 947 6 1486 44 1366 70 1290 55 1267 45 1239
5124 -0.72874177709953347 2.0214353388087547 2.2431375603373525 3 3 1 1.3571561034336719 56 616 81 882 39 601 78 743 4 966 37 968 15 829 42 648 16 914 16 1127 48 945 88 642 69 879 83 1023 36 309
2395 0.4220749948967823 2.0806478852560666 2.3561210231313416 123 22 17 1.0530434774760442 9 168 25 743 29 521 71 852 28 807
38 0.38584173462133881 2.6708071192661715 2.1195069813448573 189 53 28 0.99740742862969101 11 1387 93 1509 8 1342 72 1555 77 1565 31 1467 63 1256 67 1254 33 1195 3 1094 89 1389 21 1265 1 1155
5125 -0.61491287210118606 2.3174550925853814 2.3189561607572773 0 0 0 1.1577572084333729 48 962 56 931 39 1275 16 1308 81 1310 69 1291 48 1324 24 1337 7 1350
1147 1.4158782204233846 2.1980654141956899 1.6612256770245322 7 4 5 0.60625907374072563 63 858 67 875 89 1144 6 816
6234 0.19589166645672418 1.691823496356043 2.7438485390197336 0 0 0 1.5290580717751467 51 1042 10 1126
2396 -0.29590131769568762 2.3469589804940245 1.5712697332261565 204 173 132 1.7767796227245551 25 509 43 767 29 535
39 0.59476616325108556 2.8488575635637017 1.9662808197788042 151 24 20 0.9747650074415819 11 1404 93 1520 8 1367 22 1441 12 1578 77 1473 63 1260 67 1262 33 1197 3 1104 21 1192 1 1103 68 1095
5126 -0.40434363810972301 2.0690606463115833 1.9543087193791655 84 72 52 1.8302119481476911 81 835 39 845 88 901 42 1111 66 857 69 512
2397 1.2017582699139717 1.9059721839875945 1.6129784726114977 255 216 157 0.61126991904990635 43 678 29 677 85 727
40 -0.18877552341486192 2.4613799036053994 2.043250382331554 255 255 195 1.4809872604289078 11 1448 93 1562 8 1409 100 1406
5127 0.8352515518484106 1.9902341231941723 2.1179722072518983 247 237 211 1.4335841115309778 48 1409 56 1501 39 1251 88 621 81 1122 69 1379 88 1452 7 1424
1149 1.1646629919299105 2.2718210947850057 2.0036930851355863 217 235 251 0.50717456679315964 63 682 67 913 1 383 21 60 6 1089
6236 0.84909988930450797 2.6959267577784196 2.4525722179250562 205 63 50 0.23969362161911226 92 1227 10 1159 34 1151
2398 1.3892573489494322 1.6942861065276071 2.0507409942310568 166 145 127 1.3587534954825482 9 675 84 842 49 469
41 0.46436407145541814 2.9261765688698063 1.9096578467066156 166 144 126 0.64819257580471923 11 1469 93 1578 8 1424 100 1430 72 1568 35 1244 12 1688 77 1583 31 1537 47 1569 63 1310 67 1325 33 1271 3 1161 21 1307 89 1402 1 1186 2 1176 82 1037 75 1069 98 1217 13 944 96 1063 9 1242 43 1257 25 1245 29 1250 18 1193 58 1258 54 1234
1150 1.1647827679377063 2.2711444553976032 2.0063132758426772 217 235 251 0.068641659134381763 63 683 67 914 6 1088
6237 0.34465038817106591 1.870171078958393 3.0875032085830796 181 163 149 0.36810031339221594 38 1234 92 1259 10 1179 34 1160 64 1193
2399 1.0200385555477947 1.9935947406515908 1.6631407982222175 198 165 117 0.74042698872689594 43 682 29 685
42 0.29623593834319623 3.1281367743931487 2.0077270676055807 152 20 13 1.4373171830508169 11 1472 93 1604 8 1425 72 1586 31 1577 63 1344 67 1352 33 1301 21 1349 44 1489
1151 0.67387441437286311 2.2682100674086381 1.7938164745581529 147 126 111 1.030988848428426 63 892 67 923 21 924
6238 1.4384902048786901 2.7365798318668224 2.4622241507028968 0 0 0 1.6799884341248896 38 1395 52 1278 10 1187
2400 1.1020034632920872 1.9697647251967503 1.9712280939346862 255 253 241 0.94975059638734616 25 681 43 424 29 693
43 0.45895911109567289 2.9868787806991306 1.9009943411244583 142 25 13 1.3392650031918021 11 1516 93 1601 8 1454 100 1468 22 1525 72 1639 35 1274 12 1760 77 1662 31 1573 47 1573 63 1342 67 1350 33 1300 3 1181 89 1520 21 1346 1 1189 2 1217 82 1043 68 1214 75 1110 98 1219 9 1244 43 1258 18 1194 58 1179 18 1116 54 1051 95 1356
1152 1.4211429229280315 2.7854163357186903 2.4086051740307126 87 69 38 0.72949249665300597 63 1065 67 962 33 1045 3 943
6239 1.3389897651226217 2.2840562295106062 2.887377164312011 57 49 32 0.43986518609587977 38 1415 92 1460 10 1223
2401 0.77855123620482891 2.1444675465892891 2.2126481745316355 0 0 0 0.47492874153557157 25 452 43 929 29 723
44 0.452419487812319 2.6663459476551914 1.9305251967497747 140 29 16 0.87402607118799502 11 1573 93 1675
5131 0.94542352814459241 2.1183156025070353 1.8642770092675989 153 137 110 0.84001416510429083 39 31 69 33 7 522
1153 -0.39320772216569377 2.04547182680288 1.960811736848749 212 178 131 0.071170729277597919 22 786 67 973
6240 0.61039415162015165 2.0850007093671525 3.3502046802182806 141 116 84 0.63063323616911637 52 1312 10 1242 61 1300 99 1158
2403 1.1942985069165795 1.9109766039731744 1.387149944647619 211 180 138 1.894274523178773 43 670 29 869
46 1.3046089141085031 1.7833718257725684 1.6597239087822371 201 168 120 1.4522932276814529 11 403 8 2
5133 0.42520587168637691 2.0615322099310824 2.1106415277826782 111 31 22 0.50685826798793054 39 578 69 96
2404 1.2166913319549229 1.9073133145407721 1.6736435116327006 255 255 255 1.1283128099727875 25 843 43 679 29 875
1156 0.28585581108625319 3.1981237573168593 2.0067060961250531 162 143 126 0.4152074229026943 63 1022 67 1041
6243 0.82363721951863256 2.8605733309405141 2.0614086955206345 215 49 37 0.30426036144705287 51 1328 10 1307 32 1309
2405 1.3359262113771464 1.9456745561756179 2.3482299873356314 0 0 0 1.0927962534159037 25 1135 29 900 85 1290 36 1609
48 0.99214258188044369 2.0498790788751635 1.5589248956497694 255 234 147 2.2809482528480722 11 412 93 5 8 12 12 6
5135 -0.58304858461395248 2.3541068332909956 2.3242093651392386 193 170 146 0.23365920194954545 81 184 69 211 7 651
1157 -0.66187384374132952 2.9459196274981339 3.0800176063608746 243 246 247 0.2555428825310595 63 838 67 1045
6244 0.37823257860504828 2.8664194235847442 2.5731615875508309 41 25 14 0.14115734136448801 38 1378 92 1415 10 1329
2406 1.1570031825355176 1.8475558611824414 2.2555437154390785 0 0 0 0.49016609762575342 9 701 29 901
49 1.1128888667790493 2.1321849536191229 1.9063458604271371 36 31 28 0.34904416259898602 11 52 8 37 67 34
5136 0.48741903972698514 1.9068029027332238 2.4954807156728172 139 123 115 1.4157863960649892 39 201 69 217 7 639
1158 1.1612218342516396 1.9136891506740294 1.569061423202107 255 252 213 0.63803622980393893 63 1041 67 1050 33 1096 3 993
6245 1.1880064554456622 2.7554919666029267 2.8700082704826051 233 235 255 1.8487301270141459 38 1423 92 1548 10 1370
2407 -0.38781174662944029 2.2993767641209084 1.8316137727851569 255 255 253 0.57520090651544908 25 918 43 986 29 970
50 1.1073756389930092 2.1879348361649971 1.9610918843047007 212 196 205 0.73330532636519874 11 83 8 53 100 82 12 86
5137 0.027265756014682195 2.3038159209738605 2.5793804289195501 81 15 9 0.7432295592317919 39 246 48 693 69 247
1159 1.5235001105000663 2.9529027003742159 2.6646610261147829 130 88 77 0.12082778046734062 63 1076 67 1091
6246 1.6580588993275596 2.3071871042040537 3.1720069316321919 0 0 0 0.56210274625251366 61 1323 10 1383 52 1474
2408 0.36423242563760011 1.961159599910312 3.2115197896664198 206 193 195 0.19404775008786967 9 968 25 958 29 991
51 -0.41425880280372135 2.2786770842675681 1.6850395298267145 74 68 61 0.43314790718349483 93 152 8 150 63 224 21 223
5138 1.3772306383459458 4.1017690670098235 3.0878619022974148 67 56 48 2.4942687495564959 39 461 69 444
1160 -0.39063506853533364 2.3062923430739302 1.7132195762354963 255 255 206 1.6996448398970117 22 1184 63 1169 67 1113
6247 0.16554330987125665 2.2957520266354172 3.2043902208679342 197 180 177 0.58924939218538586 38 1406 92 1437 10 1439 32 1465
52 0.6506536207797925 2.4595015018327206 1.8086066434978587 145 43 39 0.42934590988543847 11 202 8 174 12 167 77 606 51 155
5139 1.0310774750281837 2.3521133554035063 3.2399965712008423 143 132 127 0.37182268187246653 81 789 69 456 7 483
2410 0.3237792398168261 2.0597906267618393 3.3391962989451724 191 181 184 0.64210091941259506 9 1100 29 996 85 1048 71 945
53 1.0130756635553348 2.4976232780973047 3.1404432974356618 46 41 35 0.4290811338185973 11 207 8 212 100 220
5140 0.18908181511739378 1.8775562862954351 3.5015384588486569 164 137 108 0.14717644194885712 81 484 69 476
2411 -0.61121166646768765 2.5561352813351217 2.5924505516780036 0 0 0 0.82510276179651576 9 857 43 1137 29 1026 85 1065
54 1.0875356270903014 2.4848592569173373 3.0947606786334014 181 155 129 0.34010736413594234 11 210 8 214 22 268 72 334
5141 1.1394014389582312 1.8998753641514896 1.6629264847523004 255 255 254 0.090877063945881159 66 524 69 481
1163 0.31566914594090451 3.3947497960101392 2.3190489242809491 182 168 161 1.3125790309602108 63 1121 67 1152
6250 1.4744865968980252 2.783308412068779 2.415004032862111 151 122 85 0.37191458863772991 38 1503 92 1518 10 1507
55 0.54324653202053796 2.5696894825133132 1.767571838813093 149 132 124 0.1109694634125119 11 265 8 236 100 280
1164 0.33167232391518919 3.3912902261449731 2.2819928348417244 123 14 8 0.35536775249973274 63 1034 67 1153
6251 0.37020639742666978 1.93418291139662 3.2109795445729303 254 254 254 0.62103063356703847 38 1513 92 1679 10 1515 34 1534 32 1457
56 1.1869382162234734 2.6093523574292838 3.016634461886587 18 15 14 0.33192138259812032 11 606 8 250 100 645 22 700 72 771 12 811 77 740
5143 1.2653910060881111 2.2992507291964976 1.9480702250339097 172 49 37 0.133213321417021 39 559 69 517 7 543
1165 1.3094804588036908 2.4872957156671012 2.1126936777500807 121 70 44 0.24834588366134888 8 1238 67 1171 1 1072
6252 1.7492746122595588 3.0031827032364862 2.7017547210862345 106 94 81 1.0093255300551722 52 1569 92 1683 10 1540 34 1495
59 0.5893627270439884 2.6436522712442292 1.7240916767735592 71 61 55 0.7478603373650039 11 284 8 265 100 332 22 335 63 192 67 236 1 186
5146 1.4478660615734993 2.8003412535138223 2.0613954736136679 209 229 242 3.1981814181485584 66 128 69 574
2485 -0.77654357679820962 2.4936733600800594 3.0260399169566488 0 0 0 0.19004846172714249 25 839 29 866 85 913
128 0.91086225993053593 2.1699987402954912 1.9456770495879978 194 176 164 0.51527467162993168 11 442 8 718 100 74 63 885
5215 0.58380788271023143 1.8282299304206591 2.5389528384752182 79 70 61 0.47447256421533629 16 285 24 257
129 1.1083812298099722 2.2094505056369043 1.9846338969084747 232 255 255 0.43446450594975633 11 464 8 721 100 511 72 928 77 882 12 968
5216 1.3128159903066849 2.7587083969083461 2.5985990151202465 53 48 45 0.17715824284772219 16 767 24 364
2487 1.4682019608667158 1.9409998494040026 1.8477006791632946 229 192 139 0.79535989199216106 25 1131 85 918 29 1149
130 1.1350176818958326 2.1713972981190151 1.9392335117897355 255 255 255 0.34360009013137077 11 742 8 724 100 798
5217 0.82283381263014954 2.73419764582433 2.6834831944425299 187 153 125 0.25173773027595142 16 336 37 241 24 369
131 0.71334890853591959 2.2298256903093412 1.7845373371483126 74 46 22 0.27287785688966371 11 748 8 728 100 810
5218 1.6749173126678836 2.3042814550250772 3.1862359823852158 83 67 44 0.76075692492666747 15 437 24 527 94 484
2489 1.3116383381884011 1.8078794008915868 2.1667748188122089 255 238 183 1.1880506902563341 25 677 85 931 71 507
132 0.43484834827053559 2.2943198061896677 1.7980734300004755 155 144 144 1.7852360226915041 11 771 8 752 100 818 22 847 72 1147 12 1211 77 1119 47 1152
5219 1.1239795467253326 1.9122032024507503 1.5313595688224391 99 91 78 0.36248598162484441 16 532 24 534
2490 1.410616406926674 2.4798149684871271 1.9176352999842252 230 181 138 0.41847850366510958 25 1015 29 1155 85 933 71 1162
133 0.50744011463991245 2.3377288292150662 1.7510845224030269 45 28 33 0.30447132639004854 11 490 8 764 100 540 12 101
2491 0.55493925616735573 2.6710424828695252 1.6984714750953773 227 207 183 0.69891778076810684 29 915 85 949 25 1046 84 1248 49 1179 71 1176 28 788
134 1.3577984755431665 2.3595409816091242 2.9417643632393959 25 23 25 0.70526587503207849 11 514 8 775 12 1057
5221 -0.67901203453067671 2.5681652154898238 1.8460027256056495 207 174 128 2.3569016860321055 24 563 83 644
2492 0.55182568267176491 2.6667252863381123 1.6965441306909752 227 207 183 0.70016645775017328 25 1047 29 916 85 950 84 1249 49 1180
135 1.3409179716643158 2.3614969589425705 2.9645982959218702 112 108 87 0.33822477544778373 11 797 8 776 100 839 72 1210 12 1056 77 984 93 911 31 901 47 1054
2493 0.55683747436820141 2.5452258051078984 1.7805498778608202 141 30 22 0.7028369864937043 25 1044 29 1074 85 953 71 833
136 1.0406438094778794 2.4411482713158081 3.1592924245666651 87 77 61 0.28807003371597018 11 1051 8 805 100 1071 22 1229
5223 1.6914255763834867 2.3075776364720477 3.2134542599009777 111 112 121 0.53774582860779485 42 802 24 882 94 1155
2494 0.41138289405869649 2.4408515030212192 2.1250265790035794 123 86 71 2.3295798224863189 29 939 43 756 85 982 49 568 84 612
137 0.065011937269066442 2.4386813284052398 2.1481296480525893 167 160 164 0.32935090663476674 11 825 8 814 100 865 22 145
5224 1.2412852958375584 2.0183157999918766 1.6883713522760786 0 0 0 0.94030303088346501 39 1064 24 893
2495 0.40454416831833084 1.9565707241635599 2.4694412277362372 122 17 9 0.33625483797482009 25 902 29 942 85 990 71 1207
138 1.0184747256289084 2.4779689650349708 3.1412315771925599 18 18 19 0.22446575435786384 11 830 8 818 100 869
5225 1.5591627298592479 2.3658007113547215 1.6578316287932071 255 255 255 0.110343321278811 81 1084 24 905
2496 -0.71116454909588378 2.2460203667311176 1.7849941476847007 210 176 127 0.82207802401378283 43 1121 85 1028
139 1.3983838041648762 2.6270145982098203 2.2010536729693726 151 136 124 0.60963621901289733 11 860 8 822 100 918 63 716 67 749 33 729 3 608
5226 1.1112076717827881 2.1402244719493897 1.887603421433768 251 253 255 0.25562634246696236 16 921 24 918
2497 0.18856842039408045 2.2204221966196895 3.2039011310129002 135 110 74 0.63300388746655445 25 973 29 1005 85 1054
140 1.4166382650709413 2.6362682012865388 2.1839997321794198 103 87 44 0.55684921042810187 11 1080 8 823 100 1111 22 1142 35 947 67 937 33 917 3 794 1 837
5227 -0.13631012277347518 2.3467047975810247 2.0287538867334076 117 100 87 1.258598283207975 16 913 24 922 52 1164
2498 0.18247792859868633 2.3177263247301658 3.2016749750903535 109 102 98 0.39351222280970438 43 1019 85 1057
141 1.1735475858538971 2.6176010177741209 3.0156540293350194 87 83 67 0.10900694561939303 11 857 8 839 100 907 72 1048 77 760
5228 -0.11785510771053254 2.0491202078965944 2.3722371646638107 109 89 58 0.086453819893732339 39 1127 24 974
2499 0.26609413234236606 1.9531071068531745 3.4377260246144705 210 192 180 0.6731188004813955 25 972 29 1004 85 1060
142 1.2329334229721807 2.6239368795855729 3.0415584705475722 21 20 24 0.75635699772058929 11 859 8 841 100 646 72 1050 35 746 12 1106 77 1017
5229 -0.40819183957845412 2.6261892850521371 2.7489465814333793 0 0 0 0.50344859329713043 48 750 24 1016
143 0.29253232524423856 2.5647256492400499 2.2113672612942743 241 225 184 0.65990106487408429 93 952 8 846 12 732 72 713 77 677 31 922 63 774 67 807 89 858 21 787 1 735 75 650 98 763 6 936 18 748 49 603 84 644 73 624 58 748 54 743 62 463 87 678
5230 1.1382282413774512 2.3049367392578328 3.2591176468915499 48 48 49 0.81535155997534892 39 796 69 1055 24 1118 7 843
144 0.3615721874911213 2.6590924314788951 2.1417472641010025 70 18 16 0.35598791723998596 11 619 8 853 100 913 22 924 31 938 89 860
5231 1.4758136009257561 2.4515297515557157 1.9482484368515709 159 162 165 0.087344065178629776 88 1160 24 1172
2502 -0.75982715354024266 2.4738542919959965 3.0026595702356018 0 0 0 1.0705173258666252 25 1007 85 1080 29 864
2503 1.3435250936666721 1.9242191344503223 1.8370267231286947 220 184 132 0.28088772604447498 43 1147 85 1083
146 0.099644761590989187 2.6853281029783682 2.3456086116970081 154 142 145 0.24566567299951456 93 1000 8 865 31 962
5233 -0.051006873305641548 2.090411067505404 2.4244500436195406 40 28 22 0.66371499736784223 48 1429 24 1345
2504 0.92850291288727038 1.910246714867488 2.1301215334040644 207 187 178 0.68829806520889136 25 1024 29 902 85 1091
147 0.45626365468268376 2.7574014408164902 2.0533864064643064 116 14 10 0.36983917075499378 11 881 8 868 12 768 47 305 33 583 1 541
5234 -0.61199900078505842 2.6521972724073106 2.8210490425536254 0 0 0 0.81243216318152134 16 1459 24 1368 42 1346
2506 0.53000322432337865 2.4964937612336917 1.8762865804380651 61 11 7 0.66843377611322685 25 879 85 1103 29 921 71 1180
5236 0.7574656354584034 1.8391635905185315 2.5631416976164756 150 26 22 0.62263426319363735 16 1358 24 1463
2507 -0.26699683341044911 2.0859583278631915 2.3615422761402303 23 18 13 0.44937971579285796 25 949 43 818 85 1142 71 1071
150 0.47113640735579621 2.8914096684701405 1.9470331183278569 192 37 21 0.91776369593266549 93 742 8 883 72 1058
151 0.099196093132757443 2.9018501199030404 2.5597806522586852 196 178 164 0.45000924378714363 11 893 8 890 100 939 72 1061 12 1136 77 1264
5238 1.125289343625973 2.0576708661785732 2.0379717033972016 199 50 39 1.7851780669016286 16 1524 24 1521 61 1635 52 1654
2510 0.53135129905892509 2.5554163848427685 1.7898470457808877 173 161 160 0.07573844674952622 25 1141 29 1169 85 1209
153 0.68920680048924754 2.9514566282528785 1.8936988317725563 254 249 229 0.3305651170168652 11 909 8 892 72 1065 12 835 77 773 31 956 67 1015 33 981
5240 0.3162625195968794 1.9859075552648675 3.2990232495376195 0 0 0 0.92742224638268633 16 1640 24 1619 94 1818
2511 0.58802805965605909 1.8845252594123547 2.6065038242301837 141 16 11 0.81049101196983575 25 897 29 941 85 1220
154 0.14682265938961905 3.0137433593566652 2.4946589777476595 0 0 0 1.992856956726168 11 906 93 1364 8 897 12 1350 77 1269 3 711 35 574
5241 0.19641910700644827 2.0251827257375346 3.4104998672090745 32 28 26 0.92050511603898899 16 1648 24 1661
2512 -0.43814061782844316 2.3614173714120352 1.6917036204484142 212 177 131 0.69809979733127625 25 1168 29 1196 85 1231
155 0.33689587623260564 2.994723345927131 2.0106191156088897 171 26 17 0.30209324983697722 93 1220 8 898 63 1102 67 1030 3 880 21 1121 1 1036 2 929 31 1171 95 1112 55 1109 45 973
5242 1.0943694397009447 2.2052779192609919 3.3374310566676288 0 0 0 0.050163569105951336 39 1657 69 1653
156 0.33697771467342941 2.9949389498367274 2.010455727736312 171 26 17 0.31137511335176127 93 1219 8 899 31 1172 63 1101 67 1029 3 879 89 1232 21 1120 1 1035 2 928 6 1330 95 1111 44 1198 70 1154 55 1108 45 972 26 1163
5243 1.0038341066997385 2.310877518184324 3.2241877191999748 0 0 0 0.18224826898740715 39 1696 69 1683
157 1.2643869108358297 3.1906535908794411 2.6043813403176692 109 98 89 2.6838547267794688 93 772 8 906 100 745
5244 -0.55917245056895959 2.2116134339057334 2.1564948330112901 165 147 133 1.5276543714960455 4 1374 80 1401 37 1437 15 1533 42 1606 81 1646 39 1605 7 1689 61 1630 52 1644 99 1460
2515 0.23564045285158872 1.9110773008292952 3.3260805058017393 202 182 167 1.2242811971645531 25 1184 29 1216 85 1268 71 1337
158 1.0924361080930556 3.2682758600824018 2.6051753184230808 79 81 87 0.37793795400902774 11 923 8 909 22 1001 72 1099 12 1153 77 1071 47 1113 51 1028 26 1018
5245 0.92373695283949253 1.9818707758068468 2.1835322056944477 243 252 255 0.30057996742738513 42 1153 16 1332 24 1177 66 890 88 954
2516 -0.75631249406582113 2.9680599743399729 2.7322578877932386 0 0 0 0.58346282145852679 25 1211 85 1276 29 1145
159 0.29838693309118663 3.1617604702620516 2.0051450456971462 148 24 14 0.81447556302568747 33 999 3 888 1 929 63 1112 67 1145 93 1230 2 935 95 991 8 914 70 1043 11 922 100 1150 11 1123 79 1014
5246 1.2745412351142671 1.9016444859722124 1.690118732420866 90 75 54 1.5899950053899097 69 5 24 21 16 555 88 544 81 13
2517 0.92844350828123445 1.9911916537639536 2.1342479803657084 114 89 80 0.7691115942932244 25 1296 29 1300 85 1293
160 0.23633560887115285 3.2886170627892404 2.2967596609819418 218 184 145 0.39149407920941903 11 929 8 919 100 978 12 1155 77 1073 47 1110 33 843 67 860 3 523 1 769
2518 -0.40497265274407307 2.3414259656194321 1.6935749733910064 255 255 233 0.29788332124185241 25 1311 29 1312 85 1311
161 0.76933974337352251 3.3923795553746827 2.4721071525548362 68 56 48 0.24389279603863981 11 935 8 921 72 1101 12 1163 77 1079 63 819
5248 -0.61375263309273453 1.9089429482747799 2.2272109686580834 8 7 4 0.9738041596602196 39 882 24 594
2519 0.30100912953022202 2.4063793138292193 2.4010504728227349 131 97 62 0.33468736123386589 25 1251 29 1255 85 1313
162 0.49836836493589437 3.3872306388565865 2.4765014565370853 114 118 128 0.43160260151743851 11 934 93 1045 8 923 100 985 22 994 35 832 68 767 51 767
5249 1.1216427685283485 2.0229570267914534 1.7423230490065957 0 0 0 0.06165902472562719 81 1393 24 1507
2520 0.51061223523111998 2.2993280976342256 3.1333971732182171 207 195 191 0.91960532802168904 29 1200 85 1325 25 1262
163 1.1856282450872639 1.894148695268979 1.5810635499630623 255 218 167 0.1635295586512808 11 952 8 932 100 997
5250 0.5185969991309598 2.1873203726309365 2.1413002398927801 213 192 168 0.24623001028572886 69 117 7 114
164 1.158957336054788 1.9526417822829487 1.7096269324199804 255 255 254 2.0970910771653424 11 958 100 1167 75 738 8 933 98 1040
5251 0.51919065713432733 2.1811661252685624 2.1427591744763608 213 192 168 0.32798245262331172 69 118 7 115 83 151 36 124
2522 -0.52205653694722665 2.488054187161191 2.2162764461519671 0 0 0 0.29417171467548947 25 1277 29 1282 85 1329
165 0.75754683742823659 2.0713456981274199 2.0133384560354659 255 255 225 0.55481185602296201 11 1154 8 941 100 1267 72 1291
2523 -0.53655854662000591 2.5517258078866658 2.3985402059229251 123 100 71 0.49965247292299902 25 1285 29 1288 85 1339 71 1412 28 1325
166 1.4793067895625844 2.2457726696773954 1.6728600760064509 0 0 0 0.58047465934851372 11 992 8 947 100 1037 33 658 35 714 3 761
5253 -0.56352241398797698 2.7335744559786641 2.8140740069148835 0 0 0 0.10714786780760385 39 998 7 802
2524 1.3418455528373152 2.4709198561045094 1.9954215441427043 179 159 152 1.1684518033827864 25 1329 29 1327 85 1345
167 0.89427116098101644 2.1859231601606308 1.9273782954455376 110 11 12 0.6808716401763153 11 988 8 950 72 1302 12 955 77 880 67 1059
5254 0.65787090885627375 2.1147522749022096 1.7905342641472093 122 60 46 0.31877742863860326 81 819 36 858
2525 0.62136205131036637 2.4825932862359146 1.7672647042145391 0 0 0 1.0180735061037394 25 1336 85 1347 71 1462 28 1374
168 1.1138857259099919 2.1793147154338852 1.9377110793677954 116 35 38 0.58932544386870589 11 979 8 951 100 796 72 915 12 1189 77 1108
5255 0.59381515522744366 7.0249064117322657 2.6276752423932561 62 51 41 1.9901194026520519 69 756 7 1109
2526 0.95686541351439747 2.0633917223134488 2.3203063069538752 0 0 0 1.4365334636910161 25 1298 85 1348 84 1529 49 1475 71 1368
169 1.4410369665649132 2.2643230778758405 1.6542213374433017 255 255 255 0.78532552175819514 11 1005 8 955 35 1037 3 924
2527 0.41325393197519739 2.6950631280995672 2.1052383593344817 124 24 13 1.1906896293712692 25 1340 29 1333 85 1358
170 -0.37987353500915488 2.3061511544136031 1.7555011674167269 255 255 243 0.52318639603727313 11 1008 8 995 100 1040 31 1085
5257 -0.19436442546979385 2.2491560323777309 1.8856809276426638 221 189 144 1.9878424054919177 39 843 7 1301
171 -0.3578337819582243 2.3300516818083303 1.7890282728923173 255 255 249 1.7789806845541662 93 1130 8 1002 31 1099
5258 -0.40822833733371394 2.6219137000177684 2.7565574152489081 0 0 0 1.1011310121141287 39 1418 7 1383
2529 -0.65215708590316057 2.1391087973314811 1.9029952810120758 255 255 219 1.6539186773240719 43 1323 85 1369
172 0.56304932321334067 2.4903979630215556 1.8331106724538453 111 15 12 1.1358844035927813 11 1050 8 1004 100 1088 3 832 82 869
173 1.0707495833700251 2.4556449670347349 3.1482797679655468 183 157 126 0.19449482680814875 11 1052 8 1006 100 1220
5260 0.93042260454898695 2.4393337827193391 3.2186552173597587 152 141 136 1.169120413700333 69 1631 7 1613
2531 1.2011536458457963 2.23878398440575 1.88379069981311 255 242 158 1.5051362879966252 25 1295 85 1388 29 1236
174 1.258181120080738 2.4948063757105832 3.0251138044204287 32 28 24 0.28966177257049963 11 1202 8 1007 100 1224
5261 0.85143851789031222 2.1469341587320687 2.2196618756474997 92 6 5 0.98070943649116071 56 1610 7 1629 83 1617 36 1652
2532 -0.565291057330782 2.6663850575355421 2.6227579191103398 130 113 98 2.4638884828012175 43 1334 85 1413
175 0.06907116866144862 2.4194062616023722 2.1193060132506814 79 74 74 0.29582048161089258 11 1039 8 1017 100 1066 22 1200
5262 -0.75960570672176009 2.5020080895734234 3.0243504204804137 183 173 157 0.50550119187087927 69 1588 88 1636 7 1655
2533 1.35673183479154 1.8980516213393661 1.685361296457198 233 196 143 0.83678011991496037 25 1359 29 1350 85 1416
176 0.31050155918522587 2.5723958857890636 2.2005997264995694 110 20 11 0.69509896843590502 11 851 8 1031 100 635 67 1001 33 770 35 517 3 187 1 916 63 963 93 1324 21 1109 75 801 18 741 31 1279 9 936 43 967 49 589 84 631
2534 1.2307562188716443 2.0378583580952667 2.7046285079576338 0 0 0 1.063303133328158 25 1391 29 1377 85 1420
177 0.36607535014931697 2.59847963245626 2.1637190432473639 178 44 24 1.3260083798908531 11 1069 93 954 8 1032 100 1235 31 925 33 1067 67 1002 3 959 1 912 2 907 98 944
5264 -0.62381696761004302 2.6517225333339534 2.6926683401455831 0 0 0 0.97866577937437749 56 1695 7 1761
2536 0.4119780318521532 2.0778676254551698 2.4093561299031516 130 14 7 1.429045372969977 9 1372 25 1393 43 1372 85 1439
179 1.3395388567091375 2.6980418072335923 2.8709452349300335 0 0 0 0.23526314844829202 11 1077 8 1039 100 1108
5266 -0.4030893186469805 2.3923889365663502 2.248304909718509 129 115 103 0.54715373880828255 48 1160 66 1160 7 1165 81 893 39 1123 69 1148
180 0.12827188085217384 2.7318575521960011 2.3466341097263923 80 25 20 1.2691097592548113 11 1224 8 1061 22 1361 35 949 67 1132 93 1347 82 738 68 1070
5267 -0.77776357878883384 2.4783143211989644 3.1018597458288251 93 86 68 0.54060933435787084 16 1677 88 1675 81 1624 39 1625 39 1653 69 1626 7 1675 9 1328 43 1341 25 1356 29 1349 85 1383 18 1283 73 1707 78 1724 42 1588 48 1614 66 1595 94 1812
2538 0.3012713822813029 2.0059732382314128 3.0273572593891833 0 0 0 2.138928827920358 9 1408 85 1464
181 0.80846307166773135 2.9416316787985135 1.9415770014364089 251 233 221 0.79072449022141145 11 1104 100 951 8 1071 22 1160 72 807 35 978
5268 1.0576977439510988 2.3569964820242033 3.2062125973939453 31 29 25 2.5921362059127522 48 1692 7 1753 37 1525 15 1630 66 1665 80 1470 16 1747
2539 -0.6108501982321265 2.6051582457093114 2.7769990656465824 65 55 30 1.0808099650476219 43 1406 84 1579 49 1524
182 1.3023441061930867 3.0669782197316264 2.45508956299614 0 0 0 0.3441682532495427 11 1111 8 1077 72 1267 68 934
5269 1.3854873629053972 1.6899530329956458 2.3796749482194017 0 0 0 2.1651748033926541 81 1498 7 1539
2542 0.80338657330303387 2.1887128689577162 1.6422962244506181 0 0 0 0.31824424925228983 43 1416 85 1476
185 0.28719399864792317 3.3835283382433983 2.2073313953816642 187 172 169 0.58722992229223936 11 942 8 1098 100 1156
2543 -0.16930209237969263 1.8670520929488998 1.8755503105801477 111 8 6 1.4608567365250387 25 1432 29 1418 85 1481
186 1.1862377119908813 1.9258803709640231 1.5897716982455492 255 255 222 0.30408809439906809 11 1142 8 1101 100 1164
5273 0.6177353143090013 2.082745332030393 2.1050079451288228 84 31 21 0.23104638921246687 42 603 83 127 36 96
187 1.1862377119908813 1.9258803709640231 1.5897716982455492 255 255 222 0.30408809439906809 11 1143 8 1102 100 1165
2545 1.4803909972355649 1.7936973939259986 2.1343177124685013 0 0 0 1.8165580476096093 25 850 29 1048 85 922
188 0.71384734337473488 1.771297720305117 2.6174290775248359 0 0 0 0.91095710554583831 8 1104 72 1282
5275 -0.2926417375780011 2.1854693905828393 2.2267367463344065 157 147 144 0.89667613082599917 7 135 83 256
189 1.2995225169489772 2.1114844750438788 1.6570108987939662 0 0 0 0.72460711714604864 11 971 8 1108 100 483
5276 0.64177872829096971 2.0067626366246993 2.558074034576832 81 78 74 0.97952485059548855 66 283 83 276
2547 0.51061223523111998 2.2993280976342256 3.1333971732182171 207 195 191 0.91960532802168915 25 1263 29 1201 85 1326
190 1.3949762741579956 2.2306934557170952 1.6700190201210867 0 0 0 0.95192560345794908 11 989 8 1115 100 1192 72 1424
5277 1.4840015151887203 2.2857598344068903 2.9620742393264363 171 153 143 0.47204197181940827 49 579 84 622 83 312
2550 0.30600209804761336 3.2370624232394691 1.9606979191219931 209 198 197 0.25778590925963635 96 0 18 153 58 103
193 1.1435190148786818 2.2080746810321839 1.9575019441529227 242 255 255 0.18885863710119222 11 1164 8 1120 100 1190
5280 1.2653720491570528 2.3819723204295582 3.0877832582232769 69 62 54 0.82777925887589721 84 662 83 399 36 331
2552 -0.38651772018934094 2.3369215504325958 1.7167840841191049 255 241 178 0.38860549887157803 9 257 18 279
2553 -0.59042658226011424 2.1540765414684708 2.0609147027372643 160 143 131 0.45261438017570532 18 341 84 394 49 367 98 330
196 0.39426029262514145 2.2945593307117895 1.8516414541163564 70 5 4 1.0169284057711816 11 1012 8 1134 100 1199 22 837
2554 -0.75071190785890085 2.9527014601595996 2.71799303711347 140 129 122 0.56602903574565078 75 334 18 362 58 363
197 -0.63638996132267878 2.2194306494875313 1.5441269947562883 201 166 118 1.706190581581049 11 1160 8 1144
5284 1.1952422262476972 1.9041712172594205 1.5955659363048147 255 243 158 0.88635044005271679 78 477 83 542 36 842
2555 -0.75071190785890085 2.9527014601595996 2.71799303711347 140 129 122 0.56602903574565078 75 335 18 363 58 364
198 1.4649619132000962 2.5007260648671372 1.9805251572198854 255 255 255 0.17239402456460187 11 1204 8 1152 100 1233 35 927
199 1.1261947098451706 2.438985514121863 3.1298890245041178 108 98 86 0.57992245414534094 11 1291 8 1155 100 1211 77 1208 12 1299
5286 -0.61571663652560782 2.1824658104665087 1.8226306096663574 201 168 124 0.22675433564726585 78 957 83 628
2557 1.205333340852871 1.836084161694522 1.5036446344985794 255 220 152 1.8898895763097847 43 386 62 27 87 664
200 0.0082014305973601188 2.6079955234814705 2.3509359345597223 88 9 7 0.89358953404412267 11 1213 93 1344 8 1168 100 1234 72 1366 35 931 77 1460 12 1571 31 1397 3 839 82 554
5287 0.88339208913168477 2.1490927372191955 2.2627482828554992 85 44 37 0.46094575795012371 85 485 83 634 36 122
2559 0.57367836976018005 2.1012198932116974 2.1376994310575017 118 59 53 1.3934944311095594 29 926 96 194 18 481
202 1.5343708459783296 2.9213655457246008 2.5589590789871237 113 103 87 0.90801198367482672 11 1241 8 1172 22 1293
5289 1.3140310259218067 2.0575346422287404 2.5496564311897787 255 255 255 0.27908395433793359 78 678 83 657
203 1.5830940441273478 2.9249169688792294 2.559813172604755 0 0 0 0.54847356795982705 11 900 8 1174 72 1264
5290 1.4566496009773493 2.2938138434903856 2.9482842325894629 255 253 224 0.7128020551347457 49 581 83 727 84 623
204 -0.55307363302460377 2.7135875226847954 2.8433273633877567 176 172 178 0.95229301710729075 8 1177 12 1475 63 1114 93 1359
5291 1.1801094874515576 2.5099460953756649 2.8658048849184468 199 184 170 0.053329554008024527 78 1023 83 731
2562 -0.56775407766224872 2.2715376418207742 1.7415178711483961 255 214 148 1.6135419950240995 96 593 18 804 58 574
205 0.95427952259648463 2.893638882401794 2.3107582999837644 0 0 0 2.2479208890001199 11 1328 8 1182 33 1254 82 993 35 1242
5292 0.37818067038739461 2.6676750375532019 3.0104485580898217 138 87 68 0.55989440664000034 73 776 83 827
206 1.4661220456479402 2.9442843962876664 2.4936124957456101 110 95 63 1.4471323688873692 11 1240 8 1188 22 1289 31 1293
5293 -0.61355469215675085 2.2527681504638384 1.7966212078724793 200 168 124 0.40046033233765976 83 927 36 583
2564 -0.6209657225568872 2.2735484924085441 1.7429087452202319 255 222 150 1.9448059798938273 9 303 29 806 18 812
207 1.8118182195372421 3.0313010715559283 2.7601500990772356 78 78 83 0.94258464251565233 11 1334 8 1189 100 1319 22 1450 72 1394 67 1092 63 954 33 1122
5294 -0.66230274534808686 2.171178593787404 1.831871006076659 255 228 147 1.3075802455212848 78 1205 83 939 36 925
2565 -0.73486789381289486 2.9422834294531812 2.700334873550994 0 0 0 0.43338674536135113 98 1023 18 833 58 1015
208 -0.63730228644328912 2.7411190259256184 2.7304411579919412 81 68 58 0.69815252996704591 11 1227 8 1190 100 1243 22 1341
5295 -0.67840516135856466 2.1718443618126386 1.8618617019762611 201 168 121 0.27052519561220589 78 1216 83 940
209 0.5434870685317551 2.8733494400667929 1.9696003198369103 146 19 15 0.75508371680346487 11 1236 93 1181 8 1194 100 1248 22 1268 72 1246 12 1102 12 1318 77 1232 31 1148 47 776 67 1124 51 1132
5296 1.4059405578123365 2.0592422727056303 2.5531941617927312 255 255 255 0.20792043459615511 78 984 83 947
2567 -0.73851814996670895 2.4831094223412844 3.0412527706836441 138 118 96 0.21278811287433741 43 1045 18 836
210 0.22710318928288217 3.2400268560787828 2.2442658848914201 0 0 0 0.12024293225508725 11 1127 8 1205 100 1149
5297 1.2485085171055996 2.3558978860999713 3.1231391216889506 67 61 50 0.10953213923684672 7 816 49 872 83 1062
2568 -0.75112760889353414 2.5007546574501873 3.0350912869051623 0 0 0 0.91898988564333917 98 833 18 837
211 0.23016085823197607 3.245493059668445 2.2817906792881684 0 0 0 0.49248917290424948 93 1367 8 1206 31 1316
5298 1.0510223261422957 2.3196321694009838 3.2404046994824478 111 99 97 0.31829837629765945 87 813 83 1081 36 1063
214 0.17443400759097119 3.4747227714492723 2.4072072638165318 158 149 146 0.67630373126787124 11 1337 8 1209 72 1406 12 1502 77 1383 31 1426 63 1123 67 1156 3 536 21 1148 57 1143 71 1257 70 1193 79 1185
2573 -0.77274872564106833 3.067587236546037 2.7119438875744106 57 52 46 0.074366718054967668 98 835 18 995
216 1.439753772711559 2.1884799313048706 1.7032619564349085 0 0 0 0.53620901784826824 11 1352 8 1213 100 1331
217 0.84867102974625774 2.1418158990014664 1.9200666307896241 240 236 204 0.66530029446572669 93 1260 8 1217 100 1268
5304 -0.65286002604911542 2.5276598971807416 2.8399242654647368 0 0 0 0.72424015796160612 56 1208 83 1263
2575 0.31089732753278615 3.1866533728088866 2.0339238966507063 152 22 14 0.79661679523111084 96 890 18 1043 54 1059
218 -0.090559982773355904 2.2690122413597011 1.8238716986292915 227 191 140 2.4995118294842671 93 1118 8 1225 11 1166 22 1185 100 1195
5305 -0.76096607606670752 2.5170282598223856 3.0111717383571306 140 124 106 0.0907080895298914 73 1307 83 1272
2576 -0.70950328936882767 2.2847501748212311 1.7497803946441346 203 168 121 0.46194034498912467 25 1093 29 1117 18 1080
219 -0.33750059452901149 2.2824268810061312 1.7420100275396733 255 219 172 1.1473563755585612 11 1274 8 1230 100 1276
220 0.45902768319648529 2.4925113594993857 1.9121749538059905 116 10 7 0.54949849149278973 11 1199 8 1251 100 1228
2578 -0.68900325167988774 2.7454344756395681 2.6502523573994807 0 0 0 0.97397271878313196 2 1145 18 1089
221 -0.68397820097129469 2.4828320596129689 1.6423104580687318 255 216 145 0.51630258916133021 11 1454 8 1262 100 1447
5308 1.0895754544155527 1.9348973058266219 2.0734635787735582 255 255 255 0.756001814318083 73 1126 83 1294 36 1311
2579 0.90914452531913148 1.9820494021275104 1.6141055398763482 184 153 106 0.59625986337554526 25 1012 29 1049 18 1097 71 992
222 0.61771192335316771 2.6234780342694637 1.7477363634718555 255 255 255 0.39287946738744206 11 1075 8 1264 100 1106 22 1243
5309 1.0130391929130151 1.943567385546886 2.1262895730240188 176 160 151 1.8307994959989329 56 1412 83 1300 7 1416 36 1317
2581 0.18113835779571791 1.8699002755275431 3.5636861216781335 100 94 75 0.32303716671853466 98 1287 18 1278
224 1.321215171274245 2.8127677892940204 2.8727658468955215 55 52 54 0.61208297927613187 11 1230 8 1270 100 1120
5311 0.44214693381855569 2.006446231565127 2.4901510827326812 102 14 7 0.22204109644725439 56 1335 83 1336
2582 -0.42709668559025521 2.3241936793557496 1.8031496308015678 255 255 241 1.5659624762454967 98 1292 18 1299
225 1.4516478786407889 2.8413448908294892 2.4542544558217938 0 0 0 0.41276810663369307 11 1402 8 1271 100 1312
5312 1.258911938415969 2.4575781410627622 2.9579500319152463 1 1 1 0.4990336427060284 73 1195 83 1362 36 1490
2583 0.46022207133391729 1.8889846750470247 2.6247322647788307 0 0 0 1.9714146274749886 1 1268 18 1344 62 1425
226 0.40615759220450248 2.7416983942064812 2.0827521778807196 193 56 29 0.71001489843366372 11 1320 8 1274 100 1247 22 1254 72 1373 35 1064 12 1291 77 1356 31 1391 47 1233 63 1175 67 1200 33 1134 3 1037 21 1194 1 1027 93 1174 2 1117 75 932 98 1158 6 1312 44 1191
5313 1.2519205434045169 2.5039315498326746 2.9736823841913482 51 50 48 0.52726103238657174 56 1200 83 1374 36 1239
2584 1.003321827246356 1.9395107389157233 2.1233919035614703 135 120 106 1.7782235169564931 98 1374 58 1441 54 1411
227 0.56828655313093657 2.7892693407147524 1.9820766529055691 154 19 15 0.72456965365693515 11 1327 8 1275 63 1086 67 1116 21 983
5314 -0.33604119478732775 2.2744389849797022 2.5305942329938707 167 17 13 0.43007797785605956 56 1175 83 1376 36 1507
2585 0.80270226086320762 2.2485743976036585 1.5956294431896716 0 0 0 1.3103200398076758 9 1426 29 1413
228 0.51968328178881273 3.0535939618843986 1.8458998418010266 245 245 246 0.83143284733388556 11 1413 8 1285 100 1375 72 1501 12 1695 77 1592 63 1185 67 1207 21 1200 1 1107
5315 -0.1743358120668482 2.7926610438431219 2.9155080640385287 77 80 88 0.020713778177483488 56 1382 83 1395
229 0.3229146230085585 3.1900530834952305 1.9708539932520672 163 25 15 0.69717426358659218 11 1335 93 1458 8 1291 100 1321 63 1193 67 1275
5316 0.90141054480055849 1.9584063133656278 2.2000938728452204 159 154 133 0.70605007360478378 56 1425 83 1420 36 1549
230 0.28932856213879782 3.2524508815097088 2.0231990070748798 143 18 11 0.33109596512163925 11 1131 8 1292 100 980
5317 1.3386602434753756 2.3881426608315821 2.9878515656216975 0 0 0 0.39924079493611481 56 1377 83 1453 36 1485
231 0.53517311832992764 3.4832141215683223 2.4233327741721071 8 5 7 1.2011379567774312 11 1257 8 1295 93 1462 100 1157 31 1322
2589 0.31726395097815346 3.1931609252179958 1.9839773133134069 115 23 17 1.3125517836015417 13 669 60 676 18 925 9 786 46 655 13 496 46 295 96 551 49 827 58 689 59 600 59 779 87 619 23 404 40 378
232 1.0523247985939346 1.9213570727554072 1.5997140762164097 209 172 116 0.79941293285043191 11 1421 8 1297 100 1380 35 1141
5319 0.69511741003408378 2.148083893297005 3.3698657204729421 88 87 93 0.26946731743244828 56 1486 83 1496 36 1417
2590 1.3747572107212191 1.799294012730386 2.2062445256058476 120 105 89 0.71642769065117584 75 890 98 1037 18 1010 82 824 68 984 13 855 96 1044 58 1067 54 1095 62 1026 87 938
233 1.2657219241156685 2.0002011920304468 1.951866412801992 215 179 128 1.5800704798380092 11 1423 8 1300 100 1382
5320 1.3485541273728749 2.2475064638834734 2.7901271149664524 193 182 186 0.60452425711601843 84 1427 83 1532 49 1428 36 1463
2591 0.30413527677267566 3.2241421810149742 1.9684488491321652 167 155 148 0.88080112393291343 89 1426 1 1109 2 1128 18 1124 13 814 96 886 60 835 58 1180 73 1487 62 1082 87 983 59 923 83 1309
234 0.95510090179178053 2.0618027504555028 1.6002385884167019 179 148 103 0.9795016575110016 11 1342 8 1301 100 1325
5321 -0.30693005225193648 2.2298112541479025 2.5246063518646853 181 165 144 0.55705830594726546 56 1453 83 1546 36 1589
2592 1.3615565475065659 1.7597317853593861 2.2488458787962591 255 251 183 1.5332855532538479 9 1423 43 1413 25 1424 29 1409 85 1469 18 1348 75 1215 98 1372 84 1616 49 1563
235 1.4168212434463219 2.5678968149393628 2.0937081917723308 126 119 114 0.81702498572240312 11 1378 8 1324 22 1438 67 1227
5322 1.694281028381212 2.3591490342714265 3.1998210532045981 111 100 84 0.6922739212036414 43 1165 49 1373 84 1366 83 1547
2593 0.57989930569377857 2.9799670889134515 1.8766715613817708 249 224 189 0.2446662367837471 13 534 68 906 46 510 22 1151 18 700 43 740 25 736 84 563 49 812 58 659 73 874 59 614 23 636 40 784 36 556 71 849
236 1.4152221491967636 2.7171000825764962 2.2931197888992734 100 85 47 0.8362241748841468 11 1396 8 1337 100 1361 67 1233
5323 -0.24122430548987245 2.7906542019468139 2.8756285914556958 150 153 171 0.12463060559232214 56 1471 83 1557
2594 -0.70422437681083827 2.4917687285202668 2.9764416715641211 137 113 83 1.5781542163169295 98 1018 18 834
237 0.04054073827692032 2.583967031796826 2.341726833289191 147 126 116 0.73488971050089447 11 1456 8 1339 35 1228
5324 -0.24122430548987245 2.7906542019468139 2.8756285914556958 150 153 171 0.12463060559232214 56 1472 83 1558
2595 0.39736773578619372 2.0614276499728672 2.7167992800449641 0 0 0 0.27286167044134579 1 1285 2 1332
238 1.2848889551170586 2.7280304384946081 2.8881359001026756 0 0 0 1.5101004367985278 11 1393 93 1511 8 1343 100 1360 35 1230 33 1242 3 1134
5325 1.3977355910087077 2.2395052021478379 2.8810457518492463 0 0 0 0.46779030674331601 56 1528 83 1586 36 1576
2596 1.124689424428382 1.8999439037126276 1.5804455237528638 252 235 157 1.4088028284916416 43 390 84 8 73 23 59 185 40 162 80 42 37 34 15 482 69 2 81 6
239 1.3519020096403145 2.7374009940158657 2.7396137877776057 0 0 0 0.73133733798599576 11 1319 8 1344
5326 -0.36875236505105818 2.335690984887802 2.16563397117149 75 60 44 0.81250655781974235 56 1614 83 1621 36 1658
2597 0.74890110733962256 2.1034258798328094 1.9699343191848124 136 55 47 1.777591247854875 25 59 84 84 29 452 49 81
240 1.4865358010066421 2.8224102103860491 2.4355854227614113 135 123 98 0.58719867536176418 11 1466 8 1345 100 1365
5327 -0.61098772627687792 2.5985631924140349 2.7709214994147455 0 0 0 0.23456911457306395 49 1525 84 1580
2598 0.45529584618287644 2.9184606411938425 1.9373657062664071 173 28 17 1.1180670324501845 43 152 84 140 49 117 73 110 18 142 58 89 54 52
241 -0.15201619231917221 2.6194330493240341 2.2518576935701127 210 196 186 0.21625591049446927 93 1518 8 1348 72 1550 12 1674 77 1562 31 1473 47 1561 89 1408
5328 0.73155120718759159 2.1627750605205618 2.1641498083649413 0 0 0 1.4412064835862199 73 1715 83 1671 36 1706
2599 0.41637214759609426 2.4254590362287378 2.1672061468494745 121 29 23 1.164421797278518 25 502 84 174 49 176
2600 -0.52145258964048669 2.5534607593834724 1.5189390799573017 1 1 1 1.2116928306795955 43 216 84 177
243 0.47695885845199554 2.7070633108193229 2.0806827319690462 177 54 27 0.65796719146448424 11 1391 93 1510 8 1350 100 1359 72 1558 12 1572 77 1463 31 1465 47 1222 63 1257 67 1250 33 1260 3 1099 21 1262
5330 -0.57791039050297821 2.489041316838243 2.585050670531182 138 114 108 1.5282100058689259 56 1664 78 1758 83 1677 36 1719
2601 0.32124736702615919 2.5946443413247109 2.148145322906954 157 25 18 0.37307443629672921 18 196 84 188 49 177 73 173 78 155
244 1.4505414923329876 2.843601743599057 2.4485329090405514 0 0 0 0.13032900912587875 11 1403 8 1351 100 1367
5331 -0.10583324856024576 2.0155871446800462 2.2271014069525896 133 111 94 0.25954087329815489 73 1770 83 1716
2602 1.2192090167931273 2.3562830089516451 3.1150392305382448 71 63 56 1.5645650090183327 85 208 84 255 49 245 54 305
245 0.48729609985084321 2.7706821680611564 2.0287241626276966 107 15 9 1.1146545600249407 11 1464 93 1444 8 1356 100 1362 72 1560 35 1122 12 1577 77 1469 47 1476 63 1176 67 1201 3 1043 89 1205 21 1191 1 1102 75 1011 98 1215 9 1174 43 1176 25 1154 29 1177 85 1212 18 1120 58 1182
5332 0.65989747412299782 1.9728441854167604 2.3888650814939814 223 223 219 1.8481487535780372 59 1229 4 1452 80 1475 37 1531 15 1635 42 1657 48 1702 66 1677 88 1759 83 1720 16 1758 56 1705 81 1717 39 1716 69 1700 24 1756 60 1145
2604 1.1081745956214735 2.4309222957610368 3.1476370428866227 80 68 57 0.74628886952767293 96 264 84 275 13 420 80 376
247 1.6353515744427258 2.9270266073277438 2.6020064750007657 154 139 119 0.80527478237846173 11 1406 8 1359 100 1370
5334 1.3304746585304887 2.3615446073922199 2.9427427494110416 61 57 51 1.1024627573733019 42 764 48 1223 66 1040 88 1071 56 1190 83 1361 18 1031 84 1278 49 1211 58 1095 73 1392 78 1429 36 1370
2605 1.0869853686846056 2.4281592696164691 3.1574677719723443 70 62 50 0.98280698810603295 96 528 84 276 49 653 22 231 62 360 78 822
248 1.6371107539163341 2.9274760536713411 2.6096876843932222 154 139 119 0.63941508293518035 11 1407 8 1360 100 1371 67 1239 63 1072
5335 -0.74161334188708206 2.0015692984161282 2.2385692714777399 179 169 161 0.82329723501982432 42 1158 66 1165 88 1191 15 826 56 1326 81 1139 39 1111 69 1133 24 1160 83 1360 54 1150 62 1020 78 1269 35 846 63 955 33 932 21 1117 67 998 89 1028 1 933 82 664 2 1046 68 805 3 796 13 627 98 1115 96 970 46 633 60 512 9 1120 75 962 58 1150 87 901 59 776 23 811 4 967 76 924 7 1331 44 987 34 1234 10 1080 38 1117 32 1086 94 1199
249 1.738737015143949 2.987950067669277 2.7471981298803834 215 207 214 1.1159978533509189 11 1410 8 1361 100 1315 11 1333 22 1385
5336 -0.74708472661063097 2.4933836127001623 3.0207914569395178 0 0 0 0.7318846198269543 62 635 42 1038 56 1051 83 1274 49 1158 73 1306
250 -0.18577683644435644 2.7583180573957073 2.9451641581678811 76 74 76 0.4280907139114547 11 1398 8 1366 100 1304
5337 1.7249583652555338 2.3255398132712339 3.2416834470475147 112 121 137 1.0592875051784794 18 1101 49 1070 84 1147 73 1407 78 1557 42 1504 48 1458 88 1594 81 1456 39 1450 56 1386 69 1352 7 1398 83 1233 43 138 84 638
2609 0.37628257138894239 2.6750345756285636 2.9686634570274242 249 230 198 0.41281981792743444 43 258 84 381 49 708 73 419
252 0.12916680675825618 2.9850588586642837 2.5171045818915334 133 123 116 1.4700365908815607 8 1370 63 1317 67 1272 33 1203 21 1316 11 1409 12 1703 72 1577 93 1534 100 1372 3 1105 31 1489 77 1596 95 1334 28 1247
5339 0.95456490082766188 2.0049945161357545 1.4396684235283925 254 252 226 0.68497138675827784 83 540 36 7
2610 -0.60263431744128371 2.1574704555401425 2.0561347859113996 161 144 132 0.59014802660806487 18 344 84 395 49 369
253 0.25026157282329325 3.1120297131062595 2.0723226923685205 171 156 145 1.1838671707705664 11 1412 8 1372 100 1374 72 1505
5340 -0.33922642496968286 2.300815048562471 2.556665176489167 172 160 157 0.78688994198776507 78 778 83 1231
254 1.2281705892990717 3.2601009528212082 2.5201077771094766 66 63 64 0.28802263330624028 93 1532 8 1373 31 1420
2613 -0.7707510061179571 2.4847604602197553 3.0059260474096563 135 114 94 0.075726301772154545 18 366 84 482
256 0.41028478350661368 1.9031877999714242 2.4634527222982774 49 47 51 1.8974915649156641 11 1479 8 1383 100 1477 22 1500
5343 0.44484344479243743 2.2336768927023516 3.3724066128749879 0 0 0 1.0556676042108268 48 1680 69 1685 7 1755
2614 -0.77032035541462662 2.4872635608803608 3.0245178487068745 133 112 93 0.0078076895337998884 18 623 84 483
257 0.90361985285196444 2.1970892861134028 1.9520752806349393 118 17 14 0.92329286876178074 11 1426 8 1387 100 1383
5344 1.1768096834408581 1.7500079597170011 1.7455239296528891 233 196 140 2.2552671960652391 84 14 36 17
547 0.58613893850872723 2.7965677089955157 1.9958535830430215 255 255 255 0.57227192105876257 93 310 72 765 12 790 77 344 31 309
5634 1.3810839278041094 1.7238700164598573 2.1354217329463205 0 0 0 0.25970326284121753 6 472 70 728
550 1.3194150753210805 2.6832291328244424 2.8538610771536965 188 147 113 0.23038351769701171 100 667 72 786
5637 0.40579867339358633 2.2589954020242069 1.8153521065822558 64 40 29 1.0714855054675532 95 731 70 748
551 -0.73501677195076542 2.9365727819001899 2.668351951174075 0 0 0 1.4441077515228731 8 904 100 707 72 799
5638 0.51761402872427975 2.3817575439826473 1.7617735317963643 255 255 255 0.4473809932503599 57 459 70 749 45 731 55 736
552 0.47902890294988248 2.9451779859689746 1.8990560744786666 181 32 20 0.201972476871014 8 362 72 801 12 825 77 391
553 0.2788266314350808 3.1054890395616663 2.0569028010346821 157 25 17 0.24136144361620837 100 741 72 828 35 607
5640 0.4487184750823271 2.9185489038825163 1.9308426008320905 169 28 16 0.31190766958365046 57 515 70 815 45 820 79 807
556 0.92899028106918802 2.1599883985030282 1.9486281803894225 182 170 166 0.65456523190316496 93 851 72 911 77 534 12 553 31 508
557 0.038767385646503727 2.4409622182715789 2.1584282153595726 88 15 11 0.29357969904996878 8 194 72 972 12 689 47 999
5644 0.34693282755513005 3.0613805118335908 2.7074164149424633 145 162 193 0.60906433831919216 6 1026 70 912 55 1051 45 395 44 688 26 1023 79 924
558 -0.1750982809569438 2.6387938658372176 2.3013259918698581 92 7 5 0.27312221246787877 8 863 72 1020 12 1290 77 1212
5645 0.45810296236296166 3.3230034909875075 2.501090971816275 92 11 7 0.37678660835686717 6 1031 70 913 55 871
559 0.48273686512804265 2.7336789203896048 2.0633478070432201 169 46 24 0.43514528310889061 11 879 72 1036 77 720 47 288 67 1115
5646 0.44812139985332011 3.3215678791124263 2.5200990376194241 133 115 99 0.40829885333482235 6 1030 57 861 70 914 55 875 45 904 26 1029 79 676
560 0.55972254630240859 2.7466525922924818 1.9409284983270427 186 158 124 0.29330985619497502 93 967 72 1039 63 778
5647 -0.78143635267985756 2.9929843279240593 2.7117533411450463 35 29 20 0.31057402968797226 57 886 95 400 70 945 55 708 45 430
561 0.47552304990423616 2.872681119985331 1.9790769920075437 208 60 30 0.18029439539255646 11 1094 72 1053 67 1018 63 986 21 996
562 0.2968318932412527 3.1667347751141794 2.0149270104642363 154 22 13 0.72400428210399514 8 913 72 1084 12 1145 77 1057
563 0.15614140427795609 3.4249952401553982 2.366918901512753 121 102 92 0.38688915476701496 8 925 11 701 72 1102
564 0.15466126853759746 3.4254347088818693 2.3713601226697252 121 102 92 0.18412352230965801 8 926 72 1103 12 921
565 -0.43747504823724737 2.2979594304236537 1.7360701270157592 255 255 255 1.2676511094706722 8 1149 72 1140 12 1383 77 1304
5652 1.1223739853048751 1.8943877356412524 1.5574538987591231 39 32 23 0.34148174601684067 89 1254 70 1202 79 1192
566 -0.63818157623175209 2.6980292059434867 2.6277862910488494 119 103 88 0.69350937259127254 11 1083 72 1229
5653 0.22088829561397685 3.1334663145783743 2.2420591436969985 123 15 8 0.052410991697726055 95 1131 70 1253
567 1.5724775680773757 1.8517168537334061 2.2039596644831509 222 187 132 0.73298153569508184 22 1187 72 1281 82 832 35 996 13 864 51 1395 60 964 76 1248 73 543
569 1.4278805325307911 2.2860646950287746 1.65981629276521 196 172 149 0.687078517175301 93 1249 72 1311 31 1208
5656 1.3921569572939416 1.7522320440068626 2.1630818773615808 235 234 232 0.93665241730688731 57 1156 70 1273 55 1244 45 1221 79 1267
570 1.0590007960674066 2.3199610102011579 1.9959373946100492 115 19 16 0.50898921049861501 8 967 72 1321 12 1391 77 1308 47 1429
571 1.6453096500536144 2.4130768449276316 1.6743355557568809 0 0 0 1.4738438193287304 8 970 72 1332 35 928 77 1129 31 818 47 1314 63 1046 67 894 6 1067 1 361 28 422 26 1061
5658 0.25539292733047031 1.9594782439453515 3.3744308084081203 0 0 0 0.40997303657896744 57 1264 70 1305 55 1220 45 1193
572 1.1080750285610643 2.3171879669670754 3.2461297429048193 77 69 58 0.33122395077739569 8 1150 72 1355 77 1196
573 -0.45061315981447791 2.6222512055918346 2.7198485712393472 0 0 0 0.69631177670299094 12 1315 47 1372 72 1370 31 1415 93 1209
5660 -0.6806750527012092 2.5228797101345406 2.8272745900960881 0 0 0 0.44539057613298949 63 1009 70 1320 55 1299 45 1266 79 1188
574 0.60572010084134564 2.7992637313854307 1.9997115083825276 249 246 222 1.6402812033912229 93 1446 72 1485 31 1393 63 1088
5661 0.11326707006106028 2.7735271393890266 2.325441918126173 138 27 13 0.74023623315514941 6 1512 70 1358 55 1330 45 1305 26 1479 79 1341
576 1.0636999312776856 2.2851246891195571 1.9625051894464303 181 194 217 0.19537369953347208 8 1314 72 1527 12 1638 77 1521 47 1614
5663 0.14589233037259727 2.7337338945033531 2.2806847954251896 138 28 13 0.80974234164948999 6 1565 57 1351 70 1390 55 1363 45 1332 79 1383
577 0.60157823250307196 2.8021373112204349 1.9959940883315184 255 245 192 0.66648269542612815 93 1445 72 1562 12 1678 77 1568 31 1392
5664 0.31524624943772178 1.9981791753646743 3.297889441439172 0 0 0 0.52764734083368059 57 1352 70 1391 55 1367 45 1340 79 1388
578 -0.25305570390692683 2.7171519446376555 2.8178230525949637 191 174 163 0.0028883136141314956 8 1278 72 1633
5665 1.2601430603295274 1.7123326263667369 2.2949936318156889 243 203 147 0.42493641627705236 57 1394 70 1404
579 -0.19132500976245537 2.3893037870426705 1.7297321275507389 189 159 119 0.2927613371004083 8 1469 72 1652
5666 0.30925751510485205 3.2901580500499916 1.9979819770614491 0 0 0 0.57987347555679247 57 1385 70 1416 55 1431 45 1393 79 1424
580 0.3034665753566349 3.3793516391553688 2.2289872512508522 117 94 72 2.0945379622219833 11 1476 22 1497 72 1675
5667 0.29175004554799022 3.3860929628565 2.1272138550477666 0 0 0 1.7325276707565131 57 1389 70 1419 45 1394 79 1430
581 -0.10277509886892548 2.0252194942755382 2.3256455410724484 119 55 52 0.265267218261108 11 39 35 23
5668 -0.6665631990790033 2.779183482947424 2.7319578695042042 0 0 0 1.7584317685850679 57 1409 70 1421 55 1411 45 1377
582 0.84734167316386078 2.1787824572317089 1.9351709500642744 65 24 17 0.27762639660705324 22 560 35 76 3 47
5669 -0.77165052778014354 3.0322375167317839 2.721561676102938 66 62 60 1.1128068822732651 75 1159 70 1422
583 0.36572229733842115 2.6515628102950064 2.1309411397807829 81 25 23 0.67101616635812744 100 310 35 244 82 155 3 204
586 0.53537608924903524 2.6010959577566632 1.7632685264831816 100 79 73 1.1779131237007832 100 315 35 264 82 426 68 478
5673 0.31890588999415237 3.2544529838215519 2.6138091011692151 0 0 0 1.4425643497595899 57 1435 70 1470 55 1456 45 1419
587 0.61250718824032824 2.6336090484931058 1.7305662308911873 174 158 147 0.39369699649515999 100 333 35 276 3 217 33 251
5674 0.76154396188102125 2.8568220339671475 1.9668232192953132 82 69 54 0.53643616044279363 6 925 70 527
588 0.46283261777287193 2.8650280985024206 1.9881325487730204 182 34 21 0.35696466242081243 93 367 35 302 63 289 67 325 33 328 3 276
5675 0.88587591559394419 1.8690060472916783 1.5668723966480074 0 0 0 0.81901593019626073 31 792 89 940
589 0.35323734306744237 3.013689317163792 1.9899115793290851 174 29 18 0.40878078715505889 93 425 35 324 33 347 89 356 21 293 2 278 75 225 95 248 57 217 44 250 6 321 45 229
5676 0.90642554712643242 2.1214028984774411 1.8286906528596005 212 186 160 0.92151044676198335 57 903 55 17 45 14
590 0.68083732308793499 2.9622195744081838 1.8840623899732136 194 40 27 0.33934565639459396 22 972 93 377 35 327 82 491 68 291 68 759 13 549 51 315 46 526 96 305 98 466 60 561 9 112 25 103 62 399 87 374 59 424 23 108 40 398 76 479 52 129 61 601 64 913
5677 1.3260434701889567 2.3314301780309323 1.8805583815705906 255 255 255 0.3964735703072812 6 48 55 39 45 33
591 -0.23471513537413366 2.0216355321636814 2.4422434931303085 233 198 156 0.4710556105494223 11 36 100 465
5678 0.35818237559674676 2.2534594255453171 1.8584327883333414 52 44 34 0.45782488784567121 70 478 55 46
592 -0.29601732726829638 2.0950288501930223 2.1974594919552075 0 0 0 2.5226573741154015 22 10 35 400 33 925 3 605
5679 -0.5336323341794289 2.2433925108881305 1.8195488306836871 193 162 115 2.4533452131589457 44 83 55 58
593 0.87560116724539638 2.2721875363180364 2.0191591735478736 98 69 62 0.28861100475320367 22 595 35 430 33 431 100 526 3 373
5680 0.42545647437169976 2.0971120415249671 2.3301620876699314 77 12 8 0.48344259362691178 44 484 55 85 45 506
594 0.36194668839982203 2.2807630726721539 1.8694877721200465 55 52 54 0.3715561654366113 11 760 22 553 100 518 35 439
5681 0.52544660449470726 2.8162372248444685 1.9970153304112019 61 53 46 0.22646285456335105 44 184 55 167 45 173
596 0.5406545257305797 2.456265833859375 1.8293838936112861 123 21 17 0.34096848908712474 22 624 35 504 3 450
5683 0.48976434724873613 3.0128129405346624 1.89533050207835 165 31 21 0.32322547657681761 21 272 44 212 55 184
597 0.20517976405921637 2.6415761395449602 2.258025920204398 131 39 29 1.4113159023599471 72 736 35 516 77 718 3 203
5684 -0.20351358425796506 2.6327178899861754 2.310709935682266 215 198 195 0.55381801273700315 70 295 55 256
598 0.14255769848199248 2.7100533013511456 2.3138861660749681 112 25 19 1.1395073368645126 8 629 35 531 12 788 77 755 47 1043 33 582 3 227
5685 0.13659135926118635 2.8112247815931544 2.2390282208496752 161 35 21 0.26387295270364591 70 268 55 262 45 267
599 0.40778745828724017 2.7102855468923495 2.0981591727832867 119 19 10 0.13018717610246996 8 619 35 553 2 244
5686 0.11275664882889307 2.8298510865811153 2.2432397495482412 95 26 21 0.63500128131281197 57 264 55 263 45 268
600 0.40208607347168501 2.7226854075705993 2.0938816606182953 190 44 25 0.1909580986447767 22 328 35 562 12 335 31 304 82 182
5687 -0.31026486721921781 2.5824871374022056 2.3246362113700183 202 197 203 0.33289005087574963 70 309 55 276 45 620
5688 0.1758952357022926 1.8666823467917508 3.5783161901821421 43 38 33 0.54871021069224557 70 326 55 342
602 0.96356408982517594 3.0036644720652768 2.1440269609094766 208 200 198 0.61494329893431487 22 429 35 590 3 699 33 799
5689 0.14223878293065786 2.9890793692136404 2.5028665133857424 95 12 7 0.21571464495207182 70 674 55 351 45 361
5690 0.32743600115926391 2.6516677054686921 2.9998999369777435 66 61 48 0.59686516334755957 70 892 55 359 45 368
604 0.18005924104152399 3.5144323224405731 2.4298501947733429 52 54 62 1.0853571841399976 22 999 35 616 1 586
5691 0.37563215854700099 2.7049228528504012 2.9231593886648395 67 61 51 0.43883841410401259 70 663 55 360
605 1.090573479065277 1.8692048409432604 1.4851590075101753 61 55 44 0.10317278457686843 35 636 1 614
5692 0.29717164495097503 3.4018884436830437 2.2180191639463516 97 79 46 0.117695336985708 70 360 55 370 45 382
607 1.4821259869654364 2.4607083978709534 1.9446794496969242 255 255 255 0.10876503057672407 11 816 35 766
5694 0.30544845273556104 2.8269067046133305 2.9062668071692856 174 164 159 0.16109794083861731 70 372 55 383 45 390
608 0.68383802848766506 2.9291791171283923 1.9211791486039365 210 48 30 0.51255541699567531 35 819 63 794 33 818 3 713 67 1013 72 425 82 638 46 527 60 566 62 412 87 382 23 659
5695 0.30544845273556104 2.8269067046133305 2.9062668071692856 174 164 159 0.16109794083861731 70 373 55 384 45 391
609 0.77956345306989072 2.9365940107820019 1.9335893022651645 182 38 26 0.26901030304710999 22 961 35 820 82 492
5696 -0.7745423144514747 2.976930539597189 2.6994227752240323 24 21 18 0.33600999943833348 70 423 55 422 45 428
610 1.266259676495598 3.1024201278417749 2.4722762952328421 124 121 126 3.2686007011217209 22 990 35 823
5697 1.3152203607024384 2.4925223510910413 2.1328207259716305 3 3 2 0.70121955519551948 44 770 55 497 45 764 26 877
611 0.76977314531639263 3.3954830826913405 2.480087213767884 73 57 44 0.67608672595778418 22 1006 35 835 68 789 51 1021
5698 0.64982955171762469 2.558347271479668 2.1725430082354671 255 255 255 0.44085404526864341 44 551 55 539 45 544 26 587
612 0.52662246348281305 3.4821510302887497 2.4235548611840998 0 0 0 0.48975686480933484 22 1004 35 837 63 1033
5699 -0.3058682654753006 2.3614470389840969 2.1588208739918091 176 161 155 0.4489152992815037 70 832 55 545 45 551
613 1.0871273427970651 1.8849813434819684 1.5692497691218452 254 235 162 0.59217403512759326 100 767 35 845 33 860
5700 0.32817369079312364 2.6404133755693144 2.1224860306361806 153 22 15 0.4612219923058441 70 562 55 569 45 819
614 0.85454196314547815 2.1941574200695593 1.9489809839538934 194 181 185 0.33455411079312852 22 1055 35 876 3 584
5701 0.442321185332544 2.9815611334487655 1.939093294157725 199 43 24 0.34537021850376393 6 295 55 583 45 215
615 -0.047565742029106205 2.4149169264564492 2.0394654555654048 164 156 156 1.0999069670470318 100 1209 35 904 82 701
5702 0.46408420243735338 3.0439854591852433 1.8780207029641458 196 40 24 0.52806988097371887 44 601 55 584 45 202 79 548
616 -0.045966892801224353 2.4163737301498673 2.0483839658655234 164 156 156 0.764603815634322 100 1210 35 905
5703 -0.43917874908223409 2.4362676885551915 2.2253445101353191 38 34 34 0.27037031525104954 44 217 55 588 45 593
618 0.82360891060539598 2.8465399519415659 2.0885061024374529 168 31 28 0.14058838612455751 22 1145 35 968 3 852 82 887 68 1022 13 837 51 1161 96 767
5705 0.28438806773493575 3.1640946904840859 1.996805841348203 168 33 17 0.25811376323142321 70 272 55 616 45 273
620 0.88688164996982355 2.2835773937799271 2.0188354894802085 223 218 230 0.14851866858890103 22 1209 35 1026 3 777
5707 0.14365792736042141 3.0034835346143396 2.5040171227481238 83 8 4 0.24204868284975004 70 357 55 670 45 362
621 1.4796746232876998 2.2180792634281183 1.6851430950734698 0 0 0 0.70764656805961079 22 1092 35 1030 33 873 3 920
5708 0.47816321411305329 3.4051346005497547 2.4286062989252954 83 13 6 1.5063725581768275 70 915 55 682 45 693
622 0.71930874647473486 2.3299450920914078 1.8416548210572137 55 52 56 0.77500779736295156 100 1336 35 1040 3 934
5709 0.31608067450888622 3.0077464813622758 2.7614435281571206 122 104 86 0.26252284171112356 70 700 55 685 45 700
624 0.15811014152847996 3.3943702453350326 2.3779305124108276 0 0 0 1.3311429235759067 22 1296 100 1262 35 1077 12 1616 77 1599 33 1004 3 889 89 1355 21 1043 6 1455
5711 0.73042510573229358 2.1836845630117123 1.8216047971577727 255 255 255 1.0236675623355707 70 24 55 722 45 722
625 0.48424194932630066 3.4881932153501958 2.409987129639072 0 0 0 0.72739816790354705 11 1256 22 1388 35 1078
5712 -0.28976000752131664 2.2892983696690137 2.1530947505720341 181 164 157 0.93982742010144094 70 820 55 770 45 788
626 1.7932406952502791 3.0776699577237863 2.7228857960683648 0 0 0 1.0235784519805966 22 1454 35 1123 33 1125 3 1021 1 990 51 1529
5713 0.29171467162091486 2.5652692894906286 2.213795780207704 182 166 143 0.10275728200657565 70 825 55 801 45 814
627 0.80055115409922906 2.9832531981989603 1.9124235101637954 191 173 168 0.21362529923420753 22 1379 35 1128 33 1146 3 1051
5714 0.18707608181018343 2.6252472601997066 2.2651800371451327 140 28 14 0.013834087272380158 44 839 55 810
628 0.091809592758091307 2.9337357545689713 2.5415976072140438 0 0 0 0.37968220741334663 72 1496 35 1185 12 1482 77 1495
5715 0.099583882525308365 2.8987475914362841 2.5650224239311394 167 157 151 0.051016183176451478 70 898 55 855 45 671
629 0.9301037318472356 2.9519463984291479 2.1056115388290388 199 36 34 0.60854249575255459 100 1317 35 1190
5716 -0.74068311813149701 2.9494128437933216 2.696364234197798 0 0 0 0.55491889608233291 70 944 55 887 45 915
631 0.59772198520263986 2.5248309372060747 1.7927547664125598 170 158 156 0.89592098296549627 35 1236 67 1302 33 1250 3 1147 75 1105
632 1.421058895261762 2.7963184862044099 2.4080252678350473 96 87 77 0.56102332905061159 11 1511 35 1269 3 1194
5719 1.4761893019525885 2.3094815743463339 1.6836234159274626 0 0 0 0.76431296293833439 44 1132 55 894 45 924
633 0.53121657002441525 1.7848058962479068 2.6622142113198155 0 0 0 1.0454516470970561 93 1384 31 1343
5720 1.4350882345961091 2.2737678643268242 1.7281621714995916 240 207 137 0.46057022609538839 44 936 55 895 45 923
634 0.14806139564594517 3.0305835057205757 2.1343450531249704 0 0 0 1.2773738487209276 22 1588 35 1319
5721 0.46624740463911502 2.3242657182324074 1.7704322347409831 80 8 6 0.38361701166357304 70 970 55 909 45 1055
635 1.1945713534128912 2.6595909875697643 3.0358438974869455 0 0 0 2.2086466789343371 100 1303 35 1052 11 1219 8 1266 22 1370
5722 -0.25704285080785094 2.3458486280315625 2.068555472436624 86 8 5 0.21902019665960981 70 802 55 940 45 946
636 0.6900957975131351 2.9512622153267114 1.8978534438451893 254 251 237 0.31983554648570589 11 908 8 891 72 1064 35 975 11 1110 22 1152 12 834 77 774 31 955 67 1014 33 980 3 873 82 794 68 909 13 715 51 1144 46 681 96 556 60 718 87 636 59 632 59 802 23 657 23 844 48 107 66 67
5723 0.54749699613017389 2.7436218147973035 2.0332581652781117 126 112 107 0.25907305737967179 44 1025 55 959 45 957
637 1.1668543212336862 1.8559887317434309 1.6544310449593225 224 187 137 2.4919482187497417 8 6 12 1
5724 0.50462601726713652 2.8010966663973207 2.0037301079648153 125 138 128 0.46434062954742322 70 1019 55 961 45 810
638 0.16217281030890643 1.6869941991768136 2.8720702834129961 72 64 50 2.4536451647598905 12 43 67 65 93 859
639 -0.42488490457266459 2.2542171635435642 1.6825093610230766 231 192 142 0.77141874871736271 72 66 12 66 31 124 89 514 95 517
5726 0.19314723733420203 2.6348784533995273 2.2546488745261919 247 228 190 0.42614092061574377 6 969 44 1038 55 979 26 920
640 1.1112795423445954 2.1985682770981558 1.9816931213261295 52 37 40 0.57160020064636907 8 54 12 88 77 548
5727 0.29711295349256195 3.2098206636628666 1.9782916897594869 194 173 155 0.31817774347860261 70 1044 55 995 45 982
641 0.51479496113100365 2.3189494242351416 1.7353759415762826 152 133 109 0.58675169703144836 72 92 93 92 12 100 77 560
5728 0.28148606417505306 2.8879929832918267 2.8415113339796751 134 121 112 0.083819444366729765 70 909 55 1044 45 1024
642 -0.35681546982681644 2.3257515467342307 1.7819077909333081 255 255 233 0.71158691988282774 12 119 77 134 72 85
5729 0.42162663491050956 3.409918658879894 2.3854123602365167 146 126 112 0.77082976541768111 70 916 55 1047 45 1027
643 -0.35681546982681644 2.3257515467342307 1.7819077909333081 255 255 233 0.71158691988282774 12 120 77 133 72 86
644 1.3526794689691384 2.4047253036461056 1.9902248543125298 170 150 134 0.27740510480348329 93 84 12 153 77 154
5731 0.27370069115311868 3.1783417709930242 1.9874219779994369 200 175 143 0.31628830440735162 57 1193 55 1118 45 1089
645 -0.12004770693695832 2.4567869094108157 2.0738859007236758 202 183 167 0.45365046771666967 72 196 12 221 47 238
5732 0.28875967825863236 3.2133464018389688 2.0026784657408858 124 49 34 0.60900581894350092 70 1167 55 1119 45 1187
646 -0.092741422518143893 2.4531754417440816 2.0751415541253304 252 255 255 0.40077094375441374 93 219 12 222 77 209
5733 0.30284859323892799 3.383727655057899 2.2577160634326194 108 12 7 0.42101075983429875 70 1083 55 1139 45 1019
647 0.076919029672674652 2.4241695554768481 2.1398064570052102 42 3 1 0.1362067302946042 72 203 12 226 77 640
5734 0.50894311211282439 3.4337129189906781 2.4681842291692733 171 161 158 0.91049470450009284 70 925 55 1146 45 1115
648 0.29634111909731981 2.5775388404894302 2.2129627641863734 110 40 35 0.16156320819108835 8 259 12 268 3 188
5735 -0.49141981767269055 2.8823229004249753 2.8532145139492302 165 153 143 3.2632206109175277 57 1038 55 1152
649 0.39618801142237514 2.5323920195015011 2.1989671726017916 123 54 59 0.25363148702612809 93 232 12 270 31 243
5736 0.57121645603981752 2.8194049681335223 1.9795193852642594 255 255 255 0.21810959008984887 70 1287 55 1197 45 1166
650 1.4080256934951871 2.6351521442864416 2.1865026941871046 149 38 36 0.49868084310105948 93 200 12 284 77 685 31 584 47 278 89 534
5737 0.50888196368586935 3.042482330492287 1.8750064142083471 148 23 14 1.0137656573351372 44 1369 55 1200 45 1171
651 0.026761690436505618 2.5787439422803291 2.3236847917332444 196 171 153 0.048654534702845358 72 280 12 297 77 301
652 0.99228799132371792 2.2891332402209743 3.2376040965483113 185 164 145 0.57290999799104581 72 264 12 311 77 262
5739 0.32728239742997717 3.3943100790224685 2.2224153386652263 191 165 139 1.3033612026761474 70 1260 55 1227 45 1205
653 -0.32516144294076882 2.5638056063603822 2.3369932852936817 54 7 5 0.8511147502680062 72 707 12 331 77 710 93 720 47 1228
5740 0.45849262192216761 3.4020071270701533 2.5189100514442533 0 0 0 0.74741232618803766 70 1189 55 1230 45 1113
654 0.60355084892221744 2.781199276598187 2.0022144625472245 255 255 255 0.39815301440662004 72 768 12 338 77 345
5741 -0.5954721411098175 2.7178964532091499 2.8757991071430165 5 4 4 1.4859129397755793 70 1265 55 1236 45 1272
655 0.48853841254045166 2.8212181755775054 2.0078261410796401 199 65 31 0.31911700344090865 93 339 12 353 21 237 2 541 1 265
5742 0.35703478614941886 2.0283093412540727 3.2656096727684893 117 108 105 0.43162403620928758 70 1300 55 1285
656 0.73847355532985848 2.8498341002603067 1.9775102473261947 117 40 35 0.061715934119054038 93 315 12 356 77 738
5743 0.24907735653213842 1.8872611945657829 3.5038849535880656 172 164 167 0.36198992129579582 70 1303 55 1290 45 1260
657 0.81370141296787946 2.9848193660637139 1.8960156755225517 239 248 253 0.14657393795973495 72 458 12 400 77 395
5744 0.24907735653213842 1.8872611945657829 3.5038849535880656 172 164 167 0.36198992129579582 70 1304 55 1291 45 1261
658 1.1490682573910147 3.0570628478814879 1.6609208509593327 241 246 252 0.28403746162756854 11 686 12 404
5745 0.34017465880958109 2.7519540750974776 2.6961397642030964 160 149 148 0.36127379525983522 70 1309 55 1292 45 1259
660 -0.76713512803747541 2.9981767798194818 2.6823094004115151 89 80 63 0.25972469889937788 93 795 12 458 77 456 31 785
5747 1.0995827713443742 2.0471601568120739 1.6829600332568326 144 134 121 0.35497955807735321 44 1411 55 1304 45 1277
661 1.4570392212981327 3.0659429974136532 3.4767259701280784 1 1 1 2.9123749183610217 100 723 12 471
5748 1.3501524911475757 2.4026018265106708 1.9260107088463341 0 0 0 1.3748145280999393 44 1473 70 1328 55 1313 45 1281
662 0.22842436266661578 3.2677319341980646 2.2965215907098302 142 118 89 0.101966462956521 93 470 12 482 77 831
5749 -0.55346240601576913 2.4723342226063436 2.2619856707835524 169 158 157 0.57068594368032877 44 1373 55 1325 45 1331
663 0.78451685817164984 3.3421065143230173 2.4945704988898476 40 28 21 1.3036428345141193 93 460 12 487 31 443 63 355 67 377 33 354
5750 1.0393618775755791 1.7936833158508996 1.7730715264439736 199 165 116 0.55693094797657894 44 1504 55 1380 45 1350
664 0.47787607542528959 3.3829087901426873 2.4582245014570714 70 60 56 0.24847181038232141 72 860 12 492 77 492 47 493
5751 1.0393618775755791 1.7936833158508996 1.7730715264439736 199 165 116 0.55693094797657894 44 1505 55 1381 45 1351
665 0.18058823354250184 3.4107724596783808 2.3721395292932628 61 52 45 0.14241316581807104 72 506 12 496 77 494
666 0.52857476398844727 3.4534508437114826 2.4165576090953063 68 60 54 0.14034388218663851 72 866 12 499 77 501
5753 0.39882584111780595 3.4593130033863106 2.301057744633042 0 0 0 1.1039951049802623 70 1399 55 1409 45 1397
667 1.2686950811100715 2.11420232160128 1.3961249098846664 182 155 119 0.90593245502361108 12 509 77 511
5754 -0.64303304476462964 2.7076242912979356 2.7784258867554201 125 114 100 1.3195883018576562 70 1420 55 1410 45 1398
668 0.98321589011920651 2.0989157154740981 1.5180646867603456 200 163 111 2.385615127516818 72 872 12 511
5755 0.88081960230920231 2.1147858745317154 4.538718185051497 45 39 34 0.04083829863833946 6 1615 55 1415
669 0.9865936723185289 2.1776662110357257 1.8936073174114776 255 255 255 0.17700312293153503 8 462 12 555 77 870 47 903
5756 -0.4460060543816069 2.332411018904951 2.1239743016374142 205 190 172 0.86151495016253277 70 1430 55 1425 45 1387
670 1.1188876943573498 2.1463021250153109 1.9185431319364243 255 255 255 0.2625065529974549 93 519 12 556 31 37
5757 0.13228706368964585 3.1839533376989193 2.0930046062632637 139 23 12 0.75568474772304439 70 1456 55 1437 45 1402
671 0.55072087955192583 2.278461334486328 1.7286858366996936 170 158 147 0.21580356693921321 8 478 12 568 77 541
5758 0.242253544243203 1.6684269923031818 2.7994732859893121 111 100 86 0.5010802987271864 70 1465 45 1407
672 -0.43154725759166623 2.2630144761373474 1.6962344630965678 57 54 53 1.6256485363073567 12 575 77 885 21 785 72 905
5759 0.46321879409449912 2.0391423272360476 3.3202206523090463 115 103 94 0.78312444039899087 70 1461 55 1445 45 1409
673 0.52168714358122625 2.3237176936764787 1.7474360872069878 37 29 26 0.67596048460905389 93 568 12 588 77 562 31 90
5760 0.5459274602002876 2.8395876239692481 1.9843434101245003 115 25 23 0.9667833011411755 6 943 44 823 55 790 95 783 70 811 45 811
675 0.46185333225374098 2.3978040687532158 1.8527701684161433 3 3 3 0.15608762274316001 72 626 12 623 77 591 31 562 47 104 89 507
5762 -0.77953410340345297 3.0368504815448287 2.712802068721146 64 57 47 0.75171245716126323 12 1794 31 1579 47 1683 55 1416 89 1528 21 1359 6 1619 95 1370 44 1500 57 1392 45 1378 79 1440 28 1402
676 0.62102138154459285 2.408969804071293 1.830072574254219 255 255 255 0.23647015833255255 8 788 12 624 77 911
5763 1.4493610129584433 2.2533050055129165 1.6789758930244227 63 54 46 2.1449615840618557 6 1658 55 1382 11 1524 8 1460 89 1534 45 1352 26 1601
677 0.65029164591050548 2.4404241013856405 1.7986861105507028 148 56 49 0.14208825199780495 93 141 12 627 77 592
5764 1.1126652321651394 1.895684695625959 1.723132944132407 255 255 242 0.68233841481678936 44 1129 55 1067 45 1046
678 0.66453497740960477 2.4383251190340993 1.7935009387260081 255 255 255 0.14874227630473147 8 158 12 628 47 107
5765 0.37151997470593323 2.207696286010941 1.8549395853850612 255 255 253 0.17358835124383365 55 28 70 470 45 28
679 0.46624151045626538 2.4768832359261466 2.0255589569038031 91 84 79 1.8695663769268434 93 185 12 674 31 574 89 539
5766 0.39816072052691187 2.2743872120045969 2.137535867687208 80 77 71 0.43643261920575277 55 89 95 487 45 107
680 1.4188098528198021 2.2353699627870545 2.8209150281036375 57 52 46 0.20442760614373853 93 597 12 680 77 630
5767 -0.34521539048672489 2.2604477381002912 2.2345227301922472 166 154 150 0.55644792476385241 55 149 70 830 45 156
681 0.29338654907139877 2.5649533716224937 2.212779219504712 189 168 146 0.54070235695451518 72 712 93 953 12 731 77 678 31 923 63 775 67 808 8 847 21 788 1 736 75 651 98 764 18 749 58 749 55 802 70 826 89 859 62 464 54 744 45 815 6 937
5768 -0.34521539048672489 2.2604477381002912 2.2345227301922472 166 154 150 0.55644792476385241 55 150 70 829 45 157
682 0.45560867792148013 2.6057636289130666 2.1466208438646142 114 12 10 0.2373953920939412 72 1010 12 735 47 270
683 1.3158248177710521 2.3705923661152952 2.9705143838437125 0 0 0 0.25928248250604097 93 639 12 739 31 204 47 338
5770 0.49584197326271046 3.0654207853056685 1.8481279977179124 83 30 27 0.30258687285093328 55 190 70 584 45 203
684 0.22250585891441682 2.6232050144833732 2.2559202363374071 122 31 24 0.65470295649443699 72 735 12 764 47 744
5771 -0.52872433288789888 2.4475027127501283 2.2390859447225524 187 205 240 0.12728123106319036 44 236 55 231 45 224
685 0.3607326995875616 2.7323121376693331 2.1043308298264973 195 60 31 0.53020501574503043 93 706 12 767 31 693 63 554 21 567
686 -0.43635831657216712 2.5882998251708007 2.703661927017698 92 81 73 0.11994651786791706 72 730 12 803 77 752
687 0.46433079192576115 2.9535484383808845 1.9042275110487561 170 24 16 0.25300150624316692 72 434 12 828 77 771
5774 -0.3395058762707292 2.5646997905654318 2.3327951565626477 92 11 7 0.11813263662440292 55 626 70 639 45 619
690 0.31406285684218244 3.1693808171137046 1.9972235236805769 163 149 126 0.71831439216471116 35 829 12 877 77 814 33 839 3 724
5777 -0.61136783237886283 2.0792250415171969 1.9262553767846406 189 159 112 0.84910860311974656 55 1078 45 738
692 0.24295384828040745 3.2716553857326347 2.2988753300529003 86 58 50 0.69116939201860572 8 402 93 796 12 907 77 833 47 865 63 637 67 680 33 370 3 522 1 577
5779 0.17094809061163424 2.7421071809932651 2.2673883093083185 132 24 11 0.30559097108391403 44 619 45 835 26 657
693 0.77060122365316264 3.3068640773586626 2.5192927891770487 59 55 55 0.37443315690180085 72 1098 12 908 77 834 47 872 89 1117
5780 0.18522212782186823 3.265805264518824 2.3061710865712439 112 17 9 0.21857870847462943 44 672 70 676 45 887
694 0.74556281620817744 3.3196461611860761 2.514390004125703 58 54 54 0.42401888539561444 72 853 12 916 77 835 63 621 67 664 89 924
695 0.49818178676690272 3.4550842927937522 2.404583542927432 51 42 36 0.31369806214915358 72 512 12 923 77 498 47 500
5782 0.55823643651618482 2.73541763291826 2.0114828995654697 0 0 0 0.70767431443289563 44 806 55 958 45 956
696 1.0849525379061953 2.0641336346483863 1.9241417338755185 255 255 255 1.1226062619393546 72 886 12 944 77 852 31 487
697 0.51800516416869613 2.3075659035045293 1.7320650401221156 104 18 12 0.24771962312784587 72 922 12 961 77 891
5784 0.44572497986482768 3.3575431566692853 2.5227931660425034 149 156 131 0.2399581974196773 55 1053 57 1018 45 1031
698 0.38824123524559984 2.3939038635825174 1.9732904581678554 255 255 255 0.39270810547367335 8 527 12 994 77 922 47 605 33 517
699 -0.005092692411329626 2.4082480185502453 2.121570721723276 136 23 19 1.1152705180008236 72 971 12 1001 77 947
700 0.41006125387134978 2.5140387266108108 2.2059111566615544 255 255 255 0.15184184980256682 93 1149 12 1043 77 960 63 958 67 983
701 1.1932387230008685 2.4972808922099206 2.9252757177685558 250 251 253 0.20907729476547654 72 745 12 1075 77 1202
702 1.3208182381286599 2.5810018998893858 3.111101484462282 70 66 58 0.27003103496849118 8 843 12 1107 77 1007
703 0.3342937052116125 3.2223531289878071 1.9596620595219869 139 119 98 0.46689370895169818 72 841 12 1148 77 821
5790 -0.74837928878935045 3.0730841592110765 2.768901422190222 0 0 0 0.30172354839045656 55 1239 45 1121
704 -0.37509105359292161 2.3106956030123462 1.7556638297612908 255 255 219 0.73186646364753571 72 1305 12 1223 77 1306
5791 0.29984153904812971 3.3929966709218795 2.2101266093700733 181 157 135 1.0159139663641827 55 1226 57 1209 70 1259 45 1204 79 1238 55 1295
705 -0.11909215640452578 2.4433015819266659 2.0710315610321066 25 23 22 0.11540894141431218 72 1187 12 1255 77 1165
5792 1.3588973616092208 2.2405741388372475 1.7160342303003417 0 0 0 0.70987459050256752 55 1243 70 1367 45 1278
706 -0.11909215640452578 2.4433015819266659 2.0710315610321066 25 23 22 0.11540894141431218 72 1188 12 1256 77 1166
707 -0.049998239303684779 2.4588695702950822 2.0804477035729958 123 23 20 0.28610819223992612 72 970 12 1258 77 946 47 998
5794 1.1137474609982674 1.9649422846450915 1.8396512473847413 0 0 0 0.70872848994225401 44 1540 55 1451 45 1406
708 1.0338978114993773 2.251296633128911 3.3111236307222551 171 150 128 0.22015675756228081 72 1202 12 1277 77 1195
5795 -0.77852247112722617 3.0358812987050183 2.713840369144132 66 59 52 0.74664928688424537 12 1793 31 1578 47 1682 55 1417 44 1501 70 1423 45 1379 89 1529 95 1371 57 1393
709 0.41294027956956358 2.6205656494054486 2.1527060759886187 119 18 11 0.34438820820520494 72 1360 12 1283 77 1201 47 1018
5796 -0.54238956023361573 2.3550857467912989 2.2696770869396063 169 28 16 1.8522273537823661 55 1399 45 1367 6 1602
710 -0.17719124609754802 2.6378814407761926 2.2947853005001089 105 14 8 0.80396456158337393 93 1188 12 1289 77 1213 77 1351 31 1304
5797 -0.578740507445337 2.2850575975229441 2.2121841641933577 153 31 23 0.48768792706280734 55 561 45 181 79 212
711 1.0399382320544324 2.442326498872605 3.156177607432634 83 72 56 0.17946245539676564 72 1225 12 1297 77 1206
5798 0.11176150876659099 2.6986696433545205 2.3227346425639834 136 28 13 0.053207020934225746 70 265 45 627
713 -0.14188190355472916 2.6591851235647734 2.3223665213323819 208 204 219 1.2915687931863027 93 1190 12 1305 77 1002 8 305 47 1364
5800 -0.38487933169255301 2.4532428151271222 2.4405695524791819 146 129 119 0.060752749868182847 55 989 45 984
714 -0.45083063203818746 2.6031818625704455 2.6953496699988841 208 195 193 0.8203653841973686 72 1019 93 1208 12 1314 77 1228 31 1169
5801 -0.76812767672574656 2.4634680975732319 3.1341665823916829 77 70 59 0.41454750159177656 55 1066 45 1043
716 -0.22515102693591493 2.7377301590226564 2.8673938899764271 126 118 96 0.62442318802626384 93 1218 12 1341 77 1258 47 1264
717 1.1599583378840959 1.8962618531447923 1.5772866499226763 252 212 158 0.50983324119136042 72 1593 12 1363 77 1385
718 0.92213304105022698 2.125805633954629 1.9285263665584089 119 105 87 0.87630330330389639 72 1292 12 1378 77 1292
719 1.0581659544527326 2.3200864996184043 1.9950033909968257 120 22 17 0.61756787072103181 8 968 12 1392 47 1430
720 1.0825577233099917 2.3196892316241566 2.0565607718765579 255 255 255 1.5500595561571877 72 1322 12 1393 77 1309 47 1325
721 1.4569987844194325 2.4487721887284764 1.9335807477886695 15 14 13 1.3078319762177719 72 1456 93 1092 12 1397 77 1312 47 1328 63 687 89 491
722 -0.11290734265988769 2.4177053955945169 2.0431040838186818 94 77 66 1.2937357694742906 72 1177 12 1406 47 1337
5809 -0.20367017242719196 2.4112874278934466 2.047975305313352 62 57 60 0.17072837491669968 45 540 55 530
723 -0.1371898798741964 2.4324659794327799 2.0646636388340802 196 179 170 0.28270129901350044 72 1334 12 1420 77 1327
724 0.41954971933492546 2.5272905071561604 2.215838373926263 120 20 13 0.60871020437503753 72 1207 12 1440 77 977
5811 0.23070871033516738 2.7138401672708641 2.2070574764792679 177 38 19 0.26869608932592032 44 247 26 272
725 0.57529831519445751 2.7847758597373105 1.9719605764377313 142 31 23 0.38913866341658254 72 1484 12 1457 77 1471 31 1284
5812 0.095074214984329511 2.8780641426948881 2.5557800738860501 110 12 8 0.083784506576843068 6 762 26 718
727 -0.55570314145524691 2.6744041925811772 2.8469086439221454 0 0 0 0.96274414669202968 72 1481 12 1474 77 1488 47 1497
728 -0.23172430364935021 2.7097690981143039 2.8617174727875039 0 0 0 0.28224638076883052 93 1353 12 1476 31 1310
729 0.32199523027830879 3.1940954129728416 1.9677481363163873 161 26 15 0.1841872791719861 72 1395 12 1488 77 1374
5816 0.47332795380491838 3.3946487276834358 2.4872514484275565 124 108 104 0.5028639561362177 6 795 44 694 26 775
730 0.19848866442789967 3.1610160440868995 2.262862252227976 3 2 1 1.3253809841997193 93 1366 12 1489 77 1375 33 1086
731 0.22842526578746572 3.1896735742055333 2.2540693902462245 149 134 122 0.38278694271908159 72 1269 12 1490 47 1277
732 0.17917871761964863 3.4494424752460713 2.3715218941392298 194 214 233 0.28990630419395091 72 1404 12 1500 77 1277
734 1.0548991349004322 1.948979101917039 1.5481204823711578 203 168 115 0.74078556900032011 72 1509 12 1503 77 1384
5821 0.33586710940444675 3.0761058855490941 2.7263467163353403 224 242 251 0.75403176059549748 6 1029 44 1106 26 1024 79 926 57 645
735 0.9068460039219941 2.3245882542419918 2.0292210033391127 93 10 7 0.65669151804278891 72 1444 12 1531 77 1414 93 1401 31 1351
736 -0.63541529100642635 2.5241189488185753 1.557150041544618 255 226 151 0.17088665464304104 72 1172 12 1533
5823 0.28543486821883468 3.3352305541463876 2.241265105915172 112 13 7 0.22160303361202294 44 1094 89 1127 26 1215
737 -0.058318216697708994 2.4463286749461206 2.0701428361129417 212 204 215 0.1409798473906391 72 1335 12 1553 77 1431 47 1338
5824 0.16520068364969356 3.5144730121977248 2.430512827257242 0 0 0 1.0390498201756992 45 1041 26 1228
738 0.38924688015694386 2.6148196015164453 2.1699992100126084 211 76 38 0.46675581801800159 72 1468 12 1569 77 1456 47 1464
739 0.45240107597994955 2.7832521932806871 2.0382889564476794 196 54 27 1.1763295945668868 72 1483 12 1576 77 1470 47 1356 67 1261 33 1135 93 1345 89 1308 21 1195 1 1156
5826 0.1563881803057284 3.4579955934866677 2.4103377322930926 0 0 0 0.52478673006383314 89 1137 26 1356
741 -0.18089532507523406 2.7554207670840722 2.9234272019104033 72 69 66 0.36981878177102423 93 1354 12 1603 77 1491 31 1313 47 1393
742 0.22787244952030758 3.2471590236434169 2.2623620126906054 0 0 0 0.38446953464900341 72 1506 12 1614 77 1503
743 -0.50359204181705619 2.2889003484674957 1.7279072172346337 214 177 122 1.0272606485353473 72 1517 12 1635 77 1617
5830 1.4568899477982038 2.6670275210156826 2.1932502356589887 255 255 255 0.45306846095811654 6 1397 26 1464
744 1.0048697754735201 2.3480825814704063 2.0220399736832819 202 197 205 0.55183399004796529 12 1646 77 1415 47 1537
5831 1.2947564798431326 2.3305314329174642 1.9232004344341367 255 255 255 0.62284905630717513 6 1624 26 1606
745 -0.11028977747537344 2.4746425526396321 2.0888674019361684 198 182 175 0.19142107380256249 72 1537 12 1663 77 1550
5832 -0.61752362578779918 2.609499307125986 2.7180409664967482 0 0 0 2.7517737672678302 6 1696 26 1672
746 -0.11020927353440145 2.475647091363379 2.0851309382496046 198 182 175 0.24436958106318649 72 1536 12 1664 77 1551 47 1626
5833 1.2061087183343371 3.2799239348634615 2.5326934311638292 34 29 26 0.52147204361310018 77 1072 47 1114 26 750 44 334 89 696
747 1.4449866769760911 2.7810120037664587 2.3358209857491294 0 0 0 0.34942070262694158 93 1501 12 1681 77 1570
748 -0.40990366561533276 2.6252094314299677 2.7145170904395752 207 194 193 0.63716693902269872 72 1557 12 1682 77 1576 31 1481 47 1580 89 1427
749 1.1117801771140823 2.2768477384079322 1.9572429483802094 184 59 46 0.20750480923712136 72 1613 12 1716 77 1616
750 1.3489941996139996 2.4547292973613719 1.975848040536218 182 70 48 0.96001978748275041 93 1549 31 1508 63 1290 89 1450 6 1545 44 1342
751 1.4676559958100239 2.6104724470869596 2.1689353339334811 0 0 0 2.1699733425823813 8 1328 12 1734 77 1554 31 1264 93 1421 63 1142
752 -0.46213112115159538 2.5737657838719699 2.6855018944370221 199 184 183 0.18926214580686671 72 1625 12 1746 77 1652 47 1643
5839 0.87007091406363113 2.0034405700334399 1.6199340747797852 198 166 116 0.81047858549986973 28 419 79 16
754 -0.59258494604861001 2.6523811841134686 2.7739900963892681 179 161 146 2.1914145389282274 8 1364 12 1750 77 1656 47 1648
5841 -0.32766208058481067 2.2546805891401469 2.3724509987634108 6 5 4 0.088540257116425741 71 352 79 206
755 1.3950047998951729 2.8613247737827656 2.434962280196276 147 133 124 1.2142091560908943 93 1571 12 1756 77 1658 31 1532
5842 -0.32766208058481067 2.2546805891401469 2.3724509987634108 6 5 4 0.088540257116425741 71 351 79 207
756 1.3950047998951729 2.8613247737827656 2.434962280196276 147 133 124 1.2142091560908943 93 1570 12 1757 77 1659 31 1531
5843 0.10980122786929222 2.7694400452616623 2.2768849913757974 134 31 16 0.32606036145426137 6 343 79 244
757 0.23639198392267374 3.3443879880173699 2.3050845246962099 0 0 0 1.334263926506192 72 1644 12 1795 77 1703 47 1685 89 1559
5844 0.3838577386210224 1.863271312271078 2.702294262310315 54 42 36 0.13794389882777791 95 934 79 519
758 -0.21750189283441743 2.3855319854826167 1.7340567033649643 203 170 125 1.7066532734701449 93 1639 12 1803 77 1712 63 1398
5845 -0.28949856744435432 2.3800563929789806 2.157734936039498 195 178 167 0.50081999954859835 57 563 79 558
759 -0.51831407465562207 2.614402833376209 2.7297496316514347 0 0 0 0.89893660224696104 93 1624 12 1820 77 1733 31 1593 47 1708
5846 -0.59091610348702039 2.2513800756418108 2.2009535737011832 169 157 155 0.50589739704572723 70 590 79 565
760 0.57417657649201104 3.0718872547770024 1.85407363360874 54 48 34 0.26595594987047133 72 1696 12 1825 77 1738
5847 0.3723300047076446 1.9314223810160716 3.2052031663889622 225 201 198 0.30213125490653858 28 583 79 603
761 0.57590116536242153 2.4254470286404382 1.7810538720513525 133 27 21 1.2736346083283756 93 1638 12 1831 77 1744 31 1604
5848 -0.29069512143537363 2.2783656215990553 2.5359930030393785 71 17 12 0.12547385795580143 28 627 79 612
762 0.58270992988071091 2.8878285336520721 1.9940569172995823 150 22 16 1.2385607374178582 72 1709 12 1837 77 1750
5849 1.121860480408335 1.8591639314490873 1.5614879545015303 255 255 243 0.058229527446221244 70 425 79 711
763 -0.45763951154851096 2.3378306245151421 1.7691765599799167 230 193 142 1.1095213385329556 12 1878 77 1780 93 1679
5850 0.32085478231797704 3.2224792273869833 1.9620777773859821 233 200 189 0.050714400943463536 57 978 79 842
764 0.80091356339673792 3.377710567744332 2.4634185540401496 55 48 44 0.40647143816308695 11 937 22 1000 12 1161 8 688 72 863 77 1076
5851 0.12134849441215501 1.9444339932548167 3.0350637917640491 138 131 135 0.23792943531719868 95 790 79 1027
765 0.48199611500117984 3.0263060574449234 1.8871827876434919 255 255 208 0.94823277862618638 11 912 100 953 22 969 72 814 12 845 93 1215 8 1080 77 1046 31 1165 63 998 67 1022 89 1086 21 1003 2 921 25 895 84 889 49 814 95 959 70 1026 55 974 45 965
5852 1.4684574433172128 2.1736514232024646 1.7233012113415591 0 0 0 0.076395186787391864 45 921 55 893 79 1093
766 0.072042557169975402 2.92206996952955 2.1921116767236462 0 0 0 2.208720528209922 8 1369 12 1604 77 1492
5853 1.4046508202618391 1.7426341349072112 2.2229582739994234 0 0 0 0.16388756111207242 70 1106 79 1095
767 1.4282008931336174 2.3014265558782352 1.6683885571110368 168 147 128 0.27394737498545185 12 63 72 109 77 51
5854 0.49474621000170593 3.006190462012686 1.892408506578753 193 35 22 0.11919717629999821 57 1086 79 1132
769 -0.41416352279536284 2.2582461114919141 1.6744246427698435 66 61 53 0.11726581073832026 12 67 77 81 31 555
5856 -0.78268144322231747 2.4719101173394371 3.1137652924783592 83 76 62 0.42438791648865137 57 1289 79 1318
770 -0.41416352279536284 2.2582461114919141 1.6744246427698435 66 61 53 0.11726581073832026 12 68 77 82 31 556
5857 0.33455307088465253 1.9082397068411803 3.1685760585144203 0 0 0 2.355504813623436 45 1303 79 1342
771 -0.060348154816722621 2.0600794263501148 2.2181126564701672 127 81 76 0.80194648388207612 72 43 21 157
5858 1.2530837842290934 1.6753362715458811 2.321577965218566 255 255 255 0.67283735451611215 70 1324 79 1362
772 0.012445396813753985 2.0502984084695988 2.3206034103621178 159 143 132 1.812644352090115 12 93 77 89 47 586
5859 1.2530837842290934 1.6753362715458811 2.321577965218566 255 255 255 0.67283735451611215 70 1325 79 1363
773 0.013017207644927829 2.1095108511399365 2.1899461346229101 100 59 46 0.98800839478282754 93 118 77 90
5860 0.21307054201301634 3.199860202421255 2.25509164515034 102 107 106 1.3209313108062275 45 1374 55 1407 79 1429
774 0.36563470417755667 2.2817493247312641 1.8839983452433835 98 84 70 0.096491751915309495 12 96 77 113 47 78
5861 -0.76702738989814878 2.4826461622164078 3.1176687469646898 82 75 62 1.0711747291801257 28 1365 79 1439
775 0.72825750106501175 2.4503361260119747 1.9197235872290246 88 34 40 0.31321220708461306 12 169 77 161 47 612
5862 -0.58890954684423091 2.582485383102183 2.776858305838608 0 0 0 0.31491368012086918 57 1407 79 1451
777 -0.13959527291970023 2.4530036419613985 2.0657495553395631 184 170 169 0.09807631854027507 12 220 77 204
5864 0.2939464661795666 3.3359998413902527 2.2464880017737978 106 10 5 0.65313061426149777 28 1166 95 1141 79 1166 57 998 70 899 55 1029 45 1014
778 -0.14020470087305834 2.4482520769018556 2.0775299784927617 184 170 169 0.19813523643748718 12 219 77 205 31 235
5865 1.3479111154989272 1.9179306502337041 2.3679225289498396 0 0 0 0.72530831292020082 28 1270 71 1361
779 -0.07035367361478341 2.4553900575559613 2.0955047141223595 197 188 189 0.22161982764864799 8 228 72 197 77 210
5866 -0.11206767370027119 2.2038614065220807 2.5616394028511071 169 75 50 0.22112891817150598 37 548 61 184 52 640 92 605 10 612
780 -0.38015631582048942 2.3844828491339598 2.4026259363433691 194 178 171 0.2336936492727367 12 706 77 234 47 721
5867 1.4093304782478397 2.437014777920139 1.9271775582127983 255 235 159 0.32720181050732888 16 148 61 187 52 187
781 0.59762507057612879 2.646115207591115 1.7129695658191286 255 254 244 0.34338914271182158 12 700 72 289 77 243
5868 0.75025825775117183 1.8345935838251595 2.5240426043008179 67 58 49 0.53231527499127673 16 730 61 255 52 235 92 619 34 208
782 -0.53146317363866202 2.4473698384038101 2.2329027017905978 255 254 218 0.36527823785128816 12 246 77 253 31 322
5869 -0.43704048554696862 2.1166209983468356 1.9867581770698022 2 1 1 1.3360419515962592 24 1142 61 527 52 1159
783 1.0393643725867725 2.2767549808756113 3.284950198688112 79 70 58 0.89313127708863171 8 132 12 314 77 266 16 868
5870 -0.60102750025111829 2.2220122625946628 2.1810548849062088 139 131 129 0.4914516531657136 24 592 61 541 52 521
784 -0.17371661361937765 2.6466108350622357 2.3098983763006986 78 11 8 0.11054221739403754 12 348 77 335 47 329
5871 -5.8026382478044471 16.270236846519701 5.1880672897374582 33 26 19 0.074147918144839203 24 859 61 813
785 -0.058218596713902962 2.6166461131800034 2.4384125409115658 120 102 75 0.89697298730679764 12 350 77 336 31 351
786 1.1571795884519436 2.5943791009827768 3.078775998852251 18 14 12 0.23838080793503974 8 247 77 353
5873 -0.07845901079618596 2.0390405321780203 2.3384828535237849 110 92 65 0.91459578924855622 16 1155 61 937 52 575
787 1.3946118594958679 2.759274225023951 2.4942027241597229 207 41 34 0.11996306710600235 12 371 77 361
5874 -5.7575907837949147 16.330103312654504 5.2129107010069591 255 255 166 0.0059911386495783356 24 1117 61 1091
788 1.4120295878763351 2.8034859846799294 2.3995455514740112 131 121 120 0.19233737703402173 12 386 93 272 77 383
5875 0.85334265906054874 2.4562012041239645 3.1101789594841924 96 87 83 0.56744418156287557 16 842 61 1095 92 1067 32 744
789 -0.37766758966465158 2.6549034268918206 2.726727816984841 51 42 35 0.46255147045348693 12 391 77 387 63 600
5876 1.7041029262796141 2.3165495289149947 3.1967425209075757 124 116 114 0.586061122090482 37 928 61 1134 92 1099 38 1066 52 885 32 774
790 0.81370141296787946 2.9848193660637139 1.8960156755225517 255 255 255 0.14657393795973495 12 401 72 457 77 394
792 -0.67155106140901633 2.7232197515115018 2.6032757366731492 224 236 255 0.28479500276233038 12 407 77 401
5879 -0.32056638471983495 2.3333301300635818 1.8977579012591714 255 255 236 0.57456143831141615 24 1141 61 1146 52 900 99 997
793 0.82105745383817363 3.0030715683714679 1.9156612784928864 52 47 32 0.32008862081525347 12 847 77 409 31 364 47 372
5880 1.3776785691351607 2.254885994441171 1.656462204959551 0 0 0 0.55522933619981696 16 1116 61 1170 52 1168
794 0.13796997294427613 2.9643368688684126 2.5084890334411476 91 73 59 0.37684603201311118 93 441 77 429 31 416 63 352
795 0.49445732601101894 3.078106735196168 1.8547279453425334 156 125 99 0.42781458675605538 12 427 77 432 47 800
5882 -0.47323627208624786 2.2665792068220965 1.9575468754183292 255 255 248 0.86862029954211939 16 1294 61 1328 52 1359
797 0.98139693046676424 3.1394762807052712 2.2441898598918684 76 52 30 1.0459078540047069 8 382 77 446
5884 0.81699141538663433 2.4551033109399745 3.0855351685629766 172 134 86 0.69580416300034276 15 1399 61 1456 52 1559 92 1541 38 1531 10 1451
800 0.4986165554364575 3.3825746468704763 2.4707815235484891 69 62 57 0.28187852433400895 72 861 77 493 47 494
5887 -0.58170756030874127 2.1698817437436313 1.9978028835043951 0 0 0 1.9117447696309025 16 1658 24 1669 61 1571 52 1578 92 1635
801 0.50852028901281476 3.4431328307322597 2.4318051159072516 140 112 86 0.58432546079278491 72 511 77 497 51 778
5888 -0.42025306785929484 2.2493162818827797 1.6457972408755308 255 255 213 2.2021919637740965 24 1505 61 1622 52 1576 99 1457
802 0.94477074860519261 1.9289851934823199 2.0863158087685734 255 255 255 0.60012899857814017 12 521 77 516
5889 1.0224916245885043 2.3388452141999445 3.2306453908273305 49 45 40 1.2668967121007579 24 1734 52 1796 88 1742 92 1782 38 1764 10 1693
803 1.0982357816115995 1.9446494834148556 2.072278407783867 145 127 123 0.031567549402438146 12 526 77 518
5890 -0.60532311361543756 2.6916220659016052 2.8193342290679642 121 106 88 1.9525502527522969 37 549 15 614 88 773 61 689 81 985 39 727 69 724 24 745
804 0.96030780220605072 2.1070636810386651 1.9421673990603991 220 220 229 1.024154373550028 12 534 77 523 31 493
5891 -0.14202562164400565 2.2038658693287498 2.0428531186212187 0 0 0 1.4019655856520186 24 577 61 537
805 1.0143896927213834 2.1532384563488822 1.8974620336472878 43 40 41 0.26923119234826631 8 442 12 956 77 535 47 906
806 1.0222067056184794 2.2064168016169758 1.9249359417539089 61 59 69 0.34507529157731542 12 571 77 547 47 548
5893 0.66288733268061939 2.0625204992247221 2.053413063808692 144 124 103 0.15504122308064974 24 101 52 92
807 -0.65665921728153054 2.151531863744522 1.8470533366371089 197 163 113 0.023010880946725015 12 65 77 552
5894 0.89091128961258415 2.9144921866998872 2.0777256168599725 242 63 47 0.36329648577945578 61 213 76 537 52 214 38 625 34 613
808 -0.09766331198161364 2.040387626026321 2.334657596238487 151 125 102 2.1402158069172064 12 578 72 42 77 556 47 583
5895 0.91537828443230307 2.9246340936761914 2.1167479510643599 246 68 49 0.42766126685490063 76 180 52 215 92 224 34 238 64 267
809 0.39495207957242789 2.282903413051268 1.8485306243610595 69 5 4 0.25141399841704393 12 586 93 566 77 557
810 0.55680614392354644 2.3523319787396573 1.7574204793113091 38 36 40 0.48597275525751438 8 765 12 596 77 575
5897 1.6817530426857259 2.3186378636020679 3.1914802572181 255 255 255 0.26738856704458502 15 435 61 511 52 493 92 485
811 0.56579117980412619 2.3664243468989694 1.801057386221848 207 195 194 0.34050080733072946 12 609 77 577 47 565
812 0.59308518529281995 2.361713985698239 1.7718523865953 66 59 50 0.17950328066730492 8 508 12 612 77 578
813 0.64457671359583069 2.4007938996783302 1.7560836596675808 90 78 68 0.1728476662242652 12 616 77 579 47 566
5900 1.3199157058591073 2.3365259156711455 1.8880540508202608 179 161 157 1.5504693256448112 24 1321 61 618 52 608 32 1402
814 0.64457671359583069 2.4007938996783302 1.7560836596675808 90 78 68 0.1728476662242652 12 617 77 580 47 567
5901 1.6416369568403433 2.3003632517603818 3.1762064523877349 255 255 255 0.58861394131313682 15 788 52 881
815 1.4109623139322431 2.4314126026229079 1.9467947919826798 0 0 0 1.1449142351889949 12 154 77 601 67 737 89 787
816 1.4684041968956818 2.4719679326037127 1.9505077379159241 250 250 250 0.25372143557205473 12 998 77 614 47 661
818 0.41544447143582536 2.5527212507316612 2.1937529412546635 114 16 11 0.62467648243492058 8 832 77 681 1 721 2 518
819 -0.53507608794894046 2.5013601632607876 2.2482990277665857 224 216 225 0.10767024924435249 12 724 77 688 47 720
5906 -0.26439857573722031 2.2336383612455633 2.1013500873694611 228 244 254 1.5332819934149962 52 1165 92 1138 38 1332 10 1279 34 1062 32 1095
820 -0.32084477806442302 2.5073849594529989 2.2788559398759598 104 12 7 0.23720166329924505 12 729 77 690 47 723
5907 1.5605028979678477 2.3782591088393268 1.6819666156289728 0 0 0 1.4384850302075258 52 1177 34 1245 10 1082 32 1257
821 1.0842620347137477 2.3383130535388852 3.2161827794016591 80 71 56 0.21720234112859405 12 756 72 692 77 702
5908 0.95389940141006058 1.988546832981448 2.1304092396264167 162 136 101 0.22227493553868155 24 1176 52 1195
822 0.58131290262651014 2.7501425227076886 1.9403399802908607 255 255 180 0.26844050948224557 12 755 77 722 31 646
5909 1.0011275477403923 3.1537389546853465 2.3752264272387111 186 177 180 0.70039027566899081 61 1038 76 1031 52 1250 92 1421
823 0.55187984958092051 2.7623336676401085 1.9621075318141143 171 151 134 0.20249211389710534 12 769 77 723 31 642
824 0.13231603241171408 2.6875150386380353 2.3510527592269561 146 125 112 0.76111231631567955 12 1084 77 732 47 774
825 0.59034331349107683 2.7864970817685499 1.9855231243086109 134 40 29 0.50306718882367873 12 773 77 737 31 673
826 1.2928746843176608 2.588480003604571 3.1018747587543873 21 19 19 0.42240519492201689 12 814 93 673 77 742
827 1.4238904740078038 2.8047460828062833 2.3950136982212857 255 255 169 0.18088562835207433 12 817 77 764 47 798
828 0.66863249321928486 2.9460941548327333 1.8868603719279038 158 25 20 0.43794136012493623 12 833 77 772 47 778
5915 0.32315207349071429 1.8731434925351613 3.3983571301992113 0 0 0 0.650348491624411 61 1547 76 1283 52 1557
829 0.96018223225200483 2.971015569295623 2.1364946440122194 195 33 33 0.082424450255820875 12 848 77 789
5916 0.66865813025130327 2.3503289815047341 3.0984455227322929 0 0 0 1.6776000642680842 24 1723 52 1791 92 1768
830 0.14591308501174621 2.9738886454448878 2.5057863471071111 166 148 137 0.12714645892230061 12 857 77 808 47 846 93 773 63 814 67 663
831 0.28446379042431585 3.1402788834078761 2.0487860195609282 63 13 10 0.026854005238133073 12 868 77 812 47 442
832 0.15334321741697809 3.4262769380803166 2.3738161537752744 255 255 215 0.41668300884821746 12 920 77 841 47 495
833 0.95353501378832339 2.1047222398448415 1.5239440039562402 255 233 142 0.81881405617902026 12 1176 77 848
5920 0.56879378693296234 2.0200427216215315 2.5674974272855198 169 152 135 3.1147506109842626 48 989 52 1235
834 1.0085090029397654 1.903761763367023 2.1543754316259904 86 62 51 0.24118402679489409 12 942 77 851
5921 1.1599255514949232 1.8828898198300159 1.6354092376308857 255 255 250 0.75930300258032279 61 26 92 5 52 511
835 1.2862460291762234 1.9482884515895398 2.1430627943049672 205 173 116 0.35077519747028768 12 946 77 855 47 31
5922 1.1599255514949227 1.8828898198300164 1.6354092376308855 255 255 250 0.75930300258020045 52 512 61 27 92 6
836 0.98719296063128603 2.176067223508626 1.8964095480565444 255 255 255 0.17685307846623677 12 554 77 869 47 904
5923 -0.2295820327896802 2.5195108799639976 1.5828525889176537 184 155 119 0.67808518215728153 61 4 92 8
838 -0.59536289076501725 2.1344469080211073 1.8660093068692243 181 150 106 0.25108538395598606 12 565 77 872
839 1.0219261516942473 2.1977249396828373 1.9080167522334088 255 255 255 0.84172689377467025 12 958 72 572 77 881 47 909
5926 -0.88485012085758119 2.5716858057685199 1.833866676936811 228 192 142 2.8011221271881501 24 45 92 23
840 0.63353410988295267 2.3885755127327268 1.7521012272484517 241 251 255 0.096689768536990642 12 981 77 906 47 933
841 0.63310645963830836 2.406678195119802 1.7593415104970798 255 255 255 0.12937499487522772 12 983 77 912 47 934
5928 1.4496349189003168 2.2362504332500945 1.6898689835850709 254 254 255 0.2603755888630464 52 80 92 51 61 80
842 1.4360732633235958 2.5254938817465722 1.9786514033848164 112 100 64 0.38909569185963905 12 682 77 936 31 553
5929 0.6492803990063315 2.0465084355517167 2.0530080020289807 255 243 207 0.16715999172425733 52 565 61 97 92 70
843 -0.42877883470975775 2.3992258671725462 2.2320216137083384 221 202 204 0.2840647499827284 12 1015 77 955 47 995
5930 0.0094665395305703198 2.3845277639080216 2.0529182740793281 111 46 34 0.33814986416720638 61 58 92 74
844 1.3996657532172778 2.3265312674471343 2.9400563226703351 47 47 50 0.13906804146076623 12 1045 77 966 47 1038
5931 1.1294966378980145 2.0637987830410598 1.9882302440394397 196 174 158 0.17290264181222301 52 137 61 130 92 97 38 53 10 516
845 0.098872266392016725 2.4423518092267105 2.4459155957306278 121 19 18 0.18234693445723202 12 1047 77 970 47 1016
5932 0.92820077632233366 1.9416931338295742 2.1481704822531955 35 29 25 1.1885450068727179 52 167 92 105 61 162 10 85
847 0.012193817418555531 2.6016321940752669 2.2104053313098575 91 20 20 0.36363864286135705 12 1281 77 986
5934 -0.065182915623441279 2.0754809009804358 2.4154762016794842 85 39 35 0.1933850536385272 52 146 92 152 10 131
848 0.57419279812845414 2.7410130330244988 1.9243011117068138 139 23 17 0.24558208365163567 12 753 77 991 31 278
5935 1.1594885037095284 2.281572800698644 2.0139943417553816 236 241 247 0.2139502615285428 52 181 61 175 92 159
849 -0.49210318039250978 2.5664091491509224 2.7196755797412817 205 190 189 0.1242329568729902 12 1097 77 1013
5936 0.7804290510288544 2.8384465586066909 1.9770899769904136 253 251 255 0.11473282787905606 52 156 92 182 38 140 10 150
850 1.4715667350959876 2.8136341155264968 2.4240871894839864 88 78 71 0.40401865365975703 12 1109 77 1020 47 1071
5937 1.5813694561362388 1.8614611488346964 2.2037763529192969 158 132 97 0.2386475989817087 52 688 92 204 61 711
851 -0.45869792335278198 2.6619592035640158 2.6577114377875319 0 0 0 0.12654294289781021 72 1231 77 1024
5938 1.5821707264754714 1.786450250609523 2.2613029094437787 168 141 102 0.34864377896790733 52 698 61 715 92 206 34 601
852 -0.63838718386731141 2.7192408233534646 2.5082939285133645 0 0 0 0.56285622671389357 12 1112 77 1034
5939 0.8952749443875464 1.9424430253171707 2.4327717514416864 254 255 255 0.6267073505873263 61 250 92 209 38 176
853 0.12136234012695594 2.9704436567761969 2.5102611854595072 98 85 78 0.10701827515733416 12 1137 77 1053 67 847
5940 0.89125213601631226 1.8974393690918043 2.4690989595971047 106 25 21 0.27370343084539983 61 706 92 212 52 1023
854 0.98411710624154303 3.2133945154473569 2.3390766282582462 16 14 14 0.093733893020299663 12 1150 77 1064 47 863
5941 0.79899655295041072 1.8574234157136378 2.5113063813170404 255 255 255 0.64795831883839938 52 250 61 253 92 213
855 0.15674658918408454 3.501865876206149 2.4248959668595864 54 48 38 0.52316273883927278 93 808 77 1082 31 1023 63 840 89 936 21 860 6 1233 57 870 70 939 55 884 44 1123 79 930
5942 0.75725500880454333 1.8384979572206583 2.5435940818474045 198 172 148 0.49907744184784258 61 256 92 216 10 178
856 1.0961858118493462 1.8667314432258642 1.5548025422237535 224 190 133 1.1994987337137155 12 1167 77 1083 89 939
5943 0.89167455570174936 2.9035680253109266 2.1211311592854121 246 69 52 0.92311305566267632 61 214 92 225 38 195 10 190 51 373
858 -0.34833077594705075 2.1850886582401925 1.7589237730960261 211 178 132 1.7088009640591952 12 1191 77 1111
5945 0.48947776738340787 2.8406946150446291 2.6339929748843374 137 124 117 0.20788816005138969 61 736 92 279 52 1051
859 0.47333150010739844 2.2687978259166113 1.8557638523237407 126 126 123 1.6052132269170432 77 1121 31 854 89 483
5946 0.9854698349388058 3.1760794781366672 2.3563267462274431 133 24 27 0.41824493316350631 52 710 61 280 92 290 61 728 38 683 94 291
860 0.87596705008205256 2.3254269414404263 2.0541417228629792 65 2 2 0.22057900806713315 12 991 93 883 77 1141
5947 0.98145660663277601 3.1833218641997565 2.3561960267561042 133 24 27 0.2770203895718602 52 711 92 291 61 729
861 0.60153756904146671 2.6548744839240084 1.7365440052500756 118 106 74 0.66442859598240844 12 1031 77 1182 31 899
5948 0.52301366445373576 2.7938701398072334 2.8651115378416394 25 25 22 0.18427084476512243 52 763 92 358 61 768
862 0.3950096744519111 2.562154592449394 2.1924616085735371 193 62 31 0.79304635742133034 72 1215 77 1193 2 899
5949 0.44441036663055417 2.8494580170636463 2.8806160733014621 9 7 6 0.15910500181597742 52 765 61 357 92 359
863 0.59570117585501881 2.613042719186756 2.0250244321255084 209 198 206 0.62732484786954479 12 1441 77 1194
5950 0.33067941966288328 2.080142043997498 3.3370977103949158 57 47 38 0.1160941544783648 61 416 92 396 52 433
865 1.4923318874400209 2.8242947687375088 2.4734023057129533 195 182 180 0.15774866548030467 12 1323 77 1236
5952 0.35668534093213133 2.0875318641631759 3.3543086448585746 177 160 80 0.30225009999391622 52 435 61 418 92 415
866 0.77933772620277031 2.9694523128292323 1.9144090230537809 108 36 26 0.44849203284497591 12 1121 77 1243 31 1288
5953 0.84102144706310167 2.449692112034874 3.116734944519389 30 24 19 0.11567046873317173 52 447 61 435 92 423
867 -0.61454964247934707 2.7273299240411086 2.4858111422227975 192 177 88 0.60909333663183851 12 1324 77 1246
5954 1.5103267770532269 2.261961921221157 2.9550316448748943 255 255 209 0.23780457671737984 61 495 92 436 38 781
868 -0.77738570669310891 2.972049677194319 2.673928254035677 0 0 0 0.43502582656959848 93 1041 77 1272 31 1017 63 647
5955 1.403546510413791 2.3103853857163057 2.985898671178536 118 112 95 0.3024854336664175 61 481 92 442 38 429 32 743
869 -0.7998273046966663 3.0755973085454387 2.7305262642436712 0 0 0 0.66219299171400137 8 1091 77 1275
5956 1.7582764064048131 3.0117326490049896 2.7009978019396641 254 254 255 0.23736554651022734 52 475 92 454 32 445
870 1.0220755937473038 2.096056855274556 1.9320996660629055 255 255 255 1.1319339186332233 12 1181 72 1130 77 1291 31 1044
5957 1.5456683219645977 2.2712209763504059 3.0032248709819633 255 255 194 0.30686918839319266 61 503 92 455 38 792 10 798
871 0.96807641163541813 2.1577031299042586 1.9111901581572586 44 37 35 1.4171687121815331 12 1379 77 1293 31 1048 93 1253 47 1306
5958 1.6782686541424257 2.3062988333484684 3.2228316866405713 34 30 25 0.13168200599944746 61 513 92 486 10 464
872 -0.2633519125453474 2.2729623926346014 1.5426660509148495 255 255 255 3.3608212885941757 12 1512 77 1295
5959 -0.20280432172027801 2.4967890803546959 1.5717310394418706 233 194 135 1.182275844500946 61 876 92 492 34 464
873 1.3298817298954506 2.4674774319137467 2.0363798843460437 0 0 0 0.37705079713629963 12 1401 77 1316 31 1358 93 1412
5960 1.3438347332722409 1.800678533044616 1.672666899893763 207 173 127 0.3705868856709737 52 904 92 497 61 907
874 1.2974658739147036 2.5037872494665057 2.0652189122518561 208 195 198 0.3275924556005011 12 1550 77 1325
5961 0.70266397187511009 2.0784328716671614 2.0293887422407986 150 132 112 0.40915509277132817 61 578 92 534 52 563
875 1.4579297619840659 2.2467453010334077 2.9616115740950386 0 0 0 0.051266500156440915 12 1427 77 1331 47 1470
5962 0.39793885845473242 2.1464522083124624 2.0789370573162973 255 243 207 0.041709670722688989 52 570 92 535 61 98
876 1.4675795027647307 2.6658788213551587 2.2209496501802284 223 217 227 0.22758802395054323 12 1449 77 1340 47 1226
5963 1.1407852465949684 2.1459389542866605 1.9375956038432083 255 255 255 0.2748456230597866 52 594 61 607 92 542
877 1.4675795027647307 2.6658788213551587 2.2209496501802284 223 217 227 0.22758802395054323 12 1450 77 1341 47 1227
5964 1.1321853549477596 2.0001945351836348 2.0097994294401107 163 145 132 0.45353845276348137 52 599 61 610 92 543 38 523 10 521
879 1.4632952431315125 2.794870808598116 2.4204817374909249 208 196 196 0.16093765705330024 12 1471 77 1359 47 1253
5966 0.61748636776112009 2.0771173917172638 2.0860360217431886 66 9 6 0.27752090506207772 52 112 61 115 92 549
880 0.85143375883412475 1.9627556428644675 2.1281809550100839 255 255 255 0.039226042092138612 12 1507 77 1394
5967 1.1323713081682194 2.049950955439193 2.0275233999321864 206 55 43 0.22757433286857165 52 618 61 625 92 555 38 540 10 537 32 528
881 1.067899243022725 2.0914394552027766 1.9038563820181662 244 245 254 0.86115043985392159 12 1509 77 1396 31 1330
5968 0.07741701914356465 2.4418047428104677 2.1435467181095733 90 43 30 0.13428166857276094 52 571 61 579 92 564
882 1.4664545417742687 2.2930424080230507 1.6772496835817592 0 0 0 1.4758083729054294 93 1382 77 1403 31 1332 63 1045 89 1146 6 1241 26 799
5969 0.07741701914356465 2.4418047428104677 2.1435467181095733 90 43 30 0.13428166857276094 52 572 61 580 92 565
883 0.70477239872908459 2.2502912235601511 1.7854050541948159 255 255 255 1.1002297316466065 12 1521 77 1404 31 1439 93 1390
5970 -0.04554363067815248 2.0563692280633301 2.3705454880055941 71 9 9 0.16789064191345637 52 588 61 600 92 569 38 889 10 883
884 0.61985773404247257 2.3047685286718127 1.7484427271559846 130 34 24 0.28024077065035391 12 1518 77 1407 47 1417
5971 1.3832585766812699 1.7944341161598034 2.2014862426955251 70 65 65 0.097931438221787112 52 667 61 696 92 602
885 1.3266144498491101 2.3249321250889334 1.8994319278079757 229 222 196 0.67604374728652172 12 1526 77 1408 31 1227 47 1426
5972 1.3832585766812699 1.7944341161598034 2.2014862426955251 70 65 65 0.097931438221787112 52 668 61 695 92 603
886 0.39304948667089273 2.2874659071208239 1.8640531192730256 70 5 4 0.26355962354012225 93 1407 77 1410 31 1352
887 0.61276192780948791 2.628314504162697 1.7364695850206151 245 245 247 0.12241671999828499 12 1556 77 1433
5974 0.97576575940164034 3.1666875997513952 2.354955934768916 254 255 255 0.30898696781324103 52 712 61 730 92 674 38 685 10 671 94 289
888 1.4414455196387441 2.2734470297837106 2.9799059451760086 159 137 120 0.94960448003395737 12 1438 77 1434 47 1469
5975 1.44011094294727 2.7664290736652193 2.4040298095497947 255 254 255 0.074533930735459719 52 1067 61 1056 92 691
889 1.4414455196387441 2.2734470297837106 2.9799059451760086 159 137 120 0.94960448003395737 12 1437 77 1435 47 1468
5976 0.4617853132878772 2.8781900525859969 2.8427785552051663 34 28 19 0.24958764183160645 52 762 61 755 92 717
891 0.12675726842421278 2.4300767492866222 2.4805784717568757 157 146 143 0.11851979239348087 12 1565 77 1449
5978 0.27940140996424867 1.9197361014121832 3.3430063009800395 69 58 36 0.36062173785383689 52 418 61 410 92 757 38 394 10 366
892 -0.62774245148493368 2.4703912875492828 2.5996005597467144 0 0 0 0.24404994961098758 12 1570 77 1457 47 1479
5979 0.24759829511619294 1.9103521883026384 3.3790428791895035 25 19 12 0.28649209103208423 52 809 92 758 61 811
893 -0.31628378998760298 2.556205880012385 2.3161896344358484 92 9 6 0.77020054098768143 12 1567 77 1459 47 1557
5980 1.4319347179504476 2.9592674110744883 2.6706498204010716 234 236 246 0.40458332486579157 52 1102 92 764 61 1092
894 -0.38341410186824759 2.5985341065526533 2.7313739178919167 0 0 0 1.2249183088538316 12 1582 77 1472 31 1412
5981 0.35313110077504212 2.0833358345712458 3.3358107930113787 255 254 255 0.10346545924076954 52 814 61 1090 92 772
895 -0.40503236141493704 2.6664440657826347 2.7074614842806568 0 0 0 0.022429628632126625 12 1590 77 1479
5982 1.4197412078769061 2.9664215465131556 2.6878222808027514 40 33 29 0.39107819419135453 52 827 61 427 92 776
896 1.3840982362047416 2.8751625720824556 2.3503057347555703 209 200 205 1.1898009535825358 12 1594 77 1486 47 1376
5983 1.3513052416958165 2.7380979187800221 2.9191716473908706 95 103 118 0.12466950631703345 52 464 61 837 92 790 38 785 10 797 32 755
897 0.48300435551537574 3.054393508415814 1.8497694848515784 202 55 28 0.32823839570971358 72 1500 77 1493
5984 1.5545468879806508 2.2585166492340378 3.014999499587756 23 24 24 0.3605074147474257 61 864 92 803 38 1051
898 0.15743165856854102 2.9588633292618467 2.4912488026176218 124 15 8 0.24894340264659154 12 1606 77 1496 47 1503
5985 -0.39347105975612251 2.2743097646046695 1.7261521648761955 255 231 173 0.54324441979756199 52 888 92 829 34 799 99 488 99 990
899 -0.76743548778401016 2.9635926944129003 2.7397587689387461 180 159 77 0.040957198793118932 12 1610 77 1501
5986 -0.4776901680216542 2.2309604360317521 1.759329771922636 216 182 130 1.1820415396505208 61 1138 92 830 52 1149
900 1.1175033965267109 1.8930398512807549 1.557388333147149 34 31 28 0.32783546614039316 12 1620 72 1591 77 1506 61 1569 52 1577
5987 -0.33891040894902741 2.3467171507975517 1.6879037814736415 203 171 131 0.55619231523150925 52 887 92 833 38 482 34 798
901 1.4866012261282127 2.2348344843766337 1.6597267722124116 0 0 0 0.705388831594845 93 1543 77 1513 82 991
5988 -0.15996911966087091 2.2014795715004447 1.8739825275322961 220 184 137 1.0153846374102651 52 508 61 891 92 843 10 481
902 0.64689428857025288 2.2591055762428334 1.7934970678786726 244 247 251 1.343502550567331 12 1633 77 1516 31 1440 93 1397
5989 -0.32283487889649554 2.3022833209771321 1.8855419894409573 223 187 139 0.71144440133485676 52 899 61 892 99 797
903 0.65161774949133011 2.4237964385538611 1.7868867793492593 255 255 255 0.071676195156505099 12 1643 77 1525 47 1619
5990 1.1382749208328402 2.1548398149279753 1.9498821466653682 77 66 54 0.18961207222387211 52 950 61 942 92 890
904 0.65078821135483778 2.4264671237688269 1.7817982875518275 255 255 255 0.21235391731667261 8 1231 12 1644 77 1526 47 1618
5991 1.1202888344648696 2.0565642354234113 1.9925804111686538 84 76 72 0.20333155485774959 52 954 61 946 92 892 38 521 10 518
905 -0.15814440977917696 2.4529830976606406 2.1048822702964194 106 13 7 0.40357345644383152 12 1658 77 1549 47 1547
5992 0.18236915457421332 2.2781329242120343 2.2239906452306153 120 22 19 0.090951026014374756 52 946 61 597 92 893
906 1.444427061545527 2.7057799159974909 2.2094391550891515 0 0 0 0.40076039439784256 12 1672 77 1559 47 1471
5993 0.12902312080304423 2.1257327945857569 2.3349989963211986 105 17 12 0.22219436698909528 52 957 61 955 92 906 38 892 10 889 34 548 99 95
907 1.3792418476561497 2.7488277468428106 2.3598955715478285 0 0 0 0.41634096930668768 93 1432 77 1569 31 1385
5994 0.10622814307886883 2.0927674072503559 2.335128208846835 223 208 169 0.38244579245622307 52 958 92 907 38 1155 10 890
5996 1.5421634711970289 1.9100980788370627 2.1685784154516332 208 177 138 0.30508399834089767 52 1233 61 1227 92 932 38 571 10 580 34 894
912 0.4805287701251863 3.4034509097383849 2.4368310881921698 61 51 47 0.29248681589001652 12 1707 72 1587 77 1600
5999 0.93335068847906089 2.9154320181428148 2.2688275506019275 161 36 32 0.43561303718451955 24 690 92 958 38 1196 10 941 34 1144 32 1168 99 1101
913 1.0342145337810262 2.2020218738154806 1.8801982550810299 255 255 255 0.33396886252878882 12 1710 77 1609 47 1608
6000 1.5011217127507752 2.6750911675812894 2.4902184899846516 131 117 110 1.4098078901059954 52 1088 92 1023
914 1.4194804295841486 2.3013409480611489 1.7036025070250582 174 155 134 0.88884274003141595 72 1609 93 1545 77 1610 31 1501 63 1202 67 1287 89 1447 6 1538
6001 0.52717772553441422 2.8075387189806338 2.8884656038296295 27 25 22 0.063537042132143826 52 764 61 770 92 1031
915 1.4178102822936747 2.3024930409431583 1.702159379208239 174 155 134 0.69880709189505807 72 1610 77 1611 31 1502 93 1546 63 1203 89 1448 6 1539
6002 0.36296480014381172 1.9803125346188173 3.2296819530730079 58 48 38 0.089133949468116827 52 791 61 804 92 1044
916 -0.21893384548780434 2.41937770989996 1.9088001067450926 255 255 208 2.428423881807912 12 1535 72 1616 77 1627
6003 0.35565680784192361 1.9798213274906193 3.2477434653749664 192 181 184 0.22607159131022056 61 805 92 1045 52 792
917 -0.17070046304865433 2.3905578713634212 2.0657210158740908 37 29 22 0.75257751772371373 12 1726 72 1617 77 1628
918 -0.50457887275785174 2.5460283082625943 2.6433891754448702 238 235 236 1.410833299215857 12 1742 72 1620 77 1643
6005 0.29224473359994935 1.9519148885101767 3.3228314459414636 0 0 0 0.76166946315137618 52 1097 92 1053 61 1275 34 1183 94 1484
919 -0.53658969504933163 2.5838310023094184 2.620389473317664 0 0 0 0.41180288803728055 12 1745 77 1651 47 1640
6006 1.3691198724857099 2.3951859492475651 2.9155497305231859 255 255 191 0.62543117457571251 61 1100 92 1069 52 848
920 1.3683774665485928 2.806237920463857 2.5894974304100584 0 0 0 1.2924411685413846 12 1755 72 1571 77 1655 47 1645
6007 1.341290993600049 2.7699722190458633 2.9682642103760091 0 0 0 0.68540118995764721 52 1322 61 1467 92 1085 38 1428
921 0.97031275221628199 2.1947080036075373 1.9144492991598179 129 27 20 0.5766038014767817 12 1771 77 1673 47 1661
6008 -0.6285464319248153 2.1246028550551692 1.9509035862972586 255 250 162 1.2198684060032137 61 1476 92 1112 52 1356 34 1042
922 0.47514613774192771 2.3216352133794542 1.821400177205557 133 27 15 0.4973712727502983 12 1772 93 1615 77 1674
6009 -0.31389697915679615 2.1581206512254956 2.1730148612868749 250 255 255 0.67009017810125149 61 1165 92 1139 10 1101 38 1133
923 0.43732852505164643 2.56441592327687 2.187526544044355 115 16 11 0.92591639939573045 12 1780 93 1594 77 1687 31 1559 47 1631 63 1369 67 1371
6010 1.1145318649023621 2.0079680976634529 1.9607302556485293 255 255 255 0.17124316052398872 52 943 92 1150 61 947
924 -0.77788708545210861 3.0396124140082477 2.697635313501423 84 73 58 0.46085268828917131 93 1606 77 1701 67 1329
6011 1.0579587453461625 2.0137424416340002 2.0198280758111116 255 255 255 1.9616244230232995 52 1186 61 1191 92 1152 99 1050
925 -0.77788708545210861 3.0396124140082477 2.697635313501423 84 73 58 0.46085268828917131 93 1607 77 1702 67 1328
6012 0.87974060123645248 1.9354770091888798 2.4612803616413403 139 35 30 0.52816956501447698 52 691 61 705 92 1201
927 -0.10839007193327539 2.0136380764370023 2.2308404462559301 0 0 0 1.2715119851440717 12 1801 77 1708
6014 0.95931259350559595 3.1694787175156351 2.3825352415688883 100 13 12 0.23995534909267646 52 1418 61 1399 92 1239 38 973 10 985 10 1180
928 0.82929343733601324 2.2609216970285719 1.9718897842423966 84 5 3 1.3624007556357622 12 1828 72 1700 77 1710
6015 0.5455943780710043 2.6685922851345558 2.715578865109713 150 134 125 0.25582468763893168 52 1423 92 1244 61 1407 38 1231 10 1177
929 0.60997968874476205 2.4570904668921161 1.8378183815103395 140 31 25 0.34046255500432981 12 1810 77 1717 31 1584
6016 0.41158802908911662 2.7557069366266749 2.8980931036328852 151 146 148 0.64758341000160691 52 1275 61 1416 92 1263
930 1.3010345219324946 2.3102654366334821 2.9505600093075754 0 0 0 1.2402418686905685 12 1814 72 1686 77 1725 47 1705
6017 0.53275320252969471 2.8508960218962409 2.8773253408169084 15 7 6 0.10618278820312443 52 1273 92 1271 38 1266
931 -0.5170877573478514 2.6208530368392422 2.7081034987061035 0 0 0 0.66101030327416754 12 1821 77 1734 31 1592
6018 0.53744321839054043 2.8457130900510115 2.8768569987889956 15 7 6 0.22560889392124736 52 1274 61 1415 92 1272
932 1.4328899717424091 2.4894926922935272 1.9794825282640818 192 165 153 1.4232476662171842 12 1834 93 1635 77 1745 31 1603 89 1568 6 1659 44 1525
6019 1.3306185477040902 2.7801905758629983 2.6615289327506382 0 0 0 0.42504363320631705 52 1287 61 1436 92 1285 38 1263 10 1221 34 1330 32 1361 99 1164 76 1065 64 1392
933 -0.59698609646893175 2.4746420514406942 2.6815040094538909 167 155 145 0.67531631226936728 12 1836 77 1748 47 1723
6020 0.20098393043842919 1.8928134994284531 3.4761882930004155 255 255 255 0.35235176371376026 52 1459 92 1307 61 1290
934 0.014725045723021645 2.7101546064557134 2.3932065770919144 0 0 0 1.8206286231732749 12 1856 77 1749 47 1726
6021 1.6626832722467133 2.9406879890204753 2.6116358156058039 45 37 24 0.10529650577389151 16 798 92 1309
935 0.57654455447133912 2.9031388371580187 1.9148428122984138 147 20 16 1.7612293999611583 12 1838 93 1647 77 1751 31 1609 63 1401 67 1400
6022 1.0512558758999546 2.3225824932002204 3.2553289103066985 108 59 56 0.59229917262877174 52 1331 92 1327 61 1316
936 0.15860135667002112 3.1053542718618616 2.3417167200249831 0 0 0 0.3308276100285642 12 1840 77 1752
6023 1.1352963371225602 2.2989070594786414 3.2888747150239359 57 53 52 1.9046930796311767 16 1094 92 1331 38 1307 52 1136 10 1049
937 0.93154352584786448 1.9053358674392282 1.7461078593275328 187 152 101 0.92858988858566116 12 1844 77 1756
6024 1.6614674651362864 2.3020228863593424 3.2077693401756688 0 0 0 0.53463356299498588 52 1146 92 1334 10 1256 32 1236
938 -0.45382066136279253 2.4985758792212587 2.3716965368197456 0 0 0 0.14241353133642198 12 1855 77 1761
6025 -0.37667387813353165 2.2700720409224098 1.7885216727609936 239 203 153 1.4700124362167692 52 1352 61 1326 92 1338 99 1201 76 1097
939 0.44068767644938517 2.4618129189949349 1.6983383711918374 42 35 27 0.66448055225546199 12 1867 77 1769
6026 -0.61141337252062367 2.1521862698159206 2.1125656840241054 0 0 0 0.10005690994170451 52 1363 92 1347
940 -0.047909077235387322 1.8081073314913771 2.5244126662109334 0 0 0 0.82577929125092153 12 1870 77 1772
6027 1.4103515743578554 2.214070530338458 1.6991778539440638 0 0 0 0.43450018250149786 52 1371 61 1340 92 1350 38 1091 10 1076 32 1067
941 0.70847196547363933 1.9445243774224559 1.8388592530939383 0 0 0 2.7186890185217694 12 1874 77 1776
6028 1.0907982917840044 2.1385885040931694 1.9220542243931058 60 45 43 0.31647907607923598 52 1497 61 1487 92 1356
942 1.0309107217321125 2.3188946850115819 2.5333148021354308 0 0 0 1.0460576886185737 12 1875 77 1778 47 1763
6029 0.15353701377884596 2.3199745472172832 2.1550148660671034 137 126 122 0.18886015677445264 52 1373 61 1342 92 1357
944 0.33491150511616569 2.5437227357022003 2.205798481962213 153 152 127 0.58835990070290878 100 882 35 757 77 679 8 830 12 733 63 961 31 1124 3 656 89 851 21 981 1 726 75 648
6031 -0.043805492850217294 2.0322087251093364 2.3533475840881333 174 150 130 0.39261370931651707 52 1379 92 1363 38 1340 10 1295
945 -0.14841086532371014 2.6443582187156762 2.3036082657368677 92 13 10 0.42229206261292723 72 1021 12 1461 77 1215 93 998 8 616 31 1159
6032 0.95350488238098685 1.9492931977875276 2.1634914072949458 95 16 8 0.56700619133040986 61 975 92 1371 52 970
946 0.099538060565833267 2.715556923838236 2.333245192603266 161 147 139 1.2862860918493697 11 1085 11 1318 100 1305 12 1316 72 1371 77 1229 22 1232 68 980
6033 0.73699020921103819 1.8243310060154327 2.5144939728988147 255 255 255 0.19017762045532835 52 1403 61 1388 92 1388 38 1171
947 1.0797274117963132 2.2003402375292178 1.9461938306724031 111 28 24 1.4276457842761343 11 1268 8 1119 77 1405 100 1273 72 1522 12 1634 93 1385
6034 1.0145798531164489 3.1927454965945765 2.3490255707753631 255 253 168 0.62270749317587459 52 1417 61 1398 92 1419
949 0.66045283958398782 2.4873352449356774 1.8291484486284288 230 246 255 0.4357388283947472 12 651 31 137 51 192
6036 1.3643009046129804 2.2641247817458354 2.76276087734735 0 0 0 0.68785201172485078 52 1555 61 1545 92 1444
950 -0.47294788701544521 2.2284151085583068 1.7647113477004317 255 255 235 0.96962525156689594 93 148 31 143 63 771
6037 0.39976175895628835 2.0651209283676732 3.2854203055464239 0 0 0 0.5674065049419329 61 1440 92 1446 52 1450
951 1.2426984092601334 2.4302084866558564 2.9327521531016858 44 37 30 0.13592868899692515 93 198 31 228
6038 0.34383492932019766 2.0106750514571519 3.3429797187573476 180 163 94 1.1968415285537537 52 1457 61 1450 92 1447 32 1478
952 0.48726286883501302 2.5568177180041833 2.1781573071735152 162 32 20 0.20269062059040066 8 234 31 248 63 217
6039 0.34383492932019766 2.0106750514571519 3.3429797187573476 180 163 94 1.1968415285537537 52 1456 61 1449 92 1448 32 1479
953 0.27420366851209838 2.5903277522931356 2.2205472828256805 103 36 32 0.40648869877484284 93 277 31 270 33 244 77 282
6040 0.24980391607036459 1.9268654761298274 3.393305298913075 255 255 255 1.4700471335098408 52 1458 92 1451 61 1443 38 1526 10 1366
954 0.32704834303960068 2.631360750984693 2.1279451396124847 158 135 123 0.24817053239979259 12 302 31 272 63 244
6041 1.3407098595856501 2.4421511601212651 2.8629754235151905 126 112 80 0.1450825688682745 52 1468 61 1461 92 1457
955 0.45853160478271343 2.6738000586096673 2.1048370604070441 171 44 22 0.20064837361539203 8 285 31 277 33 560
6042 1.5514526135663824 2.2765980024673893 3.0299399094770356 0 0 0 0.27050907950526026 52 1472 61 1471 92 1465
956 -0.16814521321254991 2.6355971390361428 2.2933920243479244 103 19 17 0.28610810698163658 12 332 31 350
6044 1.1173657614008266 2.0008363012239787 2.0307246905717307 255 255 255 1.0379755960755062 61 1494 92 1487 34 1376 32 1271
958 0.3145685518172841 2.8578079102606471 2.0767976176107315 12 10 7 0.34489586099562614 93 388 31 378 63 306 21 279 1 286 2 274 75 224 98 239 6 681 89 654 58 144 54 84 95 549 57 214 44 599 70 230 55 224 45 214
6045 1.5603126842747568 1.8667720387180304 2.1970550837734941 163 136 102 0.15880279322167565 52 1604 61 1607 92 1497
959 0.36939175886517256 2.9995994464743481 1.9808121718352274 178 34 19 0.46740148122001124 93 426 31 389 63 332 33 348 95 236 57 197 70 231
6046 1.0094834140404605 3.0423154805892998 2.1108607777217303 255 255 255 0.19583500198832129 52 1518 92 1506 61 1508
960 0.36933318555323325 2.9997575472731728 1.9809171731655904 178 34 19 0.49335147665284329 93 427 31 390 63 333 33 349 57 198 70 232
6047 1.0010128533626792 2.9607230130138227 2.1803236687049523 196 55 42 0.27903198110836169 61 1509 92 1507 52 1519 38 1490
961 0.36285833850668059 3.0180563699141896 1.988353672488465 197 50 26 0.54683945599573502 93 429 31 399 63 335 67 364 89 357
6048 0.75711557958314402 1.9064299158635742 2.6252234603384705 113 16 17 0.17124199045365254 61 1512 92 1508 38 1480 10 1424
962 0.12463309103334677 2.9719962133201161 2.5048133819735749 83 57 40 0.40214076061858456 93 440 31 417 63 354
6049 0.45287642433269526 2.8746974516255785 2.8046931381701046 165 115 66 0.40810455069682394 52 1427 61 1412 92 1522
963 0.26818557384979863 3.3237751759395158 2.2766109236773953 146 132 123 0.4284535297983984 93 798 31 454 67 405 33 378 1 579 2 578 75 254 98 555
6050 0.47913986967551481 2.821992415782804 2.9187346344016638 45 42 32 1.1102284063631411 52 1623 92 1529 38 1515 10 1440
964 0.67638243160912126 3.4284647808571806 2.4397827692040002 119 84 57 1.0333600918130841 8 410 31 459 89 415
6051 0.35900913103264215 2.0661731620264954 3.3678530771667488 0 0 0 0.33511867822819347 52 1556 92 1542 94 1495
965 1.1765385485727491 1.9207889949023484 1.5748977607459997 255 255 255 0.84955131442200704 93 810 31 471
6052 1.4234349943297169 2.96322997144568 2.7074896008708031 0 0 0 0.65205220916747941 16 1478 92 1545 38 1533 10 1455 32 1492
966 1.018041297106365 2.1714732592593178 1.8792395706827247 96 35 33 0.42049681233094083 93 34 31 496 63 414 67 448
6053 0.79374124525193612 2.4433526859014378 3.1056970480514838 0 0 0 0.35725271000996484 52 1560 61 1551 92 1550 34 1424
967 1.0919784114648086 2.304577551736704 2.0182289295447315 106 9 8 0.040082255928811789 93 559 31 524
6054 1.7358437183191022 2.9897086109918933 2.7282937033122399 0 0 0 0.698084545726255 52 1471 61 1559 92 1557 38 1538 10 1462 34 1354
968 1.3402870272734666 2.3851952316280998 1.9831367502894874 0 0 0 0.46746784337436048 93 870 31 526 47 961
6055 1.5184995332027122 2.2680343917675629 2.9852017901016659 223 184 157 0.30373036113538238 61 1561 92 1558 38 1425
969 0.63386984955699177 2.4165898674608464 1.8304662233474844 188 191 205 0.47969593480323819 93 591 31 547 63 472 67 160
6056 -0.3105214867860901 2.2226072935531911 1.8324828649976661 227 191 143 1.8566201252737045 52 1638 61 1624 92 1564 38 1546 10 1465 34 1442
971 0.42467763784273205 2.4980002279891247 2.2111557499532899 142 33 22 0.21428630578497967 12 253 31 616 89 192
6058 0.68550260094739945 2.0555595713125552 2.0454305716991952 138 121 99 0.15975271871687449 52 1585 61 1579 92 1574
972 1.3195736305714254 2.7882294432469958 2.6003282655928772 255 255 255 0.37384600562508696 93 687 31 680 63 508
6059 1.4462906954148633 2.2898872624358284 1.745399271017559 215 220 215 0.2303458120583762 52 1649 61 1581 92 1577
973 0.51176090241094863 2.8135751697586326 2.0094957624378669 158 149 147 0.29088461652320624 93 724 31 698 89 271 47 307
6060 1.366941588576005 1.7775268370208386 2.2317297413455721 255 251 186 0.53184425087126241 52 1658 61 1644 92 1583
976 0.2812589313806097 3.137004630879789 2.036795422679031 45 18 16 0.64380937186297571 93 781 31 763 89 373 1 302
6063 -0.60662515279752405 2.1690273973623548 2.068031954908633 131 122 118 0.62530293306442541 52 1642 61 1626 92 1636 38 1671 10 1605 34 1499 32 1644
977 1.2158015986637893 3.3458138211696551 2.5418023094950239 45 42 41 0.41015201922752614 93 1033 31 765 89 381
6064 1.5351976145333108 1.7923561032975266 2.2371751944901117 180 150 112 0.74076865761025101 52 1700 61 1691 92 1652 34 1511
979 1.2192484725340502 2.3006063017399772 1.9708397290846029 150 133 125 1.087606291492349 93 864 31 839 47 940 67 724 63 684 89 779 21 910
6066 0.95658225616514003 3.1255668275919151 2.3845506822829279 162 26 29 0.37896940992734734 52 1667 61 1652 92 1669
980 0.54029074264365029 2.3083265241516715 1.7324553518499703 104 25 19 0.028826737514862671 93 868 31 844
981 0.61839447684961868 2.3412678932999365 1.753505400571796 54 46 39 1.2518819999642692 93 879 31 858 63 711 67 756
6068 1.3467811743403855 2.8113312627931677 2.4701116115497159 137 109 95 1.0069405106259031 52 1619 92 1675 61 1614
982 0.57343325207477591 2.4749963078899162 2.2808273350999109 131 106 110 0.6404506830912019 93 922 31 906 89 835
6069 1.3078698691955712 2.7993988241639904 2.631733284353047 138 123 105 0.57159246028951738 61 1661 92 1680 52 1726
984 0.97689300674319168 3.0514433650538795 2.1394128419585714 71 49 27 0.097373390081462702 93 1008 31 973
6071 0.62579417951891736 2.1640167969484327 2.1756795156568516 125 13 10 0.30752358144743303 61 1682 92 1695 52 1695
988 0.28428706709803531 3.2227420913725182 1.9859937826455518 133 23 12 0.17743017619849433 93 1038 31 1003
6075 0.43979374790479353 2.8075246911868459 2.8757905580469885 26 18 11 1.2811890531127352 52 1715 61 1703 92 1710 38 1694 10 1624
989 0.16656660924568603 3.2497886996736245 2.2687646149492191 0 0 0 0.81160235543452863 93 1043 31 1010 67 679
6076 0.1764330094237917 1.8824165379297919 3.551382171586877 62 63 68 0.44076981408867999 52 1728 61 1713 92 1716 38 1701 10 1663 34 1587 32 1663
990 0.1694628291931905 3.4159713650087835 2.3737041764902522 54 50 49 0.37824809447455193 93 1050 31 1021 89 746
6077 0.17510495057572523 1.8833183291230797 3.5516680169392987 62 63 68 0.41217068349047009 52 1729 61 1714 92 1717 38 1702 10 1664 34 1588 32 1664 64 1656
991 1.0560108294329276 1.8963500100371351 1.6039870027900123 200 166 114 0.58115380418589691 93 1058 31 1026 89 752
993 0.44093242678154015 1.8975441624900955 2.5428059725935213 75 74 78 0.9451914679121638 93 1387 31 1056
6080 1.0290943471261504 2.2736050241568035 3.2764256938752481 110 97 92 0.55817192272399641 52 1762 61 1741 92 1723
994 0.70644830805994607 2.2833139612853106 1.7717260531346939 90 15 14 0.18093000018174013 93 1086 31 1060 63 696
6081 1.7126845463490741 2.3300439492240304 3.2444840475870995 124 114 110 0.21524330240447309 52 1740 61 1724 92 1725
995 -0.42632116048476643 2.3090905882701094 1.7085671902339965 239 201 153 1.2379789184094483 93 1129 31 1084 63 1084 67 1122 1 1111 2 1126 95 1104
6082 0.78399868717495269 1.8672760163900739 2.5395088433723929 138 23 21 0.49509955596843191 52 1748 61 1689 92 1735
996 0.51136970903524226 2.8343077814487083 1.9829959646613431 95 21 18 1.1925431114330995 93 1180 31 1147 63 982 89 1067 21 990 98 194 9 151 29 150
6083 0.34535676078757865 1.8748028557837979 3.0579414417733863 83 74 63 0.41309606129248166 52 1712 61 1700 92 1741 34 1607
997 1.4194895112464156 2.9603952907332611 2.4822883085412024 0 0 0 2.7328259011016733 72 1391 31 1151
6084 0.34535676078757865 1.8748028557837979 3.0579414417733863 83 74 63 0.41309606129248166 52 1711 61 1701 92 1742 34 1608
998 -0.67069876919814042 2.8048908378911568 2.6384033889294654 150 113 38 0.45656377780347945 31 1186 55 1059 45 1039
6085 1.2667561554492273 2.8984370611370864 2.5309181768799944 164 161 161 1.6915908495354988 52 1717 61 1705 92 1744
999 0.21321021316222055 3.2099095861313329 2.2475580786904428 112 16 9 0.19335638299893235 93 1232 31 1192 63 1029 67 1039
6086 1.2667561554492275 2.8984370611370864 2.5309181768799944 164 161 161 1.6915908495355609 52 1716 92 1745 61 1704
1000 1.3745903730545899 2.0334482035918486 1.5890867312229109 255 255 225 0.94393606211625569 93 1374 31 1197 89 1142
6087 1.3502695467566372 2.3379084291396546 2.8981531760957542 153 139 137 1.5707304483842177 52 1730 92 1748 61 1737 10 1662 38 1733
1001 0.97473856773666523 2.1692678662552307 1.8839364737295761 255 255 255 0.4851389077459638 93 1254 31 1220 63 875 67 908
6088 1.1882092070341104 2.4500836296460244 2.9756555212226741 0 0 0 0.67697913331632531 52 1731 61 1715 92 1751
1002 1.0145842770821054 2.1647105857941131 1.8993579800414568 100 84 76 0.53073298990164475 93 1256 31 1221 63 1132
6089 1.0695763321171916 1.9092069875278375 2.1719332597625494 159 29 19 0.84170559283109936 52 1779 61 1760 92 1755
1003 -0.24330257696575616 2.42789515414837 1.9742943681840508 207 177 136 0.99879936677787451 72 956 31 1274
6090 0.35346471284839731 2.2577540404590781 2.1989201072263511 0 0 0 1.3957299475462781 52 1778 92 1756 61 1758
1005 1.6170126510850025 2.8967027974475172 2.6703593104948382 121 109 79 0.52531629948600544 93 1177 31 1295
6092 1.2807267678740226 3.0762026226940744 2.4469771194796892 176 152 121 2.102078555521449 52 1754 61 1753 92 1765
1006 1.29017715253455 2.4323708411018261 2.0764986305219932 0 0 0 0.79470663416739595 93 1410 31 1356 21 1159 89 1364
6093 0.3722880317386224 2.06567181226279 3.2937477408597462 199 189 195 0.77593186564735228 52 1774 61 1754 92 1769
1007 1.4107760777203457 2.5356873386819427 2.0107999141022632 207 196 199 1.1817694622050829 93 1483 31 1360 89 1275 21 1160
6094 0.35395130525771318 2.0832820075143954 3.2979342554396194 199 189 195 0.27541207708310972 52 1775 92 1770
1008 1.4418225870559493 2.5488940839251599 1.9939747661270935 0 0 0 0.9930298622107091 93 1484 31 1361 89 1174 95 1071
6095 1.1167445657269754 2.2970982197287069 3.3312505580274343 0 0 0 1.4969020457898914 52 1777 92 1777 61 1756 38 1752 10 1682 32 1722 94 1854
1009 1.3109232697551387 2.8019928035372135 2.6599322016157037 0 0 0 0.28190146536004229 93 1437 31 1396 63 1166
6096 1.0369376683233802 2.3238792451229822 3.2289222218109348 76 58 51 1.2207091032793633 52 1797 92 1783 38 1763 10 1692
1010 -0.70029626020312608 2.493995112233061 2.83920291947187 112 119 118 1.6748584021532249 93 1455 31 1410 55 1342 70 1318 57 1328
6097 1.4577170397705985 1.7472525994476411 2.2411568982060004 247 211 163 1.6638741237437547 52 1808 61 1783 92 1789
1011 -0.75124082233728084 2.4876640315039604 3.0449086080417667 136 109 73 0.75744382969305168 93 1454 31 1413 89 1431 44 1408
6098 0.65024510521611512 1.9569393588376036 2.4075928713526515 255 255 255 1.4848437659518587 52 1807 61 1782 92 1790
1012 0.081714557295038528 2.8840271784321847 2.5488194374819066 255 255 255 1.101718923986194 93 1355 31 1417
6099 0.7615458678911361 2.7252860019624698 2.9953611991539426 0 0 0 1.158687103666187 52 1803 61 1777 92 1792
1013 0.32397120557455955 3.188387259742222 1.9736360692547963 171 31 17 0.7486778906046041 93 1457 31 1422 63 1192
6100 0.31511808194602253 1.7112962524081332 2.8497743909990603 103 95 82 1.7024271015900325 52 1809 61 1784 92 1795 38 1785 10 1714 34 1667 32 1744 99 1599
1014 1.4443856224486658 2.7033696088248864 2.2178533293390781 0 0 0 1.5648790213116965 93 1498 31 1457 89 1189 21 1168
1015 0.094256144878752474 2.6951226023184334 2.3568099061572254 153 139 139 0.50722879130513343 8 1355 31 1475 67 1265 33 1196 3 1098
6102 0.72305246054379513 1.8267207338067593 2.5648714076734134 120 17 14 1.5890583061073116 48 1191 66 1204 88 1231 16 1199 81 1321 39 1282 52 1026 92 620 80 646 37 608 15 670 61 257 38 618 10 610 32 168
1017 0.15063551437739059 2.8320857358642608 2.2728808887166836 81 27 25 1.0201935969827203 93 1529 31 1480 67 1206 89 1323 6 1427 26 1481
6104 -0.43189556634298837 2.4179540603760192 1.595049305529034 240 223 157 1.9932187723741273 92 488 38 7 34 3
1018 0.24139702288068998 3.1077824829117411 2.0476602038524003 184 172 167 0.15129455395903346 93 1536 31 1487 63 1279 67 1274
6105 1.1278567209856201 2.0339580381451801 1.9601854453512626 153 36 30 0.26887704919304956 92 79 38 37 10 58
1024 1.2075742945182202 2.236156040005941 1.9554364442462704 0 0 0 0.39657989057751769 93 1611 31 1581 63 1350 89 1536
1025 1.3240947905861633 2.4220606978349952 2.0172042310919993 197 167 169 2.2506974437029399 93 1614 31 1583 63 1354 89 1539 21 1334
6112 0.88662398526434416 2.8430724863232419 2.214878816403079 162 38 33 0.26695699391256855 92 244 38 211 10 202 34 617
1026 1.4238597092425527 2.7927194407940452 2.3988992836629235 205 197 201 0.43746227185368647 93 1622 31 1588
6113 0.9039634836681143 2.8466336185632439 2.2329264367265735 160 36 31 0.31270080137240097 92 243 38 212 34 247 32 222
1027 1.2887697584301363 2.3183563671008747 1.935251463316078 167 152 143 1.1350214130654495 93 1634 31 1602 63 1380 2 1265
6114 0.84702452875690915 2.7379926756670194 2.2803610638184417 167 39 32 0.18733498981434291 92 635 38 213 10 203 34 242 99 269 64 688
1028 0.45311181478237039 3.3191253159652114 2.3353910471718917 22 20 19 2.803327731649099 93 1660 31 1625
6115 0.85124140492021461 2.7087291473636697 2.3342411932303513 183 41 34 0.43239135366999121 92 636 38 214 10 641 32 944 99 637 34 248
1029 1.239390758089995 2.1714988900174976 1.9149281022818763 0 0 0 0.23566959113378316 31 1626 63 1408
6116 0.88321660800239266 2.0251799655939382 2.5896278226924343 148 28 22 0.33204129389206555 52 705 38 217 61 720
1030 0.13471736802186016 3.1326653477637985 2.4288718899689319 0 0 0 0.47689003687842613 31 1632 63 1419 67 1417
6117 0.70562090795562671 2.2798876108542441 2.7239407501935102 42 41 43 0.24763647767516991 92 286 38 276 10 258 34 286
1031 0.40843507462449413 2.5805984577136862 2.1720579089380379 115 18 11 0.34503291173700545 11 593 8 262 100 275 31 247 93 955 77 976 63 525 67 579 33 552 21 536 67 991 1 518 2 520 75 640 98 744 9 533 43 529 25 506 85 543 84 614 49 569
6118 1.4910904429235263 2.7549975120817449 2.4246939932304916 255 254 255 0.76036142167221987 52 1076 38 297 61 1063
1032 0.17512734646816167 3.4753120270171305 2.4081849218041165 175 182 194 0.7193087752380275 11 1336 8 1210 31 1425 72 1405 12 1501 77 1382 47 1290 63 1122 67 1155 3 535 89 1250 21 1147 95 1152 57 1142 70 1192 79 1184 71 1256 44 1238
6119 0.42087621383552526 2.7940303050480182 2.8237405272033365 40 33 28 0.26230772402728691 92 331 38 329 10 308
1033 1.2229156150362845 1.9088470179429173 1.8248047560321095 229 194 144 2.2253171382769676 11 1588 8 1527 100 1539 31 1645 12 1877 77 1779
6120 0.29980541885208012 2.107213873561268 3.2391383849653295 67 51 44 0.37253740748646419 92 380 38 391 10 362
1035 1.41642434983057 2.3667260387539195 2.9458350222731133 0 0 0 0.84325760669751115 93 912 31 604
6122 1.3114316244050988 2.3127891913318672 1.8891081282242532 68 56 44 0.11496944784673602 92 128 38 537 10 532
1036 0.96003501315502993 1.8009390609246041 1.7496882278354768 0 0 0 2.3546390150201133 12 1168 77 507
6123 1.1318477121992681 2.0239435273997004 2.0578760562870286 205 58 43 0.32925914911154358 92 556 38 542 10 538 32 529 94 49
1037 0.13166729536609839 2.4440507898128709 2.4384945273316738 139 77 77 0.45700319211398288 93 1322 31 1278
6124 0.65113124976625514 2.0698461414746672 2.1114743903695454 76 10 9 0.22993783754379357 92 886 38 548 10 541
1038 0.48407496220937229 2.7996989385571305 2.0219388440108212 188 57 28 0.43732694971509062 31 695 47 306 63 555 89 270 21 562 1 264 2 246 6 256 95 200
6125 -0.49795695633655207 2.608793696542957 2.1053499434762522 78 52 32 0.55931266645885647 92 537 38 552 10 873 34 523
1041 -0.092601435061983803 2.0256834905759886 2.3409634678264495 99 60 54 0.61904728489135818 12 577 47 585
6128 0.75096110979815511 1.8298803928985756 2.5556709841772265 97 14 12 0.45706772639662852 92 628 38 617 34 219 32 167 94 987
1042 1.3991764400956046 2.6281944671923951 2.2001141089983003 178 156 138 0.49698013161098681 31 583 47 735 89 533
6129 0.62502361331320366 1.8320336923051306 2.5431912814385096 91 83 72 0.42749118410009923 92 217 38 619 10 179
1043 0.49057256805518107 2.7882680824821953 2.0229440868129167 102 14 7 0.35328154420223773 31 1138 47 758
6130 0.87439340942494503 1.9486252336388123 2.5316266788616297 133 30 24 0.078902121990636731 92 954 38 626 10 618
1044 0.94740020148781934 3.3269889038629743 1.1400816748348797 255 255 255 0.039128633799825507 12 860 47 766
6131 0.89176036337791831 2.8110301763806 2.2733731185977413 160 36 31 0.51306993680013668 92 951 38 634 10 629 34 623 32 644 64 958
1045 1.230828072487981 3.1633353376563877 2.3896642618859847 186 186 200 1.5784460801275699 77 1058 47 1099
6132 1.4105055308605952 2.0726625150898021 2.5572420009662569 255 255 255 0.043320239983423707 92 679 38 662 10 663
1046 1.230828072487981 3.1633353376563877 2.3896642618859847 186 186 200 1.5784460801275699 77 1059 47 1100
6133 0.41708532298482909 2.8451085136213772 2.5971657470161182 35 21 11 0.24313346473166297 92 660 38 673 10 253
1047 1.2244241525366788 3.2335023091795949 2.5184271773938196 147 128 111 0.18039144766791088 77 1066 47 1108
6134 0.69804100622329868 2.1127803010058028 3.3894102180611814 50 45 35 0.39241699871782704 92 799 38 791 10 795 32 1044
1050 0.48465660522186982 2.3184400133148153 1.7859385367618401 101 24 13 0.3724506984523232 12 1385 47 1153
6137 1.2969581070022338 2.272632487624211 1.9303412365788231 92 82 76 0.24823662638407945 92 575 38 877 10 877 34 863
1051 -0.19245150159954141 2.5120105823133825 1.6059174610500608 202 173 133 2.1988188861428402 12 1237 47 1170
6138 1.4487054802366324 2.4586424533554405 1.9425611536078629 72 65 61 0.15045292702429028 92 919 38 894 10 891
1052 1.2461028819764526 3.2267995641534575 2.5213090233934849 0 0 0 0.43090435668486471 12 1354 47 1281 26 1210
6139 0.48722301462433126 1.8651081122020401 2.5243512130426016 166 23 19 0.55329947655673772 92 1386 38 913 10 601
1053 1.5517723020615068 2.8933942873000085 2.5434060868016375 0 0 0 0.6365870327053782 12 1479 47 1391
6140 0.81124631605393183 1.8812893947752998 2.5173725154581921 122 20 20 1.528668878884655 52 1025 92 947 38 921 10 1125
1054 0.11243611887295371 2.4262317046844335 2.3225578454514526 128 25 21 0.13391185247149168 12 1269 47 1462
1055 1.3245056371957162 2.9443897588941095 2.4950474376182066 222 213 216 1.167097712789221 12 1602 47 1501
6142 0.89916795747067524 2.8871444751762643 2.1498110362260672 245 71 52 0.15876732049654241 92 944 38 929 10 927
1056 1.676004486311002 2.9375637752108461 2.6453008316152804 226 221 236 0.54685825956994538 12 1699 47 1594
6143 0.94016190798489119 2.8990996211012408 2.2887079996751258 180 57 43 0.14026082856286792 92 959 38 945 10 942 32 956
1057 1.4269517445349664 2.7872180333395051 2.4154988986121739 187 193 198 0.41505427621065955 72 1694 47 1727
6144 0.4985685194147243 2.7338203072958267 2.7010041548435519 81 56 38 0.055071969445066732 92 991 38 965 10 976
1058 -0.05220308243465497 2.7523230560464018 2.4653098278252763 0 0 0 0.4367987487892272 12 1869 77 1770
6145 0.41276527195059076 2.7801929427307268 2.8183826442141506 255 255 250 0.11413361969517231 92 706 38 994 10 998
1060 1.1464394256314732 1.894936270311923 1.5458560516684172 252 211 157 0.23146400697351377 93 491 63 4
6147 1.3351485090699089 2.7327607565359147 2.9211779334192509 34 31 31 0.094954432065980768 92 1076 38 1044 10 1035
1061 0.63607493105998458 2.3179122035331421 1.7637999393981882 255 255 255 0.23238136866428194 93 555 63 67 67 109
6148 0.66726513092317197 2.1179752518464152 3.4017986822856665 60 55 47 0.96416398866108877 92 1084 38 1049 34 759 52 1128 61 1107
1062 0.4397531434566963 2.1466368743711945 2.3637189382172608 82 8 4 0.10085500037839323 93 122 63 75
6149 1.0144133421509567 2.373506538875267 3.2195201217406892 255 255 227 0.27937113192258178 92 1086 38 1053 10 801
1067 0.50034321402826343 2.7625158470683617 2.026654430608569 97 16 9 0.85076832969832983 100 691 63 253 33 289
6154 0.86591723920856356 2.8615239851291325 2.1223297075180123 196 37 33 0.15008245364539713 92 1198 38 1182 10 1134 32 1142 94 990
1068 1.3065186975059022 3.069460527307887 2.4529396668341761 8 7 5 0.39252422023484063 31 731 35 585 63 259
6155 0.86593543400974504 2.8616913823204615 2.1223595188642221 196 37 33 0.15968892931026216 92 1199 38 1183 32 1143 94 991
1069 0.50137213705445227 2.8402245205593881 1.9910666491232503 199 58 29 0.1345107441605298 11 345 63 273 33 305 3 260 21 238 2 247
6156 0.42149138211324649 2.8325917523086481 2.6153447078233212 138 127 123 0.25291106621048515 92 1416 38 1224 10 1171
6157 0.78852933974457662 2.3853965956572702 3.0507246952866933 162 149 140 0.16256854338258489 92 1290 38 1278 10 1225
1071 0.31490139609302725 2.8579598567739728 2.0775106329108008 7 6 4 0.34130901161410532 93 389 63 307 3 275 1 285 2 275 82 190 75 223 98 238 96 45 58 145 54 83 95 548 57 213 70 229 55 223 44 600 45 213 79 191
6158 0.91842681946049731 2.4418383246462172 3.1748103827417546 0 0 0 0.78182325390890528 92 1462 38 1295 10 1244
1072 0.39702131441359595 2.8931385265997904 2.0057183505516152 183 36 20 0.75599461118877809 93 390 63 310 67 354 33 338 89 314 21 577 44 221
6159 1.79470398354723 3.0278296377154246 2.7611299611893059 40 33 24 0.27754406739692555 92 1328 38 1305 32 1235
1073 1.2535823871632157 3.2475872697386188 2.5270979300584999 137 127 119 0.28981913374316071 35 341 63 321
6160 1.6554901505588708 2.2916594527983785 3.182921376030758 178 159 149 0.62644170100577601 61 1133 38 1310 52 883
1074 0.15358311563020241 2.7892198012376634 2.2736722151056039 166 79 60 0.14686637430819341 31 376 63 324 67 632
6161 1.6619076986786412 2.3103908815135208 3.178928559656339 0 0 0 0.19447001368365557 52 1345 38 1311
1075 0.36285833850668059 3.0180563699141896 1.988353672488465 197 49 26 0.54683945599573502 93 430 63 334 67 365 89 358 31 398
6162 1.6648139583928518 2.3072681207283474 3.1791043127464964 0 0 0 0.44862248745046412 52 1344 38 1312 10 1051 52 1145
1076 0.37237160831626059 3.0102362624257091 1.9805941340285871 206 52 27 1.1288631717836717 93 428 63 336 6 696 31 397 44 608 45 232
6163 1.1643350706100017 2.0160472375104996 1.7375052929462831 184 163 147 0.24714679148416183 92 1119 38 1316 10 1260
1077 0.41964112094318912 3.1022785183251327 2.0710517559938211 192 41 26 0.80123650494293397 35 335 89 688
6164 1.1643350706100017 2.0160472375104996 1.7375052929462831 184 163 147 0.24714679148416183 92 1120 38 1317 10 1261
1078 0.25714803770497635 3.1355867055671705 2.0325141976792636 125 22 14 0.27676348292344843 31 424 63 358
6165 1.4814523613594399 2.3220865261775865 1.6840908987633321 0 0 0 1.6292563808387035 92 1142 38 1325 10 1083 34 1246
1079 0.87904527424438128 2.2091231527886874 1.964430015283835 45 36 33 0.5451532552013425 93 539 63 426 67 468
6166 1.40187253739625 2.5741879421058536 1.9334901004904086 1 1 1 0.75424706941444286 61 673 38 1347 10 1301
1081 -0.42880709060470401 2.2573136432701766 1.6987992582964173 69 63 53 0.96361239194502935 93 150 63 530 95 530
6168 0.56099919612995519 1.8790904518502312 2.5687868498536832 91 12 6 0.49471323851323118 92 1202 38 1355 10 1305
1082 0.25723192452496257 3.0845828370340946 2.0644611278579368 150 28 14 0.37439029935590368 93 776 63 618 67 849
6169 0.97544432467225772 3.0108316573987781 2.1038649531286535 211 49 41 0.37229743255680203 92 1396 38 1365 10 1141
1083 1.1596208407680848 2.0699944896122795 1.909882916897585 255 255 251 0.91671129446839172 31 491 63 659
6170 0.94464944039858101 2.9167868327377544 2.2463570895983742 219 64 48 0.51689271960986327 92 1222 38 1373 10 1322 34 1143 32 1319 99 896
1084 0.9920626080951005 2.1726154398419157 1.8792078029669621 42 38 40 0.30204696341667603 31 824 63 673 67 719
6171 1.0003368759312188 2.9920339064594339 2.3947064570429073 255 255 255 0.21331747530044712 92 1422 38 1384 10 1334
1085 0.94465486248971398 2.1722168793054619 1.9290757318214122 203 195 202 1.3581052958238544 93 852 63 681 21 700
6172 0.45275441921643123 2.7786799529314758 2.9521782842889319 100 89 65 0.45772283415596576 92 1436 38 1410 10 1362
1086 1.3219639691414329 2.3686552490814212 1.9566047759596366 183 170 167 0.73181371539487639 8 979 93 1090 63 685
6173 1.259630002397462 2.7288639867336371 2.8395392131286847 255 255 255 1.1929682838352069 92 1456 38 1418
1087 0.4127507804728473 2.0828732600084154 2.563035428866276 149 133 116 0.12876973620560689 93 121 63 704
6174 0.93195657128213683 2.0579665714234663 2.5549317860379195 255 255 255 0.92845172818899047 92 1408 38 1487 10 1426
1088 0.26948217183936074 3.1083301951084219 2.0562726516788543 152 25 14 0.29265496482330583 93 1028 63 818 67 850 1 572
6175 0.49731243516780521 2.6783224616243633 2.6819185866552058 70 45 29 0.62448604919373263 92 1513 38 1501 10 1506
1089 0.80033501913912175 3.4064316055280845 2.4872821736050885 123 113 107 0.27714082595770595 11 1135 63 820 67 667
6176 0.32574972893156257 1.9296233040551551 3.1813726210718412 0 0 0 1.0337027925768654 92 1678 38 1509 34 1531
1090 0.20030448978187287 3.1690658054591436 2.2791803400387276 7 1 1 0.42955626423437404 93 1037 63 823 67 1037
6177 1.3754117674148099 2.2837283190036741 2.7891070151297117 255 255 255 0.053475206538217829 92 1537 38 1514 10 1360
1091 -0.71150963484847973 2.9010150236433878 2.61248092118191 218 251 252 0.037246417225962197 31 1009 63 837
6178 0.31583038088596888 1.9599568345339182 3.3416472163865873 124 104 29 0.64951483634989715 61 1442 38 1517 34 1318
1092 0.17869940974024129 3.508775851045066 2.4172718310558121 58 61 71 0.32384645250513977 11 944 31 1024 63 841 89 937 95 876
6179 0.31583038088596888 1.9599568345339182 3.3416472163865873 124 104 29 0.64951483634989715 61 1441 38 1518 34 1317
1095 1.4956728797419221 2.2853944319212993 1.6588486149130521 224 201 186 0.9601034904041793 31 1210 63 862 21 889
6182 0.92571648249955429 2.4729993882537613 3.1603534362228607 0 0 0 1.2480082751020469 52 1633 61 1620 38 1537 10 1458 32 1229
1098 0.37670832126689341 2.3988864365551232 1.957779000977605 253 255 255 0.82732379969659131 31 1089 93 1297 63 930 1 699 75 625 98 927
6185 1.4636559587955233 2.5078733542612675 1.9886046830245241 255 255 255 0.27166076576403669 52 1601 61 1598 38 1560 10 1482 32 1527
1099 1.3803456620446979 2.6498561162770176 3.0190653110284691 131 102 71 1.2163189030096508 93 1164 63 934
6186 1.4703239815135458 2.5186637745250198 2.0306161569227879 0 0 0 0.62406930705162722 52 1517 61 1602 38 1566 61 1507
1100 1.5888804112216954 2.9281777570478225 2.5786546973562587 0 0 0 0.1818403430183925 8 1173 93 1338 63 943
6187 0.90678337123019248 2.1488859873028949 2.4588716399368904 142 27 27 0.041788593671846647 92 1597 38 1572 10 1490
1102 0.12920890346932856 2.7757533619287877 2.2484533817992438 121 25 11 1.1292951901198904 93 1198 63 995 89 1227 6 1189
6189 0.97742612992730005 2.9138178321576707 2.1907029125997162 255 255 255 0.029848637078968652 92 1595 38 1577 10 1494
1103 0.096058483505349124 2.8532229322133431 2.5873817388548894 117 13 8 1.4224026925095008 31 985 63 1007 67 1027 33 601 3 246
6190 0.50437690334635676 1.7183303555223084 2.9563699868693512 241 239 236 1.3113689609716221 52 1426 92 1604 38 1583 10 1431
1105 -0.54885212939362982 2.683133697539466 2.7928594610173398 0 0 0 0.53485152151597726 8 1176 63 1014
6192 1.2797425075323847 2.7539930171183831 2.8587747936492676 5 4 2 0.93500402362119461 92 1621 38 1611 10 1536
1106 0.21431140394302603 3.1574419179231272 2.2727127534454419 157 128 86 0.67313827756701983 93 1231 63 1020 67 851
6193 1.3047538184199623 2.7239295175257894 2.857962191695131 5 4 2 1.0033614313752397 52 1682 92 1622 38 1612 10 1537
1107 0.29620514114164781 2.8712143120891014 2.0886837868744843 167 144 106 0.19370449806613246 22 1136 63 1100 2 1032 57 1099
6194 0.9257797380771986 2.3301114078601879 3.2455173788903391 0 0 0 1.3338607912108547 92 1626 38 1620 10 1544 32 1576
1108 1.3106850703927906 2.4874187899730624 2.1158958740928564 194 172 163 0.18807198698691596 8 1237 63 1140 67 1170
1109 0.1994911976153407 3.1044788117673887 2.307630797604292 120 14 8 1.0200000989235951 77 1373 63 1191 67 1210
6196 1.2852898432850794 2.2936040206765393 1.8891519815729432 0 0 0 0.7645737776642888 92 1641 38 1628 10 1558
1154 0.42255691417210905 2.5259158074786177 2.2031587297330844 127 21 15 0.71910933049845982 63 959 67 984 46 523 13 518 96 389 23 862
6241 1.4950414997134478 2.2497389590336927 1.7043705165631418 0 0 0 0.11337481541834711 38 1320 92 1478 10 1268
2777 -0.38181725539867623 2.3850192378832653 2.446708704097611 126 13 8 0.1159226725679528 84 1395 49 1336
2780 1.0641349876751434 1.9424143341991205 1.5561333686362675 205 171 119 1.6262441592253336 84 1409 49 1357 73 1556 18 1094 42 1378 66 1079 88 1125 81 486 36 1537
2781 0.33775975382547135 2.6139396796463004 2.125373259239121 151 139 135 0.12089303914149639 84 1431 49 1368 73 1576
2783 -0.31415494313298942 2.4015188548512709 2.064370143759974 211 179 134 1.6603961914558143 84 1374 49 1383 73 1510
2784 -0.33715122563753541 2.3593429529629399 2.1239551527303311 0 0 0 0.94968795748500057 84 1494 49 1386 73 1649
2785 -0.418008498549783 2.3796798541605515 2.1996477989319527 0 0 0 0.62621128152279848 84 1448 49 1394 73 1592
2786 0.25430742027594416 2.6442841729679021 3.0151069522233964 0 0 0 1.5817143938345137 84 1454 49 1403 73 1606 85 1261
2787 -0.76128926941048558 2.9200714493198632 2.722346445324797 0 0 0 2.9951141158831138 98 1322 49 1411
2789 0.96117310232855102 2.071381326032216 1.7303329883190968 247 198 125 0.016355491589368991 84 1331 49 1417
2790 0.57259844799069837 2.7764610107094585 1.7597512460442586 176 41 32 1.4127550117819201 84 1474 49 1420 58 421
2793 -0.41609841062646674 2.2791647359806153 1.7016210574316679 78 72 58 0.3365542529718491 84 1486 49 1436 58 1339
2794 -0.41644430886681527 2.2934896947652548 1.8378634844575856 233 196 148 1.5790937154728555 84 1489 49 1438 73 1685 78 1647 36 1611
2795 -0.507434735287141 2.3503630096964288 2.0276334505495215 255 255 211 1.2226303751727521 84 1498 49 1446 78 1654
2796 -0.60638098037002652 2.2088181574339587 2.0000568734078392 0 0 0 2.0532217502037966 84 1504 49 1451 73 1655 78 1704
2798 -0.53891918238204362 2.4350789648003466 2.4952769071713279 0 0 0 0.35739964424951925 84 1546 49 1458 73 1669
2803 0.96371992947217966 2.0039912269730467 1.6206857825815899 192 160 113 0.048583820524777013 84 1526 49 1471
2805 0.86963574647775121 2.0190409991824958 1.5841681730799386 195 162 113 0.33104389095174536 84 1550 49 1497
2806 1.3382052250562528 2.037471974681083 2.5717333528012962 143 121 96 0.88772730565371283 84 1557 49 1504 73 1716 78 1734
2807 -0.41292964464846033 2.4187427426572459 2.1442720205667212 0 0 0 1.2459350472591879 84 1593 49 1519 73 1692
2809 0.3168203432301146 2.6060423478503378 3.052591277525424 150 135 112 0.99723582489429929 85 1447 49 1547 73 1737
2810 -0.47319208835725479 2.4071557915596231 2.477536214180124 0 0 0 1.8628894815316317 84 1605 49 1550 73 1747
2811 0.80669842757465904 2.062967275529441 1.7317850212603205 0 0 0 0.58064480316458045 84 1609 49 1558
2812 -0.13437775980248087 2.6731501871337602 1.7422318244474959 255 240 167 0.45909514487405056 84 1610 49 1559
2816 -0.50746211548663223 2.2605937336256581 1.43998434113999 6 5 3 2.5184227806312158 25 173 49 156
2817 0.28761308461565854 2.6244447357838734 2.8471071160076242 71 67 59 0.4750220161079266 84 382 49 354
2818 0.36662672829893661 2.6562758713730812 3.1834925707184203 60 51 48 0.36626239965454344 84 424 49 396
2819 0.16575610670411925 2.3075225581912218 3.201868573545771 114 105 96 0.21847560754195774 84 455 49 420 73 465
2820 0.85039758705355828 2.197490863071669 1.9275623273362545 255 255 255 0.090938286666455925 84 62 49 495
2821 0.20466188700887822 2.2521905790522592 3.2072269574124754 0 0 0 0.03061026688917336 84 798 49 746
2822 0.16873275762687989 1.8552427088655878 3.4994822837487094 129 121 98 0.091677407584841275 84 812 49 763
2823 0.46150702993740161 2.9583373218242284 1.8842546896257135 163 25 15 0.29978796149580039 84 583 49 819 73 880
2824 0.31697236179689475 2.7168112764522023 2.9027280691188482 148 128 110 0.029865541940662252 84 997 49 936
2825 0.30199460639116449 2.5106509920418789 2.9326287782539291 250 226 190 0.36915984819580416 84 755 49 943
2826 1.3886193265409588 2.2737360885831475 2.9100483183890162 176 161 158 0.21313905031144056 84 1136 49 1063 73 657
2827 0.48311147474363758 2.5431158438117314 2.6734487798312241 87 58 33 0.27023616853238658 84 1167 49 1091
2828 0.40471756767094802 2.6647037370108899 3.0357126920295494 0 0 0 1.0516321866954259 84 1201 49 1121 73 1546
2829 0.32215736697679376 2.0857989770645742 3.2843174010269305 0 0 0 0.1666338416954824 84 1212 49 1139
2830 0.182104627308186 2.1998699636533918 3.1926322440907065 131 107 75 0.61304434163317201 84 1214 49 1144 73 1298
2831 -0.22040669482709194 2.7661227583906927 2.9485400230760952 55 51 43 0.34942540497631125 84 1215 49 1147 36 1281
2832 0.17363060103889966 2.2998225443519273 3.2421361927814885 2 3 1 0.50493607422302256 84 1222 49 1152 78 1114
2833 -0.20084338530032569 2.359771945752243 1.5873736481468919 0 0 0 2.4102511440259118 84 1265 49 1198
2834 -0.75745182960358726 2.1760631369831338 1.801892762014363 255 212 135 0.14056301576379429 84 1377 49 1237
2835 0.34490161467540797 2.6580367361685613 2.9672711560002512 253 236 203 0.29937805524669164 84 1304 49 1250 73 1441
2836 0.33303804492043215 2.6394833134957607 2.9958201713930355 85 80 66 0.27016991567665366 84 1305 49 1251 73 1445
2838 1.3907939262346534 2.2346177700942373 2.8692792608804982 0 0 0 0.27351757782522962 84 1363 49 1306 73 1509
2840 -0.41309013994255694 2.6113427907070421 2.7446124570659487 0 0 0 0.45176454373866165 84 1218 49 1347 73 1455
2841 1.1273982566476743 2.4830128651996564 3.1041661607073121 68 61 51 1.0425740021689069 84 1491 49 1382 73 1656
2843 1.3559876197226779 2.2794502628903244 2.89767496359784 146 130 109 0.90245611963320593 84 1484 49 1432 73 1644 78 1661 83 1587 56 1624
2844 0.24041919772483578 2.6109208153610326 3.0733109066570861 0 0 0 0.45330045837539606 84 1507 49 1456 73 1611 85 1376 58 1293 83 1488
2845 0.26646338175243572 2.1134415987710926 3.20064725576872 121 100 75 0.27703312565533145 84 1511 49 1459
2846 0.26646338175243572 2.1134415987710926 3.20064725576872 121 100 75 0.27703312565533145 84 1512 49 1460
2848 1.0004877798727219 2.5774478317814249 2.3617762894087648 0 0 0 0.56481495346303745 84 1477 49 1476
2850 0.47746073317123983 2.2719964909845038 1.7388839141391079 187 169 159 1.5919876703525713 84 68 73 66 58 1078
2851 1.3755201241002843 1.7850589339735612 2.1939614551320576 224 188 135 0.68520462899288159 49 44 73 90 42 241 80 266 16 693 15 250 48 907 24 647
2855 1.3689151815088185 2.2084865934640194 2.7977832400764502 44 36 26 0.35640166110363003 84 161 73 219 78 721
2856 1.3695489811260544 2.2853976568154559 2.92440789430223 167 157 155 0.31356562453067194 49 182 73 247 84 184 78 763
2858 1.1274650486853439 2.3152468615681512 3.2064693765484296 84 72 62 1.3753431445968254 84 310 73 387 83 473
2860 1.1150732786946194 2.3224743007326714 3.2291402959996836 78 68 58 0.18841206198070726 49 286 73 414 62 376 78 428
2861 1.1109881423460575 2.3124405067861376 3.2224959879763704 78 68 58 0.70229600001115244 49 287 73 415 59 326 23 339 42 469
2862 0.16531577630415836 2.3057022422163702 3.2009559464309167 107 96 85 0.23298360242702917 84 456 73 464
2863 1.1508364544432557 1.943177724482769 1.6706894749205818 255 255 231 0.47549378170486595 25 10 29 8 73 500 40 420
2865 -0.44235368429706867 2.2813881562380747 1.7197677613677085 246 204 143 0.86548840663242188 49 608 84 210 73 603 78 90 42 55 88 53
2866 1.3497217256298495 2.3415830502301511 2.9463073590847726 25 21 17 0.29999282845325126 49 856 84 925 73 660 58 721
2867 1.1824928449522072 2.5095566334512802 2.8660006642838245 206 213 220 0.46886226927217917 96 495 73 665 87 565 62 851 78 1022 83 730
2868 1.6914580480807975 2.3320875615324632 3.2745430029457827 59 53 42 0.12640990040351793 18 435 73 686 58 481
2870 -0.19863476909413513 2.7265628537946713 2.9304945369188253 58 53 44 0.38318323599783199 49 739 73 809
2872 0.68409768849668873 2.3652538100336162 1.7325110477549874 186 193 180 0.3787832814034619 49 486 73 853 78 899
2874 1.3537403227820015 2.3815858107020915 3.0155505765886592 52 49 42 0.19807629273029884 49 861 84 929 73 967
2876 1.094196540990992 2.4654581802470177 3.095214619678369 70 63 53 0.15662335610450298 84 686 73 1000 83 1068
2879 0.95943162131350124 2.0703424915400066 1.4594435465619848 195 164 116 1.6374944364118817 73 1101 78 879
2880 0.29484427302028199 2.8668817185023907 2.085921823956292 130 111 81 0.15616767530376977 49 1060 73 1157
2881 1.3689837402715248 2.0212451974023598 2.5047801813886168 94 78 40 1.1812488330973459 51 1305 73 1158 78 1229
2882 1.3602117465326002 2.3713768296992717 2.9189080021308729 0 0 0 1.3909432327054609 49 1205 84 1275 73 1188 58 1094 18 902
2883 1.6698811084794363 2.3724658784539807 3.2229597419537299 153 126 91 2.0385761261797 18 893 73 1204 58 931
2884 1.3170642037319438 2.430822834580042 3.0625875871439256 0 0 0 1.6896208956157472 49 1215 84 1282 73 1207 78 788 83 1039
2885 1.1860136852399643 2.3131981612463526 3.1986331779839627 78 70 59 0.55773488735713805 43 961 73 1243 54 1005 87 958 78 1315 76 1076 4 1085 42 1242 48 1248 66 1269 56 1232 7 1091
2886 1.1862854629370989 2.3174156844002578 3.202239343591367 78 70 59 0.51542501806770136 43 960 73 1244 78 1316 59 894 23 934
2887 1.151592063244359 2.3569304591292934 3.170020078957219 77 69 58 0.6687226057907385 49 1087 73 1245 54 1001 62 1061 78 1317 13 749 76 1075 4 1076 80 1094 37 1092 48 1241 66 1266 56 1223 83 818
2888 1.1504455621632665 2.3555768059123356 3.1704519982011035 77 69 58 0.34381020663985629 49 1088 73 1246 48 1240 37 1093 66 1265 83 1241
2889 1.1080549961895401 2.2986981950201013 3.2506121796298642 77 70 59 0.42670330954837093 84 1176 96 730 73 1255 62 1063 87 963 59 891 23 768 76 874 4 1087 80 1102 37 1099 15 1193 42 1244 54 1018 48 1255 66 1271 88 1295 56 1239 81 1254 39 1219 83 1252 36 1263
2890 1.0823696051352447 2.3300667929663952 3.2283391134408981 78 70 60 0.4777369172248711 49 1096 73 1256 54 1007 62 1064 87 959 78 1323 13 747 59 754 23 767 83 1248 36 1407
2894 1.3954700462226139 2.2882000942273404 2.9485545076586424 4 4 4 0.67557508016427115 49 1204 84 1274 73 1391 78 1428 48 1450 56 1463 83 1451 36 1483
2898 -0.41002349856739539 2.6221713433981102 2.7504376761155713 0 0 0 0.5190846418806303 49 1346 84 1217 73 1454 78 1450
2899 0.15613500857412266 2.370952852695571 3.200136899906588 60 54 45 0.39779619943563366 49 1145 73 1461 54 1031
2900 0.25176185292661762 1.9131523717645997 3.383778404313571 0 0 0 0.56200210480830237 49 1155 73 1465
2903 1.1292755666287277 2.4356122657842252 3.1357839728965189 163 145 129 0.59638279669857885 96 1049 73 1526 37 1302
2904 1.3456673344582279 2.4362656291592901 3.0324949380374497 0 0 0 0.73409624608693214 49 1378 84 1436 73 1584
2905 0.97792873301259375 2.272393005806943 3.3141182084084337 0 0 0 0.98237081639637913 18 1202 73 1609 62 1314 96 1108 87 1242 78 1685 4 1313 42 1507 16 1581 48 1579 56 1596 83 1602 36 1639
2908 1.3382052250562528 2.037471974681083 2.5717333528012962 134 113 88 0.88772730565371283 49 1503 84 1558 73 1717 78 1735
2909 0.20628807550291706 1.9981870133137067 3.2205442768485195 0 0 0 1.4351051739551781 18 1336 73 1752 78 1773
2912 1.4200858415785136 1.7587128861680483 2.0611480966850486 0 0 0 3.5743409365574417 43 1237 73 865
2914 0.55941140962824454 2.661952949121476 1.708185484953421 134 122 111 0.1858603920336962 18 81 58 47 54 19
2915 0.33703423820586931 2.5587530291573173 2.592279713429007 196 172 125 0.11847070381353571 96 179 58 255 62 248
2916 0.5233905397013825 1.8443363112472417 2.5268722876775866 151 130 111 1.2442159683198624 18 202 96 286 58 271
2918 -0.53117615953030306 2.2770860207928783 1.7491786937318525 255 217 150 1.570953946065401 84 244 58 294
2919 -0.11425833468089043 2.199415946637592 2.5696455747238831 162 146 138 0.23246233542327852 18 300 58 314 23 156
2920 0.17898111140811154 2.3132392749525228 3.1964382597243453 124 112 97 0.29473693168249593 96 292 58 326 46 366 82 22 98 570 54 642 13 76
2921 0.16416380072061348 2.3053023001640356 3.2010200236874322 125 112 96 0.3092450562630682 18 310 58 341 54 361 46 140
2922 0.95961930038075538 3.0034762077569717 2.1122383963970761 255 253 230 1.1269066991970693 18 64 58 403 54 400 96 562
2923 1.0988300411566609 1.9391171578678403 1.9827404468305247 254 255 255 2.9844832335696045 98 389 58 410
2924 -0.59149654119833595 2.3018343202765421 1.4241699518684112 228 190 141 2.8253421323592702 18 1068 58 546
2926 0.069647192593728133 2.076733134569599 2.3524371145438585 0 0 0 0.25941638089141128 96 489 58 573
2927 -0.27452485095676249 2.1053899467823958 2.3075544471686142 148 120 82 0.22238212894609447 18 575 58 591
2928 -0.77561341569720266 3.0526001999416628 2.6949723536853951 56 51 45 0.60506292093459502 18 608 98 836 58 608
2929 0.20825891869807778 1.9045562003809231 3.5033283619789661 0 0 0 0.47039091142184908 73 825 58 617
2930 1.1844731677368394 1.8614183571121901 1.5946414962084585 255 255 242 0.84857377542537649 58 627 54 681 62 729 87 672
2931 0.99125710360240871 1.9767007994004471 1.638980532146999 255 213 136 0.95635073239224255 18 647 58 628
2932 1.3841498700060142 1.8317682715331829 2.1773179797082487 241 210 179 0.40996859852748035 18 389 73 91 58 652
2934 1.320748513544814 1.8350027620010809 2.1926252356030247 206 173 124 0.39462106497505917 98 648 58 663 62 828 78 589 23 752 2 385
2935 0.47151511947536007 2.9763975653252626 1.8762486127754381 193 31 20 0.50092584362088732 18 712 58 671 54 676
2936 0.51939832477483494 2.5336619956126998 1.7754856378639245 255 255 255 0.31752325012916444 18 451 58 679 54 698 62 704 87 645
2940 0.2375446878328813 1.8820097957221131 3.4577908873656282 144 126 100 0.86288451645092223 18 582 58 852
2942 1.6675281576557677 2.4086703075011373 1.6635644982470559 255 255 255 0.14795876049325118 98 841 58 861
2945 0.57779882093262214 2.6661360065161888 1.7104148543663931 255 255 255 0.33738046814602046 18 1024 58 882 54 891
2946 0.2759928267151906 3.1667902778844548 2.0291285498130285 131 104 79 1.4836469168848074 96 558 58 911 87 987
2947 0.60972674332867838 2.4579873338883425 2.25974560887901 243 255 255 1.0452573904517635 18 919 96 819 58 936
2951 0.2398438831330611 1.9135743610316538 3.4315172345822877 0 0 0 1.3075064780239591 18 979 58 1031
2952 0.21257166504695296 1.8835204248483475 3.4668141252611413 0 0 0 0.35027744456776683 73 1310 58 1032
2953 1.3932623137203395 2.0335638425808074 1.4429070878051071 0 0 0 2.388172672461931 96 914 58 1041
2955 0.48247203855727572 3.032498936024552 1.8647309120364945 187 31 20 0.56307860685951594 73 1326 58 1071 54 1050 62 908 87 982 83 1132
2956 1.3892549791031275 2.3167599648917614 2.9986173718998121 109 98 89 0.2978658531006611 18 1030 58 1093 54 1126 62 1171
2957 0.32875728245662966 2.5185013227554283 2.2144829605832452 186 30 21 0.38785185026856211 49 1067 58 1099 54 937
2960 -0.44956455681787794 2.3043775245149294 1.8255161604314547 255 255 250 1.1636771066255263 18 1154 58 1128 54 1089 62 1101
2961 -0.26537869129466696 2.0873892454740761 2.3521352504957922 133 111 82 0.47529412555804562 18 1160 58 1136
2964 1.3308172216556806 1.9809354867826641 2.0910954469711656 219 185 138 2.1870623510759319 18 30 58 1162 54 1245
2966 1.3605698271196804 2.327767744135274 3.021353985573457 0 0 0 1.1725693053270003 18 1111 58 1190 54 1127 49 1314 84 1368
2967 1.376983464772068 2.3619837229577385 3.0571322199597275 0 0 0 0.35180218421677151 18 1112 58 1191 54 1128
2970 0.90240350172107919 2.0611618810013659 1.462884599848659 255 255 198 2.8680624334504139 18 1230 58 1242
2971 0.25649846361170625 3.1174899700322136 2.0496024866770965 202 185 163 0.97887310212786982 46 979 96 1064 58 1262 73 1573 54 1165 62 1266 87 1245 78 1581
2972 1.0011926091040264 2.3432219706348194 3.2446921290659789 0 0 0 0.81459055647393308 73 1605 96 1105 58 1286 54 1289 62 1312 78 1565 13 968 42 1450 66 1372 48 1379 56 1394
2973 0.28185109267123398 2.537420892902047 3.1335035413337984 0 0 0 0.3655825532265673 18 1209 58 1292 54 1290
2974 1.2225820682410475 1.8629489332001774 1.5670326138359634 222 186 136 1.8268389598377612 54 1337 87 1296
2975 1.2015647225686077 2.0996690835422447 1.9854382904957122 213 177 125 1.8784813099974709 18 1181 58 1311 54 1242
2976 1.3708187372541847 1.767256835762532 2.2322229179307489 255 252 185 1.0512439411272845 96 1161 58 1315 54 1314 62 1343 87 1278 59 1148 23 1184 4 1353 80 1369 37 1412 15 1509
2977 0.54212165378567512 2.5895300165456914 1.7461986570423351 187 184 193 0.94315173842574107 18 1244 58 1316 54 1301 87 1180
2978 -0.49986064035087907 2.0910572414655806 1.9251338693282578 195 163 118 2.0784275766379605 73 1582 58 1346 36 1454
2979 0.17720381263254259 2.2928119602020307 3.1894714173234058 91 79 61 1.4528746699460049 96 1054 58 1349
2980 0.17720381263254259 2.2928119602020307 3.1894714173234058 91 79 61 1.4528746699460049 96 1055 58 1350
2981 0.18026360018940141 1.8616384898356333 3.5489611572304867 104 97 78 0.45346341075886148 84 1523 58 1352 49 1470 54 1331 62 1362 87 1288 42 1597 48 1619 66 1604 88 1690 56 1634 81 1663
2982 0.49894399922471838 2.6903156228487095 1.7776621443417124 152 27 17 2.0639737982534219 18 1326 58 1385 54 1340
2983 1.2052262459424143 1.9838325927490075 2.078357868796632 0 0 0 0.79408182504512137 18 1306 58 1410 54 1390
2984 1.2179303497265119 1.8973572954722673 2.2445730970243978 216 179 125 1.6348065519168669 18 1307 58 1412
2986 0.34171702629414252 1.7143736689469331 2.8699312428404031 108 99 86 0.86234354631238874 73 1767 54 1409 58 1438 62 1431
2987 -0.40626594987870357 2.3045687559571486 1.7767369629200362 255 220 164 1.8268190455985618 84 1627 58 1449 59 1232 23 1257 40 1187 68 1315 82 1126 13 1111
2989 0.52008641542717349 3.0475851577357917 1.8392813880610814 195 188 184 0.97194088170069526 9 1171 43 1173 25 1240 84 1341 49 1189 58 1169 13 694 46 786 60 842 96 987 59 924 23 958 40 901 70 1289 57 1245 55 1202 45 1173
2990 -0.46479697338483617 2.2158801461953241 1.768568174671389 255 255 244 2.0309197560268393 9 258 58 291
2991 0.96792192133853894 1.9593409912769966 1.664514772787562 202 165 114 3.2731610665499642 49 1009 58 872
2992 0.64372168689855791 1.9481039350685125 2.348531602273666 255 255 242 1.1300568724061137 58 1445 54 1414 62 1435 87 1360
2993 0.46357197954967977 2.924759388940537 1.9087455954463686 203 174 139 0.68526872970693997 35 1245 33 1272 3 1162 21 1308 89 1401 1 1187 2 1177 82 1038 68 1211 75 1070 98 1218 13 945 96 1062 9 1243 18 1192 58 1257 84 1421 73 1482 54 1233 95 1269
3001 -0.43427936324727373 2.3366003195860494 1.8018924284347646 222 188 143 1.2305898093310754 46 1095 60 1148 11 1590 8 1529 100 1542 33 1378 63 1429 67 1429 3 1255 51 1636 59 1231 23 1256 40 1186
3002 1.6080750512747672 2.4004150535735782 1.7172981682146744 10 9 10 0.95435318495162291 46 427 54 1
3003 0.97724306879770662 3.017594378190628 2.1216140002941759 155 49 43 0.5869238434872881 58 400 54 24
3004 0.70961271099162959 2.2360962147725809 1.7679736494239329 156 46 26 0.32372541125053389 46 111 54 57
3005 0.66790832306287784 2.3518960252864409 1.7696892106018964 254 255 255 0.46689480259729654 58 60 54 58 62 426 87 47
3008 -0.45593994365678914 2.298682437237427 1.8777531515123591 232 196 146 0.88578538438122578 73 217 54 173
3009 -0.46391093748695578 2.3092888138658538 1.8497957046527918 234 197 145 1.5501456954093771 58 570 54 174 23 372
3010 1.5315992066487432 1.7526418863770776 2.2677091374180214 249 211 160 0.48268648696674654 82 44 54 176 87 279 59 331 37 277 15 298 42 260 16 268 88 232 61 262 52 254
3011 1.2949993584307589 2.3325750556475713 3.1387233108375407 103 95 79 0.25967839598266484 96 274 54 321 62 367 78 401 80 393
3012 1.1063879142859596 1.8952521956963588 1.5163812426773011 255 250 191 1.7841849948643109 96 71 54 390 40 139
3013 0.96319117391983111 3.0151854444024635 2.1211646122149612 255 255 251 0.420759368932696 58 404 54 401
3014 0.57968492372327807 2.5600092482829071 1.7747141724105027 171 157 158 0.2614885914444704 58 66 54 402 62 413 87 383
3015 0.18303387565790102 2.6178852943906805 2.2585424813883135 140 26 13 0.37505296856505183 58 206 96 620 54 473 62 466
3016 1.3840347443971488 1.7594663680265452 2.1898702110341319 255 243 183 0.54774532876276927 96 517 54 505 62 583 87 260
3017 0.41269886681560308 2.970147377357006 2.7810146063352232 35 24 15 0.22851700838446132 58 529 54 534 87 486
3018 1.2054510616371081 2.4811162601949106 2.865542282359085 76 80 91 0.65706935286636281 58 150 73 663 54 558 62 852
3019 0.28063022262475384 2.7881082270611302 2.9011644903765563 166 151 142 0.33602343098207327 73 1027 54 579 87 545
3020 1.109504227497798 2.5476860200776263 3.0749752208877834 25 23 17 0.67787566839051905 96 509 54 586 62 322
3021 1.119266133868732 2.44176342268646 3.114981202344028 88 81 68 0.60472837742882113 73 360 54 601 62 641 42 791
3022 0.17845792139495983 2.3082227143683309 3.1911578817480937 118 109 93 0.21889363592360739 58 325 54 641
3023 -0.75882165362793885 2.5375503802345456 3.061192016184592 0 0 0 0.57164945175774129 96 514 54 643
3025 1.531283905436069 2.1404022726454404 1.5159075669691038 0 0 0 1.9879211728718975 46 594 96 568 54 659
3026 0.7968177032551359 2.9345837487805424 1.9422104207907307 255 255 255 0.49980813612606562 54 667 87 631 58 642 46 691
3027 0.79079260365799331 2.8985962220161259 1.9436978902418851 248 56 38 0.23883733577931487 58 643 54 668 62 702
3028 0.5948305682263737 2.5394061585660741 1.7719779125624178 103 99 98 0.24372034978305013 58 670 54 686 62 703 87 643
3029 0.50647711429476006 2.5676245997169906 1.7291336339385284 155 26 17 0.64330189426837603 58 67 96 323 54 687
3030 -0.38836687814579596 2.3101847214258604 1.7872235648674009 255 255 249 0.26188318744776495 96 601 54 730
3031 -0.37392298545657787 2.3253442210082502 1.8285074718798195 255 255 255 1.9186410062308132 96 789 54 751
3032 -0.54113325336285856 2.2496153457883801 1.7696006697976419 217 183 134 1.5028898046463706 73 632 54 754 62 728 87 649
3033 -0.13211093673464136 2.3912480176633371 2.0339629205974519 131 43 37 0.4596527244519179 73 642 96 396 54 771
3034 -0.30098372255486716 2.5190001627945753 2.0831411398091197 231 193 145 1.6250174551003713 58 568 54 772
3035 -0.57911010168425281 1.9554174352465554 1.8578198763563099 200 166 118 0.98327720734267521 18 332 54 806
3036 1.1651605844741046 2.5643630975979903 3.0486210571088863 21 18 15 0.24729463077936964 73 295 54 812
3040 0.66169374156420913 2.1163252718250645 3.3379382339404211 110 114 125 0.40867880701871584 96 734 54 867 23 755 4 911 80 926
3041 0.19353737138538959 1.8945684787206722 3.4688634306453894 152 135 122 0.047389222995472269 84 1052 54 872
3042 0.19353737138538959 1.8945684787206722 3.4688634306453894 152 135 122 0.047389222995472269 84 1053 54 873
3043 1.0774613583683466 1.9451680096637269 1.6046059801238794 255 255 175 1.1847132763454229 96 607 54 895 80 960 62 941 37 954 15 1038
3044 -0.34847560666656086 2.3374993105918582 1.7467664224186104 248 212 170 1.7783791142973915 73 1372 54 926 87 639 78 1167
3045 -0.36574059471258158 2.2655168503415402 1.767070617554384 255 218 169 0.56150429752290032 58 1121 54 932
3046 -0.62607640830759492 2.2463341964629402 1.7747033935377061 255 220 148 0.39920920455321607 84 952 54 952
3048 1.1550814289476616 2.4385833257748053 3.1253642377334234 187 163 143 0.52379114269628146 58 752 54 992 87 802 4 896 80 917 37 914
3049 1.081560044203778 2.3287054435238526 3.2258252298417629 94 86 70 0.19012960142540891 73 1257 54 1006 4 1086
3051 0.54599453630913608 2.3050263704138905 3.0835755588231808 0 0 0 0.076485472416907285 58 987 54 1021
3052 1.0531866109317518 2.2440942262058381 3.3090329395600078 0 0 0 0.20408516531403006 46 741 54 1025
3055 0.5626074021273153 1.748916123722241 2.812551363527716 101 98 98 1.3129042817478793 75 785 78 838
3057 -0.73488635239536948 2.5104978619113396 2.9326790848770679 150 127 107 0.12303222773562514 58 1037 54 1032
3059 1.1492997194623567 1.9953375712408052 2.0199450656815512 0 0 0 0.25888824359888962 58 653 54 1072
3060 0.14606032508123676 2.8438703317781266 2.2535832041861212 0 0 0 1.2535902632297362 13 812 46 783 68 993 96 923 54 1079 22 1367 62 1110 87 1016
3062 1.0104024301196031 2.3801019281223716 3.2230471973918142 255 255 255 0.45984645137204083 58 964 54 1145 62 1183 78 1459 80 1196 42 1366
3063 0.80304026090827152 2.8909573832825641 1.9594846660590204 247 61 44 0.87357408482075505 13 1014 96 1066 54 1162 62 1204 87 1101 76 1319
3064 1.2343878364038885 2.0055183295136567 1.9306304208983616 229 191 136 1.1530901372854259 58 1243 54 1171
3065 -0.3547999278580935 2.3595094350851475 1.7317565137275159 255 255 241 1.7047846489495333 96 1004 54 1178 62 1205 87 995 78 1492 56 1402
3066 -0.47263415674760145 2.6572448855117687 2.7669805760201025 168 155 150 0.026227085028029274 58 1141 54 1217
3067 -0.53348253369078202 2.6379516840492987 2.7447042421309722 0 0 0 1.3334584153258549 58 1145 54 1218 62 1300
3068 0.77934950127937097 2.9900428152403751 1.859515524074699 0 0 0 0.46607801538194399 96 1111 54 1228 62 1264
3070 0.5555932389429904 2.5510695432959043 1.7863144312555883 152 36 18 0.54166255922053352 58 1254 54 1236 62 1318 87 1183
3071 0.24696662272551961 3.1639870613801211 2.0099003472013912 0 0 0 0.65466820269487647 46 977 73 1572 54 1238
3072 0.64093357037436804 2.5613002779961023 2.2009292737531103 255 255 156 0.40560090378799857 96 1018 54 1246 62 1278 87 1204
3073 -0.30469030395542313 2.2746934444588134 1.7174242801426014 227 194 148 1.1273297464348191 58 1283 54 1248 62 1269
3074 0.13618771277100197 2.8041477777537485 2.2636135202578109 208 182 166 0.3279029667237599 13 938 46 920 96 1076 54 1249 22 1430 87 1197
3075 -0.48660098233823423 2.420417643058884 1.7313964792809944 210 175 129 2.4551437701860022 73 1577 96 1007 87 990
3076 0.15929172627023641 2.7268042598474311 2.2777818789977662 135 16 11 0.93374491381780056 96 1131 54 1256 62 1213
3078 0.7667863289772443 3.0021294826647651 1.8492981321405051 0 0 0 1.4400166507758181 96 1194 54 1334 46 1037 62 1365 76 1399
3079 1.0347645575078814 2.27860849463534 3.2735174318008764 94 96 102 1.174783140109984 73 1726 54 1373 87 1329 62 1401 78 1742 4 1420 80 1441 37 1482 15 1581 48 1644 56 1652 83 1655 36 1693 61 1742 99 1551
3080 -0.57322815874497068 2.5541027022913778 2.6707062919756543 171 155 143 0.95226042945884082 58 1419 96 1199 54 1397
3081 0.030996354817407187 2.5790757385058263 1.9645731532626556 0 0 0 1.0346947366823622 96 1242 78 1780
3083 0.48509886221459603 2.7830977660692278 2.0037082322874151 85 15 11 2.7585380018054177 58 453 54 66 18 141 84 594 73 123
3084 1.3210307423312102 1.8332953758288828 2.1928462371981885 182 154 110 0.76428351552678031 2 981 75 894 98 858 13 852 46 907 96 974 60 888 54 942 73 883 84 528 2 386 98 649 58 662 62 827 87 776 87 934 23 751 46 752 40 844 4 589 78 588 80 628 15 641 42 243 48 176 88 194 88 952
3086 0.2427952986625774 2.4837925151760514 4.0134966419304376 161 143 127 2.8758294461512599 60 432 54 648
3087 1.0588801217433836 2.3466003774009483 3.2279746351496463 164 142 121 0.63356767020164551 73 1036 54 846 59 561 23 586 36 1053
3088 0.77299552190660881 3.3622840110247041 2.1263065207793801 231 53 38 0.62234132373490902 9 520 62 18
3089 1.1630918570192861 1.9519163158453685 1.6751948439739734 255 255 251 0.56681391026389827 62 68 23 211 59 192
3090 -0.094440130777718845 2.4064328686064118 2.0512240380123954 132 94 60 0.31745194515822384 54 171 62 89 87 100
3093 1.2147897094655853 2.0396020866164841 1.9797357801547664 239 200 141 2.0774777702225933 60 879 62 130 59 974 23 1135
3094 0.61829036621198463 2.8462043860490107 2.4622249474596494 126 46 39 2.0169722128290708 9 194 62 137
3095 0.61036979276142611 2.4248820764766026 2.2567707856663226 110 39 31 0.51165795468026209 54 740 62 140 87 153
3096 1.2109288172147503 1.9020911830600846 2.1582449400837054 170 141 99 0.35822376739914946 18 36 62 235 87 242 23 295 80 235 42 209
3097 0.35999018790323178 2.5530311567804316 2.597472162897569 190 168 123 0.067741706635709484 58 239 62 247 87 217
3098 1.3758372723053585 1.7677188774238475 2.1736620115805034 255 223 161 0.21691648073896466 54 137 62 257 87 259
3099 0.33142452396059152 2.6783210300768734 2.9623159358248721 185 167 143 0.52803233989642517 73 778 62 297 78 810
3100 1.394330916338302 2.3071154730189241 3.0003378196870893 63 59 52 0.13247893230083552 54 283 62 336 87 324
3101 1.0512344931051447 2.2318103380122616 3.1429709656132245 149 126 117 2.4196361028813023 9 165 73 390 78 424
3102 1.0925196773309385 2.2918816526512282 3.2600825242602318 172 140 119 0.41319229580856004 54 356 62 380 87 350 78 843 66 481 48 831 88 499
3103 1.092945404226034 2.2928378920637038 3.2608909874873913 172 140 119 0.34572266897092374 54 355 62 381 87 351 66 482 88 498
3104 1.0923077763559306 2.2821352260854977 3.2701400386350823 81 73 61 0.29829562216430194 73 413 62 382 87 352 78 432 4 366 80 402 15 423 48 473
3105 0.24382632666856757 1.9057068656664369 3.3582685749431085 125 111 93 0.52752847743074005 54 369 62 385 83 526
3106 0.24225668371191525 1.9292152052720675 3.3828626006559319 125 111 93 0.28792301735342696 54 370 62 386
3107 0.75808843194931563 2.8790980173854508 1.9486821775943686 176 42 29 0.63654318364548568 54 683 62 418 87 390 46 351
3108 0.47535592320034936 2.5472078845677495 1.7949739936009053 80 50 39 0.39608812052828918 54 411 62 421 87 394
3109 1.0396730896129598 1.9899626613300638 1.6566901215784584 255 222 142 1.3683336420695524 54 691 62 434 15 39 37 53
3110 0.10599850358045765 2.7832009339528199 2.2821834773873957 117 104 89 0.17947680820775527 46 304 62 454 87 418
3112 0.35845125220651408 3.0121696101076396 2.77001637016757 126 100 67 0.080530825829541089 54 536 62 531 87 487
3113 0.18051943736927878 2.8963525211108565 2.7082845086758183 95 65 40 0.70769485572965118 96 426 62 550 87 492 78 1030 42 697 48 355 66 706 56 350 24 1044
3114 -0.74649709543308418 2.0052558164113141 2.220868648405943 0 0 0 0.55057018361104926 46 258 62 573
3115 0.89464693751701219 1.9225744785570684 2.4419786998696233 254 254 255 0.95537485002793077 54 576 62 604 87 567 78 692 48 663 56 619
3116 1.1572788947157004 2.6230359980463125 3.0576343150842682 0 0 0 0.19376537185565634 54 814 62 615 87 789
3117 1.1934049296246896 2.5170985638321501 3.039292087643489 71 65 54 0.41020569655393579 54 266 73 689 62 625 87 575 37 657 80 361
3119 1.0584265949589917 2.4198153808122749 3.1866324679268012 255 255 255 0.39258496207305144 96 722 62 652 76 658
3120 1.2657409434248357 2.3256476500457959 3.1535431944219381 79 70 58 0.44070195547088148 54 610 85 561 62 658
3121 1.1941432532362355 2.3453069013191259 3.1699696815486975 78 70 57 0.055309180432888863 84 271 62 660
3122 1.0435017980815504 2.3346683122175018 3.2342375743641014 172 146 120 0.5052357425609475 49 683 54 855 62 671 78 1112 42 805 15 1001 48 827 66 804
3124 0.77992092822651493 2.9723783540158042 1.9312451742814714 211 43 36 0.49324340001605838 96 748 62 699 87 630
3125 0.75687781291736644 2.9546440498902435 1.9316516314809791 255 255 235 0.94403086648418011 9 915 54 671 62 701 1 908 2 883 87 635
3126 -0.2439593632862346 2.3644192618962108 1.6957861310039046 255 215 150 1.3962378943049258 73 584 62 710 87 625 23 801
3127 -0.2439593632862346 2.3644192618962108 1.6957861310039046 255 215 150 1.3962378943049258 73 585 62 711 87 626 23 802
3129 -0.43612873411925573 2.272491824949372 1.6725351049218851 255 245 176 0.31426712661110268 49 607 62 722 87 628 40 4
3130 0.6985552800019933 2.5444970150636772 2.3739754156745074 255 255 255 0.85370057748817663 54 738 62 778 87 701
3132 1.3886441935790335 1.7349013965961069 2.1650914412985469 42 37 32 0.37652931267425255 54 774 62 840 87 781
3133 1.0790951904023391 2.5356019782428305 3.090788192302222 0 0 0 0.52385603064361375 54 828 62 869 87 578
3134 1.2355090540018709 2.4051862591027184 3.082159852446853 255 255 255 0.41851046126485253 96 522 62 881 87 801 4 638 80 373 37 360
3136 1.3316994511334788 2.3784583830836898 3.0829943132428963 194 186 180 0.34948188476621034 54 827 62 886 37 920 80 920 15 1000
3137 1.2657987590427766 2.3480933715908971 3.1333213904851651 79 70 58 0.51921843709840843 85 562 62 893 87 811
3138 1.1426821443428357 2.383489618459405 3.1624701287376409 180 148 122 1.5478734024594194 73 736 87 604 62 651 78 820 76 673 4 904 62 894 36 762
3140 0.61784831426913112 2.6059309140723297 1.7524219470585429 255 255 255 0.11487172393082196 54 890 62 913 87 838
3141 0.6072234343459908 2.5287931627736637 1.8037458583043662 255 255 255 0.08861648955652611 54 903 62 935 87 840
3144 -0.50697386106961773 2.6712758191257255 2.7726366568818057 0 0 0 0.27522979622583904 54 842 62 1025 87 516
3146 1.1687630819996513 2.6187592873329755 3.0184143173918896 62 58 51 0.56020525650252495 54 972 62 1040 87 943
3147 1.0911403477876271 2.5121433246399123 3.0858201755590171 241 217 187 0.61987425145584174 54 985 62 1048 87 946
3151 1.3072507166648284 1.9191731091618998 1.5253441936333698 205 171 123 0.78768514689405933 73 834 62 1089
3152 1.3707291726429038 1.8341892002251461 1.6853492428092101 211 177 130 2.1057195667317052 54 1054 62 1107 87 1025
3153 -0.35948556382391772 2.2403608785494065 2.1877460174270773 0 0 0 0.70685889596823059 54 1203 62 1127 87 882
3154 -0.56917039376778988 2.3199014117482961 2.3361048452934279 143 131 125 0.40406125086680089 54 999 62 1138 87 892
3155 0.37580893139114602 2.9996466186144204 2.7831110670081434 36 23 16 0.036878208759221674 54 1104 62 1145 87 1047
3157 -0.52357544390559618 2.7105145957094248 2.83048535551448 152 123 89 0.27451352474993068 54 1016 62 1156
3158 0.95643200240647264 2.4358923858121395 3.1814820282331908 255 255 255 0.33240924344804679 54 1146 62 1182 87 1088 78 1456
3159 0.98910452369289537 2.2910483278624101 3.2641425374194037 161 147 140 0.49577643603327148 46 842 62 1185 87 1172 59 989 23 1032 4 1199 80 1199 37 1224 15 1320 48 1382 83 1484 36 1514
3163 -0.41497048333116959 2.2971997797418324 1.7890142577139927 255 220 166 0.63472796580207458 49 1318 62 1208
3164 -0.48252691640338718 2.3407517399496083 2.0702057091126402 215 181 134 1.5172728316283814 18 1276 62 1216 87 1114
3165 0.60259471793603891 2.5420870713501866 2.2042334660559368 98 27 18 0.91637066052808025 96 1083 62 1217 87 1123
3166 1.1921449215967987 2.5522485109024986 3.0188308491135381 31 30 25 0.77554925710764255 54 1279 62 1252 87 1075
3169 -0.35154130110630938 2.3537974684077492 1.6938302884837986 211 181 143 0.87859754451619643 73 1364 62 1267 78 1487 59 1066 23 1103
3171 0.90007794171437672 2.3610153162506218 3.2561067923555171 0 0 0 1.1885562653585697 54 1220 62 1313 87 1240 78 1567 80 1342 37 1378 15 1472 42 1503 16 1578 48 1459 66 1454 81 1457 69 1462 7 1406
3172 0.55528554120137552 2.5605758828723295 1.7919891018874823 154 29 18 0.54364542692831364 54 1237 62 1317 87 1184
3175 -0.064814722736123764 2.0417267542631521 2.3806388001246357 150 136 128 0.14052922468824858 54 1287 62 1346 87 1224
3176 1.1234161779212126 2.4674764410177428 3.0951030056788267 82 75 64 0.96203162366856465 54 1284 62 1353 87 1281 78 1675 80 1377
3179 1.1757453540652487 1.9092671740058336 1.5516786799257152 255 222 168 0.38181449419483215 62 1367 87 1297 78 1634 83 1501
3180 0.21115531678622887 3.1479962898590825 2.1431867924170955 0 0 0 0.61855331381837475 54 1343 62 1372 87 1248
3181 0.21115531678622887 3.1479962898590825 2.1431867924170955 0 0 0 0.61855331381837475 54 1342 62 1373 87 1249
3182 -0.630360621609662 2.4456351507489882 2.5190221738302374 0 0 0 0.75692692360506475 54 1353 62 1380 87 1301
3183 1.2675070911423152 2.4489708743862781 3.0547635649334888 37 34 25 1.9164059763264572 54 1351 62 1385 42 1554 66 1565 48 1578 88 1681 56 1589 83 1598
3184 1.0053116243451201 2.0677395198845883 1.4173819251940674 203 168 120 1.6148661486475244 54 1374 62 1387
3185 0.99904914413761869 2.4198416549881148 3.1863363524195623 255 255 255 1.4824342347408284 54 1372 62 1400 87 1328 78 1741 4 1418 42 1614 16 1688 61 1720 52 1736 92 1720
3186 -0.68760626369194244 2.1207068683240218 1.9993025134266569 0 0 0 1.3876074589062704 62 1413 87 1340 4 1435 80 1455 37 1506 15 1602 16 1733 92 1752
3187 -0.0036267165395633327 2.209040908999341 2.6160842971863794 0 0 0 1.0263767884884856 60 1108 87 1345 59 1203 62 1416 23 1230
3188 0.69758109045419392 2.1254910550235189 3.00411096987325 0 0 0 2.1960301752860061 54 1406 62 1428 87 1352
3189 1.1632549749618353 1.9724502087367115 1.5986279676142916 241 205 154 1.0808426534730762 54 1417 62 1436 87 1361 4 1457 80 1481 37 1536 15 1640 42 1658
3190 -0.44115398650002269 2.2931753787042792 1.7882547058416276 255 255 231 0.6216555019193547 75 834 18 966 62 726 98 978 58 983 54 753 21 994 87 648 59 770 23 797 96 602 40 565
3191 -0.67089785515709655 2.4868913682442848 2.8480603325002352 217 223 227 0.55959016765186609 13 643 46 482 62 1037 96 864 54 1026 87 929 78 1324 83 1265 36 1089
3192 1.0137136173461248 2.3107262713228516 3.2527358907467518 136 120 110 0.63545420625078619 46 730 62 1184 18 929 58 965 54 1019 13 745 4 1088 80 1098 37 1094 42 1245
3193 -0.47414343961596295 2.3512833772313879 2.0208771730380795 220 186 137 2.6589282738776467 98 1099 62 1113
3194 0.15310299526020421 1.5288737657401266 2.6575950004921558 0 0 0 0.60542362954008677 96 986 62 1186
3196 0.29344345781345527 3.1741903142954877 2.0229935204738001 171 144 123 0.15463382520893687 62 21 87 11 78 87
3197 -0.48633309164349969 2.3239335222153947 1.6662689475441443 255 254 208 1.4278906339581128 96 60 87 18
3199 0.02282022046984683 2.3770454134916248 2.0400160130573917 255 255 255 0.47710825617750524 62 455 87 97
3200 0.012607345568944375 2.3507877790064931 2.0300096926780773 134 36 28 0.44460121879270847 58 228 4 52
3202 0.61980377079460214 2.5379657284072139 2.2165704948570566 121 42 31 0.074633485475263522 62 111 87 123
3203 0.43033321663215129 2.9786906646994908 2.7821352234646528 76 70 53 0.49976311421782427 54 533 58 220 87 189
3204 0.3503750142343906 2.544742227851831 2.6348492223525071 199 174 127 0.097848234813151636 87 219 78 309
3205 0.046402812871320573 2.2891969746186089 2.5397859320363327 145 127 111 0.17523915780164043 62 267 87 233 83 367
3207 -0.74754673443477493 2.4876097955728875 3.0856870174979512 45 41 37 0.83943677587964594 60 49 62 333 87 263 23 106 4 829 60 533
3208 1.0538389346713832 2.4849732587930817 3.1041445635133602 225 204 174 1.1107340710084634 62 643 87 295 80 683 4 892
3210 0.25137854193940079 1.8539555732318522 3.4309610072912333 17 14 12 0.37700692389005991 62 677 87 359
3211 0.22331340029695904 1.8952960079215466 3.5137583456280517 113 94 75 0.28135856141461141 54 373 62 388 87 360
3212 -0.24991313110749502 2.3215714994634133 1.6674712274655135 218 184 138 0.65293821410860764 62 22 87 376
3213 0.28853200223209735 3.1160855756888641 2.039426249215218 113 28 22 0.40435331506688194 62 416 87 384 78 541 83 642
3214 0.27577903795375158 3.1161365379201555 2.0479772720317482 255 253 234 0.13259588377059997 62 705 87 385 78 542
3215 1.1438308883458614 1.9010534020775434 1.5748691671315576 252 216 156 0.81645059428844868 62 723 87 407 23 505
3216 -0.6142051764145432 2.158472087001293 2.0732925760604899 39 34 32 0.35432920951284236 62 494 87 435 59 10 23 375
3217 0.87434803643847447 2.1374422465149823 1.8960138479386259 131 38 28 0.85984495460108712 87 436 80 788
3218 0.3935336811136757 2.517466118679295 2.2223970861534381 158 29 21 0.40823836972802402 96 407 87 440
3219 1.8195645775753448 3.0580916188273344 2.7456229617178414 95 98 106 0.11713750934361039 62 516 87 499 4 605
3220 1.7552428800614359 3.0506456590025786 2.7146784092441969 157 141 133 0.41650037832838943 62 773 87 500 4 599
3221 1.5747248239167027 1.9225362112272806 2.1678170224856137 226 204 172 1.3168715020167399 62 818 87 548 59 752
3223 1.5504091270184881 1.9045603813742662 2.1679948882784981 244 208 160 0.20458300714366454 62 229 87 551 4 257 80 258
3224 1.2326763225701576 2.3715615952442088 3.06683937120407 81 74 59 0.53575832876777651 54 303 96 714 87 588
3225 1.082626349061091 2.4831309409533699 3.1050120882563017 241 219 187 0.51622404945709377 62 642 87 589 4 626 80 682 37 670
3226 1.0616842052007043 2.4719042490542606 3.139307263986912 238 220 185 0.64727139067573902 96 267 87 594 37 910 62 883
3227 0.54197487978540615 2.3464641750351518 3.0922751431598554 180 171 170 0.16784794568620195 54 858 87 598
3228 0.18256574590191713 3.1765769603200513 2.2661341701200364 107 89 69 0.19167578936950841 46 302 87 657
3229 1.5956996236229255 2.5042528039754468 1.7897300202682291 0 0 0 1.5886459848088252 60 783 87 658
3230 1.4542607348825034 2.0336372665735061 1.5636558823491662 0 0 0 1.4473320310930986 62 713 87 659
3231 0.15879755309378282 2.7940209023249367 2.2856207783378122 134 21 14 0.34719822843415316 46 492 87 674
3233 -0.18884215814727506 2.3747852164829659 2.046266233057672 123 25 15 0.17786223843987509 62 745 87 676
3234 0.21659054382010229 2.9299132319185937 2.6805749340472618 117 87 48 0.62938790840736969 62 1005 87 706 42 1174 48 1006
3235 0.23368059672550079 2.9330362492491435 2.7411628522187499 162 119 66 0.54451792599689375 62 814 87 719 78 1029 42 977
3236 0.27948234763534624 2.780189239987958 2.9201579969958744 0 0 0 0.38074314014706412 54 818 87 760
3237 0.027262515417561774 2.3115779569019077 2.593400703442605 60 8 5 0.010448644131469583 62 1028 87 761
3238 -0.10274775559778003 2.1620993146001686 2.5191013769735267 157 39 30 0.26566793955530682 62 1030 87 762
3239 -0.66666138361879512 2.5214591333378999 2.8486961333640517 0 0 0 0.54690971157152868 46 777 87 764
3240 -0.091577556964506313 2.2206075181995262 2.5946187776745218 63 10 9 0.55597669431624941 62 847 87 771 59 656 23 675
3241 1.0968669441331973 2.5428633263654405 2.8548013512842387 0 0 0 0.79069391066011518 62 846 87 782 37 1057 15 1157 16 1253 81 1348 69 1325
3242 0.90071946297390537 2.4384857399846656 3.2226741549574296 1 3 1 1.3928708226096984 46 581 62 895 87 809 4 898 42 800
3243 0.30985340138109141 10.407018609964121 11.816527237234165 0 0 0 0.036032261064106397 18 838 87 815
3245 -0.56602737260515534 2.1988858366782318 1.4341678433166212 0 0 0 1.0476325519182794 62 906 87 822
3246 1.1974714055722735 1.8948359319345449 1.5216047892397215 225 189 140 0.57813978367838514 62 717 87 853
3247 0.22193341872663727 2.9320950444441665 2.716529893441094 89 58 31 0.57269889322745171 62 1006 96 820 87 898 78 1265 42 1175 48 1015 66 999 56 994
3249 -0.65135189834457563 2.6427722162457057 2.8698471007776765 154 129 107 0.16305089083702645 62 1162 87 923
3250 -0.67153583874979128 2.4972864071844452 2.7597471769944519 255 255 255 0.07379563190423058 62 1034 87 925
3251 -0.74373654289270241 2.5595370703052325 3.0555992763239597 109 88 65 0.8138117845427979 96 711 87 936
3255 -0.44056831717014783 2.2772350506703658 1.6465449734029072 0 0 0 0.1605008315450745 62 928 84 1144
3256 -0.43854881985923966 2.2708367368717428 1.6414390844710003 210 175 129 0.3209353617240101 60 651 62 929 87 991
3258 1.4368167556960578 2.0059294593578381 1.5117384953916091 0 0 0 1.4172246012517085 62 1083 87 1004
3259 1.1429065079401879 1.8769199643821772 1.6436388401219539 255 255 255 0.8729954769546594 62 946 87 1019
3260 1.3295769102658255 1.7782329409960671 1.6966581923332493 212 177 129 0.38032049088266334 62 1109 37 986 15 835
3262 1.0631258814872835 2.4400082773944445 3.1413260839876616 253 245 201 0.75722260236552463 62 1179 96 978 87 1082 78 1452 80 1191
3263 0.51767872828033534 3.0380098683250507 1.8420824566049352 255 255 255 0.2283813084304398 54 1159 62 1193 87 1094
3267 1.2905581655345277 2.3758464494734945 3.098808062631405 82 74 60 0.6190281016832383 62 1178 87 1164 4 1195 37 1221 15 1315 42 1361 16 1398 48 1371 66 1366 88 1413 81 1369
3268 0.97102732873529085 2.416797835099354 3.2281708486297194 132 103 97 1.8595594378392755 54 1219 87 1167 4 1252 42 1447
3269 1.0499383722422868 2.3912642547704821 3.2372987958096706 0 0 0 0.32735367911683039 62 1257 73 1540 87 1169 78 1564
3270 0.98660769818067617 2.2931828020175118 3.2670273888765178 165 149 142 0.70567865190183454 18 1131 54 1292 87 1173 59 990 23 1033 37 1225 15 1321 16 1092 48 1381 66 1376 88 1297 81 1255 69 1237
3271 1.0556515855518196 1.9267659292934061 1.3154398368646172 255 255 255 1.9330976951362018 62 1262 87 1177
3272 -0.12998957787537924 2.402979129232206 1.9971158893966472 0 0 0 1.189519620251505 62 1275 87 1194 78 1651
3273 -0.39709127446325976 2.4104221754421067 2.6299905316750491 0 0 0 0.072563360182817116 54 1355 87 1220
3274 -0.12284381730269162 2.239512904732079 2.6130768996587883 179 162 155 0.14689202058636353 62 1305 87 1226
3275 -0.11614357462300103 2.445703287390725 1.7027400667250794 239 201 149 0.47133845986227119 87 1244 59 1067
3276 -0.77389164472484295 2.3097839322688194 1.8874812575882938 255 212 134 1.2572692746914034 62 1274 87 1251
3277 1.1167669481030913 1.8961159593786716 1.5535854124388171 73 67 55 0.3094962899696726 62 1320 87 1252 59 1136 23 1167 96 1127
3278 -0.48747526673082514 2.1045029940972473 1.9425770375256495 195 163 118 1.3283931352041436 62 1326 87 1255
3279 1.1793129956904762 1.8601412565378417 1.6264331960593341 229 191 136 1.4599252260983127 62 1322 87 1256 4 1272 80 1215 37 1237 37 1320 15 1338 16 1414 24 1416
3280 -0.54112654070053623 2.3648052019698946 2.1667542173232537 255 255 214 0.52039690083711831 54 1324 87 1259
3281 0.91165942114460741 2.4372790838484231 3.1751169859549777 0 0 0 1.0598377629153477 62 1356 87 1283 78 1682 37 1424 15 1521 42 1556 16 1638 48 1540 66 1521 39 1443 69 1541 61 1669 52 1684
3282 0.93298545176125969 2.3897699445422278 3.2303028812161068 255 255 255 1.6359269946881716 54 1328 87 1284 4 1397 80 1420 37 1460 15 1557 42 1557 16 1645
3284 0.68279403178016351 2.1402842780663653 3.3855478785348101 109 111 119 0.2859054857498014 62 1361 87 1287
3286 1.1833278116308381 2.0197706509128097 2.0343724328804864 0 0 0 2.6615254789089002 62 1332 87 1302
3287 0.30168609082781894 2.5593477961683253 3.0630927501030323 162 145 133 1.6626063561918407 54 1385 62 1397 87 1307
3288 -0.12062054239527398 2.4232624926727326 1.7006592629793074 222 188 141 0.67374909846779507 87 1311 23 1208 40 1143
3290 1.0429712327748488 2.3625508801848381 3.3531505353156321 224 218 205 0.21746339847084106 62 1402 87 1330
3291 1.2385162022057299 1.8028748429461923 1.6825002886994853 218 183 131 1.7027035080389892 87 1333 80 1428 4 1406 37 1439 15 1535 16 1659
3292 -0.81425529110170847 2.5069265736626716 1.9764147730591555 255 208 136 0.99106568421102637 96 1233 87 1336
3294 1.2781688925828756 1.8634333563233003 2.178868492376731 150 127 91 0.36185372776309654 51 177 62 233 98 38 13 238 46 220 60 247 87 253 23 312 40 256 76 221 4 248 80 251 37 215 15 233
3295 -0.69161469571891543 2.480328399967779 2.8530195906425919 0 0 0 1.0378938006697283 13 470 96 504 62 856 87 774 58 1035 54 1027
3296 0.65124937028546626 1.9871250850730073 2.3893922856643846 198 198 186 1.8526245606727094 46 1090 62 1434 43 1423 25 1429 29 1415 85 1478 84 1623 18 1355 49 1568 87 1359 59 1228 23 1253 4 1453 80 1476
3297 0.76242177045938531 2.846374535006623 1.9703917133747979 209 177 152 0.38619314088964563 11 1405 100 1369 22 1444 35 1188 82 995 13 956 51 1463 46 940 96 1067 87 1181 58 1167 62 1268 76 1272 99 1416
3298 0.48784351600501319 3.0825317161847221 1.8334704633833634 0 0 0 1.0925619346818276 13 951 18 1246 58 1250 87 980 46 785 60 838 58 1170 54 885 59 781 23 957
3299 -0.1345661669742588 2.3920167552316989 2.0499728548790039 121 84 43 0.57296672995631359 60 34 62 457 87 675 59 33 40 40 76 48
3300 0.42913474273127383 2.6836133871726471 2.6468616605500737 40 49 50 0.28528191160086591 62 1148 87 1149
3301 1.1635671208321665 1.8582869733463769 1.6155311911797146 255 255 206 0.33638054958758845 73 840 78 12
3302 -0.41074047953568538 2.266291209789518 1.7024001819078127 89 82 70 0.040544960944087965 73 175 78 78
3303 1.1528424893361753 1.8086663101346636 2.2280904164564319 183 151 105 0.31367450038153444 73 127 78 159 80 254 42 245
3304 0.11341068057018154 2.4561089293417497 2.1389540221118253 129 67 56 0.31531233953728777 73 197 78 178
3306 1.0748834764029047 2.4110930378081283 3.1679290506876545 151 135 122 1.193537715538783 73 391 78 423 56 423
3308 0.73514099772452257 2.0657644031436844 1.8403068589827771 254 253 253 2.3516226719930207 73 870 56 826 81 825 39 827 69 820 83 889
3310 -0.42251493065006057 2.2668608384698454 1.7293775213029015 255 244 173 0.72349984568238102 87 386 78 547 42 54 81 26 24 18 83 94
3311 1.4283320398377222 1.6977623298758706 2.0969978358695482 255 255 255 0.83046455843999656 98 638 78 549
3312 0.85383736355919981 2.1062526858774007 2.2536540692787672 98 17 10 0.10658118337292058 73 923 78 632
3313 1.3673893551590637 1.9663039560305626 2.4696101922307321 36 29 22 0.87034271938624519 73 161 78 657
3314 -0.33438352450320674 2.2356412468330262 2.5215937255103706 98 16 12 0.47752043657856447 73 790 78 777
3315 1.3247207156803422 2.3882202368883894 3.0620121672090672 54 48 38 0.31085867631660669 62 338 73 687 78 787 83 794
3316 0.33402057408894043 2.6857494983130747 2.9667568884678781 161 146 135 0.26333685667825457 73 777 78 809
3317 1.0643875047347275 2.4091296662350059 3.187526278044754 65 61 54 0.5281535663020519 73 393 78 834 59 322 49 289
3318 1.0601036911438528 2.3402086930711841 3.2210596411013044 176 137 119 0.66844247119605005 62 670 78 844 37 687 42 804 48 825 56 772 16 860
3319 1.0400043545286157 1.8809804901563827 1.3723473175429226 202 169 121 0.034669025058251646 78 871 4 689
3322 1.668139453791823 2.4067222030431732 1.6612150388284366 255 255 255 0.059035897924034159 18 628 78 881
3323 1.003368021497989 2.0043305574624446 1.6902420653588208 255 221 142 0.66856694608061229 78 891 42 522
3325 1.3504244801709606 2.0541304884683358 2.5420242548456655 180 171 174 0.56756188769600224 73 927 78 985 83 949 42 706 36 927
3326 1.3772730176934469 2.0385316948382828 2.5499217498770586 37 30 19 0.60186303765593896 73 604 78 986 83 948
3327 -0.37359949952815502 2.3544071568404741 2.3949533502641192 162 144 131 0.41199517716359313 73 1252 78 1037 56 943 83 1204
3328 0.55313171812156003 1.8826663026430392 2.5987201124637807 255 255 255 0.35335146623681107 73 715 78 1056 42 989
3329 1.3090832344201453 2.3974642545037002 3.0692878405938409 162 140 124 0.52469944806874758 73 977 78 1067 36 1018 83 795
3331 0.23493732597746314 1.9089631973017009 3.3657351715912434 104 92 83 0.4193551099258907 73 1086 78 1120 36 474
3332 -0.48593794491881775 2.1314063274258932 1.874106989150387 211 178 132 0.6769418588015208 54 1111 78 1202
3333 0.27713204692441185 2.5276652471136227 2.2225938138881842 170 27 19 0.040453564165956094 73 1379 78 1220
3334 1.153476584900669 2.4340560157449915 3.1207450750080783 137 107 102 0.98267270522581907 49 873 78 1297 36 1254
3335 1.6748330686235564 2.3379714307588353 3.2657948743825713 52 47 36 0.54377271588137821 73 1205 78 1302 48 1247
3336 1.0815291688574431 2.4676408403073733 3.1245199551104972 109 97 100 0.45207251698876239 54 993 73 1007 78 1306 37 1211
3337 -0.68961304967501458 2.479548769492085 2.8487551675572682 0 0 0 0.51324755870617789 73 1299 78 1325 83 1266
3340 1.1913216363842261 2.5324675919594077 2.9440780830549311 42 39 30 0.64257239291082169 73 1399 78 1426 83 1455 36 1492
3341 1.0590592823649947 2.4256921344794065 3.1307932033804868 164 147 145 0.32141394977326154 62 1180 87 1081 78 1453
3342 1.2844393894122108 1.7443117566370467 1.7542368869393647 255 255 227 1.7987474464734159 73 1473 78 1473
3344 -0.64708358897042006 2.1568464099510805 2.0810850046697857 0 0 0 1.0994591366664688 62 988 73 1525 78 1521 42 1395 48 1299 66 1315 88 1327 39 1104 69 1269 24 1148
3345 1.1224790285152588 2.3229208210234926 3.2195411174881166 88 77 67 0.71660908779485188 87 1170 78 1563 83 1480 36 1511
3347 0.3337206561772792 3.2445453521724268 1.9332679519818519 0 0 0 0.66347816468068233 62 1315 73 1623 78 1572 83 1515
3348 1.3651935305516434 2.1626322855960245 2.7052456656524706 113 92 66 0.51640241540670551 84 1426 78 1596 42 1539
3349 -0.39305521920305497 2.364857263721754 2.39122383754483 155 142 135 1.2040002809786763 73 1603 78 1606 42 1413 56 1438 83 1450
3350 -0.46254395909679707 2.2762088479522729 1.7363324556725559 251 212 154 1.5536335208105545 62 1321 78 1643 4 1317 80 1343 37 1387 15 1479
3352 0.1796581978658828 1.8611595992491059 3.5475066662779531 124 117 94 0.23511585998347831 73 1676 78 1688 83 1607
3353 1.319980775412029 2.0221405875839502 2.4770939749968615 0 0 0 1.1663966100512413 73 1682 78 1733
3354 0.33255959933637896 2.035140458808244 3.3037637234068797 131 108 79 1.6958243958779411 73 1705 78 1745 42 1633
3355 -0.56882936850975907 2.3856903718480504 2.3696947363304388 168 146 135 0.15108485949388109 73 1725 78 1755
3356 -0.42648310540050904 2.387188515165918 2.3129488292097444 0 0 0 0.76699680270915926 78 1766 48 1667 42 1624 66 1628 88 1700 56 1674 81 1650 39 1643 69 1659
3357 0.8656746472009037 2.1650148672987233 1.7933556551595764 0 0 0 1.8039129941237639 73 1756 78 1774 66 1657 88 1735 48 1688
3360 -0.40411373050989835 2.3052389823531216 1.7703419390853228 198 172 131 1.6996526232116826 62 1438 73 1773 84 1626 49 1571 82 1127 96 1256 54 1418 78 1796 68 1314 87 1363 13 1110
3361 -0.629332189964802 2.1714039208647877 2.0557655357283524 72 78 76 1.2732643148912399 73 1596 78 1520 54 983 62 987 87 869 83 1528 36 1563
3363 1.1011932544439442 1.8456757565611943 1.616956942050275 222 185 128 1.236664066418995 84 1328 49 1271 87 1253 96 1134
3364 1.1310493360509908 1.9088971503178687 1.6043590654456183 211 211 194 1.6799998885544234 9 1133 25 1130 29 1148 84 1410 49 1356 73 1557 8 699 100 770 22 1020 72 1108 11 956 77 1087 93 1057 31 1027 63 653 67 417 75 736 98 855 68 858 46 827 96 799 18 1007 58 1051 12 1170 1 617 54 1161 62 1206 87 1112 23 1126 59 1097 4 1325 78 1636 80 1400 37 1436 42 1511 57 681 13 595
3365 0.15748338046104926 2.2979767250556438 2.1694035500441391 178 154 137 0.23416709282408399 73 214 78 202
3367 0.98160018885369682 2.0652821324699047 1.4384361122404914 201 167 118 2.4798030075224844 73 1098 78 876
3369 1.1201243783631174 2.3644676273937408 3.1954058632208566 175 161 147 1.7416761199279267 43 193 84 311 49 285 87 344 96 283 73 389 16 492
3370 1.1141769691234427 1.8824134715234264 1.5424813284963448 54 51 50 0.87520536646948899 13 593 46 562 11 406 8 5 100 451 22 24 35 378 3 16 33 15
3372 0.33853136270195505 1.670205656478855 2.8275311060954058 130 121 102 1.5632153937650097 68 1298 13 1102 46 1088 60 1143 87 1357 96 1248 68 1297 13 1101 46 1087 96 1247 60 1142 54 1408 62 1432 87 1356 18 1352 84 1621 49 1566 58 1437 59 1224 23 1249 23 1250 40 1177 4 1449 75 1218 98 1375 76 1435 80 1473 37 1530 15 1634
3373 -0.41568359046818726 2.2335356041681531 1.6566710175858761 248 205 146 1.8581032831595021 2 560 87 19 59 1
3374 -0.45847610532752264 2.2981450271205976 1.8452836160287251 243 204 153 0.92627974214240794 87 401 59 5 40 335
3375 -0.45285196924208726 2.3047932492103924 1.8573282945498872 255 255 238 0.70901782058642893 87 57 59 6 23 12
3376 -0.45285196924208726 2.3047932492103924 1.8573282945498872 255 255 238 0.70901782058642893 87 56 59 7 23 13
3377 0.3054856331789616 3.2402011944872542 1.9646788059496361 190 183 191 0.48381435573522391 60 68 59 37 40 72
3378 0.33861337291183763 3.1387978682162201 1.9822222492281589 175 28 19 0.20798803560238224 60 333 59 41 23 622
3379 0.26539462207640774 3.16075332271669 2.0351155752610235 154 131 124 0.31726954284257652 60 336 59 42 46 291 23 406
3380 0.50781956105366521 2.5434269812935155 1.779736188308054 170 154 149 0.79690809054519229 54 51 59 61 23 73
3381 0.63902365840175124 2.318627888920815 1.7497124605161531 61 54 51 1.5248016880369926 96 353 59 102 40 618
3383 1.1282724907349357 1.8460387190687499 1.5055815888882904 45 40 36 0.20059660476489249 46 174 59 169
3384 0.88094842903590098 1.9255284407048212 2.129818610974259 255 250 216 0.26721473755643682 46 394 59 206 23 520
3385 0.52824608324901257 1.8768051592662387 2.5736041146641506 156 138 122 1.0523654869895154 2 116 59 214 23 523
3386 0.7391683078792185 1.8377196720598836 2.5295078135442215 254 251 223 0.35376916515336959 46 395 59 249 23 544
3387 0.85471469225139207 1.9123539765287247 2.496507928876579 167 151 136 2.4738220450433763 54 290 59 264
3388 1.4198330899195692 1.9360639769375494 2.1371269109843967 206 169 130 0.2249058502024272 60 258 59 293 80 617 4 838
3389 1.4076068311430974 1.8720457191119944 2.1724024016379904 255 218 165 0.21785556089390687 60 263 59 302 76 256
3391 0.94820229684249724 2.3731211424152576 3.2386743606637491 180 156 132 0.57888648682468802 46 205 59 316
3392 0.91233384156239528 2.4171903598013591 3.3052278553522627 82 72 62 0.41365247127808225 46 204 59 317 23 332
3393 -0.56673951570105852 2.3548472710995481 2.3356682713563299 80 64 49 0.081494919175252367 60 311 59 371 23 393
3394 0.043381452095139668 2.3934712579433355 2.0602480852621636 146 133 125 0.56584169839931231 62 99 59 386
3395 0.49915675487226879 2.5448423358103907 1.7630478880925982 163 148 135 0.13315123121489592 46 318 59 393 23 422
3396 0.60988949479509147 2.5571019199576166 1.7828740719853988 255 255 255 0.16280464724574159 60 359 59 412 23 433 40 617
3398 -0.75467147877369833 2.4892830320921937 3.0706750739592588 78 81 91 0.87010612603530557 60 48 59 423 23 105 40 56 4 216 80 246 40 55 37 222 15 241
3401 0.59337775101021273 2.7645601205616281 2.0032106966534129 110 75 70 0.21610174644506275 60 374 59 443 23 457
3404 0.48587932103230363 2.0442567037445873 2.0434458209062463 166 149 140 0.6378056579642184 60 372 59 463
3405 0.79781265586180206 2.0820370264815287 2.0188148349240862 125 89 60 0.24093888237037575 87 147 59 476
3408 0.21170764818841875 1.8765417277826595 3.5549645554898963 90 86 76 0.49658732943155981 60 178 59 542 80 409 4 374 42 494
3409 0.14120743259322793 3.3205674600344182 4.8490484448113325 243 248 252 1.57498608044585 62 901 59 549
3410 0.14120743259322793 3.3205674600344182 4.8490484448113325 243 248 252 1.57498608044585 62 902 59 550
3411 1.7671628241061446 3.0277786891964205 2.7778263211325545 59 52 48 0.68623976594585367 54 439 60 291 59 558 23 583 40 328 80 663 16 1063
3412 1.0114966685299089 2.2851807613735278 3.2774444228731858 177 156 132 0.75936647715571637 46 211 59 562 23 587 40 290 4 658 76 332
3413 1.0119647985042921 2.2825422962162065 3.274968552120423 177 156 132 0.8328906128541913 46 212 59 563 23 588 40 289 4 659
3415 -0.5174617584790685 2.328870683386929 1.7654659186085131 255 255 180 0.33599775684328365 46 464 59 581 23 606
3416 -0.48797419948098625 2.2956130010683231 1.8027946344719732 255 219 150 0.82323190196974216 96 603 59 586 23 798
3418 0.3778597695249431 2.2115952740140319 1.8468197012673178 158 60 46 0.4684138354002475 60 541 59 626 23 651 40 596
3419 -0.79051333787644773 2.5357533259665299 3.0528104825672187 164 145 65 0.69511595891892808 60 528 59 630 23 646
3420 0.60027357648835666 2.8136189138324759 1.9967749751297148 74 54 55 0.54202378062868417 46 529 60 562 59 641 23 666
3421 0.35429940697332291 2.5122048349363051 2.1830440974819516 158 143 121 0.6764504827001554 46 518 59 642 23 669
3422 0.36152057663774945 2.4894704901295719 2.1848084688997091 149 45 36 0.79225239205388431 46 519 59 643 23 463
3423 1.4295328716386522 2.2305607274032426 1.6673889714509478 89 62 52 0.082716971563273275 60 603 59 686 23 703
3424 1.3563869173183862 1.8026995654931819 1.6721235869968207 0 0 0 1.2333357990493192 58 1048 60 882
3426 1.637724341452101 2.9059753409940154 2.630019247456687 0 0 0 1.074643639567 60 641 59 743 23 926
3428 1.8295889216110619 3.0512956931792825 2.7610142836783651 0 0 0 0.74268209017753684 60 644 59 750 76 1091
3429 1.5531500700292606 2.2804353902268946 3.0101792450155598 215 200 200 0.18381562260773232 60 809 59 761 23 774
3431 -0.44372809360886489 2.2963134740204834 1.8316725753675518 0 0 0 1.9148455063399499 60 661 87 850 40 742
3432 -0.44379688377677762 2.29634756441975 1.8314981408055186 255 255 252 1.462501693485535 60 660 59 772 40 741 87 851
3434 -0.56856472404634018 2.3047427572260575 2.3386302382413975 195 169 141 0.27852089427471044 60 665 59 778 23 815
3435 0.61303370539087743 2.6213997048879043 1.7601001459751369 255 255 255 0.15270560119206159 60 843 59 795 23 835
3436 0.98887380091000243 2.7227533005855529 1.7494566208969744 247 201 129 1.5933483543159734 87 836 59 814 23 868
3438 1.6471652049388377 2.4256854362760198 1.7056183031194356 0 0 0 0.25810094704318598 60 793 59 837
3439 0.53838679331927997 2.0494454737564238 3.2721345391598136 0 0 0 0.23428017335707221 46 715 59 879 23 921 40 838
3440 0.67651771474088662 2.1523951907891612 3.3523735694179697 0 0 0 0.30404938708074586 87 969 59 885 76 1032
3442 0.69134409752662584 2.1013336881669855 3.3942160934123593 0 0 0 0.17854884673756594 54 1035 59 888
3443 1.8303416210013403 3.0615113700496353 2.7701725073213121 0 0 0 0.18289132964003216 60 812 59 890
3444 1.5564370139300407 2.2785755966933277 3.038506023591788 0 0 0 0.084863419252239211 60 811 59 901 23 938
3446 -0.44941798906180602 2.3328279763094781 1.6651405476623775 209 174 129 0.26618150716064343 46 764 59 909 23 942
3448 0.60422390780431323 2.537881856137373 1.8026441023412048 255 255 255 0.20899346391456877 60 702 59 932 23 847 40 903
3450 1.2399305329477075 1.8952930963472905 1.5081111865512038 225 186 133 0.057534676503353976 73 6 59 956
3451 1.2420514102649378 1.8292461546939354 1.4901705357454085 255 226 149 0.8859736646009182 84 487 59 958 23 990
3452 1.1860963816868175 1.9052325076726009 1.5934903739301252 255 255 225 1.0148932805443416 46 829 59 960 23 992
3453 1.1860963816868175 1.9052325076726009 1.5934903739301252 255 255 225 1.0148932805443416 46 830 59 961 23 993
3454 1.1641806408110031 1.8868412649337971 1.6037876668146878 233 195 147 1.5723565969666122 59 962 23 995 80 966 4 1113 37 963 15 1037
3455 1.1747005041216347 1.8788473436869251 1.5961890167424446 233 195 147 1.0079924057716581 46 894 59 963 23 994
3456 1.1780575907903585 1.8505498953995423 1.6063666641875711 255 255 255 1.0019051848857534 46 896 59 964 23 1001
3457 1.4631162106517597 2.2742307353969262 1.6582825376630064 0 0 0 0.52975099050477503 13 859 59 966 82 770
3458 1.1320358508204496 2.0562918982952501 2.1929271857466746 255 255 255 0.4254933817519887 60 953 59 976 23 1089 40 1014
3460 0.50085975343994182 2.0403432085855151 3.2626408877394018 255 255 255 0.48489287218309496 60 869 59 981 23 1024 76 1014
3463 -0.17471850225235397 2.3509432620534683 1.6733640379033017 242 199 139 0.86170427563719654 87 988 59 1001 23 1047
3464 -0.17471850225235397 2.3509432620534683 1.6733640379033017 242 199 139 0.86170427563719654 87 989 59 1002 23 1048
3465 0.59827324019720918 2.8469519527898233 1.9665916029080877 142 19 15 0.20697538691958925 60 933 59 1014 23 1060
3466 1.2164319285912459 1.848763047782275 1.5975489737368473 222 186 137 1.8507697815412274 46 997 23 1169
3467 1.3781799984332128 2.2623592785529745 1.6380001537514617 0 0 0 0.92519709646340853 46 955 59 1041 23 1083
3468 0.7941395073625459 1.976138390826035 2.7037760143337741 60 57 53 0.45235164893229668 60 877 59 1054 23 1092
3470 -0.43477881068239366 2.589566867550293 1.5469366674876981 205 173 132 0.46621831061440383 46 862 59 1065 23 1102
3471 -0.28316678810867468 2.4274001321881271 2.0730436935866408 255 255 200 0.58777212751358809 60 823 59 1069 23 1105
3472 0.26325304504081148 3.0850949614658334 2.0369676566438764 172 162 160 0.027565802682515118 60 986 59 1076 23 1155
3473 0.5559843319915394 2.5541689589404948 1.7806476545276173 187 31 21 0.090712529042811754 60 995 59 1082 23 1115
3474 0.55508114219871585 2.5574059106174252 1.7816951740684515 187 31 21 0.45126682251194711 60 996 59 1083 23 1116 40 985
3475 1.0751007174941765 1.8923229769234855 1.6328745951005685 208 173 119 1.3632222765391397 46 893 60 944 59 1098 23 1125
3476 1.7879019213484233 3.0178210945480335 2.7912001485046578 0 0 0 0.90735476037856055 60 968 59 1115 23 1147 76 1255
3477 -0.17610285165869061 2.3575107049509727 1.7234198641725127 196 166 126 0.90043857193098553 54 1244 87 1246 59 1118 23 1151 40 1076
3478 -0.6711928944053086 2.1746870731840469 2.0785752120130665 0 0 0 0.43186100705676483 96 1179 59 1119 23 1104
3479 0.82042923411324986 1.9596076516873662 1.6559162670665681 140 42 34 1.0665676696012765 2 987 59 1132 23 1162
3480 0.49202357543232828 1.8472379194797539 2.53826906144424 0 0 0 1.0502324804035887 46 945 59 1140 23 1130 40 1059 76 1118
3481 1.246962655320943 2.056256848676755 1.9827712116141349 255 255 244 0.50863378891196354 60 1091 59 1141 23 1203
3482 1.4129031720114797 1.7838927172511843 2.217935641220115 255 255 200 0.7927246998093469 60 1074 59 1151 23 1185 42 1524 48 1556 66 1543 88 1617 56 1562
3485 -0.35811095678407789 2.2494045132695444 1.733727128853672 255 255 246 1.1179953357787775 60 1080 78 1695 87 1314 59 1176 23 1207 42 1563
3486 -0.10934214774273442 2.3310182172303802 1.9305772401050803 0 0 0 1.7928072377217119 46 918 60 1100 59 1177 23 1209 40 1156
3487 0.27063188439994207 2.7297565985009813 1.9389796391059169 0 0 0 1.2114096731117283 60 1132 59 1208
3488 0.61631490693594249 1.7257343105144236 2.5320607961327983 0 0 0 1.7676381196124986 46 1072 59 1210 23 1235
3489 1.2982571504802103 1.9825069368055239 2.0145001321035538 0 0 0 0.084185263373900615 60 1122 59 1212
3490 0.25366649657013629 2.583152869483397 2.1983336251756573 116 79 56 0.81728897933154776 46 1068 59 1215 23 1239
3491 0.89076078974004791 1.942230996090339 2.7389267996644899 0 0 0 1.9554820289778372 59 1226 23 1251 40 1180
3492 1.3947015050439451 1.8256626692831779 2.2986203122461286 255 233 171 0.13353778166519056 60 1146 59 1230 23 1255
3493 1.1531289112464951 1.9330758007976219 1.5406701629125714 249 210 158 3.148074458300743 96 1255 59 1233 23 1258 40 1191
3494 -0.43927758420820784 2.2724945021090321 1.6663320586350183 255 243 178 1.2425572866698376 46 765 96 1006 59 766 18 1153 58 1118 54 1075 87 834 23 793
3495 0.6847984667292607 2.1305953416372154 3.3755829747271773 113 115 123 0.44149658386237745 46 954 96 1110 60 1029 59 1149 62 1360 87 1286 40 1104 23 1142 37 1429
3496 0.59343671669354259 2.4801475305394995 2.2575179985515206 101 65 55 0.26390372770718423 62 482 87 460 59 158 23 173
3497 0.42075385869693055 2.0477554258557871 2.1661615504224647 0 0 0 2.7114998834213906 60 1127 59 1217 23 1241
3501 0.78820892134746556 2.991045140318771 1.88893465938706 182 170 173 0.23393708972803745 60 138 23 132
3503 0.58049237086048922 2.0529501089661935 2.0668050646545928 127 62 53 0.26810288940931559 58 487 59 165 23 180
3511 1.1521096151500851 2.3012101950612087 3.2327015320065748 146 129 114 0.37064694170439444 59 336 78 427 23 349
3514 -0.59716572376020949 2.4675472678036416 2.7106013949212517 0 0 0 0.58901382576171502 87 921 23 415
3515 0.42469597091552203 2.4973948089339371 2.2174350201900896 114 38 31 0.22993116596219135 46 341 23 476
3516 1.3184530024914081 2.7719933782871125 2.6241219499624764 252 254 255 0.20760854761758921 59 529 60 255 23 552
3518 1.4368071249552312 1.7810990818123889 2.2389202857893356 244 205 152 0.4891463519147069 60 283 23 584 80 641 4 600 37 606 15 652 24 207
3521 0.35679901007880815 2.6061211624894161 2.1310687391897862 96 43 34 0.43657639297493467 60 708 23 664 40 619
3522 1.0539347141537809 1.9097217679912126 1.6073273678428284 198 169 116 0.73664886911614857 59 820 87 79 23 687
3525 0.71871306646993227 2.1428771222496801 3.3951335720151326 0 0 0 0.92478896729654081 13 556 46 579 59 749 23 764
3526 -0.42245166784759475 2.2055440937873811 1.7767227931235827 0 0 0 1.5689455975393898 13 788 96 795
3527 -0.67485700731934561 2.5057465555628862 2.7630356189128729 255 255 255 0.14721043723562144 46 644 59 787 23 823
3528 0.57889677746818868 2.6642878572450446 1.7068668930515347 252 252 253 0.15734850656431107 59 782 96 990 23 827
3529 0.39032329276194766 2.0870211165970902 1.9978081350336183 0 0 0 0.16932495525329944 46 334 23 855
3532 0.53919512942149594 2.0473107072803125 3.2696130517917652 0 0 0 0.22973205405826302 46 714 59 880 23 922 40 839 60 758 76 1021
3536 1.0783348169188751 0.5221177350559304 0.87138145280536483 0 0 0 0.28870738506825089 96 726 23 987
3539 0.5011017617145388 2.0399421906397257 3.2622844446351702 252 253 255 0.41852929822202023 46 824 59 982 60 868 23 1025 76 1013
3540 0.77403247843655032 1.8674318623970032 2.5704335953722195 130 21 17 0.67041797371128831 59 1051 60 861 87 1232 23 1091
3542 1.5775679269087342 2.963104698376847 2.6439771970337511 0 0 0 0.13701461297681067 59 1057 68 1044 23 1096
3543 0.5088807618312523 2.5420069378945098 1.7781414558491351 173 161 161 0.33648414115217723 46 984 59 1079 23 1113
3544 1.45579214223608 2.2487850609828248 1.6728502734161002 250 255 255 0.38716339478247114 13 979 46 959 23 1131
3546 -0.75764075262111918 2.8253412309854244 2.6298514053469297 0 0 0 0.33569448118405898 49 1468 84 1521
3547 0.64005215338009636 2.0885574457522633 3.3198541777816226 104 82 57 0.83582463113263228 46 950 23 1182
3550 1.3110197210018975 1.9609551353422805 1.4923713136015988 199 165 118 2.1294159627178004 54 1333 59 1185 23 1216 40 1147
3555 0.60866719694026172 2.7909802471540868 2.0234055690601545 255 255 255 0.90448376307791001 22 1138 68 886 46 530 23 459 60 375 59 444
3556 1.1439579912323632 1.901665115039002 1.5519358200353168 143 121 89 0.52201784405244622 13 220 60 167 96 87 87 75 23 193 40 157 80 35 37 28
3557 0.69099856470431975 2.8908560537067758 1.9529219587389872 150 35 21 0.42181651044699864 35 1126 68 1104 13 894 51 1322 23 969 59 808 60 851 76 1119
3558 0.84405980704627648 1.9285634094330579 2.0586718169413469 64 56 52 1.8375393184648707 46 167 23 214 60 171
3567 -0.13936521921945544 2.3747868289428307 2.0154347960126326 155 133 116 0.79321798726844672 23 34 40 33 80 40
3568 0.30737481835062752 3.234081457575154 1.9606569907116409 224 232 250 0.71177986208476307 60 67 40 73 68 549
3569 0.58001108123850131 2.5566468621827037 1.772459288573184 190 164 141 0.093526541908581631 23 87 59 73 40 84
3570 0.12923139163005978 2.1293635547161314 2.2990871390555978 161 144 133 0.04944407873621233 60 84 40 94
3572 0.8412661562106255 1.9726930629868864 2.1643172204755463 255 251 216 0.18883389153550167 60 172 40 173
3573 0.53541191083752238 1.7343386098693458 2.7754683137586107 110 109 116 1.1067710344488391 59 268 40 191 37 626 80 317 15 691
3574 0.51857249783153636 2.0609771555110572 3.2698277348023037 255 254 247 0.73382528440822492 23 308 46 397 59 292 40 249
3576 0.9975078521478018 2.2823717905887793 3.275651880371139 84 75 63 0.32120358352646539 46 213 40 285 80 398 37 380 15 424 24 511 81 469 61 501
3577 1.0204706572305098 2.2766158345718579 3.2901580929853047 199 183 154 0.64310471996587582 62 673 40 292 15 772
3578 1.0131688079170411 2.2710222598357293 3.2996148669755558 77 69 59 0.47554213146150026 59 329 40 293 37 381 15 425
3579 1.0386319546657043 2.2721978526692328 3.2899789277226268 77 68 57 0.4259510260264715 46 223 40 302 37 378 15 770
3580 1.7312304990979601 3.0272904104604859 2.6911602838921587 225 243 247 0.11677278557109591 59 307 40 319
3583 0.73180500011000682 1.8223781404469883 2.5401737500182304 143 124 104 0.26258124705990032 60 183 40 427 76 139
3584 0.90967441332603882 2.0229554975293089 2.3412534633141497 255 255 255 0.42565804813711117 23 535 59 504 60 417 40 438
3585 0.90939449106488279 2.0854520397726168 2.472449994949351 172 30 31 0.42619467123055665 60 425 40 462 37 595
3586 0.47773683789624788 2.0962641207222839 3.307730657663825 0 0 0 0.22120373007017166 60 756 40 488
3587 1.4013626045142107 2.4427273150744662 1.9317714402425323 174 154 140 0.28928562816915687 59 211 40 490 23 240
3588 0.33017648790697218 5.7324383543806459 7.8722871637465346 0 0 0 1.2369096056476943 54 651 98 619
3589 1.4055506929683934 2.5041589231122825 2.0021393120418014 91 78 68 1.3505451048351773 59 495 40 498 23 526 80 171
3590 0.60848002075092356 2.0749789927957369 3.3370204462059472 254 254 254 0.089886623660096004 23 575 40 505
3591 1.1863445939844679 3.3136635596727584 2.539591393048831 48 42 39 0.061550656678836455 60 448 40 506
3592 1.4080221695731157 1.7996589392413651 2.2008827454450568 241 205 173 0.6072421652325195 60 480 40 525 76 598 80 633 37 862 16 702 88 189
3593 1.7141293271912048 3.0169993740563092 2.6753394239235586 228 240 253 0.10536315055308446 59 306 40 546
3594 -0.54806745881891084 2.2504280961585912 1.7685944946769463 230 188 134 0.31195598297951116 23 794 59 584 40 563
3595 -0.63288263131835187 2.1435263443326908 2.073079973995049 0 0 0 0.461164380345507 46 257 40 567
3596 -0.22812418844095106 2.2266970713151362 1.8401216750135796 218 183 136 1.7607587302795762 46 770 40 570
3597 -0.5818791262192643 2.3619773680086338 2.2972225626076708 222 189 147 0.32615471109324035 23 614 59 594 40 577
3599 0.4720713910038018 2.1997312270148619 3.4770705682091916 255 255 255 1.8242800137920994 59 739 76 843
3600 1.3154484287574628 2.7565345023460228 2.5543366938628425 20 16 13 1.1441190690536531 23 291 40 707 76 1041
3601 1.4217869098806715 1.9063562525245783 2.1488540903314406 248 208 155 0.44594412648515336 62 560 40 709 80 619 37 212 60 260 15 229
3602 -0.31438299278421128 2.3448112868349438 1.7126607772834421 255 225 157 0.90170573240644747 23 804 59 769 62 47 40 740
3603 0.52589207714885777 2.5881817982746322 1.7250150595017255 0 0 0 0.45028634283275099 23 829 59 606 40 761 59 783
3604 0.53583934603118211 2.2787399998942104 1.7346679509846394 164 62 45 0.50363149970864707 59 798 60 693 40 765 23 840
3605 1.4768451801319109 2.6400413353550429 2.3187325648168695 255 255 255 1.6359963170487812 59 721 40 857 23 729
3607 1.2983041625602825 2.7513012001483599 2.7477973184293303 130 105 76 1.4437979655299942 60 789 40 860
3608 1.3210520956416867 2.7912324485641049 2.902000844908752 60 55 52 0.18667234035038682 60 801 40 869 76 875
3609 1.6541968631514254 2.3249154592585173 3.1855015700176774 0 0 0 0.18415935015499252 60 813 40 876
3610 -0.6835852286003562 2.3749479678544865 1.8423328511113883 255 227 154 2.0312033340587341 60 816 40 879
3612 -0.61136219427513161 2.3122232687548419 2.3283089456296517 176 160 146 0.48714052345448788 23 1053 40 888 59 1008
3613 1.0429730542135247 2.2108800602687357 3.2388652619758798 177 153 132 2.2398410337442889 46 848 59 1063 40 965 4 1419 80 1440 37 1483 15 1582
3614 1.5871735491100216 2.9040281804616175 2.5579961224785857 209 211 223 0.16296035136944664 23 1026 59 983 40 969
3615 1.5867469776134739 2.9041626377630854 2.5578988163522784 209 211 223 0.23236369544116325 23 1027 59 984 60 906 40 970
3616 -0.53572814661360224 2.3499623959101155 2.1896222395543661 255 255 234 0.649002465342436 59 1068 40 975
3617 0.094932142837610353 2.1922489033164325 2.4555027463936709 149 17 15 0.10501313705774534 60 687 40 991
3618 1.3041934265456463 2.7497750161578418 2.5982488255427549 0 0 0 0.50845735075669685 59 855 40 1024
3619 1.5472235302395017 2.809715108350106 2.4945402370883381 150 133 117 0.18200683597177836 23 1028 59 985 40 1026
3620 -0.5481277145438167 2.3441965977520343 2.2407182961393608 0 0 0 0.67689372498798794 23 1052 59 1070 40 1038
3621 0.76690161400862689 2.0600915853896451 2.693613418860028 174 25 24 2.3462818943104509 73 1652 40 1093
3623 1.8006605109591591 3.0347889271809216 2.7460367944438953 108 113 125 0.52446403264611496 46 968 60 1039 40 1115 76 1347 99 1526 64 1665
3624 -0.42033969570477248 2.2757419464294109 1.7724758180872766 255 255 237 1.3527494566349405 62 1390 40 1118 4 1402
3626 0.16665814942153062 1.8810895538709811 3.4365882546953963 0 0 0 1.2592517306644482 23 1175 59 1173 40 1129
3627 0.16787216791468029 1.9031497739837355 3.5887346054960521 77 72 66 1.5366492370499838 23 1179 59 1143 40 1134
3628 -0.32754218527030388 2.2643383420980268 1.8972591730406327 233 195 145 1.9752842235256762 60 1099 40 1144 76 1350
3630 0.35037338108759647 1.6608523007926486 2.8159114726855812 111 101 86 1.5658766314211581 59 1225 40 1178 76 1434
3632 1.3815093211116214 1.8528215635420249 2.1808318243991272 255 234 174 0.82853651728144639 75 352 98 382 13 608 96 687 60 626 54 480 40 516 60 264 23 319 76 596
3633 1.6654883029367491 2.4084154967666005 1.6629038893901469 179 171 168 0.58229081024803842 54 875 96 757 62 909 87 650 11 1188 93 1074 8 1130 100 1216 22 1262 72 1325 35 1056 12 1204 77 1298 31 1215 67 895 63 871 33 671 89 958 89 1153 82 801 68 1042 60 896 6 1066 40 951 42 838 15 1056 66 831 88 889 48 859 95 684 70 440 55 718 45 719 28 729 44 420
3634 0.52107775836764203 2.5451469824374962 1.7737479380248908 255 255 255 0.45358586811629287 46 507 60 549 59 619 23 640 40 379 13 332 96 322
3635 -0.40466663502024658 2.2801943879531748 1.728211130524868 147 127 96 1.4239256049429521 58 560 96 65 46 1 54 118 40 7 73 602 78 546 4 387 80 11 48 60 16 19 66 547 56 33 83 609
3636 -0.56399697413667249 2.1434144671212234 2.2482792138181384 0 0 0 0.30218688396951937 40 1171 76 1424
3637 0.20367803227310916 1.9807231479573675 2.5455329471922656 0 0 0 0.049375364415237072 60 1141 40 1176
3641 0.62626435635128586 2.1188483161592497 3.3415603391092468 205 194 194 0.50494600356781549 46 191 76 289 13 146 96 300 99 370
3643 1.0392745215287287 2.2659520673907334 3.2846407135810871 73 66 56 0.81489833349990692 40 301 76 338 80 405 37 379 15 771 16 869 61 861
3644 1.1512494222174738 2.3402915544483789 3.1911485183548112 172 162 133 0.6522763573445417 78 422 76 354 42 454 83 454
3645 1.1512494222174738 2.3402915544483789 3.1911485183548112 172 162 133 0.6522763573445417 78 421 76 355 42 453 83 453
3646 1.210531881631717 2.3095309682774192 3.1964074613939832 75 69 60 1.1238940245848981 40 312 76 381 80 394 15 419
3649 -0.22304529011596383 2.4009895167145627 2.0563149684277504 143 120 96 0.31959193814696929 40 354 76 434
3657 -0.16236662140137323 2.019178315453932 2.1289012009970807 255 255 255 2.1861239034290789 68 953 76 737
3658 -0.13834234352992122 2.0020008680627197 2.1382058591174813 255 252 255 0.98254198725282671 68 621 76 738
3661 1.4127746473361018 1.9808765721960351 2.1087182010365009 209 175 131 0.35638125057370695 40 703 76 832 80 607
3663 0.59444494593314645 2.111934659209596 3.3244556754324406 184 167 165 0.52358423657757258 13 363 46 568 76 842
3666 1.7764979367586755 3.0215839495982926 2.7095737657324395 110 111 120 0.080806306923280447 40 730 76 906
3667 -0.24521731718131876 2.1289564102202316 1.9211796475810896 225 188 138 1.0719289721361696 62 1112 76 928 99 791
3668 0.66873968358675306 2.9148976587252839 1.9292211724607253 154 27 19 0.1929314910704204 46 682 59 803 76 966
3670 0.57756263092547 2.9711987412641765 3.2383796054352181 50 45 47 0.84899273988963242 85 349 76 1033
3671 1.322860651024369 2.7685821406944262 2.5860766589929178 255 255 255 0.13117262416985165 40 858 76 1051
3672 1.3096888715692405 2.7565662246025071 2.6006477622120481 0 0 0 0.48987972132481927 40 854 76 1052
3676 1.0621037034603247 2.3115279823601904 3.2680672841766487 199 169 134 0.10631232986883922 59 992 76 1183 23 1036
3678 0.81509440431183333 2.9625008880724626 1.8863221252429805 225 235 249 0.23532578461848949 60 939 76 1224
3679 0.77124355839891601 2.8590380637952588 2.0094778320400515 121 45 50 0.63095183116512077 51 1323 76 1226
3680 0.68741805424037139 2.126131504922439 3.3735707424012698 120 109 101 0.031674926173150958 13 961 76 1333
3682 1.0570390796522791 2.2639806842649701 3.288971647039558 128 112 103 0.92050107328159059 84 714 62 383 76 663 40 722 59 755 37 925 15 1003 48 837 88 1106 56 788 81 797 69 801 54 635 83 486 36 421 99 979
3684 -0.49846294206346886 2.2454234424259911 1.7708877160502674 223 185 133 1.3685247910709808 4 12 42 62 83 118 36 575
3685 -0.28870809773270639 2.1609473350334687 1.7879495602345881 255 255 215 0.40159944681869764 4 17 80 13
3686 1.1149992734141554 1.9421023244087345 1.5870425479066157 95 86 69 1.0927214576574773 60 166 4 59
3687 0.4185997048691722 1.948961782231218 2.4448746426556833 146 130 116 0.86460935649075987 23 207 54 602 4 232 37 209 15 203 16 238 7 949
3688 1.4045364169201289 1.8409505468095493 2.1523533105897843 212 175 136 0.59995713194134725 60 265 4 246 80 249
3689 1.4045364169201289 1.8409505468095493 2.1523533105897843 212 175 136 0.59995713194134725 60 266 4 247 80 250
3691 1.0764839708436413 2.3714448025905681 3.1894047381481543 89 81 71 1.1192192786043456 76 330 4 356 80 388 37 681 15 415
3692 0.93386320477673779 2.3635685115734706 3.2596305214935861 87 78 62 0.097855020880966481 23 333 4 358
3694 1.6896423843319042 2.3030734662184456 3.2148308606021878 113 121 135 0.25469317446137357 62 668 87 353 4 377
3696 1.0887675799964125 2.4241715706528479 3.1383834609396581 253 239 201 0.33001853817978977 96 269 4 639
3697 1.0887675799964125 2.4241715706528479 3.1383834609396581 253 239 201 0.33001853817978977 96 268 4 640
3698 0.90458860426906151 2.4037679957850515 3.2211738019974119 196 180 153 0.50433477027546825 59 744 4 642 23 574 80 691 37 684 15 1179 83 1391
3699 1.2575229167983961 2.3821643221288475 3.101145744804938 208 183 153 0.34775420670629664 96 524 4 648 80 696 37 678 15 755 88 832
3700 1.578830395426096 2.2726439176628035 3.0794200210835014 255 255 255 1.7631299649099581 87 341 4 662 42 430
3701 1.4516707116644993 11.557574633969292 8.7276904250570819 255 255 255 0.96863264606092048 49 994 4 663
3702 1.7031081019361647 2.3352318531619169 3.2088181792464279 109 120 131 0.35577919838629601 87 348 4 667
3704 0.49225767969365936 2.3009415359147445 3.2833399452703893 56 55 56 0.17087122068805605 23 904 4 893 37 905
3706 1.0984356338730532 2.3306388363760466 3.1911822047639045 255 239 192 1.8535153799413753 78 1107 80 699 42 798
3712 1.1419748629400703 1.9355735434946246 1.6407449416241662 255 255 255 0.54793090307594683 78 1144 4 970
3720 1.5801760560991285 2.2493023780688768 3.0116148030309939 255 255 255 0.11030079252328323 87 957 4 1094
3721 0.29743774761690855 7.2511317016663561 2.5899331269932433 255 255 255 1.3740581914962378 73 1488 4 1100
3722 1.3097783764843276 1.7863463996189941 1.6812922292211256 212 177 128 0.96916905535674636 62 1108 4 1129 15 1049
3723 1.2361641770980842 1.7569819083752041 1.7424153450527218 225 188 134 1.505709958221799 84 1070 4 1130 80 979
3724 1.5614244563504056 1.7756546848054242 2.3468421780243895 242 214 170 0.6274624126401166 4 1174 80 1173 42 1167
3727 -0.39231753995137864 2.3159325259649863 1.6910046429165675 251 213 166 0.67016543178764476 60 972 4 1200 80 1204
3728 0.91323334078517859 2.0357152494317159 2.3827667999451934 156 31 33 0.33531955631416105 46 717 4 1244
3730 1.2531955300825135 1.8870995710842247 2.163014081319496 189 157 111 0.43299802813802335 54 1312 4 1351 80 1365 37 1352 15 1450
3731 1.7194504827460018 2.3248232697758056 3.2424118859019631 114 121 135 0.78673295137879895 62 1311 87 1241 4 1367 80 1394 37 1432 15 1529 16 1652 24 1625 61 1723 52 1739 92 1724 94 1786
3732 1.0627316722085836 2.4595918089348046 3.1257701798810156 240 222 191 0.77137891402621739 78 1679 4 1396 42 1592
3734 0.3800250702660557 1.9559153241228251 2.6194845269723839 0 0 0 2.075020802769318 96 1241 4 1440
3735 0.32075977460522043 1.8899821201792248 2.5128976170690605 0 0 0 0.34851166197271266 23 1247 59 1222 4 1445
3736 0.056766731589894585 2.4585338798585443 1.8966474997648448 0 0 0 1.8164302167336634 62 1429 87 1353 4 1450 80 1472
3737 -0.042857503231785714 2.0461316250300432 2.2720930530470391 96 84 77 2.2281566942851909 40 1175 4 1451 80 1474
3738 0.2936857417933873 2.3909752040442633 1.9966892650866939 153 55 45 1.2589848349273984 59 414 4 63 80 65
3740 -0.48853712745861383 2.5566753119658143 1.5552910339977608 198 167 124 0.64305372795302229 4 672 80 414
3741 -0.57256592825313113 2.2071172961399173 1.5169159656554945 0 0 0 2.6138038317526888 78 904 4 921
3742 0.79549224115576367 1.9411394694780018 2.1088936273299046 161 54 42 1.9346234950701868 54 1097 4 1018
3743 -0.53269805683733706 2.4203761261173931 2.6084359088688354 0 0 0 0.45865353658549718 4 1137 80 1007 15 885
3754 -0.37657950833565879 2.2949987069939426 1.6266370115132278 202 172 134 1.1683641123690709 96 913 23 1044 40 881 46 632 60 914 96 1003 59 999
3755 1.2893221827304038 1.9240519125540272 1.5262279195702166 209 176 127 1.9192053836347218 13 1089 46 1065 75 1163 98 1323
3756 1.1199188889264733 1.927160216099524 1.5357845664399312 246 208 147 1.5530080994469311 31 789 63 849 67 871 33 1008 2 815 18 1005 49 1003 25 661 85 421 29 873 84 832 23 984 60 943 59 950 3 905
3757 -0.38459219901581415 2.3073728697900941 1.7886411254397363 255 255 249 2.0530910708729992 62 1097 59 912 60 659 23 946
3758 -0.43755217792901929 2.2539108961576981 1.8264602682395235 255 255 250 2.4526366822541599 4 13 80 14 42 60 56 515 24 29
3759 -0.40893066211325152 2.2113977764307577 1.8216475052797092 255 255 250 0.32916635439777164 4 14 80 15
3760 1.05107663800513 2.113681954339437 1.4294641236123862 209 175 123 0.24754213202733494 4 395 80 17
3761 0.45633243922272521 2.2569467462020092 1.7586386737867921 156 43 32 0.20217495144778211 40 59 80 27
3763 0.59991007465438351 2.7858352855757031 2.0227985298618907 103 88 78 0.7956785367372019 4 453 80 79 42 564
3764 0.80444541981185469 2.0284256805802507 2.0227912767203109 143 103 71 1.3091938001101202 4 139 80 132 15 123
3766 0.59824495191036609 2.0783968710469827 2.1158588835654828 134 26 16 0.51347427459703077 4 142 80 154 37 491
3767 0.11929015721176638 2.1389700293685623 2.3163086036347558 255 255 254 0.42897685532100033 4 146 80 157 37 129 15 568
3768 0.11929015721176638 2.1389700293685623 2.3163086036347558 255 255 254 0.42897685532100033 4 147 80 158 37 128 15 567
3769 -0.68698549247188412 2.7986661225160621 2.8049915517885777 134 110 77 1.9719031505297526 4 514 80 168 37 532
3770 1.3421720798629579 2.4190280507753741 2.0275027490338404 238 252 255 0.29328381232975581 4 518 80 174 37 169
3771 0.11201172016503505 2.4401113182883085 2.4419529214187508 203 194 190 0.18597850814244557 4 529 80 185 37 175 16 690 24 691
3772 -0.099345150236542334 2.2408627936964254 2.5848693556008882 106 19 17 0.41075564749991228 4 196 80 194 16 241
3773 1.2756469888509621 1.9705379899971955 2.1196118272890652 157 130 93 0.15863792515369493 78 110 80 220
3774 1.4101271986733328 1.8978580217486276 2.1531941363157392 210 174 137 0.32114776168364223 4 245 80 247 16 230
3775 0.53738518821304793 1.838284401246467 2.5274630179991342 115 100 89 0.59875443290846464 4 265 80 272 48 275 88 284 7 202
3776 0.76389654517796368 1.8255775052296426 2.5397586991190044 205 188 181 1.0743707432498524 4 284 80 291 37 266 15 288 16 743 24 999
3777 1.7498079180578587 3.1289318212794739 2.7318371386924953 191 191 205 0.31292387977061376 4 598 80 312
3778 0.47171995388538496 1.6770788051498973 2.900020436625006 113 109 109 2.2879526527471583 4 320 80 353 48 797 56 752
3779 1.3429285768275745 2.3790306325626265 3.0749866162456425 253 248 220 0.10221786210508631 4 646 80 382 37 358 15 411
3780 1.3429285768275745 2.3790306325626265 3.0749866162456425 253 248 220 0.10221786210508631 4 645 80 383 37 359 15 412
3781 1.1442260174972272 2.374171353683503 3.1529331435996917 255 254 242 0.76297187560945745 78 407 80 386 66 463 42 456
3782 1.015215028982112 2.2972428828606803 3.2671727917034423 83 76 70 0.31962961407545631 4 363 80 396 37 695 48 479
3784 1.6681809856861476 2.3222449159166221 3.1574759557807224 255 255 255 0.73771423944127557 4 664 80 411 15 785 61 510
3786 -0.32897384831719606 2.3307882074879847 1.6920509143583691 212 180 137 0.97550308198549962 4 8 80 426 15 8 16 18 24 16
3787 -0.40431482612024511 2.2776317048559775 1.6681032487319054 255 250 185 0.58728109668044393 87 377 80 427 58 784
3788 0.61213803646359677 2.729701199607605 1.7325130243179727 157 152 151 0.2072550967457229 4 22 80 451
3789 -0.65703557872984963 2.1922447774795875 2.0489555305717815 176 158 153 0.25367738106872856 4 701 80 459 37 413
3790 -0.57296175891866996 2.145383066964123 2.0824831444758543 149 25 15 0.26477176435106914 4 423 80 469 15 480
3791 1.0520133992530436 1.9706305727269604 1.639236879889701 255 255 170 0.81442006834358172 87 409 80 474 37 426 15 37
3792 -0.55627944753908332 2.4126031279747266 2.2569734938235642 164 145 134 0.27267513334402183 4 446 80 483 37 450 15 509
3793 0.83250687984354643 2.2291714000678828 1.8639831529559092 220 180 120 0.20584765596317897 4 977 80 489
3794 1.392810720090464 1.8077534273151974 1.6623454459461469 213 202 177 1.6729986313250349 4 123 80 498 15 86
3795 0.14145240134558293 2.2239758055077274 2.2803172860892333 213 226 254 0.75169775994375276 4 762 80 522 37 127 15 130
3796 1.4035890865724459 2.4534778680295877 1.9646255772406673 157 146 142 0.25495285673997681 4 516 80 526 37 504
3797 0.082090799054495511 2.7928548129166897 2.505435602866334 79 53 30 0.17903346182131066 4 506 80 539 15 601
3798 -0.27789082529481945 2.2465073501741406 2.5110656205836879 150 28 22 0.30077164823751179 4 533 80 543 37 819 15 589
3799 0.10858894189844427 2.458986008386788 2.4878097658313409 63 23 22 0.41357462452144728 4 530 80 560 37 826 15 602
3800 -0.056382446178273746 2.0601337187073017 2.422534231247238 147 120 87 0.12107680646200041 4 532 80 562 16 970
3801 0.75683205005679899 2.07289302966766 2.1727452579883169 156 51 40 1.8771214322732632 4 1019 80 572
3802 0.96952553951141351 2.0675324089548517 2.2629078689014919 65 38 24 0.12377080535842126 4 566 80 598 37 206
3803 0.89636626181748569 2.0374397005148621 2.3433875302951352 124 37 28 0.2751121921298908 4 241 80 614 37 853 15 930 16 1181
3804 0.80651143095516709 1.951130828649041 2.6367348657257019 117 9 8 0.58273015433110886 4 601 80 651 15 674 37 280 16 751 66 342 81 263 39 268
3805 1.421862892285519 2.2427217377343274 2.833563467709407 255 255 255 0.53258820905848314 4 624 80 677 37 653
3806 1.0696119055489466 2.4978304765880917 3.0898743902283035 220 199 168 0.74036556136291942 87 580 80 681 37 658
3807 0.38321596764381599 2.6716096643531295 2.9344793840518704 0 0 0 0.032991422875362442 49 706 84 741
3808 1.338069733025665 2.3729398699955282 3.0952220496675911 29 27 22 0.22169981993027402 4 647 80 695 37 921
3809 1.0686122107745804 2.338146316008364 3.2306674192584794 85 75 61 0.74415411996097958 4 908 80 700 15 757 42 470 66 803
3811 1.0305187434602228 2.3153915720355784 3.2565953157085628 85 78 72 0.25279702783392599 4 362 80 703 37 689 15 420 16 867
3812 1.6553682052332022 2.3808995373560493 3.1709189182989204 255 255 255 0.69426974899870608 54 281 80 710
3813 1.6490921459448042 2.3299380352107595 3.1844296254005315 0 0 0 1.0596265755226366 4 378 80 714 37 702 15 434
3814 -0.44855011277360674 2.5301418357322558 1.5299306443818737 255 255 254 1.4018959659158778 4 919 80 717 37 712
3816 -0.0089419434472463571 2.1780784278925354 1.5427005503952713 0 0 0 1.2053493650954201 4 924 80 720
3819 -0.5782036971552339 2.213020111318365 2.1384896063700425 190 178 178 0.1771016161631826 4 719 80 759 37 435 15 489
3820 -0.32045768103371181 2.1629956139531954 2.1797430993124585 254 252 254 0.080895856088147824 4 457 80 776
3821 -0.21483763928629696 2.5458009131818433 2.2461127102961047 113 77 42 1.048092308009597 4 456 80 783 37 766 42 912 66 1157
3822 0.32797000256385761 2.6381433634099638 2.1258525109982829 77 64 52 1.277508717752637 4 454 80 793 37 987 15 844
3823 1.3309290559543687 2.3931194323404403 2.0132835522449808 53 48 44 0.74827006877800795 4 783 80 823 37 823
3824 1.3309290559543687 2.3931194323404403 2.0132835522449808 53 48 44 0.74827006877800795 4 784 80 824 37 822
3825 1.2877251514873416 2.4319020927720918 2.067832649447233 15 3 2 0.593514564482715 4 802 80 826 37 1018
3826 1.1815634458443405 2.1642813409260051 2.0692573549998201 76 66 57 0.11840241502272041 4 808 80 840 37 830
3827 0.93027101959881309 1.975676042122237 2.1780833688869308 255 255 255 0.35290199598551814 4 553 80 850 15 1097 37 1026
3828 -0.7219430559964598 2.4849889390521125 3.0181196101278629 159 130 98 1.0091289266370622 4 1028 23 655 80 863 59 422 88 1274
3829 1.3738950747356795 1.7519091231513744 2.150100950246951 171 152 131 0.45734073613971382 4 585 80 872 15 231 37 225
3830 0.8960610443998076 1.9224366168151434 2.463593044615592 185 36 35 0.28374292161181702 4 594 80 878 37 863 15 937
3831 1.215254813045445 2.4772881628793426 2.8750552048795708 69 71 79 0.22891542603530221 4 612 80 898 37 641
3832 0.55709330431759641 2.3033400483659974 3.0892174931342531 0 0 0 0.8796350883956946 4 1056 80 901 37 645 15 977
3834 0.52951117275186443 2.0662067106133444 3.2919681297593701 0 0 0 0.13114059999125263 4 1079 80 923 37 917
3835 1.0292232859151642 2.3113188106659295 3.2360091735874419 227 205 170 1.6201689387226841 4 909 80 925 48 474 56 780
3836 1.6515723198682488 2.322582943121497 3.2139918631242663 12 11 7 0.81629710202213324 4 670 80 930 37 708 15 786 16 1288
3837 -0.42986692625710021 2.5058102276464544 1.5494814408241044 200 170 127 1.8401987795617967 80 931 37 393 4 671
3838 -0.14077984827502737 2.3304970963578309 1.6042662577204698 255 215 149 1.2653528935439562 4 927 80 937 37 720 15 444
3839 -0.1416454716132643 2.3330493982770566 1.6048169061412556 255 215 149 1.6191207360280269 4 926 80 938 15 445
3841 0.54694005227024134 2.6925980423756428 1.6949302031294604 207 177 165 0.3257351886197703 4 937 80 948 37 947 15 1030 42 515
3842 -0.34696507574221275 2.0922269782745757 1.951938631208916 216 181 133 2.0306476902887414 80 956 37 949 15 807 4 1105 16 896 24 911
3843 1.080760478119934 1.9263335483462787 1.6264752758270602 218 182 127 0.61622747868672634 4 1114 80 962 37 955 15 1039
3845 1.5331771931956244 2.3852231787058993 1.6985816110685983 0 0 0 0.99813395920659376 23 879 80 975
3846 1.4216758768643585 2.4536505051219786 1.925664549824242 49 41 32 0.36340529705747687 4 771 80 994 37 1005
3847 -0.53269805683733773 2.4203761261173935 2.6084359088688358 0 0 0 0.4586535365854611 4 1136 80 1006 15 886
3848 1.394299819350781 2.6417815264490732 2.1962792355978933 156 144 140 0.3768849776733994 4 1022 80 1026 37 1035 15 1109
3849 -0.78748110788221348 2.4998793323693267 3.0358835256430048 0 0 0 0.5143212759104937 4 1029 40 755 80 1036 66 1253
3850 1.4122544403873218 2.2179527073319627 2.8213512036619237 240 242 244 0.16159503779470821 4 1065 80 1074 37 1205 15 1294
3851 0.4888056471607562 2.2159217337152164 3.2348035962723833 0 0 0 0.12482551608256406 4 1071 80 1078
3853 1.2339406651133893 2.3931651683717803 3.0988675791864213 88 78 64 0.48676205364448383 4 1072 80 1090 42 1232 48 1065 73 997 66 1058 88 1092 56 1022 81 1032 39 1036 7 1085 83 1065 49 870 84 943 36 1032
3854 1.2456139981485859 2.3698155239760004 3.1127387157107749 89 81 65 0.35586465972484388 4 1075 80 1091 37 1081 15 1183
3855 0.57470794482171794 2.0624018609328125 3.2746076539709152 170 161 165 0.092065937728502981 4 1078 80 1095
3858 0.35849157857288327 2.2278942382068654 1.8512294412530406 192 179 159 0.95719990276984024 4 1110 40 366 80 1118 37 956 15 1041 42 1385 48 1275
3860 0.65743421810814828 2.0680923797645012 2.0590446412805763 210 193 161 1.2838088388976794 4 1000 80 1136 37 1249 15 1346
3861 0.21136218057751699 2.2724620124033499 2.2483088751400238 0 0 0 0.59853330563658069 4 995 80 1138
3862 1.3924469068186174 2.4783458799714397 1.9397672544349973 156 146 143 0.21546385985577035 4 1131 80 1141 37 1159
3863 -0.47722795109940269 2.6431996494614212 2.7785701280598656 131 107 73 0.54085089377468099 4 1144 80 1153 37 1170 15 1257
3864 0.58136639245978061 2.3706137986060458 3.0141338018014983 147 132 127 1.1944237307208152 4 1179 80 1182 37 1195
3865 0.71244123216042365 2.4102231602916344 3.0447906309529755 0 0 0 0.4307606276387434 4 1176 80 1183 37 1200 15 1291
3866 0.65935772187637554 2.4113326453438693 3.0550950665129117 0 0 0 0.85355329452554318 4 1178 80 1184 37 1201 52 1289
3867 1.3181985684901418 2.2488135886449903 2.8363589025643314 0 0 0 0.24068250957189941 4 1059 80 1185 37 1297
3868 1.2108884294501123 2.4160547973685573 2.9007313227249392 138 128 124 0.5830163401969084 4 1182 80 1186 37 1204
3869 1.2732377527050991 2.4562049972181015 3.0030272322714628 38 35 28 0.71696127991070879 4 1185 80 1187 37 1209 15 1401
3870 1.0936894352385305 2.4924699685259242 3.0696166491182271 216 198 168 0.64735410421726547 4 1064 80 1188 37 1207
3871 0.90973964319001577 2.4854801466317493 3.2147215345003355 0 0 0 0.81219339991967043 4 1186 80 1193 37 1076 42 1239
3873 0.97029040798312027 2.4406532506029133 3.2421889695074571 136 112 107 1.110798010485694 4 1251 80 1197 15 1178 42 1446
3874 -0.56895282401718372 2.1049668054088899 1.9916341997725566 0 0 0 1.9252548755609609 4 1107 80 1207 37 1314 15 1419 42 1567 88 1694 81 1642 39 1664 69 1658 7 1718 48 1626
3875 -0.10719447424606954 1.3077390340164483 1.8952361255635239 0 0 0 1.9108217348793761 62 1031 80 1214
3876 1.1363211658057122 1.9196352579618159 1.6198480482658397 255 255 255 0.45070837712141654 40 800 80 1217 37 1130 15 1214
3877 -0.51051217111167102 2.4067821997705474 2.3381966789123192 0 0 0 0.28040052046147684 4 1208 80 1219 37 1245
3878 0.65478948350907318 2.0518715231850631 2.0866002869115214 135 57 51 0.47160642821027704 4 1220 80 1238 15 1435
3879 0.13622948319912123 2.1295245562275875 2.3371752638811909 138 18 16 0.56037017307861825 4 1228 80 1241 37 1262 15 1360
3880 1.1422126316588181 2.0605471931303767 1.9996042044288449 68 63 52 0.45882542985449531 4 1149 80 1245 37 1261 16 1437 24 1430
3882 -0.49927896009374717 2.6172241830469662 2.747303553729501 0 0 0 0.81520522017703778 4 1234 80 1254 37 1349
3883 -0.65996394296431204 2.5199805380029505 2.8392836759254392 0 0 0 0.75070588019735818 4 1153 80 1262 66 1442 16 1462 88 1491 81 1342 39 1316
3884 0.36947665505364091 2.0356576109241979 2.4498790805524786 0 0 0 0.35509270140492172 4 1296 80 1268 37 1173
3886 1.0102654099930117 2.4220942964091585 3.1439482855792202 255 255 255 1.4124939323139571 4 1311 80 1280 37 1212 15 1298 83 1244 7 1092
3887 0.39722315967767075 2.0291916087060602 3.2655743527109959 0 0 0 0.47439675563490008 4 1191 80 1281 37 1374
3888 0.40274347671587779 2.0202775819725023 3.2600731879893035 0 0 0 0.9658277809463387 4 1192 80 1282 37 1375 16 1639 66 1570 88 1687
3889 1.4235847454471311 2.3244475472501671 2.9848428822435378 0 0 0 0.31964687354330368 4 1193 80 1283 15 1404
3890 1.3318975413749594 2.4099418792273317 3.2169121856595235 70 66 59 1.1141306060272071 4 1258 80 1288 37 1381 15 1476 42 1445 48 1542 66 1524 88 1592 56 1478 81 1532 39 1538 69 1544 7 1612
3891 0.52678618438149727 2.6260135661960269 1.7047123935614543 0 0 0 0.12669573871021789 4 1263 80 1293 37 1313 15 1417
3892 -0.61430439751735655 2.169579004140052 2.1252472521472194 0 0 0 1.6396455248872848 4 1267 80 1297 37 1394 15 1484 16 1513 61 1628 52 1647
3894 0.13404898409724086 2.7895547821863236 2.2597786758517469 169 159 156 0.12781880741755719 4 1274 80 1308
3895 1.41379176408665 2.5819760209224847 2.108437773042358 118 106 87 0.39339279179562459 4 1285 80 1316 15 1502
3896 -0.61986843299013683 2.4353534802107353 2.7563874978591607 117 109 104 0.44573551312163373 4 1283 80 1319
3897 -0.099618108740547759 2.7508406592830874 2.7920788222006201 0 0 0 1.6237567345099526 4 1291 78 1671
3898 1.8075607610264619 3.037822470447483 2.7445616290448624 97 102 114 0.9323790065039399 4 1301 80 1330 15 1394 37 1290 61 1670 52 1635 92 1685 38 1666 10 1548 34 1552 32 1633 76 1346 64 1664
3899 -0.60548129320908961 2.1579902567111526 2.0631254881986774 211 188 163 0.27688187487534843 4 1320 80 1346 37 1392 15 1480 16 1509
3901 -0.53053485520963151 2.2975028967910736 2.2200585492974678 0 0 0 0.38411699188445214 4 1326 80 1350 37 1438 15 1534
3902 -0.52512925874750815 2.3319797784464349 2.2951881315545819 152 136 123 0.6484907326340007 4 1328 80 1351 37 1326
3903 -0.63254123821322816 2.3848097970175486 2.4211021755776168 0 0 0 0.87274988893913485 4 1329 80 1356 15 1488 37 1330 88 1701
3904 1.3710856824965838 2.4953621725071908 2.0257334054785372 0 0 0 0.98785588511222755 4 1281 80 1358 37 1401 15 1498
3905 -0.57385714193312232 2.3571397313451175 2.6747548080507921 42 42 44 0.4916356064799034 80 1359 37 1402
3906 -0.097134424714283227 2.1000422395068483 2.4905720394601301 159 19 14 1.3793183311802444 4 1339 80 1360 37 1444
3907 1.0783490477860491 1.9317473998649912 2.0800859228080086 173 153 133 1.6012776046842667 4 1346 80 1362 37 1346 15 1500 61 1584 52 1592
3909 0.34172887398771645 2.0797943933467442 3.3407424132715104 128 106 78 0.8700551026298321 4 1364 80 1381 37 1425 15 1522 16 1646
3910 1.4050920041824497 2.4063663948436673 3.1616972978294018 62 57 53 1.0236752321456173 4 1312 80 1386 37 1427 15 1560 16 1717 24 1695
3911 0.21602930939573495 1.8704494175133435 3.4776380146292341 93 79 71 1.3606276791236951 4 1315 80 1390 15 1527 16 1650 24 1663
3912 0.21602930939573495 1.8704494175133435 3.4776380146292341 93 79 71 1.3606276791236951 4 1316 80 1391 15 1526 16 1651 24 1664
3913 -0.19208333339488884 2.3652040389385123 1.687225475374907 199 168 127 0.63929235429733255 4 1369 80 1395 37 1433 15 1530
3916 -0.60588906479327864 2.5635546856497995 2.744637781370983 0 0 0 1.1003903997013225 4 1384 80 1408 15 1539 16 1702
3917 1.439112260225172 2.6790009220558701 2.2100222624915697 154 142 135 0.89269115509307939 4 1386 80 1409 37 1446 15 1542
3918 1.2296714793666164 1.9231279567148372 2.1300014091906543 180 150 107 0.55166471774369152 78 1646 80 1413
3920 0.6845968330097123 2.2596654531455753 2.7432966397221028 178 26 24 0.74588147138571126 78 1717 80 1416
3921 1.2684983607977325 2.4264805961138869 3.0449680984893104 48 45 39 0.70483202177335935 4 1417 80 1419 37 1458
3922 0.94056339931038146 2.3684953035785354 3.2180925567866154 215 197 164 1.2684960085697525 4 1398 80 1421 37 1459 15 1556 16 1644
3923 1.0268054105013138 2.3197792516132036 3.4104629314009252 0 0 0 0.22104012652388788 40 1074 76 1340
3924 0.17911869539638559 1.8707704221305621 3.5522742792548798 94 85 68 0.2313020928000237 4 1400 80 1423 37 1462 15 1562 16 1690 24 1667
3925 0.17911869539638559 1.8707704221305621 3.5522742792548798 94 85 68 0.2313020928000237 4 1401 80 1424 37 1463 15 1563 16 1691 24 1668
3926 -0.29152817824872573 2.1507137192696386 2.0241972175353848 0 0 0 1.2803287507678287 4 1372 80 1426 37 1486 15 1587
3927 -0.51075260954670598 2.2398791739654142 2.0783128132306543 0 0 0 2.5072893132799203 4 1404 80 1427 37 1485 15 1585
3928 1.3976119676912138 2.3204193557339785 2.900081570244549 183 171 165 0.6633516420550376 4 1414 80 1438 37 1503 15 1600
3929 -0.10090922324985996 2.3615347728471212 1.7300232578491499 205 177 138 0.76889695635824651 4 1421 80 1442 37 1464 15 1583
3930 -0.78588608819967987 2.3512001802154527 1.9317333345547234 255 217 136 0.93484417462566016 4 1422 80 1443 15 1564
3931 1.4599224819412535 2.1379086297156253 1.5605827512250103 0 0 0 0.76823164559756196 4 1426 80 1445
3932 -0.58599387416185333 2.3764527068202255 2.3546077940373009 142 129 119 0.37524843832519694 4 1405 80 1446 37 1488 15 1591
3933 0.70624985040949717 2.1355684930151666 2.1433242940468804 107 11 8 1.8580406672129954 80 1449 37 1490 15 1594 42 1637 16 1735 48 1662 66 1640 88 1723 39 1681 81 1682 69 1668
3934 1.4465507438342473 2.4683801959593259 1.9679737457121624 150 124 91 0.47025131381911817 4 1408 80 1450 37 1491 15 1595
3935 0.49039065130237203 1.7664784227025065 2.8751937728228105 116 116 120 2.5781708150569704 4 1432 80 1454 37 1516 15 1615
3936 0.26369167176435238 2.2388453210836849 2.4596332375454102 0 0 0 0.623513547009241 4 1439 80 1460 37 1492
3938 -0.061392640060096947 2.5374295915379625 2.1827455073576614 131 100 72 1.8194414379936399 4 1438 80 1465 16 1742 88 1748
3939 1.2629958398383268 2.3027390856898271 2.0987015225371342 0 0 0 1.2229743875029087 4 1443 80 1467 37 1521 15 1617
3943 0.96897950936575783 2.3111690269948033 2.7443953588791921 0 0 0 1.0078843136815363 80 1478 37 1534 15 1638 4 1448
3944 -0.4246559740349089 2.3114627659437823 1.7639019355316465 255 224 170 0.59495953368877408 4 1455 80 1479 37 1535 15 1639 16 1760 48 1701 42 1660 66 1676 88 1758 56 1709 24 1748
3945 1.1150813380994726 1.8907172002192703 1.5497700906862757 72 65 54 0.58613382412471104 11 1418 100 1379 22 1456 68 1193 43 1294 9 1298 25 1213 29 1233 85 1281 80 1349 84 1468 49 1416 71 1354
3946 1.118230032061075 2.439531819309992 3.1325377940513834 204 185 158 0.47450897268825964 96 716 4 897 80 687 73 737 62 650 87 591 78 821 37 679 15 751
3947 1.1038283652866219 2.438510321847613 3.1339585864749702 73 66 55 0.52830455175013213 54 306 78 408 4 338 80 375 49 655 73 361 62 358 37 353 15 399 69 434 39 453
3948 1.0155967269691644 2.298033748117966 3.2663663073132656 84 77 70 0.5411585079833946 4 364 80 397 46 419 40 284 37 696 48 478 99 437
3949 -0.65932460391481951 2.4968999209903751 1.582603762935296 255 255 226 0.55377789394724597 87 821 80 415 37 714
3950 -0.48106172792487684 2.5067416711061687 1.5315410989132303 214 179 136 1.0592215807036682 80 718 37 713
3951 -0.50929450791781494 2.2575155518918888 1.7648776606590681 219 181 129 0.60366682418801243 80 428 37 11 42 528
3952 -0.22257078869739161 2.3453625875892361 2.0362028642435317 255 255 255 1.1229083078693074 4 420 37 43 15 46
3953 -0.30786733524920518 2.2433746732209126 2.1178673776612742 121 29 21 0.13755988338632841 80 49 37 59
3954 0.070847220004329498 2.4320886471820109 2.1237004886160431 113 79 64 0.17555562463214738 80 82 37 83 15 520
3956 0.76038969017695779 2.112068076147374 1.976313744267499 197 169 137 0.73858117329271633 80 113 37 101 15 533 42 881
3957 0.78029251647438902 2.0489899285428947 2.0200501757870435 141 122 109 1.0678809476557323 80 133 37 102 15 108
3958 0.76104610025489017 2.0785046313583004 2.0559208503041613 91 10 7 0.18154396158316766 80 148 37 118 15 124
3959 1.1435901653921585 2.0791029064785982 1.9702401975924253 99 86 77 0.20587878027580195 80 145 37 145 15 147
3960 -0.10974226955101848 2.069598541262081 2.391482924764301 128 103 70 0.20073291065576307 4 148 37 156 15 133
3961 0.86714799302576673 1.8994174772019365 2.4804950246260482 213 194 181 0.35441513613530229 80 284 37 246 15 270
3962 1.5860046325251713 1.8444320397468463 2.1976452864764724 175 150 115 0.29323323679712371 80 276 37 255 15 258
3964 1.7686422232738763 3.007727250280567 2.7120520069351701 64 57 53 0.2141221248978066 4 277 37 309 15 350
3965 1.2489867801572461 2.3395925205230195 3.1474927472741148 82 72 60 0.36105412611297028 87 608 37 367 88 471
3966 1.0857128830348886 2.2774007945062067 3.2908334490604996 55 48 45 0.25927828876190662 80 404 37 376 15 430 66 812 88 859 81 794 39 797 69 1062 24 878
3968 1.0142835052452241 2.1553777294381744 1.446549219494957 197 162 115 0.50153153315109678 80 732 37 399
3969 -0.25708511025322772 2.176597132034026 1.8785203800610253 234 197 148 0.70955817699071333 80 739 37 403
3970 0.54580434942009426 2.6429337687130063 1.7235834131214658 62 50 39 0.16086520214435104 80 21 37 416 15 33
3971 -0.49033184187551737 2.3620857384368743 2.2171080161206689 79 60 40 0.38466222266722844 80 777 37 445 15 74
3972 -0.63157045763729713 2.3098498570576247 2.3358663897816805 173 154 141 0.39163406443031057 80 494 37 460 15 513 24 641
3974 0.82425723931932016 2.1638301392636001 1.9181179543550539 172 150 135 0.28186275359836971 80 791 37 468 15 529
3975 0.82309030597384303 2.1273707216166757 1.9237032873738111 176 157 142 1.7787696660688683 80 112 37 469 15 532
3976 0.78046798056911004 2.0980403316092358 2.0219808457903263 130 45 34 0.24276392203640954 80 131 37 481
3977 1.3065077654336608 2.3358799264957968 1.9073464041156505 109 94 81 0.2215109153350403 80 801 37 485 15 552
3978 0.12691680699669594 2.1623596116040598 2.3052321346372824 254 253 255 0.43954370626718503 80 541 37 496 15 131
3979 -0.067747791202471111 2.1025184088838791 2.4250108472555962 95 20 16 0.2021955604542395 80 561 37 516 15 588
3980 1.0884489997857567 1.946125979224872 2.0635293168380722 166 146 134 0.29734588956603564 80 571 37 527 15 599
3981 1.1514627836834226 2.1046434703545005 2.1070641473231237 188 39 38 0.19639309788414119 80 200 37 542 15 605
3982 1.0905305054150751 1.942817132540039 2.0846667313798712 253 254 255 0.39117967698867906 80 201 37 543 15 175
3983 -0.1128420262082199 2.2049633841885781 2.5624814262825346 164 73 49 0.27690422296276951 78 775 37 547 61 183 52 639 92 606
3984 0.072909263249268719 2.4422059332747694 2.5824916963048441 252 253 254 1.0065267033969365 4 180 37 558 15 623
3985 0.065781464389121164 2.3656395263179264 2.5766024302457993 116 13 13 0.53527881980090275 80 582 37 559 15 625
3986 1.4318647581321902 2.6355028678484911 2.2029142126835404 255 255 246 0.20588131739444823 80 217 37 564 15 208
3987 0.9530570140241702 2.0654781275205507 2.2721623027279829 255 255 255 0.28781429512515294 80 600 37 569 15 632
3988 1.3854921068770314 1.7421729245469793 2.1686268621719482 126 135 117 0.60970294890500032 4 588 37 585 15 249
3989 1.4421972497797568 1.7868061812001521 2.2313453494551321 229 193 146 0.34390139511039264 4 593 37 591 15 260 61 249
3991 0.60653581177913929 1.9338958753476705 2.6039573495884696 125 105 83 2.0279050162595893 80 635 37 610
3993 1.2025419030149749 2.7452469780371525 2.9387809189946994 49 43 38 0.45925526898181379 80 322 37 637 48 404 83 752 36 701
3994 1.4970911114660199 2.2549934251819104 2.9166562653830987 255 255 255 0.53606073645075591 4 644 80 694 37 672 15 745
3995 1.2609717623333385 2.3915874393856771 3.0906482062574061 77 69 58 0.25121705531783489 4 637 37 677 15 750 88 457
3996 1.2781058631046174 2.3583422726056966 3.1126961239811859 140 133 115 0.38051254156992931 4 649 37 686 42 790 88 834 24 852
3997 1.5660099052444096 2.26143942279574 3.0041254178371544 255 255 255 0.058885330818902695 4 656 37 692
3998 1.0204232485053397 2.2483808900019224 3.3028785240166241 233 214 179 0.025682769490502477 80 706 37 697 15 779
3999 1.0194534779295623 2.2545722475490542 3.3060703178272193 233 214 179 0.17877697892383465 80 707 37 698 15 780 16 870
4000 1.6430986580534526 2.364107843787937 3.1508200913966307 255 255 255 1.7472109660495887 62 364 15 783 4 665
4001 1.6191993841030474 2.2922896106239725 3.1410241836204116 255 255 255 0.50806645681653395 62 365 80 712 37 701
4002 1.6782080761134528 2.3318856198545945 3.2666840689696004 63 57 46 0.27891988062850093 4 379 37 710 15 789 16 1095
4003 -0.20984160138387703 2.3485180056333732 1.6416495241503806 203 171 129 0.50299324131534617 80 424 37 722 15 793
4004 1.3856668098379343 -1.0365803499378823 1.2689254209649179 0 0 0 1.1803095032795068 80 1044 37 724
4005 0.90423336701651991 2.1076239887417052 1.5103057000122273 255 243 167 1.1864016354295976 80 737 37 729 15 800 4 944
4006 -0.61107967859774415 2.1153257679431396 1.970329014209355 0 0 0 0.45123392296921433 80 441 37 731 15 802
4007 -0.22743540732831535 2.1495476357374863 1.9117641065655873 221 188 141 1.3523457791021758 4 950 80 751 37 734 15 806 16 551 16 895 87 1018
4008 -0.47486762069127048 2.4070498785831558 2.1923900714331426 83 65 46 1.0151212190161389 80 964 37 746 42 1294
4009 -0.5984781539045877 2.3256367265087485 2.323545253913434 152 135 123 0.42186540154029789 4 739 37 767 15 833 42 1163 48 1180 66 1179 56 1340
4010 1.2285537319008966 2.3353812931041844 1.9611939543358381 52 36 31 0.06185360316054437 80 810 37 802 15 872
4011 1.2445291025139211 2.2989561872527977 1.966627741589386 40 35 34 0.188417596838762 80 530 37 803 15 578
4012 0.13325392110554454 2.1584412070967103 2.3196362231516887 133 19 17 0.42889702865656182 80 814 37 815 15 869
4013 0.14541504804694091 2.4637788212947189 2.4403265421725369 19 4 2 0.75803419590328769 4 793 37 825 15 1090
4014 1.4301369837799536 2.6443759161189999 2.1738962404924527 164 153 148 0.72520944827815603 4 806 80 848 37 842 15 914
4015 0.93392057416583041 2.0110441989757146 2.1946415837535809 122 22 15 0.1824148535713086 80 580 37 845 15 608
4016 0.96027700199687827 2.0743206108749783 2.2537742310029851 255 255 255 0.25777682363635224 80 861 37 848 15 909
4017 0.879607824424811 1.9216679156461616 2.4822796260164761 129 30 28 0.12150934559315718 80 634 37 864 15 938
4018 1.2825583462236505 2.5529771098822702 3.0610406028438049 162 151 145 0.89531906849730503 80 910 37 907 15 739
4019 1.0416335964128522 2.4669131793801795 3.1146671638313181 171 154 134 0.51888865951002006 80 911 37 909 15 742 42 1049
4020 0.52895483127232845 2.0667979120944171 3.2925357502511141 0 0 0 0.0051251442873042133 80 922 37 916
4021 1.0206223803533867 2.1684028031326981 1.4309295503601207 255 255 255 1.3149135727609951 80 1107 37 939 15 1019
4022 0.99409594691892267 2.1610451582038888 1.4378872466456698 189 158 111 0.079144472603547109 80 731 16 1098
4024 -0.61513366518316559 2.0887329697845178 1.9548904724294069 0 0 0 0.37845607911849016 80 437 37 945 15 1023
4025 -0.4270112980623153 2.1414045084265401 1.9715956042634342 213 177 129 1.6085267795000062 80 957 37 950 15 1032
4026 -0.69784065103476545 2.1449093050354922 2.1794563096925019 0 0 0 1.9996600014627304 80 761 37 962
4027 1.3473490887098614 1.807820604895348 1.6786369463658544 205 171 123 0.74336913308555497 80 977 37 976 15 1048
4028 -0.63232272664928868 2.3330673809758462 2.3688140320761524 0 0 0 0.82517935371249096 80 1125 37 980 15 1054 16 1313
4029 1.6564376569192329 2.4073576740338352 1.6838472663008028 0 0 0 0.86801596853307461 37 983 10 513 94 893 40 843 99 1068
4030 1.3264228823835977 2.3383318175442391 1.8926921027539549 197 193 207 0.52778006896592744 80 800 37 992 42 1097
4031 -0.60761886621682981 2.5123435097425744 2.5816556342073493 157 141 127 0.53413725708162019 80 992 37 1004 15 1248
4032 -0.030540788962774897 2.0562708972366304 2.3742063182876181 103 14 11 0.20811456516137994 80 1005 37 1013 16 1166
4033 1.4491360189386506 2.6150327360270995 2.1519386017713535 0 0 0 0.76260742352896183 80 1023 37 1030
4034 1.3560705299740117 1.805105352376642 2.1788155502239688 250 208 155 0.1868777787684216 80 1041 37 1042 15 1123
4035 1.0131705852192623 2.5593805101510534 2.7997833974220305 154 146 151 0.59388769008216413 4 1166 80 649 37 1053 15 1148 48 1213 16 1044 56 1185 81 1207 39 1180 69 1200
4036 0.57076818101698923 2.3256477967007325 3.0887849168183927 219 235 254 0.25779918387210582 80 1069 37 1064 15 1158
4037 1.1145200632526517 2.555081508122012 3.0530091046326899 255 255 216 0.97817071801806144 4 1184 37 1068 15 1170 42 1222
4038 1.428336347112181 2.2082021755941361 2.841221473804465 7 7 7 0.20058146975662136 4 1066 37 1071 15 1172
4039 1.2405886468171936 2.5689677050231072 3.1062509222898043 53 50 44 0.68854469754168957 80 1083 37 1075 15 1174
4041 1.5942737976722379 2.3326785923606281 3.1738451732914035 0 0 0 1.6668961022749924 80 1103 87 962 15 1199 37 1103
4042 1.0290367051517826 2.167638747440205 1.4075303724752191 0 0 0 1.3834382160078083 80 1106 37 1113 15 1201
4043 -0.81174209811235976 2.3508692218762861 1.9485618678679282 255 208 133 0.84364118560546753 4 1261 80 1206 37 1116 15 1202
4044 -0.56361020606112333 2.1493458094326305 1.9794449402200209 219 184 127 0.11291443459319156 37 1121 15 1206
4045 -0.64476486282619638 2.1547944650894899 2.0694325527182214 0 0 0 0.29165902229046442 80 1113 37 1127 15 1209 16 1299
4047 1.396209749468329 2.5629594460739811 2.234597671920814 0 0 0 0.75218971819682645 37 1175 15 1269
4048 0.71115782372286318 1.8923274091238895 2.6476907572416954 139 13 12 0.39517266790348821 80 1052 37 1181 15 1274
4050 1.3848749112092464 2.2808074248640096 2.9388249648243159 46 44 44 0.3267529774602192 80 1082 37 1208 15 1297
4052 0.49915896324638559 2.0395691262075277 3.259544559703845 180 183 193 0.47071623521764194 4 1255 80 1097 37 1217 15 1299 42 1252 66 1274 16 1273 88 1298 92 1050 61 1089 52 1106 99 714
4053 1.2531278816327618 2.3566748729102041 3.1218094827755278 85 78 62 0.66931855350363223 80 1195 37 1222 42 1362 48 1372 66 1258 78 1304 88 1415 56 1214 81 1242 39 1207
4055 0.80341566001506337 2.1375059738657955 1.9597064327846505 130 80 70 0.60071343685006562 80 1225 37 1248 15 1344
4056 0.61879093679061414 2.0990312334916994 2.1296986099665056 249 237 201 0.36602819220422461 80 1148 37 1254 15 1351 16 1521 24 1522 52 1589 61 1583
4057 1.3699169329838718 2.437493597774123 1.9448426867131496 151 140 137 0.77900460247428871 4 1218 80 1237 37 1257 42 1273
4058 1.3380612846177415 2.4136560023832891 1.9303060873302404 0 0 0 0.56896133226452406 80 1142 37 1258 15 1357
4059 1.3465663943216584 2.3545918121353413 1.9166013592670141 0 0 0 0.6378269303514249 80 1143 37 1259 42 1272
4060 -0.075847209050840331 2.0658763127393982 2.4219787169572617 140 116 87 0.1681540240334248 80 1251 37 1263 15 1363
4061 -0.075847209050840331 2.0658763127393982 2.4219787169572617 140 116 87 0.1681540240334248 80 1252 37 1264 15 1364
4062 0.12023997818044628 2.451921316985644 2.4408993621579009 152 135 130 0.45017178268593466 80 1247 37 1268 15 1367 24 1452 16 1447
4063 0.11291754584336508 2.1435702892079003 2.3854189759110138 153 130 108 0.79725533666301651 4 1142 80 1249 37 1269 15 1361
4064 0.11549021603228037 2.1384289097288063 2.3834009214121896 153 130 108 0.71099998909024464 80 1250 37 1270 15 1362 4 1143 24 1447
4065 -0.5471245388751429 2.6891666162804087 2.8306167275675862 116 105 92 0.27087141983287538 80 1261 37 1271 15 1377
4066 -0.10249503979684772 2.2522529719408286 2.6189789274574804 120 11 8 0.24515330313139763 80 1156 37 1276 15 1372
4067 1.3316846638463582 1.996366177047965 2.1082842345124435 208 185 155 1.0340434795237055 78 1493 80 1324 37 1278
4068 0.75607305231082822 1.9304561828678279 2.645780702248175 119 12 9 1.128721604850812 80 1272 37 1282 15 1387
4069 0.30618242049636429 2.6363664007564687 3.0721774552459706 128 114 105 1.9614527405978321 80 1273 37 1284 15 1391
4071 -0.53438415035978493 2.3890005391419558 2.1738938033975557 149 134 122 0.40397357338209461 80 1212 37 1323 15 1337
4072 0.59437144439200651 2.175828804993813 2.1887530414059939 105 8 5 0.52970495435794096 80 1240 37 1338 15 1438
4073 0.66137650362639033 2.2280028774728833 2.2032050153710343 108 56 34 1.6731651331814335 80 1313 37 1344 15 1250 66 906
4074 0.55628821941404927 2.4118757648701723 3.0748062427291489 152 137 131 0.46389502953366069 80 1335 37 1369 15 1518 88 1503
4075 0.32092896583747488 1.9939621819230742 3.2909104177162054 0 0 0 0.16299298645180715 37 1377 15 1470 4 1254
4076 1.6662709656528392 2.3444891667276613 3.2012730535272165 121 97 67 0.97912364638587801 80 1393 37 1383 62 1357 16 1583
4077 -0.10075796165935764 2.3193438884536097 1.5926359265556949 250 204 141 0.34584138016937227 4 1368 37 1386 15 1478
4078 0.53477447002315492 2.5758941564024287 1.7457077393774711 145 133 131 0.86088428142182705 80 1398 37 1391 15 1483
4079 -0.59687357814775854 2.1453182451766635 2.0596707058663277 244 237 212 0.079873156804679615 80 1347 37 1393 15 1481
4080 -0.57487317368331903 2.4070209273962764 2.4133644414969004 145 118 82 0.37981127304261819 80 1354 37 1397 15 1487
4081 1.3897825431460613 2.4744168901226611 2.1939483175557211 0 0 0 0.86091087718198911 37 1404 15 1503
4082 1.1288155316933217 2.4536466912959085 3.094096419659631 79 73 60 0.76020501620218572 80 1376 37 1423 16 1575 56 1591 81 1527 39 1534
4083 0.27496613883171644 1.943345727956711 3.3327394884862804 143 129 121 1.1249258540798968 80 1382 37 1426 15 1523 16 1641 24 1659
4084 1.3995410815419838 2.4668414282943876 3.1949761021517467 61 57 54 1.411065666229528 80 1387 37 1428 15 1561 61 1563 38 1544 10 1254 92 1470 61 1321
4085 -0.2152784043481035 2.4163610486915004 1.6948671071911408 195 164 123 0.97517428116313842 80 1396 37 1434 15 1531 16 1655 24 1577
4086 -0.42261329915661616 2.2727658358049774 2.363769466170524 0 0 0 0.42816773306567263 37 1440 15 1486 80 1429
4088 0.34498712754593519 1.975953680749575 3.1966210429714383 157 143 137 0.784291442277115 25 1373 29 1362 37 1456 15 1552
4089 0.33479406173512571 2.5960677162023904 3.0197108070847474 253 210 158 0.45751311382842763 80 1434 37 1479 15 1574
4090 1.5338121075749387 1.7565793474410432 2.313515242356508 215 183 136 1.3944767115218415 80 1461 37 1496
4091 0.024382278587354034 2.0924781679768585 2.423176697713914 155 18 15 0.49646562323863536 80 1459 37 1512 15 1607
4092 0.19894082814712796 2.5844610337380822 2.9171436064969769 0 0 0 1.6863266481930479 80 1466 37 1518 15 1619
4094 0.75638235146402366 2.2728826133157214 3.204746933491089 0 0 0 1.6438556168903338 80 1469 37 1524 15 1629 16 1754
4095 -0.81389011195150296 2.2363721430023502 2.3436838486926281 0 0 0 1.8408594640632387 80 1482 37 1537 15 1641 16 1764
4096 1.0521270461654764 2.4750310165252287 3.1260483350159238 82 76 66 1.0517713777979407 96 259 4 331 80 363 37 352 49 659 73 740 16 460
4097 1.2479981593232397 2.3813297927517287 3.1198581709841493 84 77 63 1.2418819976208106 96 715 54 835 62 1057 84 942 80 1092 37 1080 49 633 73 999 78 1080 15 1184 66 1259 88 1414 56 1213 83 1061 36 745
4098 1.135334623378824 1.9204117905922562 1.6183861273661542 255 255 243 0.55538296386026842 78 1141 4 969 37 1129 43 889 25 845 29 877 84 1069 49 1005 73 1104 80 1216 15 1213 42 1078
4099 1.0844333136557169 2.2557940716069185 3.3232078380068035 0 0 0 1.8152603920749657 78 1684 4 1399 80 1422 15 1528 16 1689 48 1616 88 1689 37 1431 36 1596
4101 1.4834346021295874 2.2831977038873745 2.9517561945502564 0 0 0 0.45501283671279946 80 1086 37 1078 15 1173
4102 0.54165626969595015 2.3306179089891317 3.0543538104317216 0 0 0 0.28658626206873661 4 1052 37 1196
4103 1.0585024642984127 1.9587849816076555 1.5456602115555154 234 200 143 0.18630840028780526 37 1315 15 1331
4104 0.86213688114909581 2.0120389721466867 1.6059707399345786 189 157 108 0.86294215475443647 37 1316 15 1420
4105 1.104632212679123 1.9178873498219493 1.6226253578983871 233 195 136 1.6793767453607085 78 1472 37 1321 42 1379 16 1505 83 1406
4106 1.0658422733569763 1.8254437247605055 2.2032127792293177 134 14 10 1.6417603917418946 59 1219 37 1522 23 1243 16 1738
4107 0.25188672831061631 2.1481915895789956 2.6558881101114991 0 0 0 1.8555796241186258 80 1468 37 1523 15 1626
4108 -0.28949039133607607 2.0459856210220768 1.8406158442013703 230 193 143 1.3391139265136223 59 913 15 14 23 948
4109 1.1092242539715771 1.9103254129326173 1.5219061558405695 255 253 185 0.59007891834569259 37 737 15 19 42 19
4110 1.0379992647932073 1.9881015423972872 1.6585190346710088 255 230 149 0.44614783189927659 37 52 62 435 15 38
4111 -0.085422937327217383 2.42624689471053 2.0304238115112141 255 255 255 0.74007794847072395 37 58 87 668 15 45
4112 -0.097261257911033669 2.5309637188322816 2.089249114517306 137 104 76 1.884836515626281 4 53 80 45 15 69
4113 0.65074662411776707 2.0763410068569184 2.0668437026435278 255 242 200 0.9085551888022716 37 119 15 109 61 114 52 93
4114 1.1661715277441058 2.1534215766119447 2.0558905136809877 183 143 106 0.20049839852524504 4 176 80 569 15 166 16 169 24 128
4115 -0.66767908113239138 2.7072676904561064 2.8571939260885109 227 240 251 1.0745082721704999 37 188 15 193 42 367
4116 1.399984820479639 1.7843300951094487 2.2087597855397085 242 204 172 0.26664971529392911 80 277 15 247 16 248 88 192 81 109 39 95 24 208
4117 1.3696621385302363 1.7821391637442245 2.2117379727461985 255 239 172 0.26615792343303823 78 134 15 251 42 242 88 662
4118 0.83531347448319992 1.887085739261174 2.4814672129199216 138 120 73 1.2143607729365142 37 596 15 269 16 729
4120 1.4068551200078672 2.2274675635405035 2.8171487767697054 255 255 249 0.01858648194224817 37 651 15 362
4121 0.27475733351995379 1.947808034153899 3.3013621561608879 134 115 97 0.78031069900763828 37 354 48 498
4124 0.61869583253840821 2.1141864450185137 3.3199434725256372 219 194 181 0.11353590747312495 59 303 15 416
4125 1.0771745786028037 2.2647680239829597 3.2806473221826513 226 205 173 0.08543742756042344 37 377 15 429 24 521
4126 -0.20089569160541815 2.1882775641660248 1.9167138807581463 225 190 145 0.51018730897099107 80 750 15 469
4127 0.4478824343862452 2.291911153331597 1.7644665657128551 149 45 34 1.1111389165306653 37 421 15 478 16 549
4129 -0.23736345513407053 2.0778684356744432 2.2877030254850461 139 71 64 0.22505813772792888 80 509 15 539
4130 0.10197774556794784 2.1410373164081298 2.3669753223251511 40 12 6 0.28651885752643041 37 514 15 586 88 680 66 652
4131 -0.60586348791612621 2.7057682558455403 2.8478558887627212 143 126 110 0.085721995460871503 37 550 15 615 61 230
4132 -0.60672678626009535 2.7073655165679149 2.848313689794471 143 126 110 0.10080495702473982 37 551 15 616
4133 0.89071720768265661 2.0501723152661713 2.3221495473513043 118 41 33 0.21427006525072573 37 208 15 636 16 698 24 688
4134 0.84219492725952727 2.7644133403968874 2.6545363506112345 121 99 90 0.21924688039906626 37 593 15 654 16 755
4135 0.69939511674108279 1.8220154563934796 2.5535921453574839 174 146 111 0.89625586151127701 37 609 15 657 16 1007 24 1000
4136 0.59290940001511383 1.9605741926905929 2.6191369988611335 132 15 10 0.34610691627200307 37 611 15 659
4137 1.5952683924064275 1.843737862741484 2.239863122820843 198 169 131 0.33269389025263496 37 605 15 665
4138 0.38580844637955758 2.6486910766497833 2.9939581208600234 153 128 112 0.1345221464862936 37 284 15 679 16 805
4139 1.6304399732110699 2.876085578707841 2.5779587390721743 255 255 254 1.0327811063478818 59 883 15 682 52 825
4140 0.99381441081037059 2.5521410303651635 2.8013391716358438 53 47 40 0.27417172374395554 80 650 15 697 61 803
4141 0.53547568382560573 1.7169949936256346 2.794751186340354 109 109 114 0.56617699704475133 4 308 15 702 16 779
4142 1.3664122559624075 2.1323131451899293 2.6656971273751409 35 28 20 0.13496937451941343 37 317 15 710
4144 -0.38174587928462539 2.1108560387368698 1.8993534025721803 222 186 138 1.0883991358731473 37 944 15 801 16 541
4145 1.1423127597912048 1.9141727150040297 1.5375455027638818 254 214 155 1.2764984063408267 37 951 15 809 16 24 66 4 88 9 88 1124 81 5 39 1 69 1
4146 -0.7391230909156411 2.0373807945303897 2.2185675875191335 255 255 255 1.7970837411187226 37 967 15 825 34 1053
4147 1.6658317935522675 2.4105526707100533 1.6646634847376083 255 255 252 0.97368322682028063 37 982 15 842 24 1312 34 1090
4148 0.092345863270259398 2.1139913775515744 2.3358218591166624 205 188 179 0.29379634845212049 37 816 15 870 16 663
4149 1.2282065412871079 2.2930827763252037 1.9708512163068976 171 152 137 0.13504189439025516 37 808 15 877
4150 0.62391210992042323 2.2057574234428472 2.2066047500934545 99 34 29 0.6418884019549661 37 814 15 883 42 642 48 203 83 637
4151 1.5404297954107329 1.8438530021616872 2.2028473587418178 220 187 143 0.29197040725610529 37 861 15 934 16 701 88 661 48 173 81 561 24 675
4152 1.3879903538355349 1.7795587054873256 2.2124537333128096 255 250 190 0.55735005574934582 37 592 15 935 16 249 81 112 39 96
4153 1.3722237814817779 2.039835005558154 2.5501590193372303 32 24 15 0.14908174589502021 37 885 15 959 42 705
4154 0.62162813462333644 2.349998101384307 2.9446681990055303 37 29 19 0.063113601479220419 37 888 15 963 16 1047
4156 0.67667673261174222 2.0579550312483286 3.3687848511030158 61 56 49 0.19715233616794808 37 926 15 1005
4157 -0.074021522687483327 2.2204390414728272 1.522292167490104 0 0 0 1.5460755894844569 37 930 80 934 15 1013
4161 -0.61656656759259632 2.3178021042198074 2.3165467333447607 0 0 0 0.80256799043673765 37 972 15 1047 66 1409 88 1346 52 928 61 921
4162 -0.21916688623426178 2.5190435497549872 2.2652281154794935 133 101 75 0.35442898611426532 37 1137 15 1051 16 1312
4163 1.473681920120941 2.2201521804105067 1.7058928963059445 201 185 113 0.27891780200282856 37 985 15 1059
4164 0.026740766915408755 2.1457449212856372 2.3674014133350956 114 14 10 1.8759787579502245 15 1078 16 1165 88 1359
4166 0.90770858043235936 1.9687489916221472 2.2487264738104074 69 4 3 1.7466185029645216 37 847 80 1032 15 1106
4167 1.2940190798531344 2.6679870080384163 2.6761256011967109 220 188 140 1.2728427988311009 23 741 15 1141 59 729
4168 1.0839655755149078 2.5442620133047029 2.830450492311261 79 74 64 0.91553230023389431 87 941 15 1155 42 1206 16 1375 48 1353 66 1232 88 1269 81 1347 69 999
4169 1.0839655755149078 2.5442620133047029 2.830450492311261 79 74 64 0.91553230023389431 87 940 15 1156 42 1207 16 1376 48 1354 66 1233 88 1270 81 1346 69 1000
4171 0.59953753861003212 2.0650981516847144 3.3316404300193452 204 178 164 0.043040416733685936 4 1093 15 1186
4173 1.3952396314579094 2.4219522772840389 3.2039985518768499 60 56 51 0.32912580859298285 4 916 15 1196 24 1299
4175 1.34389626072388 1.8675712119630767 1.4004286736725275 255 228 141 0.058431270809261721 37 1230 15 1203
4177 1.3264828708095737 1.937796753727697 1.4304424011552979 180 149 107 0.66142320993299641 37 1117 15 1207
4178 0.96606753928902078 1.9589269625147585 1.7879143328763893 210 173 120 0.26208725234710045 37 1242 15 1221
4179 1.2292809203506441 1.8047055515354513 1.7840411755692884 255 255 251 0.69324722150736173 37 1143 15 1232
4180 0.9007938352948458 2.1969395996148764 2.3229971983904409 91 59 51 0.28958932553197753 37 1176 15 1268
4182 1.7378563814261547 3.0002459322583368 2.7373318041039911 0 0 0 0.2290074726607948 80 1055 15 1288
4183 0.40436946438295024 2.0746794652722786 3.3192733464964004 136 110 73 0.022982764315750154 4 1082 15 1300
4185 1.0381127066307378 2.4409085096462171 3.1644180929167689 77 70 58 1.1842072327714643 37 1214 15 1306 83 1242 43 976
4193 -0.099072853434982761 2.3353285186847055 1.5908413067466742 245 200 140 0.6263630969964683 37 1109 80 1289 15 1325
4194 -0.46581746637708543 2.2733689496784804 1.7219000774560829 248 208 149 1.1294155828680281 23 1045 15 1327 59 1000
4195 -0.54872677299999983 2.2229571508325905 2.1049494203305015 0 0 0 0.50022154311544154 37 1236 80 1120 15 1334
4196 -0.26163480131189265 2.5163890251260397 2.2663848540768421 98 65 37 0.7824431927948593 37 1244 15 1343 42 1405
4197 -0.65429646786906992 2.5095099186503731 2.8378255420215996 0 0 0 0.95252295234997908 37 1272 78 1562 15 1378 16 1461 88 1490
4198 0.95333443202434076 2.0721893675091465 2.2608434136517168 253 253 253 0.38038214529183861 37 1279 15 1382 16 1340 24 1342
4199 1.1346338243381084 2.5269048362717874 2.8724333734495628 0 0 0 1.72606578723093 37 1058 15 1395 16 1374 42 1352 66 1446 48 1360 56 1368
4201 1.0231491707273932 2.2638205068064394 3.3043093267139221 235 215 179 0.10060562237871681 37 1227 80 1200 15 1407 16 1500
4202 1.184878267532292 2.0500949413332705 1.3965281425334712 216 179 125 0.36067151039231826 37 1312 15 1416
4203 0.58441256835318423 2.176980627730809 2.232941071873543 255 255 234 0.66044238026932733 37 1345 15 1442 16 1536
4205 1.5363346705088001 2.3007787214474456 3.021280535755301 189 182 178 0.81213075122493772 37 1379 15 1474 24 1616
4206 -0.76384726182162455 2.5156525827076397 3.0224238435986712 147 135 121 0.619705201859721 37 1407 15 1506 88 1635 7 1654 69 1587
4207 -0.7719575467634141 2.5271106295519914 3.0250584398485798 147 135 121 0.07632762007882854 37 1408 15 1507
4208 1.7353113543626937 2.9307026381020207 2.6727390343230253 68 56 29 0.36767436434375916 37 1415 15 1515
4209 0.67785072176611361 2.1495967884941503 3.3839064157082164 98 92 93 0.24316924586502106 37 1430 80 1389 15 1525
4210 0.79679457818973909 1.8244060946652554 2.5371515719892219 160 22 21 0.88668597478353062 4 1394 37 1450 15 1544
4212 1.410082272638 2.4180163718627616 3.303779005117593 0 0 0 0.2418439866696783 37 1526 15 1631
4213 1.1671531290400055 1.8436711137841977 1.6500045127378717 232 193 136 3.3742434190059605 87 420 15 60
4214 0.20778325080212984 1.8723105984998625 3.5210852229803047 83 87 98 0.32216739966176111 37 384 15 427 16 518
4216 0.87926389105027292 2.4643509165788493 3.1605858350049747 56 52 41 0.51525364667898632 37 660 15 732 88 1095 48 1076 24 1111 52 844
4217 0.49080920894522173 2.0387515931924116 3.2939542728150117 0 0 0 0.85776855121533935 37 1218 15 1309 16 1495 42 1454 66 1526 48 1547 56 1550 24 1500
4218 -0.51377663158702991 2.2802868484365511 1.6122881005299481 217 181 134 1.6679454792489536 80 1464 15 1601 42 1635
4219 1.2163696117385967 1.9301007488501662 1.4987277599996935 255 226 151 2.324114676309784 15 467 42 10
4220 -0.17466498261253605 2.4713105829376083 1.6337714666641416 238 197 138 0.4255422929600241 4 679 42 27
4221 -0.61581248811333611 4.4501244774690907 2.2413551218147596 156 145 141 2.9151260950593185 15 497 42 126
4222 -0.61876240854678 2.1536553024217748 2.0704183511497707 49 45 44 0.49633686168163244 78 983 42 149 48 597
4224 1.5156624578008269 1.7981739550388833 2.231462792418923 195 167 129 1.3458930526387569 51 232 42 237 66 173 69 556 81 127
4225 1.4359192364572524 1.7770351796005848 2.2365718352384025 227 194 147 0.32768573127459344 62 582 42 262 66 174 88 216
4226 0.46225894537885953 1.9223205058485868 2.5006407226316765 190 168 148 1.2690745653000992 78 304 36 948
4228 0.99049740264247998 2.5685541375895005 2.8195810638987187 55 51 40 0.54122455568257244 80 301 42 356 48 740 16 802 66 747 88 787 56 343 81 717 39 990 69 716 24 796 7 1037
4229 1.1903680550648754 2.4643883330913989 3.0896641273782102 89 67 63 1.0219468555629907 49 247 42 427 84 256
4231 1.364781519861773 2.4181395382589042 3.2068769770636911 35 33 27 0.36997388482888938 37 375 78 399 42 450 16 866 48 452 66 457 88 839 81 443 39 469 69 781 24 877 83 424
4232 1.2056399220728198 2.3210747701217223 3.190416513942997 192 171 162 0.64372906616171333 59 334 42 451 88 481 83 445 43 178
4233 1.2056399220728198 2.3210747701217223 3.190416513942997 192 171 162 0.64372906616171333 59 335 42 452 88 482 83 444 43 179
4234 1.1317501797880043 1.8904906580772372 1.5368751825559359 83 77 63 0.64307979081188971 78 474 42 508 88 8 81 4
4236 -0.72949580595697938 2.1268676810234055 2.2318295584541423 0 0 0 1.9364563626543723 59 774 73 1448 42 631
4237 0.71954992648102822 2.2489142624110885 2.6613331491620795 126 17 16 1.8735170196498472 51 916 42 724
4242 1.3922918613501722 1.9424229894325444 2.0952319226242944 205 173 131 1.0316089550837682 42 892 16 683
4243 1.2938804969370934 1.9358677989695727 2.1365648173176344 208 174 127 0.29461906464763571 15 920 42 904 16 684
4245 0.85769455607779133 2.4660933727371268 3.0907774196241515 83 85 91 0.28478381981534173 15 981 78 825 42 1050
4246 1.2555757886798051 2.3843345658848274 3.1009023882364999 144 129 112 0.16468337641027314 15 756 42 1053 66 1056 81 1029 39 1035
4248 1.0728069237926194 1.9322415044930479 1.6110306007544104 255 255 194 0.64084001824910652 78 1142 42 1079 16 1105
4249 1.1635591757595094 2.5998448132442973 3.0121944592701229 58 54 49 0.50064740273600949 78 1281 42 1217 48 1053 66 1047 56 1010
4251 1.3093968366488098 2.3787814073654006 3.0841778071278965 72 63 54 0.23265969607882203 78 1296 42 1231 48 1064 66 1050 16 1083
4252 -0.59307092453741572 2.1956578508807891 2.0237245989292818 0 0 0 0.64571728508993687 78 1226 42 1280 48 1291 88 1159 81 1290 39 1095 56 1110
4253 -0.63247539745365544 2.1770061980477378 2.0299589275597318 0 0 0 0.64714220636839637 78 656 42 1282 48 1297 69 1265
4254 1.5809814636713908 1.9010492797087435 2.2015831225832811 180 151 115 2.671331141326398 78 570 42 1320
4256 0.80162452461397959 2.4463579026259201 3.1118182093828364 0 0 0 0.11241179726815484 78 1308 42 1357
4257 0.9292065998862391 2.0652352439099504 1.7721672167231663 255 212 133 1.2993838849748913 78 1475 42 1382
4258 -0.58425916321817639 2.2322143763562612 2.0020326389068743 0 0 0 1.6689646195597274 78 1514 42 1389
4259 0.62125380404621056 2.0962795710295463 2.1292082610870562 253 235 196 0.30828439720397927 78 1379 42 1399 48 1485 66 1477 56 1505 81 1485 88 1538 39 1474 69 1484 83 1421 36 1555
4260 1.3092237923033285 1.9910143997793908 1.4879392387961694 189 159 116 1.1663168477792871 4 1323 42 1455 66 1458
4262 -0.576252628012212 2.6807075487298486 2.8376279833520623 38 30 19 0.75188316604380478 78 1681 42 1538 48 1612 66 1586 81 1617 39 1620 69 1616
4263 -0.60095031853840586 2.1748571510459418 2.064870667587873 161 137 109 1.9614554015655801 42 1569 48 1596 66 1575 88 1611 56 1641 39 1469 81 1547 69 1563 24 1629 83 1645 7 1684 92 1637 94 1731
4264 1.6502871498536893 2.3019296994370548 3.1667551427313785 78 74 65 1.4420998744095501 62 1358 78 1621 42 1593 48 1536 66 1566 88 1684 81 1592 69 1594
4265 -0.47591007507473304 2.4611854868624614 2.493956031369136 0 0 0 1.9632344612244981 78 1769 48 1671 56 1682 81 1686 39 1686 69 1672 36 1733
4266 1.3872518594998242 1.7683664962085246 2.2492816020794932 255 225 166 1.9179882915534334 78 1786 42 1649 48 1698 66 1670 88 1751 81 1714 39 1710 69 1696 83 1715
4269 0.32934354509167668 2.2797072143125021 1.5849661212867376 0 0 0 1.4129673054255825 37 1539 42 1661 66 1680
4270 1.5492099763237253 1.9020664020517863 2.1658804547878687 183 156 120 0.42984896482127344 15 1122 51 1114 62 230 87 550 37 590 15 244 4 258 42 203
4271 0.16142581807319703 1.8544052201060448 3.594429191854307 0 0 0 1.0312855653486219 62 679 42 1377 75 678 98 573 18 822 49 1266 73 1466 58 857 78 1471 16 1410 87 977 48 1466 66 1386 15 1198 88 1426 39 1352 69 1465 83 1499 7 1623 25 988
4272 0.50193551596534036 1.6868660698714928 2.8772921948215928 121 126 138 1.0355381894746893 80 669 42 789
4273 1.2836868272692075 2.766167887507637 2.6709973363151991 140 133 123 1.0960210450955474 78 974 42 973 48 699
4277 0.71280280126062556 1.82351094413625 2.5358658448201243 64 55 46 0.61280845952386243 15 656 16 284 39 200 24 291
4278 1.6001132322593525 2.8908376911217775 2.564595725271984 27 20 16 0.12615460279899943 37 273 16 368
4279 0.98266819657121129 2.5639221521248299 2.8069469255564115 37 31 25 0.19265194108852526 42 357 16 390 88 406 56 342
4280 1.2256150036370916 2.3807086280526062 3.1127445101007774 133 112 105 0.2016454761263124 78 388 81 415 83 430 36 373
4281 1.1329069604961237 2.3661449140508184 3.1660455943408201 144 127 110 1.0891473396493638 80 1093 16 478 81 433
4282 1.0627508599781859 2.2708504316780762 3.2791079404530898 75 58 52 0.50294158110388432 15 769 16 513 24 880
4283 1.0296270126880522 1.8443478515074767 1.707656359547697 255 230 148 2.0997154784964684 15 1045 16 546
4284 0.44599902274505665 2.2650189575562596 1.7543725077311989 166 148 137 0.81113677438954146 4 417 16 548
4287 1.5467650424232886 2.8795209196360396 2.5001069141381023 24 18 14 0.35535853561574676 15 944 16 752
4288 0.88086601153270994 2.4600880599259218 3.1416856392629651 46 41 31 0.51826911655594332 15 731 16 846 88 835 39 779 24 836
4290 1.5480628856121139 1.903911515063399 2.1668502689103852 223 190 147 0.52989566482301687 15 1121 16 984 24 674
4291 1.0511037569636659 2.5526701343191878 2.8427348794256573 0 0 0 0.5647061309819611 4 1048 16 1050 48 1036
4292 -0.20283964727739334 2.1652346430314182 1.9296197243170841 255 255 215 1.6887527078423443 15 1208 16 1114
4293 -0.32359935542506113 2.0634216356239352 1.9888710559244203 0 0 0 0.24802978736954134 15 1036 16 1115
4294 1.2191906552632807 1.705667308168515 2.3019357634076183 212 176 124 0.26408682161161773 80 1047 16 1178 24 1194
4295 1.1068803340227478 2.5593328331111129 2.819817720059858 0 0 0 0.39415803596231319 37 1052 87 1069 16 1246
4296 1.0505299437116324 2.5536840966174394 2.8244560870823117 91 84 70 0.79495883754243291 15 1149 16 1247 81 1206 39 1178
4297 1.0505299437116324 2.5536840966174394 2.8244560870823117 91 84 70 0.79495883754243291 15 1150 16 1248 81 1205 39 1179
4301 1.0399474511470677 2.4228774674813751 3.1613441061547314 72 64 51 0.51284216073652 80 1192 16 1400 61 1311 52 1324
4303 1.572424654047081 1.8486702567212898 2.1988334390916808 174 148 113 0.99643079539032409 37 1280 16 1451 24 1341
4306 -0.62053854271528219 2.1672823091695732 2.1343591195048761 0 0 0 1.6599597821967071 15 1485 88 1534 48 1499 56 1572 61 1627 52 1646 92 1639 38 1626 34 1500
4307 1.4511544236732294 2.5110927899943514 1.9039059669876741 0 0 0 0.68764482930345416 15 1493 16 1520 24 1519
4308 0.90995512113787547 1.9951177473951454 2.1964400432314299 245 237 228 1.0819583144535674 37 1351 16 1534 24 1532
4309 1.5098030605280741 2.2658456927905974 3.0213947362096385 0 0 0 0.47115846270900136 37 1308 16 1577 24 1497
4310 1.3560429535020908 2.4482689253742822 1.9797487721921976 187 162 61 1.4632104805312955 15 1494 16 1596 92 1649 38 1630 10 1563
4311 -0.15399333867027845 2.7046809951680255 2.2411687888556648 0 0 0 1.5293498042584184 15 1624 37 1520
4312 0.026408958487180445 2.4341756097586837 1.9040005894398757 0 0 0 1.6206143389121408 15 1632 37 1527 16 1756 24 1751
4313 1.5265750241112259 2.2528890853058634 2.9814132530834243 153 153 148 0.84860708434501753 4 1197 42 1226 80 1198 15 1313 16 1493 48 1051 88 1282 81 1009 39 753 69 738 24 1105
4314 0.88110688834633333 2.4758003784282288 3.1234890391362331 87 87 92 1.0179791435886554 4 1357 80 1374 37 1421 15 1549 16 1637 78 1560 42 1498 66 1451 42 1441 88 1506 81 1371 39 1339 61 1668 52 1683 92 1682 38 1613 10 1598 34 1544
4316 1.2947957520075619 2.0231225576977447 1.4620792617093037 255 220 138 0.15123225384082323 42 829 48 3
4317 1.0948884179151555 1.8906297607243792 1.5438236122566533 86 79 62 0.53593688510671611 16 26 42 22 48 10 66 6 88 14
4318 1.1047332959241554 1.8798676236424789 1.5503306505947811 90 83 67 0.305692184440024 42 21 48 11 88 11 56 1
4319 -0.13031728238137633 2.4394395353719549 1.6832431193794104 176 145 111 0.44804764487259729 42 840 48 55 83 46 56 485
4320 -0.57680799995083498 2.2419881729866113 1.8122138686538158 0 0 0 1.6543605027699235 4 687 78 583
4321 0.68957173904456071 2.9504768160440022 1.8978134300364486 161 143 129 0.37673895988952855 59 633 48 108 23 658 66 68
4322 0.99080386521452779 1.9489757896767022 2.1292651466785357 255 255 255 2.6111528343114112 42 182 48 147 81 81
4323 0.049169262683586179 2.21384235906639 2.0563773209750882 0 0 0 0.061922815663892551 73 198 78 181
4324 -0.57793382926367398 2.1534514187451768 2.0559259065577842 114 95 70 0.20776738030564879 42 583 48 167 66 122
4325 -0.59707390743041955 2.1608274127536453 2.0498651388815676 107 89 67 0.13492793476650619 42 128 48 169 66 120
4326 0.86307874232534898 2.0747340748079046 2.1909139245619507 245 228 191 0.10617327873245846 42 220 48 184 56 127
4327 -0.59785730855960506 2.3388161611726277 2.3462816169633118 60 50 37 0.12583166534378676 42 257 48 259 66 225
4329 0.7311320839690173 1.8576682594352607 2.5940299379609359 93 17 12 0.12764891940099876 42 340 48 295 66 321
4331 -0.22979702389864051 2.2693560211331483 2.6291463400899433 144 124 102 0.1607154912752104 42 325 48 358 7 695
4332 1.4629583388327263 2.2863568211535719 2.9502728411512842 255 255 212 1.5591491320661084 78 762 48 412 66 772 81 387
4333 0.66544016863371158 2.3987216417475326 2.9400220244773712 0 0 0 0.34745537849824387 42 1036 48 419 66 1043
4335 1.1036465465610792 2.2757432045553956 3.2833211500291197 59 56 51 0.6754991896730651 16 874 48 472 81 1054
4336 0.19920710966499777 1.8889958808055063 3.5628085932729587 57 57 60 0.46929896121202708 42 495 48 502
4337 1.0996265455424123 1.9066092214204153 1.5744549490551301 253 211 141 0.53859666998249456 78 885 48 507 39 2 24 8
4338 0.93859688091678883 1.8917567961415664 1.7384397317142164 255 225 141 1.744616472173514 42 1089 48 524 56 816
4339 0.47008024500379159 2.2623395612500743 1.7570115010648872 158 75 65 1.7049987197681915 48 529 81 504
4340 0.96127338183842947 2.2575730131688592 1.9279492941263083 121 97 78 0.49475393946648427 42 96 66 1295
4342 0.61059969309964546 2.0805583568181123 2.1071491859937028 68 37 27 0.46597497362381946 16 621 48 591 66 604 88 625 56 559 81 553 39 85 69 94 24 133 7 86
4343 -0.013923770916778952 2.3754357753774422 2.0396910077508825 250 249 248 1.4597363360137623 42 123 48 594 66 592
4345 0.42294696928839826 2.2777775018411868 2.1370243660198853 167 142 119 0.80797267901292147 42 163 48 606 88 176 81 570 66 617 39 591 69 565
4346 1.3101548947224877 2.4470938219533829 3.0177271222838704 40 39 35 1.4880379831794419 42 776 48 779 66 774 88 820 83 376 78 764
4347 1.1231493063045361 2.3892744849826535 3.1889460230290041 193 165 144 0.48341201476047563 15 413 48 816 66 799 88 842
4348 0.71496153833397547 0.36857932451867215 1.8098380873370015 0 0 0 1.7018178503253059 16 528 48 853
4349 0.47386929010793127 2.1337842619934917 1.7474999010549088 174 158 153 2.6318965040014985 42 847 48 867
4350 -0.86007831494825482 3.0235289566297605 1.8182512420690768 0 0 0 1.8672523696704291 87 0 48 886
4351 -0.57643021777495873 2.1385137920700252 2.0706104943108739 199 172 146 0.56978857652327286 42 890 48 917 66 1136 56 881
4354 1.3015645530254134 2.7666767739674252 2.677478769104126 0 0 0 0.49435065866981232 42 710 48 999
4355 1.3680013290364126 2.2089526524285175 2.8259006583578814 22 17 14 0.25684223439337356 42 1026 48 1032 66 1033 88 1058 39 1176 69 993
4356 1.3762560601097322 2.2276086164731761 2.8528430509164164 128 120 108 0.51696914501024893 42 761 48 1033 81 986 69 995
4357 1.0304252714993996 2.3603316596670547 3.2330967687318375 11 11 9 0.85880271084140658 15 760 48 1080 66 1272
4358 0.30532695030162005 1.9993245289416295 3.3192122463788816 0 0 0 1.3183544116435579 42 1256 48 1085 66 1385 88 1595 39 1544
4359 0.22541741293977549 1.8941442482026587 3.5137588932400816 0 0 0 0.80889663899135211 42 1261 80 929 48 1089 66 1285 88 1312 56 1257
4361 1.1722112792201014 1.9602549799797588 1.7668923228328701 255 255 254 1.6788892916151787 48 1104 66 1094 88 895 56 1073 16 1117
4362 -0.11772102011188156 2.2360852072734319 1.8968685288056537 0 0 0 1.6155653087799362 42 1098 48 1124 81 1099
4363 -0.29886444519195571 2.1511520676829958 2.2366838633824293 140 125 111 1.1648151638322815 42 645 48 1159 66 1158 88 948
4364 1.3524454965372392 1.6863668789628778 2.3907505023188418 0 0 0 2.8577446917872513 42 1170 48 1166
4366 0.86574056806532962 1.9515322763778671 2.4911336795699599 172 33 31 2.1092413517036284 42 956 48 1187 88 1368 69 1404 16 1189 24 1207
4368 1.3630823594166868 2.3965355072612309 3.0374288380094732 50 50 47 1.7721917036073371 42 1227 48 1232 69 1224 56 1470 7 1254 73 1398 83 1464
4370 0.17753189077179538 1.88296107488199 3.4946018207931804 0 0 0 0.42442947844268419 78 1343 48 1271 66 1286 81 1266
4371 1.2039074099207219 1.9288031767279041 1.5438664507600788 216 181 134 0.62532932970154309 42 1263 48 1272 56 1066
4373 -0.65266237470015942 2.1659344518987269 2.0002708917082734 166 155 153 1.100396074555394 42 1277 48 1292 66 1303 78 1228 88 1322 39 1242 81 1108 83 1439 73 1416 36 1459 94 1188
4374 0.92756123084520437 1.9516427556584084 2.1659671168789743 81 23 15 1.0904157578225278 48 1300 66 1152 88 1180 56 1423 81 1483 24 1333
4375 0.23401486532391041 3.0815858178768027 2.0979484421558596 0 0 0 0.55889817570212863 42 1392 48 1306 66 1314
4376 0.58747688144353394 2.1776965765988892 2.2016099637502999 102 9 5 1.1455408342910742 42 1313 48 1309 56 1305 7 1436
4377 1.4124133181296088 2.4266109972996137 3.1879478240202741 60 56 53 0.32963869456424366 42 1365 48 1375 66 1368 88 1513 56 1221 69 1453 39 1448
4379 0.63711706703315674 2.079103527828309 2.0921954444890711 115 43 33 0.71937187968952465 16 1430 48 1410 66 1396 88 1447 56 1417 81 1476 69 1380 24 1514 7 1426 7 1531 36 1330 52 1588 61 1580
4380 -0.62103679557846136 2.1804192009321626 2.1193049442341798 0 0 0 0.34809063321833267 42 1396 48 1414 56 1429
4381 -0.39083459619684929 2.3612634759065512 2.3875897124075172 157 140 131 0.17680619701618147 42 1414 48 1430 66 1417 56 1439 81 1425 39 1395 69 1407
4382 1.1273776328017275 2.5424265866471827 2.8384152537895306 142 123 111 0.27844148146323139 42 1428 48 1443 66 1435 56 1369
4383 1.1285646204365227 2.5476698504352582 2.8391878194558342 142 123 111 0.35600717699753998 42 1429 48 1444 66 1436 88 1573 56 1370
4385 0.74697722283805246 2.122687783422009 2.027244847731414 81 7 3 1.6704500301361753 42 1469 48 1482 66 1537 88 1529 81 1469 39 1467 69 1560
4386 0.90857390821212747 1.9869081777982702 2.1989168312656497 255 248 203 0.37753701425229697 42 1482 48 1492 66 1481 88 1544 56 1424 81 1490 39 1481 69 1487 24 1533
4388 0.66805403573931854 2.1313192892463895 2.2225669644851873 255 255 234 0.80390228193893631 42 1484 48 1501 66 1483 52 1503
4389 -0.42008485254338301 2.3619608010577178 2.1533713057257557 0 0 0 0.63180147167637646 42 1401 48 1502 66 1479 56 1516 81 1487 39 1381 69 1393
4390 -0.58279545740914351 2.2047665345358749 2.1540380614226695 181 153 116 1.0363494110047347 42 1476 48 1504 56 1571 88 1616
4391 -0.15637177273891281 2.7327344129326496 2.6063610600072424 106 92 82 0.38146996893560114 16 1452 48 1517
4392 1.2270836438719661 2.5062183555526172 2.9632857748973547 0 0 0 1.5343372242460378 42 1435 48 1522 66 1509 88 1576 56 1586 69 1583 39 1578
4393 1.4051012904891638 2.3679212878498652 3.1214454950713582 59 56 52 0.85021002213588248 42 1499 48 1530 66 1519 88 1641 56 1541 81 1530 39 1586 69 1538 7 1605
4394 1.373363929660304 2.4507878268362022 3.1096049514470003 0 0 0 1.8156849561734083 42 1500 48 1531 66 1520 88 1586 56 1542 81 1587 39 1587 69 1592 7 1653
4395 -0.75726115907370772 2.500442066463632 3.0429305006655105 150 134 116 0.39595280393878096 42 1437 48 1533 56 1482
4396 1.5014250530682982 2.1784536505339771 1.635485093708273 0 0 0 1.6074593381733364 42 1456 48 1586
4398 -0.7786007305454874 2.4834450995483981 3.1014935888084572 100 91 70 0.35049952421592295 42 1589 48 1615 66 1596 88 1676 16 1678 81 1625 39 1626 39 1654 24 1653 7 1676 94 1813
4400 0.85565255627329506 2.0793232781839457 2.2183352114936743 100 8 6 1.2709637118799313 42 1608 48 1629 56 1659 83 1672 36 1723
4401 -0.70232034937344512 2.7134096487190957 2.7235328234447014 0 0 0 3.0259033416977239 49 1551 73 1739
4402 0.96241029564654423 2.4509400040973506 3.1163496309290268 0 0 0 1.1537399394356469 42 1613 48 1655 66 1622 88 1705 56 1648 81 1675 24 1694 7 1724
4403 -0.65139659112731252 2.2353761839786741 2.2409865820727295 0 0 0 0.78750917451977986 42 1639 48 1666 66 1645 56 1675
4404 -0.56020238767351893 2.3970079283402512 2.3519114263148424 255 243 205 0.912866222828707 42 1640 48 1668 66 1648 88 1726 56 1676 81 1684 39 1684 69 1670 83 1676 36 1717
4405 -0.67155068750196267 2.0422828949838499 1.9736936190538195 0 0 0 1.2885883494357273 42 1642 48 1681
4407 1.0501652566866966 2.3373681238251844 3.2082726211496939 55 53 47 0.65418413379734475 16 1748 66 1666 7 1754
4408 0.51215804948035681 2.1301747743820663 1.8821610744790827 121 93 76 0.54525371551162849 48 1696 66 1669 56 1702
4409 -0.031601197347676094 2.255753742223741 2.2294682987193033 131 107 90 2.5728467737038199 42 1651 48 1699 56 1706
4410 1.1689635867161938 1.9443464965858532 1.6014226571944412 246 207 153 1.5545397780529726 78 1795 48 1700 66 1674 88 1755 56 1708 81 1713 39 1713 24 1747 83 1718 36 1752
4411 0.34551453498989793 1.6029568423094136 2.8294194857562069 101 93 81 2.2715451112478307 42 1655 48 1704 88 1754
4412 1.0554063548534278 2.3279547981690305 3.2391523853291777 82 73 61 0.49877354045171096 73 416 87 345 48 826 4 657 80 701 15 761 88 854 42 471 56 778 69 454
4413 0.18041299711343145 1.8627508558587229 3.5497370147367726 111 103 83 0.45109914804356083 58 1351 54 1332 62 1363 87 1289 42 1598 48 1620 84 1522 49 1469 73 1677 78 1689 66 1605 88 1691 56 1635 81 1664 69 1657 39 1661
4414 1.1141418850721405 1.8910718702637741 1.5494351288183617 87 80 65 0.40862638726706174 42 20 66 5 88 10 83 9
4415 -0.51921209133820234 2.3195219023699329 1.607744024751494 255 255 236 0.85319030704175558 48 41 66 18 88 27
4416 -0.51921209133820234 2.3195219023699329 1.607744024751494 255 255 236 0.85319030704175558 48 40 66 19 88 28
4417 -0.49566405445536504 2.335789762238865 1.6322017629540868 255 255 230 0.66509008337443731 48 48 66 24
4418 1.0475469930804358 2.0038258489181913 1.8797564332537398 186 166 148 1.7509838804238822 48 532 66 57 88 574 66 56 56 824
4419 0.75676756186295402 2.1888240579017793 1.9965339091086731 63 8 5 1.2133230678117524 48 104 66 84 56 81
4420 1.3372843504489593 2.425849849098467 2.0275669034566972 255 255 255 0.19079731731675956 48 100 66 101 88 615
4421 -0.60965146480016641 2.1687549164105753 2.0462863161917948 104 86 65 0.21306314446611666 48 170 66 121 56 160
4423 0.62457594576739384 2.0633406753736208 2.085125262173011 80 24 20 0.42788488722359669 48 577 66 141 88 141 56 557 81 552 39 63 69 71 24 600 16 139 7 85
4424 0.071652454880242397 2.371298449066999 2.0758837663848588 163 145 131 0.55089267062137826 42 144 48 161 66 144
4425 0.33935786440997001 2.6047241258438056 2.1418059143520267 119 65 65 0.2946642419005871 48 189 66 163 56 156
4426 0.9318933652350333 1.9853109923766228 2.1997376192581455 136 24 17 1.1850951180016709 48 183 66 180 88 203 16 673 24 654 94 557
4427 0.20435141119452085 2.5637971683791125 2.2718405554818215 156 109 57 0.072616749119394669 48 213 66 203 88 222
4428 -0.271244038158173 2.0888708912532259 2.2602998258800726 255 253 223 0.47121938846064521 48 636 66 205 56 612
4429 0.099869419026705347 2.1167861503488807 2.3476101915663246 57 28 28 0.56772359497976732 48 229 66 217 88 679 81 901 69 892
4430 0.077332507710270365 2.0926115664151408 2.3349057709417003 255 254 255 0.32926976133320168 48 232 66 218 81 164 39 173 69 183
4431 -0.02790485727157551 2.040432221127328 2.3615944408511291 210 193 184 0.61747106734406831 42 271 66 219 88 247 81 168 39 175 69 604
4432 -0.26016487369687619 2.0809854217007016 2.3127255682340877 56 50 41 0.27846583493180627 42 253 48 238 66 222
4433 -0.28252526850283272 2.1002716514412598 2.3203123781646258 168 23 16 0.45859984857441544 48 642 66 224 88 226
4434 0.62585063100057547 1.8953801818621725 2.5475440696966398 158 139 120 2.2198676581346328 48 297 66 285 81 637 39 648 24 718
4435 0.33549739694934499 2.7307116645598692 2.6800486969551511 104 100 80 0.30803812041667838 48 323 66 327 88 756 56 319 83 359 73 307
4436 0.31121101356523867 2.7430518269285411 2.6886442307215517 48 43 32 0.086361027787659875 48 350 66 328 88 353
4437 -0.58255925610220272 2.6907677202473992 2.8385776600332999 31 26 21 0.1354696272839602 48 772 66 377 88 404 39 729
4438 1.3248749406228146 2.377254946663482 2.9610675544506355 18 16 13 0.31785215387468568 48 414 66 405 56 379
4439 1.3834787725269002 2.3121275669060317 2.9948651815150664 110 99 92 0.17376865251713305 48 413 66 418 81 750 39 406
4440 1.2315013388470326 2.5021272338727107 3.02430341192402 255 255 255 0.1938396355343886 48 417 66 421 88 445 56 391 81 764 39 766 69 753
4441 0.73201350290438438 2.3987677829725347 3.0197696099110982 21 17 15 0.24161434430271242 48 432 66 430 88 450 56 758
4442 -0.76469978621622015 2.4694083182094615 3.0448181467337592 157 137 119 0.46658668979321821 48 813 66 434 39 417
4443 0.79714015940674721 2.4565932542496816 3.0542850024472554 245 247 251 0.45133189891802955 16 418 42 408 66 441
4444 1.2293996567077128 2.3322932125110585 3.1737211643755541 169 139 126 0.58448026738875247 48 457 66 460 69 442
4446 1.0300148329517487 2.3022817421100656 3.2528202795750314 80 82 80 0.3342595225168668 42 472 48 475 66 479
4447 0.25143284084902651 1.8975087834725219 3.3553718608525949 147 132 125 0.77575372812022503 48 846 66 508 88 521 81 477 69 472 39 499
4448 0.95528132689858924 1.9628615162893539 1.4861277965269408 255 253 178 0.47592325419565551 48 854 66 516
4449 0.74669787837053969 2.1105068270106178 1.8366169708991722 156 84 70 1.3031935599438293 48 64 66 550 39 32
4450 1.4199385365900907 2.4650253643150029 1.9339928993604265 68 58 51 0.41673873136981388 48 543 66 572 88 590 56 34
4451 0.42418987448143997 2.12676265774952 2.0482932455671468 67 48 38 0.85372426587698558 48 901 66 590 81 1289 39 1249 56 1105 69 1264 7 1429
4452 0.42111278022977822 2.1161564137437101 2.0477765864562807 67 48 38 0.63751973958519459 48 902 66 591 88 1167
4453 0.6235443694674202 2.0847479737880699 2.1039498845825197 54 27 24 0.26509439656958017 16 620 48 153 66 603 88 624 56 558 81 91 39 84 24 613
4454 0.59486247103362755 2.1321733583244127 2.1205644779334296 145 24 14 1.0015198411743516 48 155 66 605 39 577 69 95
4455 -0.63193792681109151 2.1494335254249139 2.1008456030563738 249 250 251 0.87035926166450484 48 933 66 610 24 924
4456 1.0732708533236752 1.9464464880799839 2.1505696891045858 92 29 24 0.38091682065092458 48 585 66 614 56 550
4457 0.90802207737469243 1.964535457399661 2.1777123025398817 77 31 25 0.16696387564235932 48 182 66 615 88 634 24 630
4458 0.42290730487500428 2.2810317823609383 2.136688318282415 201 176 157 0.77517252144394166 48 607 66 618 88 177 69 564
4460 1.3105910424164082 1.8348254758473497 2.2057160056439029 211 175 124 0.25951791446130251 42 244 66 622 88 196
4461 1.1140633094966363 2.0407139007201285 2.1930482010062846 88 18 16 0.28903569963134812 48 599 66 624 88 648
4462 1.1063203956116907 2.0533678853138082 2.2026642898620383 223 209 193 0.40437320386122333 42 216 48 601 66 625
4463 0.93810701875889657 2.0559790908344615 2.2512159223270625 121 33 17 0.14761288746023538 48 620 66 633 88 664 24 679
4464 -0.5872055318385011 2.3498109661429738 2.3114229524512386 59 48 35 0.67562754486512355 48 644 66 640 81 183
4467 -0.2495492966631461 2.1044679084151992 2.3684093601288225 91 25 19 0.60901118445983415 42 676 66 655 88 685 81 907 39 908
4468 -0.34997991625812819 2.3065806406374523 2.3870469084663903 165 20 14 0.41438971075380593 48 961 66 656 56 1339
4469 0.85692409452625407 1.8946929353303406 2.480675584697368 255 255 255 1.0096757733403632 48 970 66 677 39 1138
4470 -0.58445301668539851 2.5050576003583647 2.5623427439683351 45 36 28 0.44426491934463536 48 698 66 682 88 711 56 986 39 663 69 665
4471 1.3709994640718477 2.0375119054929223 2.5518610201467329 49 41 32 0.28983016837904108 16 769 66 686 88 1017 56 632
4472 0.55043545931850879 1.8394683526967532 2.5617639061544057 110 17 9 0.56128744713431333 48 990 66 689 88 740 81 235 56 259 39 218 69 637
4473 -0.30045408569037729 2.2813085771736783 2.575001441175333 63 8 3 0.19269283849347715 48 710 66 694 88 295 81 247 24 693
4474 -0.30802622340001773 2.2369846701687197 2.5475178089063166 140 124 120 0.82774377273905964 48 996 66 695 88 294 39 934 69 942 7 1196
4475 1.3690504423079142 2.0332300020267211 2.5777709179749766 28 22 17 0.20783880953272815 48 681 66 697 56 634
4476 0.75128402118047144 1.8995754131480254 2.6326306882161465 122 95 63 0.26109939678490296 48 311 66 714
4477 1.3677343122513479 2.2111692435923449 2.7984830772024525 39 36 33 0.21394622572969224 48 736 66 740 88 793 56 968 81 715 24 1071 83 710 36 622
4478 1.365630569715611 2.249740020014535 2.8561376423411047 58 57 59 0.26960758599805074 42 392 66 754 88 800
4479 0.64050520099975716 2.2676002689306474 2.8529348404339916 173 158 143 0.37489149249970749 48 1045 66 758 88 1062
4480 -0.18250642608298737 2.7531444896562522 2.9323500164397189 44 40 30 0.47345471744711115 48 789 66 759 56 760 81 733 88 792 39 752
4481 1.3662201621278329 2.293548037538355 2.9098690748984692 49 41 34 0.12338018448400061 48 766 66 763 88 811 56 362
4482 1.3657699244549815 2.2874274847322158 2.9320408717037547 19 14 11 0.22520508243231491 16 835 42 400 48 769 66 764 88 812
4483 1.188972324009971 2.5385838596584298 3.0288107808368183 146 133 122 0.16234510995758045 48 782 66 777 88 822
4484 0.76347116147129246 2.4110385450827372 3.0308455888814545 23 18 13 0.36671131651515432 48 793 66 778 88 1080 42 1044
4485 1.4145538483638349 2.3272722018580634 3.0267087506513808 64 64 64 0.45027739580643394 48 425 66 786 81 763
4486 -0.74159826045121258 2.4147545916318651 3.0628511516163979 96 90 80 0.76063839789007182 42 784 66 791 88 807
4487 1.1218143544256152 2.3704975332312253 3.1864556215104201 235 210 168 0.2287623032571422 48 817 66 800 88 843
4488 1.6834188890339601 2.3020344549914102 3.2242706920827597 46 41 30 0.33413696910956153 42 803 48 823 66 802 88 858 56 763 83 793
4489 0.34248427345044113 1.9307919209009345 3.1410673279117396 28 23 17 0.55476259266731587 48 834 66 810 88 837
4490 -0.4530654219815643 2.3035106499052334 1.6809796256136145 255 226 170 0.66313732379241297 48 1108 66 835 56 1262
4491 0.95435588117481318 1.9020173637515669 1.7619062841434823 199 166 115 1.4932554933770443 42 1091 66 836 88 555
4492 -0.65380005988962753 2.1861337789661017 1.867315579950199 255 225 142 1.1506252177529042 48 884 66 845 56 860
4493 -0.65380005988962753 2.1861337789661017 1.867315579950199 255 225 142 1.1506252177529042 48 885 66 846 56 859
4495 1.2839109548444871 2.3215750624239013 1.9741599777187198 69 59 53 0.39968426236970639 48 879 66 859 56 506
4496 0.76187206962154974 2.1538529669734054 1.9871404223498952 55 25 18 0.76285929140838571 48 565 66 862 88 1157 39 1239 81 1113 69 1257
4497 0.69496355828766976 2.1245697666473671 2.0523630118111718 132 26 19 1.0532188411653569 42 888 48 576 66 869
4498 -0.31222127655251192 2.2098162569633431 2.1258932338644563 255 255 255 0.25485296807588992 48 927 66 884 56 889
4499 1.5152690014590935 1.9445275751710533 2.133706266751688 207 180 139 1.0951562419949339 48 1139 66 887 81 1128
4500 0.93997564813576717 1.9181675330351795 2.1476359616532643 152 129 102 0.98985476191427135 48 1141 66 889 88 633 81 1129
4501 1.5739422539508057 1.8449684493379828 2.2026866929450009 161 138 107 0.32418486232571836 48 171 66 901 88 964
4503 -0.27247856279406968 2.0960461656855305 2.3009750788824093 151 137 132 0.065433076633231599 48 1168 66 928 56 1141
4504 0.12246306733022244 2.1102027864143991 2.3392614981521134 136 14 13 0.19546586476221328 48 949 66 933 88 982 81 900 39 904 69 602
4505 -0.16138518404981364 2.139931186141804 2.3434743151758108 86 48 30 1.4442494112815485 48 958 66 935 56 914
4506 -0.22453196097189621 2.0503482607499897 2.3423366833581265 56 51 41 0.52612656827086546 42 674 66 937 88 977 81 608
4507 -0.57642082204762257 2.3858032819956749 2.4187235294124765 46 40 35 0.24204349938418332 48 1181 66 952 88 985
4508 -0.38470911081794146 2.3836652587617264 2.4386116319183433 64 4 2 0.59135425674409936 48 665 66 958 88 694 56 1155 81 913 39 644 7 662
4509 0.82715260788160372 1.8860830914517546 2.4998446810780353 239 235 238 0.97122523536526451 48 976 66 963 56 922 81 1164 39 1139 69 1157
4510 0.71420718301847708 1.8332949362150768 2.5525524653450447 235 231 227 0.13260117033354249 48 987 66 980 69 911
4511 0.57808283007441197 1.8370254883219617 2.551008025095487 150 128 99 0.93343172125559015 48 988 66 981 56 940 78 334 39 1146 69 912 7 961
4512 1.3067829224916307 2.8142651069750193 2.6856376991520974 0 0 0 0.099246443112848137 48 1198 66 991
4513 0.87076250518919296 2.0605980843597478 2.6210197908402746 255 255 255 0.25495141765843798 48 700 66 992
4514 1.298038750337325 2.3997335698833986 2.9646885894441932 0 0 0 0.17227462287087722 42 1040 66 1041 88 1280
4515 1.2076720638828904 2.4431469950645899 3.095082863444687 19 17 14 2.0268123191443799 48 1066 66 1052 88 1086 56 1215 69 765
4516 1.2557494810412286 2.3897503071062798 3.1031205817865164 155 130 119 0.34719992234409869 16 1084 42 1054 66 1057
4517 0.48684499139499549 2.2969582745521326 3.2016754417713136 77 66 55 0.7033105360523414 16 1078 66 1066 81 1040
4518 1.0102519999229402 2.3788744784237443 3.2266910250680585 255 253 250 0.25491277996102341 48 1081 66 1068 88 1097
4519 0.68406041310556653 2.1129736998438435 3.4032976308448193 54 49 40 0.23360893132415433 16 1093 66 1076
4521 0.95646807959934632 3.0391177765226121 1.6117629290193947 197 162 111 2.9220626709141815 4 1099 66 1096
4522 1.0715663365834789 2.0129840384944613 1.8934214859529561 255 247 228 0.82265959169347758 48 1114 66 1099 88 1319
4523 -0.60535594739557508 2.1589690849329934 1.8624834460694308 187 157 114 1.6623511071667989 42 1269 66 1101 56 1092
4524 -0.27850177446954993 2.1216872638229849 1.9422193190424615 222 187 141 1.3519474420005584 42 875 81 512 39 42 88 577
4525 -0.40965163174263375 2.1074147366029758 1.9174889739095602 212 178 131 1.4315373239616693 42 1101 66 1111 88 900 81 833 39 844 69 511 66 856
4526 1.2793474901705293 2.2891540553206084 1.9609208200986905 71 60 55 0.62325353901883684 48 1120 66 1117 88 1329
4527 -0.24099840729367664 2.3425258847074826 2.0494925284006311 217 216 228 1.12882445043361 48 1296 66 1135 39 1254 81 1406
4528 0.33338010378961813 2.5794151315102436 2.1837221368018946 159 20 15 0.22468293390146554 48 1149 66 1156 88 1195 56 1118
4530 -0.44468679378086634 2.4202637313828683 2.1976514526042492 248 248 253 0.61460777147687551 48 1150 66 1161 56 1124 81 880
4532 1.2201800958675029 1.7111632318641659 2.3008370142944319 209 175 124 0.26461273593170442 48 1152 66 1175 88 1207 56 876 81 883 39 884 69 864
4533 -0.40464543034734457 2.4193340745750951 2.4556202244058842 96 81 69 0.14460056904567684 48 981 66 1190 7 990
4534 0.52680788067563966 1.8479337048003508 2.5565966237014726 116 13 7 0.084142656651051168 48 1192 66 1195 88 1232 56 1154
4535 1.3690571411167411 2.876182700900201 2.6772733282097381 105 86 65 1.3117275957492525 42 692 66 1201
4536 1.3445274526223057 2.8134887272549971 2.6856311886255275 0 0 0 0.22555406881758736 48 998 66 1202
4538 1.8074776226756768 3.0243733129368264 2.7411657570544525 99 108 124 0.80868990025631748 42 1340 48 997 66 1209 88 1384 81 970 39 985 69 708 56 272
4539 1.7489662874550487 3.0345872185897731 2.70394135251528 237 248 248 0.87055053332144239 48 1334 66 1210 88 1385
4540 -0.56862598066380565 2.6875073064988992 2.802210222729915 136 133 135 0.69213431365836608 16 1185 66 1226 81 1201
4541 -0.5664432425004482 2.7051762132859238 2.8358806579533864 175 153 141 0.48797370598010703 16 1187 66 1227 88 1262 81 984
4542 -0.76783196128468378 2.7167700858981112 2.9753839785241207 121 104 93 0.61283613557653482 66 1249 56 1236
4543 1.1314174998648681 2.5481656463933011 3.0505977097749959 159 141 132 0.36547818643434266 48 1370 66 1252 56 1205
4544 1.5378990596012132 2.2740788480608702 3.0307694717696672 232 254 255 0.44027704565298187 48 1231 66 1254 88 1412 24 1403
4545 0.81103161027825499 2.4020824642660354 3.0668931653449181 216 210 205 1.196552204047711 42 1442 48 1071 66 1256
4546 0.63534813842795934 2.3916216159415917 3.0407117784728586 176 157 77 0.23158912202905793 48 1234 66 1257 88 1411 81 1364 39 1335
4547 0.38972971090324704 1.7970370237891446 3.0229569032990242 66 61 56 1.1592590136126619 48 1245 66 1263 56 1229
4548 0.20463116012484475 2.2957258319138725 3.2004071105823906 168 156 145 0.25629306981885819 48 1259 66 1267 56 1246
4549 0.26636744902343645 1.9116404431717025 3.3342504601800051 148 140 142 0.37709426473534008 48 1086 66 1279 88 1304
4550 0.25416218069654456 1.8951177417696554 3.3775970499869499 0 0 0 0.12226207760887906 48 1264 66 1283
4551 0.19440766128895623 1.88716038241347 3.4721175854621951 121 110 90 0.58711213833715703 48 1270 66 1284 81 1263
4552 1.3132968290308555 1.900330018750517 1.461186514312649 253 224 143 0.99698171714905115 48 1090 66 1287 88 1313
4553 -0.6792765169112851 2.199139843907874 1.883856594441689 255 221 138 2.3466504432229121 48 1278 66 1292 56 1282 39 1080 69 1102
4554 1.4580255934840236 2.4714647871036752 1.9210821265959928 0 0 0 0.76711178295235016 48 1276 66 1293 88 1437 56 1263
4555 -0.640315221852784 2.1652409740726482 1.9145978875704448 203 169 121 0.78500551755475845 48 1277 66 1297
4556 -0.50124111156770157 2.2805522051686 1.9711495561921761 0 0 0 1.4979581153277202 48 1136 66 1301 88 1320 83 1319 36 1174
4557 -0.53363535468392331 2.1614712134380496 1.971072622353981 0 0 0 1.8827220564740317 48 1402 66 1302 56 1291
4559 1.4351188685677869 2.4963644894391726 2.007220225029994 27 21 17 0.34689942387900002 48 1280 66 1305 56 1271
4560 -0.56839544261451069 2.2113820000036588 2.1830671794996501 23 18 14 1.0889430807192284 48 1311 66 1319 56 1430
4561 -0.45640630886731015 2.4157696571997112 2.2271791740386715 62 51 43 1.1778083113302253 48 1315 66 1322 56 1323 81 1147
4562 -0.24739907968979796 2.0950842869026287 2.2530463380704129 107 70 43 0.65238752318476401 48 1314 66 1326 56 1321
4563 0.091273632027504811 2.1288805715295092 2.356721762748883 79 13 10 0.64020770511200109 42 1329 66 1329 88 1464 56 1329
4564 1.2301430948181991 3.28663871587103 2.5718223338260588 49 46 44 0.26910097122389232 48 1326 66 1338
4565 0.76200381781777538 1.9167523196229648 2.6464985675143629 75 4 3 0.097705675419846164 42 1348 48 1338 66 1346 56 1166
4567 1.3837925583179349 2.2059218111751391 2.8045749731969987 160 148 144 0.37473653022496733 48 1352 66 1352 88 1398 83 1181 36 1190
4568 1.3433758627036243 2.4095127267951524 3.0790408399794478 119 104 94 0.87262700494900525 48 1369 66 1363 88 1284 56 1204 81 1368
4569 0.53884804197522684 2.3321756203199242 3.1917878798244663 0 0 0 0.70394200984662358 42 1367 48 1251 66 1369 24 1495
4570 0.2312943018265961 2.1486621918634978 3.2002945956558442 151 138 133 0.14498136821520533 48 1383 66 1373 88 1420
4571 0.24638149467989409 2.1414580399350251 3.2195302650692348 0 0 0 0.22895397324143377 48 1384 66 1374 56 1396
4572 -0.30854479419876291 2.3251648308786392 1.9343784327928317 255 255 223 1.2401933017848312 48 1285 66 1389 88 1318 56 1290
4573 -0.42663141667080751 2.0401701405511146 1.968284152584471 255 255 239 0.024781016185815484 42 1388 66 1390
4574 1.033733894142588 1.9453241194151352 2.1113836261875085 190 173 162 1.1849871549795921 42 1301 66 1395 88 1333 81 1403 39 1371 69 1375
4575 0.87633887590284798 1.9764652047454825 2.1684045537545522 149 30 15 1.0377141777537771 48 1494 66 1400 56 1504 7 1627
4576 0.48373894742441914 2.1309575672329886 2.2437879703833095 110 19 15 1.5351525131789654 42 1485 66 1404 88 1341
4577 0.094140644648615643 2.1189076564010709 2.3277257556230402 255 255 255 0.98116158687193744 42 1410 48 1317 66 1412 88 1456 56 1319 81 1422 39 1391 69 1401
4578 1.3049532690819245 2.9390431563035899 2.4600908260737198 228 243 249 0.34613744834313726 48 1506 66 1418
4579 0.12474548557336483 2.4334776638719697 2.4418565080215582 168 152 144 0.31403112476007122 48 1427 66 1420 56 1336 69 1413 39 1403
4580 0.5422607300458121 1.9101149016811978 2.6155633106573468 123 101 74 0.85283927052049313 48 1437 66 1426 56 1448
4581 -0.59701776771709147 2.6776513156329433 2.8544853547587672 116 103 94 0.70939915813823373 42 1425 48 1449 66 1440 88 1392 81 1440 39 1422 69 1437 24 1470
4583 1.4067946738428392 2.2697552458705132 2.8912534507855572 0 0 0 1.0126862430188801 42 1433 66 1447 88 1497 81 1522 48 1521 39 1524 69 1578 7 1646
4584 0.37706634419331181 1.9285073447074557 3.0649318029199399 0 0 0 2.1062661500929165 48 1457 66 1452 88 1583 16 1631
4585 0.95330896448032409 2.4573075975175263 3.1922493968308956 206 181 142 0.29165127039661054 48 1456 66 1453 88 1509
4586 0.44151130372371883 2.0250378125940984 3.2592518023601911 0 0 0 1.6063773657358063 16 1395 48 1460 66 1455
4589 1.3642265674360117 2.4040588452192604 1.9185002292042437 0 0 0 0.76652901911629201 48 1476 66 1463 88 1606
4590 1.3642265674360117 2.4040588452192604 1.9185002292042437 0 0 0 0.76652901911629201 48 1477 66 1464 88 1607
4591 1.103547103407158 1.9878499465249349 2.0529997088126133 255 255 255 1.0400155260678265 48 1405 66 1467 88 1527 56 1407
4592 0.63609162150292553 2.0697936360661791 2.0590976493808055 172 159 145 1.2708874081547661 48 1407 66 1468 56 1416 81 1400 16 1429 69 1376 24 1431 7 1425
4593 1.3634228033776734 2.5197396341100302 2.0593253414851969 0 0 0 0.097039999456685108 48 1481 66 1471
4594 0.90973129767463934 1.9915829389316393 2.1992236930252038 255 250 205 0.14353666432686851 42 1483 48 1493 66 1482 88 1545
4595 1.2490522308785965 3.242339709952323 2.5157533438050037 98 81 37 0.76696998770703217 48 1509 66 1487 88 1563 81 1510 39 1509
4596 1.1769442208217398 2.4809359619568427 3.0601236309909421 69 62 53 0.83181850213698605 15 1467 66 1514 88 1581 56 1537 24 1567
4597 1.1231371279679372 2.4799864941742786 3.0946247831073941 70 62 53 0.47280265871118937 48 1532 66 1516 88 1582
4598 1.0818659662157031 2.2903685373438925 3.2672437021108105 212 192 161 0.37272070161584436 48 1545 66 1525 88 1593 81 1596
4599 1.115941078450069 1.9052572360654694 1.5473546170820467 87 80 65 0.44342740336757686 48 1548 66 1530 88 1598 56 1489 81 1461 39 1456 69 1467
4600 -0.59114295934913919 2.2368452816112039 1.9145473786096596 216 179 126 2.2025986956331209 66 1535 83 1575 36 1616
4601 0.74781712231312747 2.1097731668117699 2.0275351292034149 78 6 3 1.4132473512583354 48 1483 66 1538 88 1530 42 1470 81 1470 39 1466
4602 -0.46247796600423213 2.3986252730589595 2.1761552345951194 166 148 135 0.38822813860097244 48 1560 66 1540 81 1492 88 1614 39 1486 69 1568
4603 -0.32612956412796296 2.2716846478733728 2.5361366748850882 147 132 128 0.80192441515600787 48 1604 66 1549 88 1556 56 1621
4604 0.70222155168697487 1.8336057883715056 2.637412512057721 143 17 13 0.43329793277089751 48 1567 66 1555
4605 -0.56471008570634895 2.5730591435610313 2.7374871743350253 44 35 20 1.1281499600853724 42 1533 66 1556 39 1614
4606 -0.63648974834868488 2.6312796223946022 2.7842759234081433 0 0 0 1.5907389938969541 48 1571 66 1559 88 1666 56 1540
4607 1.4409726161894838 2.3177270544857334 2.8664377687250671 106 86 56 1.2655612315756288 66 1562 88 1632 42 1545
4608 1.3247466472721923 2.3881150714687904 3.0693284142194468 93 82 71 1.0323238376190742 66 1563 88 1640 7 1650 83 1595 78 1666
4609 1.2685397984032636 2.4240707405499649 3.0496656473078754 38 36 32 1.038647642175422 42 1553 48 1577 66 1564 88 1680 56 1588 81 1585 39 1584 7 1651
4611 -0.3976823448975581 2.2646713730490013 1.8549233478775269 225 191 143 0.51529577011331629 66 1573 88 1649
4612 1.3672351501491782 2.1713879244775214 2.7016004894698966 100 81 53 1.3983123958550188 48 1607 66 1584 88 1668
4613 1.4032708343241456 2.4431900807544156 3.1733051987976992 60 57 53 1.4286527991716069 48 1613 66 1601 56 1593 81 1630 39 1630 69 1628
4614 0.27874501862730705 1.9628618183523741 3.0994344848983069 0 0 0 1.1145824555185364 48 1643 66 1602 88 1682
4615 1.0979513239883236 1.9196129447426244 1.4713187319286953 255 255 249 0.76604980471944795 48 1621 66 1606 88 1645 56 1600
4616 0.46980001907608854 2.1112865906214031 2.0945854504536658 129 15 9 2.0835156036550346 48 1627 66 1609 88 1652 81 1643 39 1636 69 1635 24 1635 7 1681
4617 0.57338934746008696 2.1413037542590763 2.1860466787463602 118 12 7 2.1641119799096051 42 1572 66 1611 81 1647 39 1639 24 1677
4618 0.47154757271142422 1.9079230800988443 2.5449961593168915 149 20 13 0.7296735843284945 48 1635 66 1614 88 1662 56 1660
4619 1.4645269197497697 2.2905560743978119 3.0188885522170747 0 0 0 0.36541693566663724 48 1639 66 1621 88 1703 81 1660 39 1652 69 1651 24 1693 7 1704
4620 0.9626268767407552 2.4390479319217024 3.2202085730114116 151 142 141 1.8620362267607122 48 1641 66 1623 88 1719 56 1649 81 1676 39 1678
4621 0.9626268767407552 2.4390479319217024 3.2202085730114116 151 142 141 1.8620362267607122 48 1642 66 1624 88 1720 56 1650 81 1677 39 1679
4622 -0.51019490262694145 2.3328769844373487 1.6278747974212318 226 190 141 1.0989466702921464 48 1646 66 1625 88 1708 56 1655
4623 0.9116616405650082 2.1415130936632072 1.8953176785110899 119 95 75 1.2078359669984373 48 1623 66 1626 81 1640
4624 -0.42094738196903186 2.3667348334335401 2.3097320072922551 0 0 0 0.54426497076985714 42 1623 66 1629 88 1699
4625 -0.47395652415976064 2.4446119949250322 2.4946343836835174 0 0 0 1.7642995851829544 48 1670 88 1710 56 1681 81 1685 39 1685 69 1671 36 1732 83 1703
4626 -0.57955549710660303 2.5210204986089098 2.5918857900642238 92 78 60 1.7185350088053784 42 1628 88 1712 66 1632 81 1666 83 1678 7 1723 56 1663
4627 -0.21379368689439746 2.5474075649166465 2.732033218205653 0 0 0 0.90042619632873866 48 1675 66 1634 88 1713
4628 1.3442998271079922 2.265533461521049 2.8244024738469826 125 116 110 1.8059938856362912 66 1636 56 1683 83 1692
4629 0.67328856086322719 2.3893671536322474 3.0897096007107669 0 0 0 1.7044678050633386 42 1632 48 1656 66 1637 88 1718 56 1665 69 1666
4630 0.33621414297483881 1.9901261250454443 3.2051029826515554 132 115 101 0.50717321089736955 48 1659 66 1638 88 1707
4631 -0.56049252570199681 2.3970539806289755 2.3514495562585389 162 124 96 0.83389348034258526 48 1669 66 1649 56 1677 83 1675 36 1716
4632 0.6412150581290551 1.8432463005450055 2.5901804531472092 151 19 13 2.0868689353837517 48 1672 66 1651 56 1661 83 1673
4633 -0.44394996108304319 2.7072491018589337 2.851626382641653 0 0 0 0.78466683376892221 48 1676 66 1652 88 1732 56 1690
4634 0.73375317851037514 2.2134529482893277 2.8592124464265121 0 0 0 2.070441821536138 48 1685 66 1653 56 1689
4635 1.1117460833815807 2.5632097003679544 2.9639704851002167 0 0 0 1.3452151150078306 48 1677 66 1654 88 1734 81 1691 39 1691 24 1722
4636 0.5246496890158181 2.1733805494346372 2.1697117237112855 122 14 8 1.5288905206699868 48 1663 66 1659 88 1724 42 1638 56 1671 81 1683 39 1682 36 1724
4637 1.5264322368731045 2.4755906723849304 2.7450976714764845 0 0 0 1.2335023257246009 48 1673 66 1660
4638 0.88073449393937819 2.0943164599676152 2.0090219560869174 120 97 77 0.84174291148197133 66 1662 39 1700 81 1703 69 1686 7 1735
4639 0.6994036918127976 2.6030868710672146 3.2570242405078571 0 0 0 0.53093319795235405 66 1667 88 1750
4640 0.10626913722060466 2.3874508507199956 1.8994635245792122 0 0 0 0.75634700163733282 42 1656 48 1697 66 1675 88 1756
4641 -0.028068418792654221 1.5275987680514258 2.7992005935939153 0 0 0 2.8843075421255806 48 1705 66 1679
4642 -0.59633457071249152 2.3229960552641904 2.2968485019861675 72 60 49 0.89421255308928838 4 75 80 73 66 641 42 647 48 645 88 660 56 630
4643 1.4022402213557998 1.8108230011935809 2.2526420103616314 255 227 169 1.5281422565476162 4 1454 80 1477 37 1532 15 1636 66 1671 78 1787 42 1650 73 1765 88 1752
4644 -0.65185947220426343 2.1643233466106357 2.0005388024657469 90 75 58 1.0627411045891202 49 1248 73 1417 48 1293 66 1304 42 1278 88 1323 81 1109 39 1243 83 1440 36 1460 94 1187
4645 -0.39433582617524687 2.2201285036456326 1.8093212462827877 120 101 75 1.0549647278955039 42 1461 66 1462 62 1323 87 1250 48 1475 81 1394 39 1359
4646 0.84275968927788891 1.9443829688324323 2.5307666360799139 167 26 25 1.320027945094755 4 1389 80 1415 37 1475 15 1571 66 1581 42 1532 48 1602 56 1579
4647 0.50717764184621783 2.2980239519164622 3.1779613068215835 125 108 90 0.29398366940708737 48 470 66 470 39 463
4648 -0.7287020338601875 2.4851033163942633 3.0243667105666256 114 98 75 1.9179901049658996 9 1030 25 1005 62 875 42 1220
4652 1.0899551461294648 1.8954212938862729 1.5815878582515677 247 223 146 2.4474551713432859 62 1271 87 1109 4 1206 80 1298 37 1318 15 1421 84 1330 73 1471 66 1288 78 1140 42 1077 48 1097 56 812 83 869
4654 1.2488039971862694 1.8003790844416512 1.6961337497312394 221 184 132 0.31890056454325233 42 519 88 47
4655 -0.50522916864570244 2.2648681282744079 1.7627179404028581 215 180 130 0.50986603673319619 66 41 88 54 56 41
4656 0.44212300569394036 2.0880755644579629 1.7823408649584656 255 255 255 1.8719370808752149 66 40 88 58 56 25
4657 -0.66248399878076125 2.1994866267693833 2.0469021103030323 255 235 198 0.25168231869162466 66 597 88 94 81 69
4658 1.094343152716039 1.9710285446164559 2.107235010031943 255 252 248 0.30976936497979618 66 131 88 129 24 627
4659 0.51839147230676585 2.1919245337321591 2.152416172330506 103 15 10 0.5559391006900859 66 161 88 175 56 151 69 561 24 614 94 568
4660 0.88387610787804993 2.1403288586905997 2.245875754185624 101 9 5 0.19056208851457929 66 197 88 221 81 142 39 143
4661 -0.04022693981162883 2.0507548345282935 2.3735454083482335 80 5 4 0.55873063533294676 66 654 88 248 81 903 39 906 69 1146
4662 0.44932237991610069 1.9335856724562523 2.4814775691044861 255 255 252 0.65122882713116936 48 277 56 643
4663 0.46997576505125493 2.0400549377332342 2.4955346280168884 250 231 171 0.8912055659755741 48 276 81 639
4664 0.82085739993778994 1.9250414954197188 2.5639718641630731 255 254 255 0.34490817883633945 16 296 88 312 24 317 61 265 32 174 94 194
4665 -0.42110965587311505 2.6178131360419434 2.729528426889634 25 19 15 0.36407167995703704 48 378 88 362 56 373 83 466 36 438
4666 -0.36377844433702727 2.6816468943188849 2.7914782105371394 95 81 66 1.4186950441739716 48 762 66 373 88 389
4667 1.2947855565813382 2.3940541561880262 2.9775188127902599 0 0 0 0.93964364533299338 42 775 88 442 56 740 7 1058
4668 1.2007512401100549 2.3111405597735084 3.2007450835323223 73 64 56 0.43354019449131975 16 510 88 483 7 460
4669 1.6865852086893145 2.3244770885722663 3.2041206015769292 76 70 61 0.033086335319172572 66 475 88 494
4670 1.2833941983178989 1.9709325161891491 1.4600712980427457 187 158 115 1.653169962919123 48 852 56 1065 81 1
4672 -0.60281843895567511 2.1771577499711259 1.8623568363189851 190 157 113 1.9544367121914057 66 558 88 568 81 34
4673 -0.62879927825770943 2.1892036368579846 1.8492438835822074 192 161 115 1.3052654824621392 66 65 88 569 81 35
4674 -0.32764878685347731 2.3368790253066511 1.9464369873754808 223 189 143 1.7231180181515047 66 73 36 1165 83 1148
4675 0.84386677102301288 2.0377666813562931 1.9394772918023844 121 97 76 1.8869516192661155 66 563 88 585 56 40
4676 0.30959915645993208 2.512748505891607 2.2196628693039004 255 255 255 0.29721719332937846 66 907 88 654 56 894
4677 -0.38698659071297292 2.3950811972236883 2.4382687412422546 62 5 3 0.22949574614382232 66 959 88 695 81 914
4678 0.80730088818886758 1.8811612904308432 2.4984925527770749 107 92 68 1.7081822578917827 66 678 88 723 56 232 81 631 39 638 69 910
4679 0.088034724408405665 2.8357493372628761 2.5448397125251407 92 62 35 0.21118624369456659 66 266 88 726 81 673
4680 -0.11478011949283207 2.2065659756442373 2.5622524795649197 170 75 50 0.40178800670683384 42 700 88 728 56 309 83 789 36 736
4681 0.75355846819284367 1.8252425883176191 2.5464610222665707 255 254 234 0.37276192622149462 42 338 48 986 88 738 81 633 39 927
4682 -0.35556447010562464 3.58901884045174 2.7088764541322989 255 255 254 1.227963351819966 48 357 88 758
4683 -0.43541181753434965 2.5889567945982348 2.7012152199670756 112 93 68 0.36371240425701101 48 749 88 764 69 691
4684 0.84874835870664189 2.6113881329354975 2.7690083543544248 58 47 44 0.092108190260780126 66 732 24 1057
4685 0.81183777826893011 2.6202243498609117 2.7858765566043178 38 34 31 0.50533064327953525 15 673 88 776 81 718
4686 1.0378461969097226 2.5598481827783139 2.8015659248308125 0 0 0 0.57222761492895147 42 1199 48 1023 88 784
4687 1.4413294135810606 2.2894881467912476 2.927874132253629 0 0 0 1.8584949798057628 42 773 88 810 69 1215
4688 1.097470010584995 2.4762449849656814 3.1000064537273055 70 63 54 0.52150657962371838 42 787 48 1068 88 831 56 757
4689 1.3648129972760596 2.4241230447498037 3.2078947238672355 37 34 27 0.1776335276299702 66 458 88 840 56 407
4690 1.6634879945320344 2.3113983120598247 3.1808507003201467 105 82 52 0.0023142377279616677 42 801 88 853
4691 0.21147425063290057 1.887014899231727 3.5642801738369716 63 62 63 0.62319930739171958 66 820 88 875 56 463
4693 -0.64565616224688904 2.2127987563913454 2.0318670662608964 1 1 1 0.67893072685767275 66 877 88 915 81 537 39 569
4694 0.49883419164640624 2.0919888868467127 2.0623032315260468 154 130 107 1.2365342043813279 66 1132 88 923 81 846 39 859 7 1138
4697 -0.039479067926653337 2.0369333064068873 2.3426558445777825 77 68 63 0.55610734023814967 48 655 88 974 81 902 39 905
4699 0.77324605837100013 1.8253192863344481 2.5455088470005864 129 37 31 1.646199048127104 42 986 88 1008 81 1165 39 1145
4700 1.6054421695723806 2.9080632282115109 2.5848273093078182 127 106 81 0.42221992689434512 66 974 88 1016 81 679
4701 1.3798130073932788 2.2150678902130618 2.8099831279314929 255 255 175 0.22553350838850211 48 1018 88 1056
4702 1.376857197329715 2.3740930720845821 3.0394103574354574 0 0 0 0.51097714850518561 42 786 88 1085 39 1028
4703 0.63286880223221698 1.6657636676593568 2.9914631583768982 155 158 161 1.7955036441941448 4 653 88 1089
4705 0.38962308481224556 2.2019960378618446 1.8158535567435892 250 246 247 0.97477424144936053 66 837 88 1147
4706 -0.56516116342653355 2.2004190981849248 2.1791509570596337 26 21 16 0.48661529028147504 42 1296 88 1175 81 1297
4707 1.5752737509507488 1.9244114389068017 2.1647771174827199 200 174 137 0.42522965814326508 66 886 88 1192 56 519
4708 0.88576111299686444 2.1559043773091533 2.2883033403402435 74 26 21 0.62256627850567159 66 925 88 1208
4709 0.04298512802217757 2.0823511609020215 2.3467967511130858 156 137 101 1.1278802072806418 66 1177 88 1209 81 1308 39 1271
4710 -0.52847515069236861 2.5225739282887711 2.5761986040261076 214 220 235 0.099237940352822074 66 987 88 1227
4711 1.6207842460486759 2.8783535665000541 2.595554060397228 26 22 21 0.53328941401445218 66 973 88 1237 81 952 39 689
4712 -0.67194105575816232 2.4771762853721704 2.8638987514857481 119 104 85 0.57597077148681719 66 1236 88 1263 81 1215 39 1184 69 1330
4713 1.0368337587467831 2.5525445177937094 2.8412665860369613 0 0 0 1.2310335034475566 37 1054 42 1014 66 1234 88 1271
4714 0.65337109664968807 2.146399894042299 3.4106915815147163 59 54 46 0.44178820311723049 16 1287 66 1280 88 1310
4715 -0.64520054532524584 2.5190662611803867 2.7813334697221763 0 0 0 0.69039300229858913 16 1183 88 1383 61 1375
4716 1.4187882153401727 2.3001759937553623 2.9369823185959603 130 105 75 0.65176880063726372 66 1355 88 1408 69 1333
4717 1.4081094547490314 2.3214706168240298 2.96047189834026 0 0 0 1.0201620018772801 66 1359 88 1410 81 1447 39 1429 69 1438 24 1494 16 1270 7 1487
4718 -0.20114720398081809 2.4986705149290289 1.60748797903697 247 205 144 2.2612166844288679 16 1289 88 1430
4719 0.66432283424660399 2.0849026640194621 2.0507502660767707 177 161 149 1.8680484844632244 42 1284 88 1443 24 1513
4721 0.93650158557707019 2.0187521121053997 2.2249260112033045 125 24 12 1.2110386080217102 16 1541 42 1406 66 1401 88 1454
4722 -0.26542038209271218 2.0747387190546136 2.347941307007122 200 177 154 0.89749065703775877 66 1413 88 1457 56 1518
4723 -0.11383905892222854 2.2085466845876298 2.5759813758824142 113 76 67 0.87297333562349089 66 1425 88 1480 81 1505
4724 0.36379758631553755 2.0626397803258061 3.3285286515758634 151 140 134 0.17370163596768418 42 1375 88 1518
4725 0.29430307418641977 1.9179853091546266 3.3647462503424763 0 0 0 1.1326910005887902 16 1497 88 1520 24 1408 94 1133
4726 -0.57852760755092503 2.4271044861171904 2.2294769842713351 0 0 0 0.61451501129859176 66 1407 88 1542 81 1496 39 1492
4727 0.43448041538477339 2.0919103075912506 2.2822693634766691 62 45 25 0.79323766055291378 48 1420 66 1484 88 1551
4728 0.74614474154455657 2.3998108374916756 3.0219375199811176 80 82 80 0.48315599985009638 48 1526 88 1578 81 1582 39 1529 69 1536
4729 1.5012725778953999 2.2764825870386507 3.0142278827805438 0 0 0 0.45695586986021136 48 1525 88 1580 81 1525 39 1531 69 1534
4730 -0.18659819270159286 2.4133554386816907 1.6992387913700318 183 155 118 0.6369706551351465 48 1471 66 1533 88 1602 81 1465
4731 1.2394294429715524 2.3264735416865663 1.9088380477635862 136 128 124 0.58934068185642452 66 1534 88 1610 81 1467 39 1464
4732 -0.66399033243394934 2.5326959280803005 2.7235892546916154 57 50 44 1.4997903748056105 16 1609 42 1581 88 1626 81 1570
4733 1.1515736689650422 2.4928044301527224 2.8999916990127192 0 0 0 1.0051600304840318 37 1418 88 1633 81 1581 69 1580
4734 1.5475771210524332 2.2377321219116446 3.0261192447011562 184 174 171 1.5347651248501908 42 1591 88 1638 81 1584 39 1583 69 1585 24 1615
4735 1.5465150223822735 2.2328181240216032 3.0278652670951085 184 174 171 1.2087330039715549 42 1590 88 1639 81 1583 39 1582 69 1586
4736 1.1758297006815008 1.7962513757111149 1.7071778815666452 226 188 135 1.3693085987559293 48 1587 66 1572 81 1535 39 1545
4737 -0.63114996878422724 2.6004359835386595 2.7633709066854699 0 0 0 2.2429242827365581 16 1703 88 1667
4738 0.67831745196658444 2.3434223588006473 2.8564180485668795 0 0 0 0.50925385171861504 42 1495 66 1589 88 1672
4740 1.0212939054174095 2.2597941103572037 3.2735655861932424 151 144 134 1.9831322785157965 42 1595 88 1688 83 1656 36 1692
4741 1.0769515816896311 2.473759967278244 3.1188020063904287 133 110 96 0.4702425573753643 48 1640 88 1704 81 1661
4742 1.1324502942755554 2.588391640289017 2.9797477078694468 0 0 0 2.4512262998467524 16 1714 42 1631
4743 0.30579511460789321 2.3309587840426005 1.5342835555546699 0 0 0 2.2799827458774673 16 1765 48 1707 88 1761 56 1713 81 1722 24 1760
4744 -0.63077927455753346 2.3100810284757989 2.3362150443616496 180 159 141 0.43903896830111083 80 493 37 461 15 512 42 663 78 1040 88 230 48 659 66 648 56 646 81 612 39 627 69 624 24 640 7 652 83 750
4745 -0.56109492120050464 2.2016286051585361 2.0429203069027233 1 1 0 1.9331042623580534 78 653 42 582 88 599 16 60 48 595 66 876 81 849 39 861 69 539 24 570 83 661
4746 1.3993399150991241 2.3236607083005909 2.9941009392960152 103 93 86 0.88764817464609269 4 902 80 919 37 913 42 1039 16 1391 4 1194 80 1194 15 1305 88 1501 49 1210 84 1277 73 1396 78 1544 42 1438 48 1451 66 1450 56 1468 81 1448 39 1430 69 1443 24 1281 7 1599 83 1452 36 1369
4747 -0.61628041170542236 2.1598551913115673 2.121729721627982 0 0 0 1.5563045681295096 42 1477 48 1498 88 1446 62 1226 87 1126 66 1397 81 1407 39 1374 69 1382 24 1426
4748 1.0489221976554211 1.9107723458025636 1.5998565981299664 204 170 118 1.4122482533497052 80 1299 37 1232 42 1380 16 1413 88 1427 48 1467 66 1459 56 1491
4749 -0.38018959721722834 2.6179325050711753 2.7479636102468308 139 114 92 0.69434196959307326 48 1355 66 1350 88 1382 84 1316 49 1255 78 1299 69 1194
4750 -0.54936629660535863 2.2806903514713963 1.6184239084220511 220 184 134 1.0082510453828304 16 1097 88 1128
4752 1.1840546468399631 1.9712430992709198 1.7754204788941177 0 0 0 2.2548101719568536 16 907 66 542 56 23
4753 0.57010752486248795 2.0556322142218022 2.0820964374220501 254 251 215 0.64784069350986073 42 162 48 133 56 112 36 97
4754 0.86452724161806715 2.0835439385657502 2.1909912344521194 242 217 184 0.1979143468469691 48 185 56 128 39 105 69 113
4755 -0.2449871078744767 2.0842163114664753 2.3387291620172004 196 180 172 0.30132390375200652 48 253 56 214 69 194
4757 0.47003102982114175 2.0240563791712791 2.5979516400265559 144 111 92 0.87431620786444775 84 291 56 282 83 736
4758 -0.114878497998402 2.2065497693896425 2.5620866102888153 170 85 63 0.44045948927214451 88 727 56 310 83 788 36 737
4759 1.4402286751679458 2.2255658903452806 2.837430449733545 168 157 153 0.28870884355826554 78 296 56 313
4760 0.33654052996546141 2.7344543434414947 2.6805815955480874 124 120 95 0.23361555774208273 48 324 56 318 83 358 73 308
4761 -0.17126056468071491 2.2406377390135841 2.6282446854289421 141 113 78 0.55569191466260237 48 330 56 331 7 694 83 417 36 408
4762 1.3752458521197064 2.2859377207488749 2.9181737043516445 255 247 208 0.3215346131629972 48 768 56 360 83 320
4763 1.2147019853156831 2.3732677255977848 3.120404543507866 0 0 0 0.49837007979555781 16 472 73 326
4764 1.2734967040665361 1.9183936018769521 1.679229556282416 218 184 133 1.8436741465527977 42 518 56 469 83 16
4765 0.94041286687610248 1.9960118135818306 1.7115675074352072 192 160 110 1.6616605838153315 56 474 81 810
4767 0.89021052808573087 1.944006967612141 2.1595134616912075 77 31 23 0.34936086774893443 48 587 56 564 69 858 81 855
4768 -0.63772453299659748 2.1958190170221488 2.0354244277716433 0 0 0 0.2691702125511144 73 709 56 584 83 955
4769 0.4407773135860284 1.9345037225663813 2.2817638080533018 120 31 25 0.66879372257776404 48 1156 56 600
4771 -0.69779841809834164 2.057288838609193 2.2076522449435059 2 2 1 0.33003735842616488 73 792 83 726
4772 0.87568357559518706 1.9635736176803678 2.5136974933573817 175 142 105 0.26929150868845225 42 316 48 671 56 641
4774 0.18979745580015611 1.6620407008878191 2.8597212431558199 113 101 79 1.3426652212021584 48 788 81 721 39 704 69 704
4775 -0.74610459975443333 2.5007354798519112 3.1172349312646466 62 62 66 0.84481178358330311 42 1046 56 795 83 856
4777 0.72291787558099518 2.068670170845099 1.8289402661672105 153 81 75 1.5546618874729941 73 65 39 23
4778 -0.65273310810202401 2.1997046092717949 1.8794831798379479 188 156 111 1.1221892978008889 48 1125 56 858
4780 -0.56269793576170901 2.4274759377348656 2.2589099720555899 129 120 116 0.34594124772525869 66 929 56 918 81 593 39 612 69 611
4782 -0.37336002541029778 2.3584699922254209 2.3950574774256292 168 148 133 0.4002289375479135 78 1038 56 944 83 1203
4783 -0.59950362450656347 2.4838119570402375 2.5309225509284694 151 134 122 1.0485702375749988 88 709 56 966 69 655 39 664 24 230
4784 1.2619852619774723 2.3401954444770019 3.1315736014171951 71 63 53 0.32432361891809652 78 1097 56 1021 81 1038
4786 1.2796378315676169 2.3272517618654947 3.1431507372122467 72 65 55 0.37013601379120759 48 1074 78 1096 56 1031 81 1036
4787 1.4304886342130569 2.2803441716705253 1.7194157187234127 184 186 200 0.14302754416256683 48 1103 56 1072
4788 0.94776631107184461 2.0115456336196869 1.7236182107265461 255 223 137 1.6541569644732685 56 1074 83 1283 36 1301
4791 0.65252642495736535 2.1307833353271151 2.1964761523794563 92 13 9 1.2734951646899464 48 1305 88 1193 56 1112 52 1389 61 1358 10 887
4792 1.4068232196307493 2.9148958652150481 2.4528140293887293 154 140 138 0.80982792976454698 48 1173 56 1136
4793 1.2498268858653507 2.5013373174114659 2.9727424072020869 50 46 39 0.43899284627212354 48 1227 56 1199 7 1387 36 1240
4795 0.23505056446633663 1.9197765356108849 3.3743397034331282 150 138 129 0.52482095671009044 73 1085 84 1229 56 1251 81 1260
4796 -0.38090749854082573 2.3400980473762694 2.141132451174494 162 131 92 0.53890699049502799 48 1145 56 1312 83 1330
4797 -0.59473991342254717 2.2287470600944652 2.2027107207917624 137 124 117 0.89419666288516819 42 915 66 1163 56 1324
4798 -0.29251967634409948 2.2521248878905045 2.5627930538395356 117 13 7 0.90245062840846835 48 1332 56 1359 81 1434 39 1406 69 1415
4799 0.84221897500561371 2.4598602800822809 3.1551219164400366 55 50 41 0.03729534254107874 48 1378 56 1391
4801 0.82073572607823875 2.0695935528113858 2.1200975067765353 141 19 12 1.8332215752816301 48 1295 56 1414 39 1252 69 1267
4802 -0.48819621819877784 2.2853471603813178 1.9432509225679504 255 255 234 1.978258439124482 48 1401 56 1419 88 1435 83 1432
4803 1.3961605786765345 1.7499739760639874 2.2585325472949402 246 206 153 0.43238480461537526 48 1500 56 1421 69 1272
4804 0.93098818789110338 1.9658277822428958 2.167416287993603 56 21 19 0.47163255078143235 48 1301 56 1422 81 1482 39 1479 69 1482 7 1530
4805 -0.41479295835888463 2.3835978440071179 2.2081825588366955 0 0 0 0.45370687163674051 78 1522 56 1432 83 1530 36 1573
4806 -0.75918387142805721 2.5095193525249382 3.0434156603083418 127 109 89 0.34105843393172675 48 1534 56 1483
4807 0.59260088318690829 2.0803081868300755 2.0991333483805241 114 26 18 1.0459019948774626 66 1472 56 1502 81 1477 39 1473 69 1483 24 1432 16 1431 7 1532 83 1422 42 1398 94 1633
4808 0.77935467055963192 2.2752655293677959 2.1863047514449558 225 56 45 1.0300108188651496 56 1506 81 1412 39 1258
4810 -0.56378205656859715 2.2514198866080815 1.9627759567975502 0 0 0 1.2549653020304954 48 1484 56 1561 83 1525
4811 1.348801504179818 2.9075964418492717 2.4731655983529586 0 0 0 0.90229654658871117 48 1508 56 1577
4812 1.1436432810620294 1.8236732583136286 1.5913537840177607 255 217 162 0.60542693230699829 48 1585 56 1601
4813 -0.54639631840362168 7.4943759740813629 0.6251521784192734 255 255 253 1.3792621206750453 16 1653 56 1602
4814 -0.59447849477112635 2.174956817607129 2.0643970812332104 206 175 139 0.95742643778317704 42 1570 56 1642 24 1630
4815 -0.51441014085775316 2.6311982979961992 2.7114523325956728 0 0 0 1.2024768048535284 66 1616 56 1647 81 1655 39 1648 69 1647 7 1703
4816 0.23542913679698144 2.1241518449779702 3.2929613885892564 0 0 0 2.023297521817776 56 1668 83 1698
4817 0.59742126878377289 2.1102234905197612 2.05947360229642 184 158 138 2.0560203695821002 88 1722 56 1670 81 1680 83 1669
4819 0.68575117063256064 2.3348638932808337 3.1862135737634114 0 0 0 0.77766784881793349 48 1694 56 1696 81 1708
4823 0.32186419543392797 1.6182888843436463 2.8307218747039458 102 94 81 1.9400153348916485 66 1672 78 1793 56 1711
4824 0.98945518282648026 2.3072959809483269 3.2379405161684631 0 0 0 1.4971355942499081 48 1380 78 1566 37 1223 15 1318 56 1393 83 1483
4825 1.2327305308668361 1.909308634459798 1.6487772103869807 255 255 211 2.2704220361312388 56 6 81 12 16 42
4827 -0.68184166444175442 1.9333930136835236 2.2162106589711525 3 2 2 1.4858045274130771 66 631 56 606
4829 -0.37195755846497014 2.361660132970929 1.6946069808638784 251 214 171 0.36645439726497969 88 52 81 25 39 28
4830 -0.34810664275624881 2.366787159663557 1.7038505968074482 247 206 161 1.1982123506780411 88 51 81 29 39 27 69 25
4831 1.0850271399018938 1.9581842867259529 2.1061136465876182 250 248 251 0.25473922626457807 88 133 81 78 39 74 69 64
4832 0.32142872671979211 2.495479995557234 2.2425003317179519 161 113 60 0.22996083807727868 56 181 81 158 39 167 69 177
4833 0.9598384140196573 2.9932064466654484 2.3882720636862822 255 255 255 0.2037442737878892 88 691 81 213 39 235
4834 0.87519409941563742 1.9797545199809696 2.5160804531009564 124 103 79 0.32640011486413056 88 305 81 214 39 211
4835 0.42132413528745888 2.0232297259556709 2.5243450940623511 29 23 18 0.29612824047961067 88 287 81 217 39 223
4836 0.41642672082357873 2.0276360841630998 2.5331909956351093 132 107 81 0.13550708643091497 88 288 81 218 39 224
4837 -0.088539403893002563 2.2763105180417229 2.6358514546294578 135 110 83 0.44162512931614395 88 328 81 270
4838 -0.064241753568771084 2.3027542563156058 2.6511380440866787 253 250 242 1.1806126868613069 66 332 81 295
4839 1.2275143765917946 2.4385454689524169 2.9128194835817882 83 75 68 0.4593426595505315 88 421 81 374 39 744
4840 0.74119059194774584 2.3925717542648162 3.0098753211167009 210 218 245 0.27676627127261205 88 816 81 391 69 403
4841 1.1715821598853662 2.4427766196604561 3.1010303854153491 100 81 72 0.72993877122131146 48 447 81 416 39 447
4842 1.34303228161722 2.4415445329147989 3.1680599378661918 32 29 22 0.61456847865203024 88 841 81 426 39 458
4843 1.2569319630661813 2.4243238285921529 3.1654158263589842 145 121 107 2.6944953493696016 48 454 78 403 81 428
4844 1.3808719386164803 2.4040522822995385 3.1899717945457384 43 40 34 0.11271998156235626 42 449 81 441 69 780
4845 1.4420617489374228 2.2383693020899296 1.6726777544037918 101 77 61 0.37191642807107544 88 552 81 495 39 520 69 490 7 515
4846 0.50525101883362977 2.1374752443344938 1.777394780061752 164 148 142 0.96121004045389713 81 503 39 532 24 552
4847 -0.47924035148688171 2.2770728092172416 1.8654157576863948 214 181 134 3.1181961167624204 42 71 88 63 81 506 36 582
4849 -0.31888088194159003 2.0844423064182691 1.9514620356059331 218 185 139 1.032955974686949 56 537 78 1215 7 533
4850 0.81182603236169115 2.0995212674464061 1.9406267533537627 228 235 247 0.76442366275899332 66 564 81 523 39 840
4851 0.71069918105483543 2.094006975979446 2.0359341067901373 82 11 7 0.64263801623076966 48 130 81 532 39 563 69 848
4852 -0.6441633527521895 2.2057888158588979 2.0328643454995503 1 1 1 0.64174115566179435 88 916 81 538 39 568 69 78
4853 0.86614211738045177 2.1375856082688656 2.2566068235150891 83 21 19 0.6831590063627605 56 591 81 585 39 896
4854 0.098779078259395081 2.1443319200548316 2.3669225781698042 53 4 2 0.32118283999021996 16 207 81 619 39 618 69 603 24 214 7 622
4855 0.89514872931054623 2.0638305851080316 2.4133944233917357 255 254 254 1.3019820528827795 88 269 81 624 39 188
4856 0.64267733219192813 1.8474526320961966 2.5496250407841372 255 255 255 1.9168121958370186 48 296 66 284 81 636 39 647 69 213
4857 0.88323418083075722 1.9743891831395144 2.5362297413016632 93 21 18 0.22151536134895153 88 306 81 645 69 632
4858 0.80635738956345504 1.9249561669132842 2.5740998313363765 116 46 36 0.2710427830616437 66 320 81 646 69 224
4859 1.5015946543283805 2.3011486172955959 2.933195671275092 90 69 43 0.84688515465749759 66 761 81 734 39 740 69 739
4860 1.5343661201999608 1.860095478280952 3.0607299569073931 75 61 40 3.3950519360228508 66 798 81 770
4861 0.12778880211337448 2.3663208896500034 3.2272102660992483 61 57 45 0.33388877147759466 66 811 81 783 39 783 7 1107
4862 1.4948341341277107 2.2962428800362837 1.6664488031472258 253 255 255 0.43858903369461788 88 549 81 813 39 519
4863 0.97317138623299704 2.2323572180969928 1.9593515229626668 126 102 86 0.40641565089457493 88 1325 81 840 69 523
4865 1.2864480473924813 1.7553777358300706 2.355709976622256 0 0 0 0.48512058033951388 56 883 81 896
4866 0.1569318774258146 2.2998065284315148 2.3026747986081912 117 103 93 1.1065594571577879 88 666 81 899 39 903 69 1145 7 1163
4867 0.86473312347348963 1.960996632362314 2.5118724580714034 131 22 19 0.25697873863461973 88 722 81 918 39 926 69 626
4868 0.09848544275135844 2.4886108788706238 2.4875506710273418 77 6 6 0.31890559650915984 88 992 81 919 39 929
4869 0.73426634293271387 2.6350454375698775 2.7852124500491402 104 77 52 0.96026217861485486 88 1254 81 976 39 991 69 1002
4870 0.30150918102687918 1.8698129558043366 3.0378411490409372 57 52 42 0.79094737294260908 48 822 83 494
4871 0.58153870384878892 2.354151010998025 3.0803043772185452 0 0 0 0.27949215528188825 66 1053 81 1021 39 1205 69 1037
4872 1.2667823229996318 1.6946771376483458 1.7443403580648533 211 177 128 1.8398614779327316 48 513 81 1070
4873 1.4697666020817484 2.1826479882337027 1.6414943474785646 166 160 157 0.69979120418693819 88 1133 81 1071 69 1075
4874 1.4697666020817484 2.1826479882337027 1.6414943474785646 166 160 157 0.69979120418693819 88 1132 81 1072 69 1074
4875 1.2907542937131973 2.1732736156551495 1.6527616113054155 0 0 0 1.164369238969063 16 1295 81 1080
4876 0.94022204017880884 1.8137006530790776 1.7829517586616146 255 225 139 0.4005046971043113 88 1144 81 1090 69 1079
4877 0.87265838530533379 2.1354799298786893 1.8892532865439955 163 147 134 1.9276816771030276 48 1115 81 1097 39 1238 7 1299
4878 0.79973433074449829 2.1238476289532362 1.9249124257477894 0 0 0 1.0722371371898431 48 1122 81 1098 39 838
4879 -0.19229119650675888 2.0591417005694446 2.3312334620573987 97 7 4 0.42554624521216677 88 976 81 1153 39 1267 69 1284
4880 -0.50695248398714954 2.3834106595627795 2.3630608440473346 96 85 78 0.41759031515041184 66 941 81 1158 39 917
4881 0.84795415858112633 2.0221390495596321 2.6083994926985734 157 19 17 1.3179295134431543 88 1238 81 1177 39 1291
4882 -0.068875666832227789 2.3333369921616534 2.6229339270579324 128 18 14 1.2582378699065466 88 1235 81 1182 39 1156 69 1175
4883 0.79312450558085623 2.707356285211632 2.7218244838962251 255 255 255 0.94310730294284728 88 1380 81 1197 39 1171 24 1380
4884 1.4007674151995677 2.2097721262953174 2.7895752047974294 0 0 0 0.78142185684635701 56 967 66 1229 81 1203 39 1310 69 1317 83 681
4887 -0.75984711719310116 2.4759727447439608 3.0048988569455966 195 192 197 0.72510199120404029 88 1275 81 1228 7 1272 56 1237
4888 0.95176265539417559 2.458571217098334 3.1640427665852564 0 0 0 0.45666566533173841 88 1289 81 1247 39 1215
4889 1.6485159881546969 2.3182942826330759 3.2128084419667191 0 0 0 0.040291368901057389 88 1101 81 1251
4890 0.98832436733296569 1.9574877093301657 1.5257620332830872 237 196 137 1.7738994486343453 81 1271 24 885
4891 1.0987174244135143 2.2190509039990318 2.2514913507213583 171 156 126 0.83055849526917935 81 1299 39 1263 69 1277 7 1324
4892 0.96013816518112982 3.0060424082184816 2.418408380206301 148 21 22 0.26473599440826517 88 1218 81 1320 39 1289
4893 0.74345050376622601 1.8741014799015063 2.6284421463693013 28 23 18 0.46818849981242255 88 1239 81 1325 39 1292 16 1361 69 1300 24 1367
4894 1.2314492059189586 3.2720798401380757 2.5742771082158522 48 46 45 0.34371303482830523 88 1370 81 1328 39 1302 69 1311
4895 0.7627427320683301 1.9333142961134495 2.6534512500631151 75 4 3 0.21088156155724702 88 1381 81 1330 39 1294 69 1302
4896 -0.57416045568609042 2.7004578882633474 2.8794865857079137 0 0 0 0.49162851840664823 42 1349 66 1441 81 1341 39 1324 24 1375
4897 0.6526777941810249 2.4278027047468989 3.0556027659628677 0 0 0 0.40976927202867824 42 1224 81 1363 69 1344
4898 1.3622296017667439 2.4738180570901074 3.1489725133203375 66 60 55 0.6992350036175099 88 1508 81 1372 39 1440 69 1349 7 1399
4899 0.5089180314798879 2.322552168938961 3.1820952119732762 133 119 108 0.79351643119782878 16 1487 81 1377 24 1282
4900 0.65655844044796852 2.1189621069365026 3.4036841847073176 59 54 46 0.33786760006502381 56 1397 81 1386 24 1411
4901 1.5410096590644464 1.8077430197924556 2.2335021079647115 176 149 113 0.34592282958782811 42 1525 88 1550 81 1411
4902 -0.46757555181022592 2.4015084596889662 2.2338691629462573 89 32 25 0.61939617883254483 66 1406 81 1416 39 1387 69 1398 7 1442
4903 -0.23745852837153841 2.0988171233369179 2.3595711133027426 47 41 32 0.83413912434518278 88 1466 81 1423 39 1392 69 1289
4904 -0.38876684791109317 2.3522077735238942 2.3889066937639352 156 137 122 0.26998955559043164 88 1467 81 1426 39 1396 69 1406 7 1450
4905 0.43669890809638068 1.9817842210344983 2.4814460363977946 119 48 41 1.2224225863031077 88 1365 81 1428 39 1494 69 1506 7 1554
4906 1.3127593064561447 2.3357091381140629 1.9009375202608372 163 152 143 1.1902265480156995 16 1517 88 1609 81 1466 39 1463 69 1552 52 1652 61 1636
4907 1.1818869611420315 2.1535655998607677 2.0514911219055021 164 144 128 0.3977034918986046 88 1535 81 1473 69 1373
4908 1.0646771909856851 1.9595884660826952 2.1225656448091113 47 39 31 0.71812950081416671 16 1532 81 1474 39 1471 69 1481 7 1415
4909 0.55517038447649625 2.0482991815443992 2.0733906133511626 167 145 121 0.86914122557624374 42 1400 88 1444 81 1478 39 1468 69 1478 66 1393
4910 1.1012627440757665 1.9809096000669428 2.135079630680734 183 187 203 0.62861780308722459 16 1531 81 1481 39 1470 69 1480 7 1529
4911 -0.5380232719218434 2.4240786602790321 2.2573395367331397 141 126 111 0.41271176642343449 88 1549 81 1497 39 1491
4913 -0.11872275812204698 2.1924949174027346 2.6119620158231269 22 18 15 0.64042882937583889 88 1484 81 1507 24 1457 66 1429
4914 1.250485434567328 3.2732233889920046 2.511844482838514 159 151 139 0.55239159802004512 88 1564 81 1511 39 1508
4915 1.4092521944480052 2.2734960957633543 2.8910800683754765 0 0 0 1.05793069238254 48 1520 81 1523 39 1525 69 1579 7 1647
4916 1.2300604414025986 2.2509865748915709 2.0387976470429607 0 0 0 0.0092383815957286178 81 1548 24 1637
4917 -0.52540068661530781 2.3945758306125842 2.1361727621606965 0 0 0 0.88408302006077988 88 1615 81 1550 69 1569 7 1633
4918 -0.055627241415192083 2.0835341792876982 2.4472166396186958 121 14 9 0.85201362170172312 42 1488 81 1558 39 1609 69 1606
4919 0.55886965160909785 2.2151893302139345 3.3178697483120905 82 69 48 1.1891920276869825 48 1617 81 1597 39 1542
4920 0.55886965160909785 2.2151893302139345 3.3178697483120905 82 69 48 1.1891920276869825 48 1618 81 1598 39 1541
4921 1.4774042978644251 2.2763284098005645 1.7219491857915097 0 0 0 1.7644913875554633 88 1648 81 1602 24 1580 39 1549
4922 0.67169208579286555 2.1735491069371915 3.3742937160095385 65 62 60 0.61616444715087781 56 1653 81 1632 39 1658 69 1654
4923 0.67169208579286555 2.1735491069371915 3.3742937160095385 65 62 60 0.61616444715087781 56 1654 81 1633 39 1659 69 1655
4924 0.87495518554788343 2.0930562282408505 2.2382546083905379 116 10 8 0.62496254869621193 88 1654 81 1648 39 1638 69 1637 7 1686
4925 0.60251080943117719 2.0784927082155304 2.0676217616770347 161 142 122 1.8976879322332743 88 1721 81 1681 36 1704
4926 0.88145831420463916 2.1629638973455694 1.769034468752124 0 0 0 1.6351839068986653 56 1692 81 1701 39 1698
4927 0.50430757825401462 2.2206882698333268 1.8788998053920256 127 101 86 0.43131341804471474 81 1710 39 1709 69 1695 7 1757
4928 0.29786552958699836 2.234619829566669 2.1375903900079263 0 0 0 2.0065689765543548 81 1711 39 1711 69 1697
4929 0.65642751577223735 1.957836747439655 2.392905395344723 255 255 255 1.190097993682139 16 1757 81 1718 39 1717 24 1755
4931 1.6660993931801014 2.4089144324489551 1.6643827269382108 175 168 164 0.79898348649592965 87 651 42 837 16 587 81 816 11 1189 93 1075 8 1131 100 1215 22 1263 72 1326 35 1057 12 1205 77 1299 31 1216 63 872 67 896 3 775 89 959 89 1154 82 802 68 1043 60 895 96 758 54 876 62 910 13 773 23 717 4 980 40 950 15 841 66 830 56 814 48 858 88 888 39 525 28 730 52 1181 61 1348 10 1089 32 1264 34 1089
4932 -0.3029291449641352 2.3314477041648969 1.9094764318941708 132 111 84 2.0036574310594681 48 569 66 855 56 857 16 550 88 899
4933 0.95793296589093602 2.7157623139144342 2.8178362368973868 0 0 0 1.0593766521583812 66 1678 39 1719 69 1702
4934 0.93220518426593657 1.8879467707038566 1.7476379668266411 202 167 114 2.2223537532878987 66 834 39 9
4935 0.69708832060814707 2.2141314831221734 1.7709163451582475 97 71 56 1.436267825062961 81 28 39 24 69 19 66 38
4936 -0.44466375324769586 2.2547377549355114 1.8133458342847115 255 255 252 2.1298711734480889 56 516 39 36 24 30 7 37
4937 -0.61776513387155385 2.113506875362027 1.9029431324638164 201 167 119 0.89603295243162018 88 571 39 39 69 50
4938 0.62859764901705373 2.0458629519878322 2.0582421913030484 254 239 198 0.62691475682448716 81 64 39 62 69 70 48 131
4939 0.52760941874904344 2.1250405697788839 2.0678099135271339 252 244 213 1.7567067980388487 88 112 39 65 69 74 36 98
4940 1.0781734888480512 1.9666654523043852 2.1252994051685201 94 17 16 0.25670999882662987 81 79 39 75 69 544
4941 0.81057072213959047 2.0200968106081945 2.099120513293955 162 147 140 0.60309764524577358 81 85 39 79 69 68 7 80
4942 0.811527258014762 2.0007744466516231 2.1050057384954868 162 147 140 0.27169381684096139 81 84 39 80 69 69
4943 -0.58821407747024224 2.1393313641127785 2.1072698712516433 88 69 43 0.095708407315815522 81 557 39 93 69 553
4944 1.0991713213605643 2.0547863173235297 2.1815792745539926 100 30 23 0.15511305347968074 88 200 39 99 69 112
4945 0.40959703334413056 2.2671558625389703 2.1328930855512405 110 40 26 0.26570140365585743 81 119 39 111 69 120
4946 -0.25281224219908749 2.0747957539169555 2.3319470242238465 40 15 11 0.057081078244907407 81 177 39 148 69 197
4947 1.3935843109347341 2.6514252729157 2.2057786123524932 178 39 34 0.21590718859013713 56 140 39 152 69 175
4948 1.0559464372328717 2.2190677804677077 2.2767411332181604 255 255 254 0.8854906875109112 81 153 39 154 69 150
4949 0.077377204446248724 2.0909307460027469 2.3352875965991906 255 255 255 0.34627951015580172 81 165 39 172 69 182 48 231
4950 -0.052075993887744913 2.0256076969027013 2.370469968384374 75 18 13 0.39626286532927402 81 169 39 177 69 187 7 623 56 625
4951 -0.073636546559581989 2.03926047822456 2.3643237433293987 74 13 8 0.065778405913167901 81 170 39 179 69 605 7 953
4952 0.40827823379915634 1.9384546333229891 2.4671377425221124 53 41 25 0.34550733565450864 81 200 39 191 69 204
4953 0.54857508028537916 1.8756464515046885 2.5940412887768205 93 18 8 0.26765383084125516 81 236 39 240 69 226
4954 1.2943919412339362 3.0280638553554056 2.4736067483162945 172 38 30 0.080264947493929414 81 256 39 261 69 255
4955 -0.25393708642038931 2.2706319724566333 2.602804678638063 130 114 102 0.43208081636028317 81 275 39 280 69 283
4956 -0.55663571141746082 2.5258866906177535 2.5805147184800372 72 63 55 0.39302209539478344 81 277 39 281 69 286
4957 0.84932774386536314 2.7801122806050729 2.6647098125916604 250 252 255 0.11806093636554188 81 302 39 309 7 320
4958 0.53110181100002418 2.6800009640963673 2.6969675518845544 44 36 32 0.10478559124324384 81 698 39 328 69 322
4959 1.0103641704885609 2.5569980505242076 2.8087395119168179 53 49 41 0.54569935821685345 16 389 39 359 24 408 94 356
4960 0.46655882895724121 2.860407707426746 2.8725895214331745 50 44 30 0.30376072909634838 81 365 39 388 69 388
4961 1.4571563376414052 2.3258709787196787 2.9349372043485289 0 0 0 1.6496228744730286 66 762 39 391
4962 1.2384953860892063 2.4306938488753467 2.9187766276181764 86 76 67 0.2656596918118499 81 376 39 397 69 383 7 380
4963 0.65042495256664867 2.4236545367841869 3.0351920906659569 56 47 36 0.29630785128997023 81 406 39 434 69 405
4964 1.3333657216110881 2.3766493863238387 3.0779157522596505 137 125 116 0.24204685755618408 81 1027 39 441 69 422
4965 1.2289160050699284 2.55902823132657 3.0743432888287909 30 29 27 0.48012253432761892 81 1030 39 444 69 764
4966 1.1181608864101265 2.4512206251338973 3.1158310620098142 71 64 57 0.30852445570634363 81 774 39 450 83 810
4968 1.3637897775446626 2.4124132535780176 3.2061587849778777 34 32 24 0.15493092974181899 81 442 39 468 69 782 7 451
4969 0.97615814217592656 2.3794973820744292 3.237415922093088 254 244 222 0.29043490667620103 81 450 39 476 69 461
4970 0.96595885761999412 1.8629897368025401 1.754139054900286 200 166 116 0.84371004783766568 81 494 39 517 69 488
4971 0.72766092753782363 2.1734797778024402 1.9865097898635109 201 212 231 0.30533795185900875 81 531 39 555 69 525 7 545
4972 0.77121948949539576 2.064013907599612 2.0787067593015807 96 24 17 0.18159033854362741 88 140 39 562 69 537
4973 1.0710324099654718 1.9465330818474318 2.1090139689083314 45 42 39 0.22154817038511188 81 548 39 574 69 535
4974 0.91217899531976121 1.9434176868399147 2.1620501257816804 69 13 8 0.28852517328275396 81 567 39 575 69 545
4975 1.5616738239734498 1.8085468865737788 2.2401666883171898 162 139 108 0.41126515510255618 81 572 39 587 69 109
4976 0.91342590572797511 1.9615805901186627 2.1778693910627607 85 11 9 0.12637225105317582 81 568 39 589 69 546
4977 1.5924859923255263 1.7959053095998656 2.2569795762621694 172 148 115 0.1122481593287446 81 866 39 594 69 554
4978 0.33594006135598403 2.6385738990593968 2.1437764761498364 77 45 40 0.38255063448326582 81 876 39 606 69 882
4979 0.15599741875976283 2.1971630593705216 2.2696511238362902 189 194 220 0.10500736175209124 81 589 39 608 69 884
4980 -0.13677083085606032 2.0544965989626163 2.3765553762638283 96 20 11 0.40417602705499811 81 905 39 621 69 606
4981 0.5371011075948795 1.8461026915419483 2.5275553666696657 83 74 64 0.29329252663091304 81 638 39 640 69 913
4982 -0.080994863704804285 2.1117963141339224 2.4446510271797708 93 11 7 0.089835837417432132 81 203 39 642 69 915
4983 1.3726666525881743 2.0631073213840598 2.5752467534218888 60 51 42 0.11978995755821392 81 932 39 652 69 644
4984 -0.53771632060459262 2.5058888088294995 2.5835131015807753 255 255 255 0.44252053239297839 81 276 39 676 69 284
4986 1.0068516773632263 2.5549621116994441 2.8224843522079079 52 48 38 0.64776762689134004 88 786 39 718 24 416 42 374
4988 1.3859062493232455 2.1992593880629183 2.8547889914556892 0 0 0 1.0615404209356971 81 724 39 731 7 1019
4989 0.50506989785160794 2.7844521802125475 2.9001366739950289 105 103 88 0.15358765629045423 81 731 39 749 69 386
4990 0.83081671620221154 2.4445749899972302 3.085259178797449 113 102 93 0.7636475865156287 81 776 39 770 69 770
4991 1.0806587648429178 2.4717723344505678 3.1000013646870377 150 138 133 0.44693092773039406 81 773 39 774 69 776 7 820
4992 1.0058045381688767 2.3695171023630284 3.2384592584301823 58 56 41 0.25546611023434523 81 791 39 787 69 795
4993 1.0602389917494817 2.2650832045622011 3.2770108804662388 72 67 61 0.55190219453135425 81 461 39 798 69 793
4994 1.3890552102077325 2.2404915166011934 1.6968898810259225 194 177 167 0.75064379319506547 81 815 39 820 69 492
4995 0.35701716313043813 2.2178751146798086 1.8606454856654886 255 253 252 0.51006357906152688 88 576 39 841 69 1095 66 1100
4998 1.3299274339844707 2.2635102421799616 1.9266769540186113 5 1 1 0.51357699437779514 81 839 39 849 69 515
4999 1.0529282883845783 1.9207428221956311 2.073187363800908 98 80 62 1.7724214989285221 48 574 81 845 39 857
5000 1.0802547116894889 1.9847325301549161 2.1515321969743408 73 36 31 0.58427467242774833 81 854 39 866 69 857 7 907
5001 0.84441569345151968 2.1202958083882448 2.1857746982029091 108 9 6 0.77842698710498981 81 867 88 205 39 877 69 1122
5002 0.42869481062810361 2.2370922007747756 2.1298744799364822 81 25 16 0.14056950307872218 81 858 39 878
5003 -0.53323588595582838 2.3393435326578964 2.1854976471952554 145 134 121 0.42054465503162702 81 881 39 893 69 875
5004 0.38859042102327407 2.4550994284823986 2.2332525413593474 178 38 30 1.860737481579261 81 1143 39 897 69 891
5005 0.3776572837090682 2.3449668253851863 2.2866276820060976 58 14 7 1.4824477158432989 81 1305 39 901 69 1144
5006 -0.17384132978774824 2.0564830709171424 2.3521143356934444 114 94 65 0.40532642033405603 81 904 39 907 69 894
5007 0.99421657905804317 3.0188793018008164 2.4301089903604765 226 250 255 0.33046805681596414 81 644 39 933 69 932 7 1002
5008 1.2717480548197497 3.2678212599641454 2.5095587026080675 253 255 255 0.50586976358418634 81 945 39 946
5009 -0.40777017000892174 2.6103906038738329 2.7191015617424488 68 56 40 0.23907234702731475 81 960 39 967 69 985
5010 1.7861651374572529 3.0436421594919021 2.7133445133639311 93 102 119 0.68204132681462382 81 969 39 984 69 707
5011 0.63803338905869467 2.3546685075599232 2.9037937247702232 167 166 173 0.49421013220876314 81 992 39 1010 69 732
5012 1.3050453459079596 2.5021448014808012 2.9928284387999264 0 0 0 0.6675464566532735 81 752 39 1020 69 397
5015 1.0276716049089818 2.3756671025109357 3.2287381112500344 61 56 50 0.23552293902943519 81 1047 39 1049 69 794 7 482
5016 0.31996364391253268 2.0499483031270547 3.2495475403685781 141 125 115 0.78742437179805902 81 1052 39 1053 69 1060
5017 0.3391428644416829 2.0717699008108386 3.3342222782786659 58 48 37 0.17289528737798623 81 805 39 1056 69 1066
5018 0.21146620443353359 1.8946269535452975 3.4809139751841238 0 0 0 0.63669677010761505 48 1269 81 1062 39 1058 69 1069
5019 1.3694133009064737 2.2587115070713977 1.6738694687198585 0 0 0 1.3941113925150601 81 1275 39 1069 69 1081 7 1297
5020 1.3301805970436784 2.4222054929676995 1.876871170978432 244 252 255 0.19786327739537871 81 838 39 1082
5021 -0.44846285074974285 2.1278527672636138 1.9674701643947554 0 0 0 0.9679591050300681 81 526 39 1086 69 1108
5024 -0.27977240163354256 2.1307913888411067 2.1417573378504771 255 255 255 1.1923299701466705 81 1126 39 1103 69 1125 24 936
5025 0.73625015603808097 2.1804656373381999 2.1961333347061127 81 8 6 1.0096791164611989 81 1298 39 1114 69 1274 39 1379 7 580
5026 -0.35136508661364785 2.2053868666552043 2.2135752495693342 169 146 122 0.084298164619028795 81 1136 39 1116 69 1276
5027 -0.14656258463451211 2.0399794788143715 2.3316104225462158 154 132 111 0.59602918843254049 81 1152 39 1121 69 1280
5028 -0.21068501059376782 2.0481920380631777 2.3389035836664687 180 167 163 0.62409401566001443 81 906 39 1122 69 896
5030 -0.38914750202222587 2.3774859284280221 2.3534474254629596 0 0 0 0.53133713498268254 81 1157 39 1134 83 1449
5031 -0.54276382710263582 2.5390428907498972 2.6257159729394268 0 0 0 0.53444194173401272 66 1198 39 1164 69 1187
5032 1.1972199503380356 2.5913089998741845 2.8328319144487271 0 0 0 0.2473549908641535 81 1344 39 1187 69 998
5034 0.61847345277151466 2.3565669410229066 2.9737116579720229 76 64 45 0.39402865196706949 81 744 39 1192 69 1219
5035 1.1005725331485701 2.4729839137062166 3.0916294720922188 71 64 56 0.22639963180961761 81 1243 39 1208 69 1229
5036 0.32158188000948784 2.0154900081859357 3.2945439700101522 167 161 164 1.207650353995132 81 1257 39 1223 69 1243
5037 0.26807933900399283 1.9417791935210977 3.3756101613972476 220 189 170 2.1113694970820345 56 807 39 1227 69 1245
5038 1.3245518615410943 2.1011185902166951 1.4125357989758045 233 202 151 0.89992876130289223 81 1268 39 1230
5039 1.2386181546913178 2.312283127616432 1.9567039277881888 47 34 30 0.11399495000842075 81 1284 39 1245 69 1261
5040 0.43014192694134562 2.3174505985838425 2.1694527859670187 100 7 5 0.43394959877273037 81 1413 39 1260 69 1390
5041 -0.0086006878655806793 2.0505599103371597 2.3714541370721482 88 12 7 1.7755247178930293 66 1184 39 1272 7 1344
5042 -0.55962031425107939 2.3745661642174212 2.3126299456437338 138 127 115 0.30674628618326338 81 1309 39 1273 69 1290
5045 1.0692921937854545 3.2353779732710386 2.5894964486167207 157 148 125 0.31006541054905806 81 1193 39 1303 69 1312
5046 1.0692921937854545 3.2353779732710386 2.5894964486167207 157 148 125 0.31006541054905806 81 1194 39 1304 69 1313
5047 0.85216930284607972 2.8043896036028211 2.6210562780497768 0 0 0 1.7439819111290469 39 1305 7 1216 16 1207
5048 0.46340124357538331 2.9272191981473781 2.8413101133817085 187 136 69 0.67801398850085348 88 1396 39 1319 69 1326
5049 0.46750133653317805 2.8908799296717889 2.8456378844472017 187 136 69 0.28425985971466972 81 1349 39 1320 69 1327
5050 -0.1686488723550375 2.7549414278922928 2.921448346188853 66 69 79 0.072534162960317464 81 1350 39 1329 69 1339
5051 0.67647852924315299 2.3817766710478949 3.03158635421129 67 56 42 0.7179827827385008 81 1362 39 1331 7 1394
5053 0.84619491839472616 2.4743411511497224 3.1574510124846022 57 52 43 0.64833613665760959 81 1376 39 1343 69 1456
5054 0.96203577912187255 2.3333919204823577 3.2685377428975797 0 0 0 0.54373224643514051 81 1381 39 1346 69 1354
5055 0.35215121441374414 2.0945694363389022 3.3462149424537895 239 203 152 0.27506757570541635 81 1385 39 1348 69 1359
5056 1.1776760441363217 2.2202638945357331 1.9923988499382899 0 0 0 0.66732625423306546 81 1287 39 1363 69 1372
5057 0.58248722988052226 2.0486057212823208 2.0699527303342804 224 203 172 0.67928343252146706 88 1330 39 1366 7 1427
5058 0.88153944804587481 1.9610228055005696 2.1676283495001352 139 29 14 0.38663330445432315 81 1410 39 1377 69 1378 7 1422
5060 0.13688556108559877 2.2846203904819888 2.2786770046578391 128 25 22 0.33789549410514369 16 1527 81 1420 39 1385 69 1288
5061 -0.22244448623779201 2.0459864493705378 2.2997949756283558 182 166 140 0.84707062710607806 88 1345 39 1386 69 1281
5062 1.2909440333501583 3.167392135626216 2.4808906351468529 161 150 149 0.35649291174034409 81 1323 39 1411 69 1416
5063 1.2909440333501583 3.167392135626216 2.4808906351468529 161 150 149 0.35649291174034409 81 1324 39 1412 69 1417
5064 -0.42663343451328112 2.5828089745824503 2.6892524888903999 108 90 67 1.1321660935866513 81 1514 39 1416 69 1425 56 1372 36 1273 7 1476
5065 0.50383986614778931 2.8543191429319741 2.8622245903019841 40 38 31 0.33436027825651266 81 1442 39 1425 69 1435
5066 0.50383986614778931 2.8543191429319741 2.8622245903019841 40 38 31 0.33436027825651266 81 1443 39 1426 69 1436
5067 0.29080413261013122 2.124590653136369 3.2371278748950667 168 149 135 2.3845360347529212 81 1533 39 1446 69 1545 7 1616
5068 0.21491455594519487 2.2671807764984853 3.1975501636347041 169 157 155 1.0814496045960524 81 1378 39 1447 69 1459 7 1509
5069 -0.41933670286808106 2.2807089075510714 1.7006884471227093 61 57 48 0.10849400546558585 81 1463 39 1458 69 1471
5070 0.90814164294265309 1.9804769813366796 2.201602347092066 255 253 213 0.24952451739669282 81 1489 39 1480 69 1486 7 1535
5071 -0.53127758435309325 2.3877456903092202 2.1912364142107221 141 125 112 1.3878031407457363 81 1493 39 1487 69 1498 7 1634
5072 -0.53571427166811358 2.3938656018764455 2.1872927599638468 141 125 112 0.49335837453166831 81 1494 39 1488 69 1499
5074 -0.11455913923385461 2.2113668220771063 2.5850391781868671 147 125 93 0.84264902770574113 48 1516 39 1499 69 1513
5076 -0.67717811272479367 2.5084722395584631 2.7990468343690336 172 157 149 0.55603561580487015 81 1521 39 1522 69 1530 24 1545
5077 1.2470104122877903 2.4793281160268554 2.9056733742500569 200 211 227 0.49123585470566855 81 1444 39 1527 69 1532
5078 -0.73458331099745067 2.525720975958595 3.049895511508959 0 0 0 0.89615994801842047 16 1556 39 1530 24 1554
5079 0.52516588468949477 2.3597339690937247 3.1517577883022039 154 136 122 0.56652334361846191 81 1528 39 1535 69 1539
5080 0.52516588468949477 2.3597339690937247 3.1517577883022039 154 136 122 0.56652334361846191 81 1529 39 1536 69 1540
5081 0.24509938477548707 2.1399466324161023 3.2400047158895031 0 0 0 0.89971504342748221 81 1595 39 1540 69 1596
5082 1.396716465213365 2.2467427245379503 1.6584986643733226 224 226 227 0.56694124329882456 81 1538 39 1546 69 1548
5083 -0.39483187618471133 2.3530339734974355 1.6418107915889584 234 210 163 1.9271509378124732 81 1537 39 1547 69 1470 24 1627
5084 -0.49069085961307207 2.3251939135387105 1.6588857393931826 255 255 201 1.7474689348724521 81 1601 39 1548 69 1549
5085 1.1366350814725135 2.0504511603089988 1.9835929630545297 255 255 255 1.1550904530375738 81 1541 39 1550 7 1523 69 1554
5086 -0.39499265161628316 2.1430289858369385 1.981978447465456 0 0 0 2.1979695901294041 81 1468 39 1551 69 1473
5087 1.0957352558987838 1.9784384536019592 2.0599310224563032 255 255 255 0.25322288472728488 81 1545 39 1552 69 1557
5117 -0.20831169437645511 1.9666660163900815 2.2706095571977132 109 78 50 0.15355166438911472 39 1703 69 1690
5132 1.0544287875728511 1.9534531492920615 2.1156297748999533 82 14 11 0.29079994809473436 81 80 69 66 7 51
5134 1.1104526854673635 2.0678742875327543 2.2189698397769111 129 27 26 0.48500043613430432 39 124 81 129 69 127 7 578
5144 1.5160152175886794 1.7887806526323855 2.2347752400241485 184 157 120 1.3165780398820326 39 94 69 555 24 219 81 126
5145 1.114441404744213 2.0542469654536117 2.1941174637045586 123 27 20 0.23979724589361973 81 575 69 559 7 568
5188 0.062785476922976868 2.3008023114273306 2.5584767924927028 125 108 93 0.4519222863862562 81 1432 69 1511 7 1563
5189 1.2428782083202152 2.4451628831983632 2.9087023100372926 189 199 217 0.5494415942323696 81 1445 88 1574 69 1531
5232 -0.61809050615865313 2.3254498159443955 2.3188963472962838 0 0 0 0.26703973187712976 16 1307 24 1338 94 1240
5235 1.4545385298163844 2.4608853998620721 1.91481853608979 0 0 0 0.03116944044503614 42 1270 24 1435
5239 -0.59939383299264537 2.5340720256446927 2.6865428659119797 0 0 0 0.88421475568847285 16 1607 24 1543
5265 1.0613498848746334 2.4558993725655309 3.1258541616310462 219 213 199 1.0462777028356109 81 417 39 455 7 441 96 266 84 279 49 657 87 593 4 629 80 688 37 911 62 882 78 1100 42 793 16 1080 69 777
5278 0.44598016021456471 2.8674707124917904 2.6573218983296827 220 193 144 1.5946572505110961 56 298 36 708
5279 -0.28898236877797717 2.224276268006407 2.515219125790912 149 20 13 0.39261147328517754 7 236 84 415 83 391
5281 1.5687814882639124 2.8976994707844361 2.5624082880627181 0 0 0 0.36154802318237367 16 343 66 258
5288 1.3295488695359412 2.052871157797679 2.5494701364269483 0 0 0 0.08117680255073717 78 676 83 654
5299 0.9124751017543884 1.8469477763103843 1.7194570892875833 201 167 116 0.20554251048910108 78 1149 83 1109
5300 -0.3296913958231899 2.3245522960115297 1.7135830027548156 212 181 142 1.244875308063067 78 1162 83 1121 36 1154
5310 1.5802109944174125 1.7065833743226457 2.316207303187237 0 0 0 1.2444010555074574 56 1111 83 1303
5333 1.1155545637698057 1.89097146684888 1.549869685522375 68 62 51 0.48167448908430333 4 1324 80 1348 37 1388 15 1482 42 1510 83 1562 11 1419 100 1378 22 1457 35 1201 43 1293 25 1212 29 1232 85 1280 84 1467 49 1415 54 1300 78 1635 36 1535 71 1355
5394 -0.43149685693213213 2.4847718119276614 2.3250787893007465 0 0 0 0.29183803090074723 83 1693 36 1714
5399 -0.43931477002198105 2.3233893581747416 1.7617869145243603 240 203 144 0.60841277123306736 83 1719 36 1753
5416 1.3203267276196338 2.3092305115579417 1.9056799290537576 255 255 255 0.23630174409411689 85 747 71 511 28 438
5431 -0.82352919132669056 2.3762011579240916 2.8097443928031702 210 190 178 0.84929980472268274 25 1004 71 1138
5449 0.17687633302222866 2.0079816678099767 2.3353025900556581 126 13 7 1.8474683511530625 25 1426 29 1412 71 1532
5464 0.20504108392510376 1.896789815843394 3.5220412143252897 42 37 32 0.16744972123565122 71 434 28 332
5467 1.3106613669749585 2.3237825433740746 1.9004401171066454 145 121 114 0.72071058553899903 71 513 28 440 57 47
5484 0.50082202883608296 2.5709393541298482 1.7829553421850055 45 39 31 0.51042820089903385 71 1029 28 1118 57 1064
5486 1.0899542506169726 1.9644679988913074 1.5449572943856116 215 181 128 1.0556853549787792 71 1272 85 1282 28 1196 57 1151
5488 -0.62558457058030348 2.7275995550309675 2.7631406665554956 76 61 43 0.32868196404888556 25 1207 29 1230 28 1259
5496 0.64839494091835115 2.7754057080078787 1.834305376911564 0 0 0 0.030298879455137012 71 1491 28 1434
5498 -0.55954633035223633 2.5396288716734725 2.6155660877212243 134 115 100 1.6166390249491454 71 1524 28 1454 57 1416
5519 0.28624688757075506 3.1800693130134228 2.0235196961502235 157 27 15 0.75234702247116403 28 843 95 818 57 573 70 850 55 994 45 990
5532 0.24073331269341197 1.6338482193549437 2.9679958534880639 63 56 44 1.3298041639792328 28 1298 57 1309 70 1347 55 1354 45 1293
5540 0.80962321190749842 2.9701353921773377 1.8947463649248346 252 252 220 1.0106877775566072 2 1110 75 993 98 1149 96 989 18 891 58 874 54 883 62 1197 46 800 87 994 95 1205 71 1183 28 1128 55 1102
5541 1.0197650887820517 2.0243725236792831 1.6859128546244437 192 159 111 0.21903636925468303 28 728 95 414
5542 0.29494801554767364 3.2087474513247596 2.0116111922516957 135 28 16 0.31087783278774395 28 844 95 828
5543 1.0394438995139039 1.8554392976527596 2.3715911047902387 0 0 0 1.3086932923910244 2 1324 95 1429 57 1427 1 1288
5566 0.74764774122440047 2.9538573739217155 1.9042432111015755 114 60 43 0.57270759554459183 95 1380 57 1342 70 1381
5568 0.93969919834810434 2.6449867447132025 1.5841971825408252 0 0 0 1.7421929427983804 28 1477 57 1440
5569 0.29655429614350959 3.3384120202451948 2.2167847568310366 126 112 92 0.84758303072011953 1 771 2 775 95 856 57 837 71 703 28 892 70 891 45 1015
5574 -0.59250718506607714 2.3998790157279926 2.407012397822748 170 160 158 0.886808547865229 6 327 44 275 55 618 45 611
5576 0.54189921376296279 2.0996121443366773 2.3203729391201593 50 42 34 3.0697774655306835 89 518 44 485
5586 0.13423896938193888 2.9862975681102935 2.5046408194618106 114 15 8 0.45897222563873519 6 1212 44 904 26 998
5587 0.26562233260933932 2.6996037704481353 2.9925600521619771 47 44 36 1.1584255835446751 6 386 44 907 26 758
5597 1.1748037414120627 2.0610362245670881 1.7079090723426067 0 0 0 0.55667606383763679 6 1364 44 1130 26 1357
5600 0.32182703869433626 3.3670785044376905 2.2751804944096019 142 121 95 0.91554269537799526 6 1356 44 1223
5605 1.2601430603295281 1.7123326263667371 2.2949936318156889 249 205 146 0.42493641627709955 57 1395 70 1403
5612 0.3477228816625812 2.9530359418783019 2.0115653708452368 206 66 34 0.88261182691899764 6 1503 44 1372 26 1405 89 1318
5635 0.50557035485880641 2.3124715377619198 1.7526690997646437 254 255 255 0.30687813616546694 57 457 70 741 45 729 55 731
5636 0.35853785297491747 2.2337663441695534 1.845354825271347 101 14 6 0.2318887263480266 57 467 70 747 55 727
5641 0.10488349624534432 2.8717963199568941 2.5666226731591841 105 11 8 0.30385102199098962 57 1005 95 852 70 896 45 881 55 854 79 893
5642 0.1071991815850134 2.8965061387444755 2.5534067797131978 97 13 8 0.48359760959175879 57 843 70 897 55 349 45 882 79 896
5655 1.3921569572939416 1.7522320440068626 2.1630818773615808 235 234 232 0.93665241730688731 57 1155 70 1272 55 1245 45 1222 79 1268
5662 0.32267788298138539 3.044241446965227 2.728588314492959 133 145 138 0.68624994277991613 6 1579 57 1279 70 1364 45 1316 79 1355
5671 0.3087177534381515 3.1961752970411297 1.9906355006797383 205 176 146 0.73104782846926197 57 1401 70 1432 55 1402 45 1370 79 1446
5672 1.1009851798844226 1.8335116267463489 1.5063518758231651 0 0 0 1.232123190350094 89 1582 70 1443 79 1452
5682 0.74777959911927383 2.8868566902219088 1.9652445790211766 255 255 255 0.2439275503551411 70 148 55 171 45 176
5693 0.28075893286468556 2.5741494507926599 3.0962285656838526 255 255 255 0.80913189227999327 70 364 55 379 45 388
5704 -0.5199297447884107 2.4522003124585114 2.2354572197276257 98 13 7 0.58571257086307726 44 605 55 597 45 594 70 613
5706 0.40115633934645162 2.0570113275159754 3.298968983047692 0 0 0 0.56581596836315151 70 632 55 637 45 857
5710 0.31506977827248012 3.0335093485385625 2.7558940275411263 119 105 90 0.12515255564584227 6 777 55 686 79 691
5746 0.43661048904749128 3.3435701396507036 2.5108513045921721 155 146 137 0.26025469922530314 70 1316 55 1298 45 1317
5776 0.34427406442428499 2.0791510149161772 3.3694460270749973 33 27 22 0.63284991182668504 55 646 70 317 45 666
5799 -0.18690976003436915 2.5843673526480777 2.2428387510517171 95 17 16 0.11266769139761888 55 599 45 834
5820 0.33347491955313391 3.0527895496098747 2.7216799282701412 90 78 64 0.30804906913575886 45 903 26 1021 55 873
5855 0.178079932828621 1.9108673651198378 3.5612334017130873 37 32 25 0.20760788847688294 45 1101 55 1133 79 1254
5863 0.85693498849553473 1.8294049798412853 1.678484391428587 236 197 143 2.2946707079337125 70 1445 79 1468
5878 -0.063864695723438308 2.2679560007653503 1.8455034031695263 0 0 0 0.29837276403731594 16 1293 61 1145
5883 0.82126799595976407 2.4472025408252751 3.0824963610872431 172 134 86 1.2132192170644724 15 1398 61 1455 52 1558 92 1540 38 1530 10 1452 99 1379 34 1488
5885 1.6737903104897636 2.3168525770327073 3.193748617282854 143 122 103 0.35447177104597288 15 1410 61 1565 52 1574 92 1562
5886 1.6735839179730407 2.3159422786537838 3.1940628673019797 143 122 103 0.15310095362383477 15 1409 61 1566 52 1575
5904 0.79895396030094601 2.078361547750732 2.0252417582586526 122 103 91 0.24022510491806859 37 792 52 944
5924 1.3594314798008567 1.8099570563826481 1.6585780981449574 204 170 125 0.79252835197224536 52 516 61 901 92 9 38 3
5933 0.17476043170499561 2.2666903880865226 2.2406990213344549 93 20 18 0.25348236652877792 52 119 61 118 92 112 34 139
5944 0.9759112338524446 3.1450552442056336 2.3513912687255645 111 35 37 0.2902835679671702 52 709 61 278 92 275
5951 1.6215412848320987 2.9184948457947444 2.5551560853026984 254 254 254 0.69194434903817048 52 420 92 399 38 395 10 774 34 394
5965 0.61515055791858597 2.0481760183911 2.0882750728634267 118 18 11 0.18364632356993857 52 568 92 548 61 593
5977 0.57688427797039776 2.8382746411609396 2.8820856960586849 255 255 255 0.11119048878090101 61 791 92 724 38 385 10 746
5995 0.11325917312875364 2.1084095303705301 2.3429710082933268 90 12 7 0.48599641600637056 52 959 61 956 92 908 10 569 38 575 34 142 99 840 94 966
5997 1.5709054924750963 1.888516767312002 2.1856988117094494 151 126 94 0.33780337526140153 52 1022 61 1232 92 933 34 895 10 581 38 585
5998 0.87774621121691254 2.9114420997794226 2.0597685642845875 250 62 46 0.37812134840195055 52 993 92 938 61 662 38 624 10 616 34 612
6013 0.34979282865966266 1.8793710690545442 2.9927534059956429 0 0 0 0.86129718767710339 52 1261 99 1246
6030 1.1201775792855055 2.0364775219672508 2.0224287915282382 202 52 41 1.2093524558727518 52 1387 61 1357 92 1359 38 1125 34 1257 94 908
6035 0.47923872930621231 2.7034831113540783 2.7302242142228725 24 19 16 0.21686015806228251 61 1408 92 1426 38 1238 10 1178
6057 1.4602172932744935 2.2387784223291578 1.6728207700742455 215 225 238 0.27044836511559234 52 1494 61 1482 92 1568 10 1466 94 1505
6061 0.79542229059736225 3.2339817831981894 2.5622111713596616 232 232 235 0.26951739244086198 52 1535 61 1525 92 1607
6062 0.68029875912727322 2.4225192676233576 3.0565573784689968 0 0 0 0.40007431264737686 52 1628 92 1613 61 1617
6065 0.91123765754644781 1.933204674114571 2.4554185420314614 174 44 36 0.34005722121417459 52 1605 92 1656 61 1649 38 1569 10 1486
6070 0.39857649806809536 2.1950469851716043 2.1183256909227377 0 0 0 0.57948515829811598 52 1689 92 1693 61 1676
6072 1.0422287404200237 3.1855224883948887 2.2921636204119049 0 0 0 0.93052393154722901 52 1704 92 1703 61 1694
6073 1.0422287404200237 3.1855224883948887 2.2921636204119049 0 0 0 0.93052393154722901 52 1705 92 1704 61 1695
6074 1.0074129444022779 2.9753555019120439 2.4156317065096924 164 155 155 0.9520276719309313 52 1707 61 1696 92 1705 38 1685 10 1618 34 1576 32 1699
6079 0.67538125038283425 2.1403449135678025 3.3776335889857871 84 78 75 0.26269280887610441 52 1735 61 1719 92 1722
6091 1.3420701909576063 2.4180962081228863 1.9153760864161293 0 0 0 1.1989487045117067 52 1770 61 1748 92 1757 38 1742 10 1673 32 1713
6106 1.1185789972565239 2.0221606225006297 1.9651143697969717 106 93 78 0.46779080877172358 92 81 38 38 10 59
6107 1.1185789972565239 2.0221606225006297 1.9651143697969717 106 93 78 0.46779080877172358 92 82 38 39 10 60
6108 1.2878692589354137 2.2665277544710074 1.9386346594899313 255 255 255 0.11476552062692202 92 131 38 82 10 95
6109 0.080476289122061923 2.0886645885904751 2.3337051587369779 174 158 147 0.25632654893716084 92 115 38 106 10 114
6110 1.4321725306756146 2.4578863293322404 2.0219886004286853 155 150 164 0.90787675133185453 52 1013 38 139 10 149
6121 1.744135057680916 2.9882429520726412 2.7030882399125118 247 251 255 0.72718253741429784 52 476 38 444 10 436
6126 -0.052784596945553312 2.0582825314140498 2.3846558700080154 86 79 70 0.084705390013413318 92 570 38 576 10 570
6127 0.77522214903015096 2.8649530379770192 1.9740246011679501 223 47 35 0.20430510867434851 92 181 38 601 64 632
6135 1.1001402156602749 2.2990607995599159 3.3008825108796223 64 59 52 1.348099814496539 61 870 38 817 34 789 10 813 32 773
6136 1.1372256798013933 2.0226827095514124 2.0053880355708125 255 255 255 0.21023907100934536 52 601 38 861 10 1096
6146 0.2094038771225108 1.8900558975240569 3.5251562560649052 94 102 116 0.59673928738330972 52 1113 38 1035 99 940 34 1197
6150 1.668616832535919 2.4039456210281314 1.6688713676661571 255 255 248 0.46798751655808146 92 1147 38 1119
6151 -0.22003770656800511 2.038222414094927 2.301166735537632 254 248 211 0.2509952617769709 92 1146 38 1142 10 874
6152 1.4737673654135324 2.4579326334886811 1.9499623412222034 252 255 255 0.36966135535477757 92 1381 38 1159 10 1120
6167 0.78057284268210125 2.9262140403148837 1.950769087271095 220 34 29 0.45742694458137922 92 1383 38 1350 10 1302
6180 0.23373217470567909 1.9385388543272135 3.3751249921866759 255 255 255 1.6077989214421966 92 1450 38 1519 10 1444 32 1470 94 1781
6181 0.26155692404018799 1.9231564405729975 3.367314051795999 255 255 255 0.75929013909925303 92 1449 38 1520 10 1443
6183 0.92329455319623688 2.3793053398054442 3.2244705872341282 255 255 222 0.25254484196056232 92 1625 38 1542 10 1460
6184 0.68229055509475611 2.0549119152092876 2.0930537757402341 109 17 9 0.72897223045579729 92 1640 38 1551 10 1470
6188 0.97714862791275581 2.914123028975478 2.1907174044136437 255 255 255 0.038116696739373596 92 1594 38 1576 10 1493 32 1600
6191 0.32736617142614477 2.093981544595978 3.3784561753638376 0 0 0 0.9615008444246631 92 1619 38 1609 10 1453
6197 0.53167244751739207 1.7373078887279856 2.9409141899461986 0 0 0 1.6301162106687239 92 1603 38 1642 10 1504 52 1617
6220 0.44436638588965099 2.2004744480911054 1.851647582129802 155 133 122 1.1180377958960972 38 19 92 34 10 487 34 822
6223 0.81964215214459901 1.8706943897079498 2.482846063429816 82 70 60 1.5036463890593401 34 596 32 601
6224 0.89202732352887759 2.8614074334250215 2.121400630252344 224 63 46 0.50356362717005665 61 997 10 622 32 618
6225 0.90727840712704055 2.0232214618679785 2.57479282131521 153 33 22 0.85135456435440338 38 939 52 272 61 719 10 631
6227 1.7452095722862293 2.9960061766592996 2.6728518762936386 255 255 255 0.61496807026774847 52 845 10 796 32 762
6229 1.1144244193535953 2.2021522767479116 1.9800023614983391 88 41 47 0.12928321940483911 38 873 92 891 10 868
6231 0.19364336199122278 2.3052541071693722 3.2218178113814915 39 38 38 0.53892375265528925 92 1043 10 1023 34 977 32 1029
6232 0.46674383709485318 2.1654100545973893 1.8502878249489618 125 74 59 1.6303405577278409 92 1121 10 1068 34 1047 64 1109
6233 1.1191402468626761 2.0622388490989532 1.9409001707797009 169 34 34 0.19148175050819147 38 1112 92 884 10 1095
6235 0.87280279639003899 2.8276927500886728 2.1869260460108033 168 38 32 0.18223284600850079 38 1184 92 1207 10 1135 34 1129 32 1150 94 1002
6248 0.30755149137551246 1.9496721968052695 3.3186215364549438 0 0 0 0.39579522912026843 92 1532 10 1442 32 1357
6249 0.87687430078836948 1.9720231610435301 2.5393110808053319 81 52 33 0.38760338720818649 52 1523 10 1491 32 1428
6253 1.7492746122595588 3.0031827032364862 2.7017547210862345 106 94 81 1.0093255300551722 92 1684 10 1541 34 1494 52 1570
6254 1.0353808483052183 2.4681771496728278 3.1368148974770729 125 123 125 0.34678461552445672 38 1615 92 1624 10 1542
6258 0.44589602683551377 1.9067202646289061 3.1762000142579874 179 159 137 1.1859734144404164 38 1731 92 1767 10 1657
6263 0.66590160163750844 2.3489793328131148 1.7444732850382161 253 255 255 0.3754948877036588 10 494 34 41 38 506
6266 0.62036514167993628 2.7652260324436835 2.0359724032109177 183 174 180 0.27920957247502948 38 145 34 189 32 152 10 153 64 198
6274 1.3907200911286353 2.9523635104811747 2.6693984447998638 2 0 0 0.56920253343447025 10 777 34 400 64 426
6275 -0.16410451942083878 2.2714651902899905 2.048303538566171 5 2 2 2.3101867430679497 38 858 34 490 32 535
6282 0.84327079386318948 2.672185984815548 2.4469806839556099 167 43 36 0.23210356713991614 10 654 38 661 34 635 32 957 99 644
6299 1.110164568393432 1.8740886535370449 1.5350384364692817 88 87 93 0.32355633983581128 38 1071 34 1027 10 821 32 778
6311 0.94900200843925142 2.9811540221694055 2.349043375837697 174 30 31 0.60057579379376558 52 1243 61 1237 34 1156
6313 0.39762903155231716 2.2175930040808951 3.3743416684143752 174 159 152 2.3175595270228015 61 1297 34 1201
6323 1.3869485596735958 2.9362577888134291 2.660494124028197 0 0 0 0.47351087089840416 52 1292 34 1334 61 1280
6325 0.61730442556633414 2.0974162041111097 3.3736548697672184 0 0 0 0.32824750199815816 38 1534 34 1339 32 1378
6327 1.259310701607417 2.7726487176181194 2.887550099249411 0 0 0 0.21566539153439704 61 1457 34 1345 52 1464
6331 1.1624156165508071 1.9037767610981664 1.6131445394904482 204 171 123 0.71038679637746538 10 1389 34 1359 38 1437
6334 0.58014103991705024 2.3090979956613586 3.0783813337819788 187 179 179 0.44518537229975141 10 1590 34 1413 38 1657
6564 0.349282 2.360239 2.135074 107.0 88.0 80.0 0.2 81 1723
6565 0.956603 2.452673 2.453756 99.0 86.0 79.0 0.2 81 1724
6566 0.199934 2.383293 2.172287 103.0 86.0 79.0 0.2 81 1725
6567 0.806818 2.103609 2.620219 131.0 97.0 83.0 0.2 81 1726
6568 0.216002 2.395677 2.174400 102.0 86.0 78.0 0.2 81 1727
6569 0.822335 2.117789 2.621993 130.0 96.0 83.0 0.2 81 1728
6570 0.186503 2.347061 2.212882 107.0 87.0 79.0 0.2 81 1729
6571 0.798512 2.118842 2.646031 129.0 96.0 83.0 0.2 81 1730
6572 0.310666 2.246680 2.313916 120.0 91.0 81.0 0.2 81 1731
6573 0.919509 2.544621 2.561884 90.0 82.0 77.0 0.2 81 1732
6574 0.346710 2.226991 2.354511 123.0 91.0 81.0 0.2 81 1733
6575 0.954071 2.542030 2.596723 90.0 82.0 77.0 0.2 81 1734
6576 0.128128 2.105798 2.825746 123.0 93.0 80.0 0.2 81 1735
6577 0.670893 2.041165 2.508791 140.0 100.0 85.0 0.2 81 1736
6578 0.035148 2.523481 2.698491 83.0 77.0 74.0 0.2 81 1737
6579 0.602997 2.032786 2.517462 141.0 100.0 85.0 0.2 81 1738
6580 -0.466067 2.110244 1.986692 135.0 101.0 84.0 0.2 81 1739
6581 -0.231360 2.190943 2.498784 121.0 92.0 80.0 0.2 81 1740
6582 1.087240 2.486508 2.753650 91.0 83.0 78.0 0.2 81 1741
6583 -0.560212 2.419415 2.729797 90.0 81.0 74.0 0.2 81 1742
6584 0.696117 2.028397 2.525447 141.0 101.0 85.0 0.2 81 1743
6585 -0.148882 2.479798 2.789779 85.0 77.0 74.0 0.2 81 1744
6586 0.417201 2.157304 2.554965 127.0 93.0 81.0 0.2 81 1745
6587 0.613804 2.264608 1.944641 121.0 96.0 83.0 0.2 81 1746
6588 -0.170394 2.485832 2.781006 84.0 77.0 73.0 0.2 81 1747
6589 0.390683 2.296653 2.502534 112.0 87.0 79.0 0.2 81 1748
6590 0.591525 2.264597 1.939201 121.0 95.0 83.0 0.2 81 1749
6591 -0.534618 2.122834 2.170984 131.0 99.0 82.0 0.2 81 1750
6592 0.303974 2.384271 2.988273 93.0 80.0 75.0 0.2 81 1751
6593 1.016567 2.401434 2.989799 92.0 82.0 77.0 0.2 81 1752
6594 -0.201923 2.439156 2.946117 87.0 78.0 73.0 0.2 81 1753
6595 0.546676 2.185933 2.116420 131.0 97.0 84.0 0.2 81 1754
6596 -0.105087 2.241618 2.149754 119.0 92.0 81.0 0.2 81 1755
6597 0.774377 2.398373 3.023697 91.0 81.0 76.0 0.2 81 1756
6598 1.448422 2.353752 3.027183 94.0 87.0 80.0 0.2 81 1757
6599 -0.115435 2.236478 2.169391 120.0 92.0 81.0 0.2 81 1758
6600 0.764528 2.390500 3.043726 92.0 81.0 76.0 0.2 81 1759
6601 1.438015 2.346551 3.046959 94.0 87.0 80.0 0.2 81 1760
6602 -0.137457 2.232534 2.159355 120.0 93.0 81.0 0.2 81 1761
6603 0.742110 2.395363 3.030340 92.0 81.0 76.0 0.2 81 1762
6604 1.418414 2.341114 3.038126 95.0 87.0 80.0 0.2 81 1763
6605 -0.205312 2.230166 2.167703 120.0 93.0 81.0 0.2 81 1764
6606 0.060697 2.526320 2.628463 83.0 77.0 74.0 0.2 81 1765
6607 0.673486 2.390823 3.037006 92.0 81.0 76.0 0.2 81 1766
6608 1.354212 2.314118 3.054196 97.0 87.0 80.0 0.2 81 1767
6609 0.489956 2.390189 3.022648 92.0 80.0 75.0 0.2 81 1768
6610 1.187044 2.306770 3.049502 98.0 86.0 79.0 0.2 81 1769
6611 0.489956 2.390189 3.022648 92.0 80.0 75.0 0.2 81 1770
6612 1.187044 2.306770 3.049502 98.0 86.0 79.0 0.2 81 1771
6613 -0.539608 2.129880 2.211261 129.0 98.0 82.0 0.2 81 1772
6614 -0.311368 2.446452 2.655076 89.0 79.0 74.0 0.2 81 1773
6615 0.306829 2.292138 3.056924 100.0 83.0 76.0 0.2 81 1774
6616 1.008753 2.316331 3.060706 98.0 85.0 78.0 0.2 81 1775
6617 1.536379 2.453292 2.650659 97.0 89.0 81.0 0.2 81 1776
6618 0.262188 2.417748 2.155835 99.0 86.0 78.0 0.2 81 1777
6619 1.111723 2.295117 3.115582 97.0 86.0 79.0 0.2 81 1778
6620 0.247159 2.414403 2.156984 100.0 86.0 78.0 0.2 81 1779
6621 1.098080 2.295001 3.115818 98.0 86.0 79.0 0.2 81 1780
6622 -0.727241 2.268595 2.215823 111.0 91.0 79.0 0.2 81 1781
6623 -0.489639 2.460390 2.692162 86.0 79.0 74.0 0.2 81 1782
6624 0.112042 2.375969 3.071736 91.0 80.0 74.0 0.2 81 1783
6625 0.820568 2.369804 3.090794 92.0 82.0 77.0 0.2 81 1784
6626 1.365886 2.309307 2.760441 106.0 90.0 82.0 0.2 81 1785
6627 0.393816 2.288625 2.218938 116.0 90.0 81.0 0.2 81 1786
6628 0.661071 2.330922 2.791252 104.0 84.0 78.0 0.2 81 1787
6629 1.237601 2.311357 3.133641 95.0 86.0 79.0 0.2 81 1788
6630 0.393816 2.288625 2.218938 116.0 90.0 81.0 0.2 81 1789
6631 0.661071 2.330922 2.791252 104.0 84.0 78.0 0.2 81 1790
6632 1.237601 2.311357 3.133641 95.0 86.0 79.0 0.2 81 1791
6633 -0.086422 2.252498 2.259137 117.0 91.0 80.0 0.2 81 1792
6634 0.794287 2.339422 3.149780 93.0 82.0 77.0 0.2 81 1793
6635 1.454838 2.313723 3.144105 94.0 87.0 80.0 0.2 81 1794
6636 -0.128039 2.374049 3.077263 91.0 80.0 74.0 0.2 81 1795
6637 0.575467 2.264263 3.131481 101.0 84.0 77.0 0.2 81 1796
6638 1.129145 2.458523 2.724961 94.0 84.0 79.0 0.2 81 1797
6639 1.046475 2.059234 1.729350 149.0 111.0 90.0 0.2 81 1798
6640 -0.297373 2.147061 2.327356 128.0 96.0 81.0 0.2 81 1799
6641 -0.045429 2.499526 2.769670 84.0 77.0 74.0 0.2 81 1800
6642 0.572412 2.297292 3.183932 96.0 83.0 76.0 0.2 81 1801
6643 1.248994 2.298574 3.182508 95.0 86.0 79.0 0.2 81 1802
6644 -0.122712 2.103245 2.382077 133.0 97.0 82.0 0.2 81 1803
6645 0.128557 2.492853 2.817534 85.0 77.0 74.0 0.2 81 1804
6646 0.740393 2.271417 3.229409 97.0 84.0 77.0 0.2 81 1805
6647 0.761113 2.283241 3.219427 96.0 84.0 77.0 0.2 81 1806
6648 1.305945 2.288074 2.886579 104.0 89.0 81.0 0.2 81 1807
6649 1.477323 2.389877 2.270436 109.0 95.0 84.0 0.2 81 1808
6650 0.484369 2.285237 3.224042 96.0 83.0 76.0 0.2 81 1809
6651 1.034849 2.477060 2.832458 90.0 82.0 77.0 0.2 81 1810
6652 0.960095 2.073261 1.825438 147.0 109.0 89.0 0.2 81 1811
6653 0.484369 2.285237 3.224042 96.0 83.0 76.0 0.2 81 1812
6654 1.034849 2.477060 2.832458 90.0 82.0 77.0 0.2 81 1813
6655 0.960095 2.073261 1.825438 147.0 109.0 89.0 0.2 81 1814
6656 0.373290 2.280018 3.231837 96.0 83.0 76.0 0.2 81 1815
6657 0.921245 2.473474 2.847367 89.0 81.0 77.0 0.2 81 1816
6658 0.849479 2.110708 1.822976 142.0 106.0 88.0 0.2 81 1817
6659 0.349136 2.279129 3.233696 96.0 83.0 76.0 0.2 81 1818
6660 0.896205 2.471924 2.851248 89.0 81.0 77.0 0.2 81 1819
6661 0.825087 2.123486 1.821622 140.0 105.0 88.0 0.2 81 1820
6662 0.331642 2.279114 3.233017 96.0 82.0 76.0 0.2 81 1821
6663 0.878150 2.471223 2.851642 89.0 81.0 77.0 0.2 81 1822
6664 0.807574 2.141993 1.815966 138.0 104.0 87.0 0.2 81 1823
6665 0.165242 2.304770 3.197145 95.0 82.0 75.0 0.2 81 1824
6666 0.710330 2.364866 2.865434 99.0 83.0 77.0 0.2 81 1825
6667 0.900555 2.134643 2.357701 134.0 99.0 85.0 0.2 81 1826
6668 0.463326 2.368029 2.876596 98.0 82.0 76.0 0.2 81 1827
6669 0.655719 2.108821 2.382766 137.0 98.0 84.0 0.2 81 1828
6670 0.467573 2.374819 2.883344 97.0 81.0 76.0 0.2 81 1829
6671 0.659795 2.102324 2.394489 137.0 98.0 84.0 0.2 81 1830
6672 1.324469 2.306981 2.991640 99.0 88.0 80.0 0.2 81 1831
6673 0.886713 2.401055 2.955175 93.0 82.0 77.0 0.2 81 1832
6674 -0.230709 2.198773 2.514111 119.0 91.0 79.0 0.2 81 1833
6675 0.034443 2.413427 3.003938 89.0 79.0 74.0 0.2 81 1834
6676 -0.040356 2.202198 1.954050 126.0 96.0 82.0 0.2 81 1835
6677 -0.309390 2.234999 2.499562 115.0 90.0 79.0 0.2 81 1836
6678 -0.041099 2.418651 2.996346 88.0 78.0 74.0 0.2 81 1837
6679 -0.115931 2.141399 1.973732 134.0 99.0 83.0 0.2 81 1838
6680 1.340958 2.311177 3.044181 97.0 87.0 80.0 0.2 81 1839
6681 1.337792 2.313415 3.052126 97.0 87.0 80.0 0.2 81 1840
6682 1.444654 2.348767 3.043150 94.0 87.0 80.0 0.2 81 1841
6683 1.385459 2.176230 1.965422 133.0 106.0 88.0 0.2 81 1842
6684 -0.442858 2.093228 2.020042 137.0 102.0 84.0 0.2 81 1843
6685 1.443273 2.338780 3.077220 94.0 87.0 80.0 0.2 81 1844
6686 1.388645 2.140999 2.009205 137.0 107.0 89.0 0.2 81 1845
6687 -0.438569 2.078035 2.056833 138.0 102.0 84.0 0.2 81 1846
6688 0.712082 2.375666 3.076778 92.0 81.0 76.0 0.2 81 1847
6689 0.903992 2.183537 2.569963 124.0 94.0 83.0 0.2 81 1848
6690 0.644295 2.266597 1.963817 121.0 95.0 83.0 0.2 81 1849
6691 0.048933 2.215589 2.579843 118.0 90.0 79.0 0.2 81 1850
6692 0.330402 2.252201 3.121514 102.0 84.0 77.0 0.2 81 1851
6693 0.253680 2.356228 1.971665 107.0 90.0 80.0 0.2 81 1852
6694 -0.095948 2.362610 3.100918 92.0 80.0 74.0 0.2 81 1853
6695 1.075384 2.051237 1.751886 150.0 112.0 90.0 0.2 81 1854
6696 -0.184163 2.107483 2.083873 137.0 100.0 84.0 0.2 81 1855
6697 0.903276 2.340481 3.136008 93.0 83.0 77.0 0.2 81 1856
6698 0.840562 2.256736 2.014679 123.0 97.0 84.0 0.2 81 1857
6699 0.749323 2.365503 3.100121 92.0 81.0 76.0 0.2 81 1858
6700 0.943791 2.410802 2.510563 102.0 86.0 80.0 0.2 81 1859
6701 0.682144 2.263000 1.984553 122.0 96.0 83.0 0.2 81 1860
6702 0.557012 2.264420 3.122840 101.0 84.0 77.0 0.2 81 1861
6703 0.741686 2.096195 2.619117 132.0 97.0 83.0 0.2 81 1862
6704 0.483971 2.281186 1.982081 118.0 94.0 82.0 0.2 81 1863
6705 0.542561 2.263495 3.119968 101.0 84.0 77.0 0.2 81 1864
6706 0.727065 2.094627 2.616470 132.0 97.0 83.0 0.2 81 1865
6707 0.469050 2.280087 1.979718 118.0 94.0 82.0 0.2 81 1866
6708 0.934824 2.325986 3.153622 94.0 83.0 77.0 0.2 81 1867
6709 0.874158 2.257626 2.029079 123.0 97.0 84.0 0.2 81 1868
6710 -0.325921 2.436594 2.614324 90.0 80.0 75.0 0.2 81 1869
6711 1.129492 2.035040 1.837485 151.0 112.0 91.0 0.2 81 1870
6712 -0.126434 2.367683 2.082221 102.0 87.0 78.0 0.2 81 1871
6713 -0.453896 2.177997 2.287256 124.0 95.0 81.0 0.2 81 1872
6714 0.035137 2.504096 2.778315 84.0 77.0 74.0 0.2 81 1873
6715 0.795914 2.329405 1.923855 114.0 95.0 83.0 0.2 81 1874
6716 0.226877 2.371038 2.256107 104.0 86.0 79.0 0.2 81 1875
6717 0.050086 2.502830 2.785079 84.0 77.0 74.0 0.2 81 1876
6718 0.810558 2.329541 1.929326 114.0 95.0 83.0 0.2 81 1877
6719 0.241778 2.367277 2.263133 105.0 86.0 79.0 0.2 81 1878
6720 0.286904 2.456327 2.838233 89.0 78.0 75.0 0.2 81 1879
6721 1.043679 2.232573 1.981700 127.0 100.0 86.0 0.2 81 1880
6722 0.482040 2.122752 2.374912 135.0 97.0 83.0 0.2 81 1881
6723 1.042746 2.232511 2.007838 127.0 99.0 85.0 0.2 81 1882
6724 0.327689 2.251505 2.007193 121.0 94.0 82.0 0.2 81 1883
6725 -0.231303 2.142250 2.399112 128.0 95.0 81.0 0.2 81 1884
6726 0.962651 2.251776 2.019291 124.0 98.0 85.0 0.2 81 1885
6727 0.251438 2.367857 1.997046 105.0 89.0 80.0 0.2 81 1886
6728 -0.320373 2.210842 2.394905 119.0 92.0 80.0 0.2 81 1887
6729 0.050750 2.433604 2.963658 88.0 78.0 74.0 0.2 81 1888
6730 1.485257 2.245763 2.109131 124.0 102.0 87.0 0.2 81 1889
6731 0.809925 2.186717 2.120331 131.0 98.0 85.0 0.2 81 1890
6732 0.233017 2.268763 2.455956 115.0 88.0 79.0 0.2 81 1891
6733 -0.008046 2.440526 2.950555 87.0 78.0 74.0 0.2 81 1892
6734 1.432816 2.247667 2.098360 124.0 102.0 87.0 0.2 81 1893
6735 0.751077 2.213113 2.102512 128.0 97.0 84.0 0.2 81 1894
6736 0.173116 2.248786 2.453420 118.0 89.0 80.0 0.2 81 1895
6737 -0.109583 2.437085 2.959178 87.0 78.0 74.0 0.2 81 1896
6738 1.328336 2.057261 2.178689 144.0 108.0 89.0 0.2 81 1897
6739 0.644189 2.193125 2.122080 130.0 97.0 84.0 0.2 81 1898
6740 0.071659 2.182254 2.487419 124.0 92.0 80.0 0.2 81 1899
6741 0.168235 2.373408 3.035658 93.0 80.0 75.0 0.2 81 1900
6742 0.922156 2.176228 2.176350 132.0 99.0 85.0 0.2 81 1901
6743 0.348871 2.309156 2.495128 111.0 86.0 79.0 0.2 81 1902
6744 0.081726 2.408676 3.010139 90.0 79.0 74.0 0.2 81 1903
6745 0.838071 2.186533 2.160255 131.0 98.0 85.0 0.2 81 1904
6746 0.261602 2.291045 2.488834 112.0 87.0 79.0 0.2 81 1905
6747 -0.036026 2.412733 3.006889 89.0 79.0 74.0 0.2 81 1906
6748 1.386985 2.027265 2.232299 146.0 109.0 90.0 0.2 81 1907
6749 0.717592 2.227156 2.149861 126.0 95.0 83.0 0.2 81 1908
6750 0.140857 2.232547 2.511063 118.0 89.0 80.0 0.2 81 1909
6751 0.211198 2.355685 3.059206 94.0 80.0 75.0 0.2 81 1910
6752 1.618032 2.145695 2.216916 133.0 106.0 89.0 0.2 81 1911
6753 0.963210 2.181839 2.193027 131.0 99.0 85.0 0.2 81 1912
6754 0.391526 2.319641 2.510287 109.0 86.0 79.0 0.2 81 1913
6755 0.194198 2.360893 3.068244 93.0 80.0 75.0 0.2 81 1914
6756 0.946209 2.188359 2.203038 130.0 98.0 85.0 0.2 81 1915
6757 0.373424 2.324372 2.521163 109.0 86.0 78.0 0.2 81 1916
6758 0.194198 2.360893 3.068244 93.0 80.0 75.0 0.2 81 1917
6759 0.946209 2.188359 2.203038 130.0 98.0 85.0 0.2 81 1918
6760 0.373424 2.324372 2.521163 109.0 86.0 78.0 0.2 81 1919
6761 -0.172677 2.383346 3.058750 90.0 79.0 74.0 0.2 81 1920
6762 1.245377 1.996533 2.297676 149.0 109.0 89.0 0.2 81 1921
6763 0.564320 2.233459 2.204307 124.0 93.0 82.0 0.2 81 1922
6764 -0.005254 2.205587 2.573376 119.0 90.0 79.0 0.2 81 1923
6765 -0.084891 2.360615 3.104722 92.0 80.0 74.0 0.2 81 1924
6766 0.651578 2.171192 2.265990 131.0 96.0 83.0 0.2 81 1925
6767 0.077504 2.256194 2.597814 114.0 88.0 79.0 0.2 81 1926
6768 0.584948 2.219999 2.245933 126.0 94.0 82.0 0.2 81 1927
6769 0.014947 2.219819 2.605322 117.0 89.0 79.0 0.2 81 1928
6770 1.329834 2.294027 3.188886 95.0 87.0 79.0 0.2 81 1929
6771 0.505433 2.145815 2.329138 133.0 96.0 83.0 0.2 81 1930
6772 -0.203779 2.111190 2.347503 132.0 97.0 82.0 0.2 81 1931
6773 1.042024 2.423772 2.731188 97.0 84.0 79.0 0.2 81 1932
6774 0.435028 2.082896 2.487565 136.0 97.0 83.0 0.2 81 1933
6775 -0.281922 2.193953 2.450430 121.0 92.0 80.0 0.2 81 1934
6776 0.123176 2.235456 2.246251 121.0 92.0 81.0 0.2 81 1935
6777 0.740578 2.114140 2.644083 130.0 95.0 83.0 0.2 81 1936
6778 1.429864 2.437597 2.527074 101.0 90.0 82.0 0.2 81 1937
6779 -0.214050 2.238787 1.851316 119.0 95.0 82.0 0.2 81 1938
6780 0.029535 2.140776 2.425339 129.0 95.0 81.0 0.2 81 1939
6781 0.642228 2.288084 2.737499 109.0 86.0 79.0 0.2 81 1940
6782 1.342039 2.316772 2.724431 106.0 90.0 82.0 0.2 81 1941
6783 0.496778 2.063236 2.485321 139.0 99.0 84.0 0.2 81 1942
6784 1.094584 2.523206 2.678057 90.0 83.0 78.0 0.2 81 1943
6785 -0.424233 2.283750 2.451730 109.0 88.0 78.0 0.2 81 1944
6786 0.900080 2.501326 2.730354 90.0 81.0 77.0 0.2 81 1945
6787 1.429461 2.443151 2.390045 103.0 92.0 82.0 0.2 81 1946
6788 0.148881 2.494189 2.748478 86.0 77.0 74.0 0.2 81 1947
6789 0.872238 2.500730 2.749390 89.0 81.0 77.0 0.2 81 1948
6790 1.406800 2.435561 2.411289 103.0 91.0 82.0 0.2 81 1949
6791 -0.017722 2.492909 2.805452 84.0 77.0 74.0 0.2 81 1950
6792 0.552156 2.092478 2.594710 133.0 96.0 83.0 0.2 81 1951
6793 0.746194 2.230299 1.969836 126.0 98.0 84.0 0.2 81 1952
6794 0.127254 2.481536 2.851779 85.0 77.0 74.0 0.2 81 1953
6795 0.696050 2.103783 2.631725 131.0 96.0 83.0 0.2 81 1954
6796 0.889603 2.258748 1.999635 123.0 97.0 84.0 0.2 81 1955
6797 -0.355946 2.059339 2.112026 140.0 102.0 84.0 0.2 81 1956
6798 -0.119709 2.211270 2.609179 117.0 90.0 79.0 0.2 81 1957
6799 0.487498 2.427111 2.897791 91.0 80.0 75.0 0.2 81 1958
6800 1.193995 2.326649 2.933063 100.0 87.0 80.0 0.2 81 1959
6801 -0.030475 2.473338 2.871403 85.0 77.0 74.0 0.2 81 1960
6802 0.536978 2.193636 2.624396 122.0 91.0 81.0 0.2 81 1961
6803 0.731855 2.210962 2.034255 129.0 98.0 84.0 0.2 81 1962
6804 -0.447582 2.319443 2.076489 106.0 89.0 79.0 0.2 81 1963
6805 0.407078 2.404176 2.955058 92.0 80.0 75.0 0.2 81 1964
6806 1.115502 2.325011 2.984907 99.0 86.0 79.0 0.2 81 1965
6807 0.387478 2.384940 2.981548 93.0 80.0 75.0 0.2 81 1966
6808 1.094868 2.320558 3.006907 98.0 86.0 79.0 0.2 81 1967
6809 -0.182833 2.446198 2.933249 86.0 78.0 73.0 0.2 81 1968
6810 0.568419 2.187034 2.103628 131.0 97.0 84.0 0.2 81 1969
6811 -0.182833 2.446198 2.933249 86.0 78.0 73.0 0.2 81 1970
6812 0.568419 2.187034 2.103628 131.0 97.0 84.0 0.2 81 1971
6813 -0.123202 2.238333 2.151244 120.0 92.0 81.0 0.2 81 1972
6814 0.756259 2.398350 3.023599 91.0 81.0 76.0 0.2 81 1973
6815 1.432000 2.349142 3.029351 94.0 87.0 80.0 0.2 81 1974
6816 -0.538544 2.118899 2.195318 131.0 99.0 82.0 0.2 81 1975
6817 -0.313452 2.439851 2.636876 90.0 80.0 75.0 0.2 81 1976
6818 0.303748 2.304564 3.034112 100.0 83.0 76.0 0.2 81 1977
6819 1.008632 2.325344 3.038132 97.0 85.0 78.0 0.2 81 1978
6820 1.534411 2.458398 2.627095 97.0 89.0 81.0 0.2 81 1979
6821 -0.552422 2.130025 2.211609 129.0 98.0 82.0 0.2 81 1980
6822 -0.325284 2.445712 2.655075 89.0 79.0 74.0 0.2 81 1981
6823 0.289979 2.326918 3.047474 97.0 82.0 76.0 0.2 81 1982
6824 0.994847 2.318079 3.060318 97.0 85.0 78.0 0.2 81 1983
6825 1.523156 2.457981 2.648993 96.0 89.0 81.0 0.2 81 1984
6826 -0.150299 2.419716 2.991200 88.0 78.0 74.0 0.2 81 1985
6827 0.597651 2.200523 2.150552 129.0 96.0 83.0 0.2 81 1986
6828 0.403778 2.272646 2.202505 118.0 91.0 81.0 0.2 81 1987
6829 0.670273 2.396399 2.746182 98.0 83.0 77.0 0.2 81 1988
6830 1.247827 2.312240 3.113847 96.0 86.0 79.0 0.2 81 1989
6831 0.239621 2.413372 2.151566 100.0 86.0 78.0 0.2 81 1990
6832 1.091283 2.296133 3.110095 98.0 86.0 79.0 0.2 81 1991
6833 -0.281539 2.219237 2.202533 121.0 93.0 81.0 0.2 81 1992
6834 -0.016718 2.532129 2.655248 82.0 77.0 74.0 0.2 81 1993
6835 0.595812 2.371139 3.070848 93.0 81.0 76.0 0.2 81 1994
6836 1.281286 2.312324 3.085077 96.0 86.0 79.0 0.2 81 1995
6837 -0.280931 2.219966 2.216984 121.0 93.0 80.0 0.2 81 1996
6838 -0.016210 2.529741 2.671219 82.0 77.0 74.0 0.2 81 1997
6839 0.597053 2.362321 3.087698 93.0 81.0 76.0 0.2 81 1998
6840 1.281308 2.314043 3.098544 96.0 86.0 79.0 0.2 81 1999
6841 -0.479012 2.462082 2.697576 86.0 79.0 74.0 0.2 81 2000
6842 0.123816 2.371932 3.078919 92.0 80.0 74.0 0.2 81 2001
6843 0.831532 2.366232 3.097599 92.0 82.0 77.0 0.2 81 2002
6844 1.376096 2.311481 2.765577 105.0 90.0 82.0 0.2 81 2003
6845 0.431673 2.276529 2.231572 118.0 91.0 81.0 0.2 81 2004
6846 0.696961 2.464616 2.749994 92.0 81.0 76.0 0.2 81 2005
6847 1.270621 2.311152 3.140961 95.0 86.0 79.0 0.2 81 2006
6848 -0.080179 2.251610 2.235313 118.0 91.0 80.0 0.2 81 2007
6849 0.800429 2.354570 3.123397 93.0 82.0 77.0 0.2 81 2008
6850 1.463205 2.325187 3.118917 94.0 87.0 80.0 0.2 81 2009
6851 -0.318723 2.176396 2.326521 124.0 94.0 81.0 0.2 81 2010
6852 -0.063546 2.482982 2.784789 85.0 77.0 74.0 0.2 81 2011
6853 0.555366 2.296038 3.191860 96.0 83.0 76.0 0.2 81 2012
6854 1.232088 2.295696 3.191661 95.0 86.0 79.0 0.2 81 2013
6855 0.573115 2.294866 3.192528 96.0 83.0 76.0 0.2 81 2014
6856 1.124578 2.478324 2.793743 91.0 83.0 78.0 0.2 81 2015
6857 1.311766 2.250128 2.292415 122.0 98.0 85.0 0.2 81 2016
6858 1.046210 2.053627 1.800257 149.0 111.0 90.0 0.2 81 2017
6859 0.509121 2.376262 2.844325 98.0 82.0 77.0 0.2 81 2018
6860 0.702168 2.125866 2.345193 136.0 98.0 84.0 0.2 81 2019
6861 0.187529 2.299250 3.204585 95.0 82.0 75.0 0.2 81 2020
6862 0.732633 2.379388 2.866498 97.0 82.0 77.0 0.2 81 2021
6863 0.925399 2.185463 2.345258 129.0 96.0 84.0 0.2 81 2022
6864 0.413081 2.347370 2.894398 99.0 82.0 76.0 0.2 81 2023
6865 0.604934 2.104062 2.396983 137.0 98.0 84.0 0.2 81 2024
6866 0.512444 2.270278 3.258914 97.0 83.0 76.0 0.2 81 2025
6867 1.061824 2.461493 2.875470 90.0 82.0 77.0 0.2 81 2026
6868 0.987405 2.071123 1.860614 147.0 109.0 89.0 0.2 81 2027
6869 -0.290003 2.195642 2.441036 121.0 92.0 80.0 0.2 81 2028
6870 -0.029807 2.456699 2.915298 86.0 77.0 74.0 0.2 81 2029
6871 -0.090929 2.241601 1.875369 119.0 95.0 82.0 0.2 81 2030
6872 -0.116633 2.437052 2.958899 87.0 78.0 74.0 0.2 81 2031
6873 -0.187202 2.144772 1.947018 133.0 99.0 83.0 0.2 81 2032
6874 -0.170117 2.416104 2.996983 88.0 79.0 74.0 0.2 81 2033
6875 1.629129 2.314715 3.036099 97.0 90.0 81.0 0.2 81 2034
6876 -0.243686 2.112084 1.995209 136.0 101.0 84.0 0.2 81 2035
6877 -0.268984 2.409333 2.996933 89.0 79.0 74.0 0.2 81 2036
6878 1.543571 2.355377 3.030795 94.0 88.0 80.0 0.2 81 2037
6879 -0.340875 2.098100 2.007662 137.0 102.0 84.0 0.2 81 2038
6880 1.521696 2.356858 3.031384 93.0 87.0 80.0 0.2 81 2039
6881 1.459994 2.214048 1.951091 129.0 105.0 88.0 0.2 81 2040
6882 -0.364137 2.096481 2.009367 137.0 102.0 84.0 0.2 81 2041
6883 1.435698 2.354229 3.016125 94.0 87.0 80.0 0.2 81 2042
6884 1.372795 2.168883 1.941624 134.0 106.0 89.0 0.2 81 2043
6885 -0.455853 2.108003 1.989800 135.0 101.0 84.0 0.2 81 2044
6886 1.389767 2.306354 3.021210 98.0 88.0 80.0 0.2 81 2045
6887 1.326589 2.086056 1.957624 144.0 110.0 90.0 0.2 81 2046
6888 -0.499770 2.116997 1.977607 134.0 101.0 83.0 0.2 81 2047
6889 1.379718 2.302790 3.016896 99.0 88.0 80.0 0.2 81 2048
6890 1.315737 2.080313 1.953707 145.0 110.0 90.0 0.2 81 2049
6891 -0.510173 2.121366 1.971013 133.0 101.0 83.0 0.2 81 2050
6892 -0.199985 2.203907 2.545310 119.0 90.0 79.0 0.2 81 2051
6893 0.068486 2.392835 3.042673 90.0 79.0 74.0 0.2 81 2052
6894 -0.005413 2.284898 1.961282 114.0 92.0 81.0 0.2 81 2053
6895 -0.300679 2.235583 2.517137 115.0 89.0 79.0 0.2 81 2054
6896 -0.030954 2.407438 3.017177 89.0 79.0 74.0 0.2 81 2055
6897 -0.107979 2.131294 1.994218 135.0 100.0 84.0 0.2 81 2056
6898 -0.107190 2.395191 3.042320 90.0 79.0 74.0 0.2 81 2057
6899 -0.185470 2.098821 2.035140 138.0 101.0 84.0 0.2 81 2058
6900 0.497029 2.271702 3.089520 101.0 84.0 77.0 0.2 81 2059
6901 0.681514 2.078780 2.590730 135.0 97.0 84.0 0.2 81 2060
6902 0.423195 2.268719 1.954785 119.0 94.0 82.0 0.2 81 2061
6903 1.142514 2.297531 3.128260 97.0 86.0 79.0 0.2 81 2062
6904 1.339735 2.401663 2.523807 103.0 90.0 82.0 0.2 81 2063
6905 1.088565 2.196623 2.016212 131.0 101.0 86.0 0.2 81 2064
6906 0.605038 2.291942 3.193854 96.0 83.0 76.0 0.2 81 2065
6907 1.076578 2.045711 1.803880 150.0 111.0 90.0 0.2 81 2066
6908 0.532352 2.284892 2.061838 118.0 93.0 82.0 0.2 81 2067
6909 1.430053 2.081107 2.177189 141.0 108.0 89.0 0.2 81 2068
6910 0.859341 2.107095 1.815783 143.0 106.0 88.0 0.2 81 2069
6911 0.388203 2.274339 2.189970 118.0 91.0 81.0 0.2 81 2070
6912 -0.196362 2.457942 2.717818 88.0 79.0 74.0 0.2 81 2071
6913 0.569381 2.268693 1.868763 120.0 96.0 83.0 0.2 81 2072
6914 -0.011116 2.250513 2.222393 118.0 91.0 80.0 0.2 81 2073
6915 -0.356040 2.452002 2.690059 88.0 79.0 74.0 0.2 81 2074
6916 -0.175590 2.241665 2.201689 119.0 92.0 80.0 0.2 81 2075
6917 1.252442 2.490534 2.680978 93.0 85.0 79.0 0.2 81 2076
6918 1.007491 2.189094 2.206114 130.0 99.0 85.0 0.2 81 2077
6919 -0.305247 2.192617 1.889751 125.0 97.0 82.0 0.2 81 2078
6920 0.409519 2.284886 2.235272 117.0 90.0 81.0 0.2 81 2079
6921 1.424874 2.337551 2.242286 114.0 96.0 84.0 0.2 81 2080
6922 -0.424112 2.169350 2.309989 125.0 95.0 81.0 0.2 81 2081
6923 1.098679 2.484380 2.769885 91.0 83.0 78.0 0.2 81 2082
6924 0.844021 2.142343 2.307596 134.0 98.0 85.0 0.2 81 2083
6925 -0.454459 2.100965 2.003599 136.0 102.0 84.0 0.2 81 2084
6926 0.337820 2.161016 2.918471 116.0 90.0 79.0 0.2 81 2085
6927 1.078049 2.220824 1.976737 128.0 101.0 86.0 0.2 81 2086
6928 0.518454 2.127159 2.363880 135.0 97.0 83.0 0.2 81 2087
6929 1.486951 2.391342 2.272996 108.0 95.0 84.0 0.2 81 2088
6930 0.922373 2.251082 1.967167 124.0 98.0 85.0 0.2 81 2089
6931 -0.362866 2.246469 2.330693 116.0 91.0 79.0 0.2 81 2090
6932 0.205035 2.472022 2.866201 86.0 77.0 74.0 0.2 81 2091
6933 0.965375 2.252502 2.010355 124.0 98.0 85.0 0.2 81 2092
6934 0.400363 2.100490 2.420127 136.0 97.0 83.0 0.2 81 2093
6935 0.109492 2.479363 2.858144 85.0 77.0 74.0 0.2 81 2094
6936 0.872181 2.258880 2.005376 123.0 97.0 84.0 0.2 81 2095
6937 0.298957 2.228645 2.372922 122.0 91.0 81.0 0.2 81 2096
6938 0.236995 2.454594 2.900364 88.0 78.0 74.0 0.2 81 2097
6939 0.996457 2.240726 2.040275 125.0 98.0 85.0 0.2 81 2098
6940 0.432429 2.083652 2.453659 137.0 98.0 83.0 0.2 81 2099
6941 0.042605 2.469361 2.883793 86.0 77.0 74.0 0.2 81 2100
6942 0.805601 2.248527 2.031678 124.0 96.0 84.0 0.2 81 2101
6943 0.229299 2.229150 2.397955 121.0 91.0 80.0 0.2 81 2102
6944 0.418453 2.410918 2.958799 91.0 79.0 75.0 0.2 81 2103
6945 1.168328 2.205173 2.091911 129.0 101.0 86.0 0.2 81 2104
6946 0.609939 2.044589 2.507361 140.0 100.0 84.0 0.2 81 2105
6947 -0.094474 2.446026 2.939680 87.0 78.0 73.0 0.2 81 2106
6948 1.355021 2.209141 2.103045 128.0 102.0 87.0 0.2 81 2107
6949 0.661585 2.188270 2.105323 131.0 97.0 84.0 0.2 81 2108
6950 0.088436 2.180698 2.469693 125.0 92.0 81.0 0.2 81 2109
6951 -0.056856 2.438022 2.958135 87.0 78.0 74.0 0.2 81 2110
6952 1.372884 2.031323 2.187802 147.0 110.0 90.0 0.2 81 2111
6953 0.699869 2.205865 2.114305 129.0 97.0 84.0 0.2 81 2112
6954 0.124535 2.203278 2.477623 122.0 91.0 80.0 0.2 81 2113
6955 -0.322753 2.444668 2.913647 86.0 78.0 73.0 0.2 81 2114
6956 1.132872 2.193957 2.086149 131.0 101.0 86.0 0.2 81 2115
6957 0.418817 2.220837 2.079550 126.0 95.0 83.0 0.2 81 2116
6958 -0.142230 2.148798 2.461907 126.0 94.0 81.0 0.2 81 2117
6959 1.294685 2.312326 3.067865 97.0 87.0 79.0 0.2 81 2118
6960 0.453340 2.231417 2.166331 124.0 93.0 82.0 0.2 81 2119
6961 -0.268290 2.220733 2.184100 121.0 93.0 81.0 0.2 81 2120
6962 0.520390 2.265960 3.110681 101.0 84.0 77.0 0.2 81 2121
6963 1.236328 2.002093 2.289083 148.0 109.0 89.0 0.2 81 2122
6964 0.704776 2.090243 2.608566 133.0 97.0 83.0 0.2 81 2123
6965 -0.100155 2.406441 3.022699 89.0 79.0 74.0 0.2 81 2124
6966 1.323863 2.016779 2.253771 147.0 109.0 89.0 0.2 81 2125
6967 0.647998 2.218773 2.171545 127.0 95.0 83.0 0.2 81 2126
6968 0.074769 2.204936 2.537915 121.0 90.0 80.0 0.2 81 2127
6969 -0.119663 2.380260 3.067852 91.0 79.0 74.0 0.2 81 2128
6970 0.620868 2.237036 2.208793 124.0 94.0 82.0 0.2 81 2129
6971 0.048741 2.214546 2.577143 119.0 90.0 79.0 0.2 81 2130
6972 -0.145145 2.383785 3.060091 90.0 79.0 74.0 0.2 81 2131
6973 0.594280 2.232810 2.204252 124.0 94.0 82.0 0.2 81 2132
6974 0.023296 2.208972 2.572596 119.0 90.0 79.0 0.2 81 2133
6975 -0.057913 2.352452 3.118993 92.0 80.0 74.0 0.2 81 2134
6976 0.678058 2.160230 2.282404 133.0 97.0 84.0 0.2 81 2135
6977 0.116230 2.143333 2.644252 125.0 92.0 80.0 0.2 81 2136
6978 -0.089848 2.355496 3.113807 92.0 80.0 74.0 0.2 81 2137
6979 0.644552 2.164996 2.277675 132.0 96.0 84.0 0.2 81 2138
6980 0.066788 2.339201 2.579999 104.0 84.0 77.0 0.2 81 2139
6981 1.434554 2.307094 3.160168 94.0 87.0 80.0 0.2 81 2140
6982 0.623117 2.153344 2.300824 133.0 97.0 84.0 0.2 81 2141
6983 -0.107511 2.252042 2.274644 117.0 91.0 80.0 0.2 81 2142
6984 0.004581 2.132704 2.419091 130.0 95.0 82.0 0.2 81 2143
6985 0.615342 2.324446 2.715915 106.0 85.0 78.0 0.2 81 2144
6986 1.317228 2.422771 2.674630 98.0 87.0 80.0 0.2 81 2145
6987 0.544655 2.053266 2.498047 139.0 99.0 84.0 0.2 81 2146
6988 1.140972 2.516943 2.689533 91.0 83.0 78.0 0.2 81 2147
6989 0.446881 2.083526 2.499596 136.0 97.0 83.0 0.2 81 2148
6990 1.053565 2.413891 2.747530 97.0 85.0 79.0 0.2 81 2149
6991 0.435665 2.275620 1.885700 118.0 95.0 83.0 0.2 81 2150
6992 0.689669 2.031411 2.533470 141.0 101.0 85.0 0.2 81 2151
6993 1.287263 2.412952 2.759783 97.0 86.0 80.0 0.2 81 2152
6994 -0.502725 2.115308 1.981171 134.0 101.0 83.0 0.2 81 2153
6995 -0.272692 2.206361 2.487913 119.0 91.0 79.0 0.2 81 2154
6996 1.047818 2.491436 2.745782 91.0 82.0 78.0 0.2 81 2155
6997 -0.427817 2.099136 2.005774 136.0 102.0 84.0 0.2 81 2156
6998 -0.190394 2.187030 2.517969 121.0 92.0 80.0 0.2 81 2157
6999 0.415093 2.334138 2.829880 102.0 83.0 77.0 0.2 81 2158
7000 1.127108 2.479944 2.774500 91.0 83.0 78.0 0.2 81 2159
7001 0.005429 2.488935 2.825278 84.0 77.0 74.0 0.2 81 2160
7002 0.575176 2.099649 2.610872 132.0 96.0 83.0 0.2 81 2161
7003 0.768829 2.276336 1.974976 120.0 96.0 84.0 0.2 81 2162
7004 -0.000015 2.481949 2.848475 85.0 77.0 74.0 0.2 81 2163
7005 0.569372 2.109749 2.628999 130.0 95.0 82.0 0.2 81 2164
7006 0.763470 2.223779 2.009542 127.0 97.0 84.0 0.2 81 2165
7007 0.384512 2.046139 2.684404 134.0 97.0 83.0 0.2 81 2166
7008 0.981886 2.446986 2.912769 90.0 81.0 77.0 0.2 81 2167
7009 1.636518 2.396282 2.913720 94.0 88.0 81.0 0.2 81 2168
7010 0.400016 2.037925 2.695637 134.0 97.0 83.0 0.2 81 2169
7011 0.996619 2.441800 2.923783 90.0 82.0 77.0 0.2 81 2170
7012 1.648672 2.392351 2.923343 94.0 89.0 81.0 0.2 81 2171
7013 0.040113 2.507095 2.551872 86.0 78.0 75.0 0.2 81 2172
7014 0.653092 2.419531 2.944474 91.0 80.0 76.0 0.2 81 2173
7015 1.340843 2.304651 2.977413 100.0 88.0 80.0 0.2 81 2174
7016 -0.126434 2.367683 2.082221 102.0 87.0 78.0 0.2 81 2175
7017 0.739755 2.411019 2.986794 91.0 81.0 76.0 0.2 81 2176
7018 1.419453 2.350545 2.997869 95.0 87.0 80.0 0.2 81 2177
7019 -0.657360 2.306385 2.123866 106.0 90.0 79.0 0.2 81 2178
7020 0.179143 2.419580 2.981411 89.0 79.0 74.0 0.2 81 2179
7021 0.895839 2.386766 3.004563 93.0 82.0 77.0 0.2 81 2180
7022 1.426054 2.491783 2.599752 95.0 88.0 80.0 0.2 81 2181
7023 1.597322 2.207100 2.134059 128.0 104.0 88.0 0.2 81 2182
7024 -0.100713 2.442762 2.946261 87.0 78.0 74.0 0.2 81 2183
7025 0.654553 2.189684 2.110982 131.0 97.0 84.0 0.2 81 2184
7026 -0.114655 2.241984 2.191346 119.0 92.0 80.0 0.2 81 2185
7027 0.765844 2.379726 3.070264 92.0 81.0 76.0 0.2 81 2186
7028 1.437056 2.339662 3.071632 94.0 87.0 80.0 0.2 81 2187
7029 -0.305934 2.216186 2.201187 121.0 93.0 81.0 0.2 81 2188
7030 -0.042079 2.531899 2.652073 82.0 77.0 74.0 0.2 81 2189
7031 0.570704 2.349006 3.074138 95.0 81.0 76.0 0.2 81 2190
7032 1.257773 2.309216 3.083786 97.0 86.0 79.0 0.2 81 2191
7033 -0.712811 2.236201 2.220019 115.0 93.0 80.0 0.2 81 2192
7034 -0.476698 2.463073 2.685812 86.0 79.0 74.0 0.2 81 2193
7035 0.125454 2.378047 3.066141 91.0 79.0 74.0 0.2 81 2194
7036 0.834614 2.372432 3.084345 92.0 82.0 77.0 0.2 81 2195
7037 1.379003 2.308362 2.754379 106.0 91.0 82.0 0.2 81 2196
7038 0.473610 2.268856 2.245955 119.0 91.0 81.0 0.2 81 2197
7039 0.737516 2.491340 2.750900 89.0 80.0 76.0 0.2 81 2198
7040 1.306345 2.308823 3.151297 95.0 86.0 79.0 0.2 81 2199
7041 -0.340550 2.177698 2.267639 125.0 95.0 81.0 0.2 81 2200
7042 -0.083809 2.515928 2.711786 83.0 77.0 73.0 0.2 81 2201
7043 0.532825 2.301696 3.135842 97.0 83.0 76.0 0.2 81 2202
7044 1.217471 2.309848 3.134551 95.0 86.0 79.0 0.2 81 2203
7045 0.087365 2.341557 3.134481 93.0 80.0 75.0 0.2 81 2204
7046 0.787430 2.335550 3.156265 94.0 82.0 77.0 0.2 81 2205
7047 1.334030 2.316719 2.819474 103.0 89.0 81.0 0.2 81 2206
7048 1.505872 2.163599 2.292714 130.0 103.0 87.0 0.2 81 2207
7049 0.068573 2.345496 3.127209 93.0 80.0 75.0 0.2 81 2208
7050 0.617336 2.380404 2.795122 99.0 82.0 77.0 0.2 81 2209
7051 0.811098 2.165946 2.279954 132.0 97.0 84.0 0.2 81 2210
7052 -0.034462 2.364296 3.098307 92.0 80.0 74.0 0.2 81 2211
7053 0.511872 2.355700 2.781453 101.0 83.0 77.0 0.2 81 2212
7054 0.708154 2.245724 2.230092 123.0 93.0 83.0 0.2 81 2213
7055 0.408539 2.279448 2.218627 117.0 91.0 81.0 0.2 81 2214
7056 0.057800 2.251570 2.275361 118.0 90.0 80.0 0.2 81 2215
7057 0.343672 2.117985 2.882486 121.0 92.0 80.0 0.2 81 2216
7058 0.931540 2.318691 3.171889 94.0 83.0 77.0 0.2 81 2217
7059 0.100217 2.324052 3.166006 94.0 81.0 75.0 0.2 81 2218
7060 0.646040 2.350092 2.842705 101.0 83.0 77.0 0.2 81 2219
7061 0.836909 2.126136 2.332528 136.0 99.0 85.0 0.2 81 2220
7062 0.034173 2.334062 3.147048 93.0 81.0 75.0 0.2 81 2221
7063 0.577745 2.385055 2.814567 98.0 82.0 77.0 0.2 81 2222
7064 0.770889 2.139086 2.311976 135.0 98.0 84.0 0.2 81 2223
7065 0.136197 2.157168 2.364523 130.0 94.0 82.0 0.2 81 2224
7066 0.404594 2.341647 2.881190 100.0 82.0 77.0 0.2 81 2225
7067 0.996294 2.285432 3.229892 95.0 85.0 78.0 0.2 81 2226
7068 0.586726 2.282248 3.229930 96.0 83.0 76.0 0.2 81 2227
7069 1.137903 2.455763 2.843192 91.0 83.0 78.0 0.2 81 2228
7070 1.324682 2.254214 2.331476 121.0 97.0 85.0 0.2 81 2229
7071 1.059700 2.050550 1.838311 150.0 110.0 90.0 0.2 81 2230
7072 0.530980 2.280975 3.234051 96.0 83.0 76.0 0.2 81 2231
7073 1.081415 2.471349 2.843499 90.0 82.0 78.0 0.2 81 2232
7074 1.005587 2.062017 1.838688 148.0 109.0 90.0 0.2 81 2233
7075 0.506940 2.279095 3.238978 96.0 83.0 76.0 0.2 81 2234
7076 1.057045 2.470575 2.850298 90.0 82.0 77.0 0.2 81 2235
7077 0.982027 2.067932 1.841821 147.0 109.0 89.0 0.2 81 2236
7078 0.364430 2.285011 3.217483 96.0 82.0 76.0 0.2 81 2237
7079 0.913049 2.479571 2.829450 89.0 81.0 77.0 0.2 81 2238
7080 0.841317 2.115181 1.807529 141.0 106.0 88.0 0.2 81 2239
7081 0.364233 2.276496 3.242539 96.0 83.0 76.0 0.2 81 2240
7082 0.911201 2.468545 2.861773 90.0 81.0 77.0 0.2 81 2241
7083 0.839893 2.117270 1.832045 141.0 105.0 88.0 0.2 81 2242
7084 0.782935 2.469700 2.840300 90.0 80.0 76.0 0.2 81 2243
7085 0.969422 2.450712 2.264576 102.0 89.0 80.0 0.2 81 2244
7086 0.820747 2.463579 2.864235 90.0 80.0 76.0 0.2 81 2245
7087 0.201085 2.299830 3.202477 95.0 82.0 75.0 0.2 81 2246
7088 0.745573 2.471340 2.827345 90.0 80.0 76.0 0.2 81 2247
7089 0.940943 2.217253 2.330576 125.0 95.0 84.0 0.2 81 2248
7090 0.719481 2.381286 2.892987 96.0 82.0 77.0 0.2 81 2249
7091 0.907219 2.102621 2.404126 137.0 100.0 85.0 0.2 81 2250
7092 0.661846 2.414828 2.967066 91.0 80.0 76.0 0.2 81 2251
7093 0.848546 2.074237 2.504191 137.0 100.0 85.0 0.2 81 2252
7094 0.594907 2.268679 1.871241 120.0 96.0 83.0 0.2 81 2253
7095 0.661846 2.414828 2.967066 91.0 80.0 76.0 0.2 81 2254
7096 0.848546 2.074237 2.504191 137.0 100.0 85.0 0.2 81 2255
7097 0.594907 2.268679 1.871241 120.0 96.0 83.0 0.2 81 2256
7098 -0.321216 2.241266 2.491668 114.0 89.0 79.0 0.2 81 2257
7099 -0.052740 2.422653 2.988924 88.0 78.0 74.0 0.2 81 2258
7100 -0.126753 2.142831 1.967942 133.0 99.0 83.0 0.2 81 2259
7101 1.108778 2.309078 3.058759 98.0 86.0 79.0 0.2 81 2260
7102 1.302127 2.384705 2.455735 106.0 91.0 82.0 0.2 81 2261
7103 0.202496 2.309233 2.553912 109.0 86.0 78.0 0.2 81 2262
7104 0.482069 2.280070 3.123062 100.0 83.0 77.0 0.2 81 2263
7105 0.957810 2.097923 1.712683 144.0 109.0 89.0 0.2 81 2264
7106 0.406278 2.273323 1.991107 119.0 93.0 82.0 0.2 81 2265
7107 0.023094 2.226008 2.618577 116.0 89.0 79.0 0.2 81 2266
7108 0.307117 2.246716 3.159237 101.0 84.0 76.0 0.2 81 2267
7109 0.623165 2.287602 3.200483 97.0 83.0 77.0 0.2 81 2268
7110 1.093918 2.041882 1.811355 151.0 112.0 90.0 0.2 81 2269
7111 0.550737 2.258062 2.075221 122.0 94.0 82.0 0.2 81 2270
7112 0.691209 2.268415 3.224031 98.0 84.0 77.0 0.2 81 2271
7113 0.877765 2.541608 2.572809 90.0 82.0 77.0 0.2 81 2272
7114 0.621405 2.186767 2.118373 131.0 97.0 84.0 0.2 81 2273
7115 0.746807 2.260392 3.291007 96.0 84.0 77.0 0.2 81 2274
7116 1.221776 2.162274 1.862980 135.0 106.0 88.0 0.2 81 2275
7117 0.682391 2.231179 2.179446 125.0 95.0 83.0 0.2 81 2276
7118 0.710057 2.248641 2.198142 123.0 94.0 83.0 0.2 81 2277
7119 -0.419247 2.476807 2.673537 85.0 78.0 74.0 0.2 81 2278
7120 -0.243214 2.230976 2.200754 120.0 92.0 80.0 0.2 81 2279
7121 0.764825 2.422966 2.711027 97.0 83.0 77.0 0.2 81 2280
7122 0.499694 2.233003 2.189737 124.0 93.0 82.0 0.2 81 2281
7123 -0.097086 2.248034 1.863140 118.0 95.0 82.0 0.2 81 2282
7124 0.731383 2.398107 2.711381 99.0 83.0 78.0 0.2 81 2283
7125 0.465447 2.235721 2.180046 124.0 93.0 82.0 0.2 81 2284
7126 -0.129005 2.246440 1.856658 118.0 95.0 82.0 0.2 81 2285
7127 0.394473 2.292828 2.229834 116.0 90.0 80.0 0.2 81 2286
7128 1.507095 2.341416 2.235997 113.0 97.0 85.0 0.2 81 2287
7129 -0.338756 2.181693 2.298560 124.0 94.0 81.0 0.2 81 2288
7130 0.213564 2.487309 2.782410 86.0 78.0 74.0 0.2 81 2289
7131 0.407471 2.266094 2.281608 119.0 90.0 81.0 0.2 81 2290
7132 0.362372 2.274573 2.926307 105.0 85.0 77.0 0.2 81 2291
7133 1.109709 2.181351 2.024354 133.0 102.0 87.0 0.2 81 2292
7134 0.550547 2.100162 2.410834 137.0 98.0 84.0 0.2 81 2293
7135 1.685137 2.394179 2.923619 94.0 89.0 81.0 0.2 81 2294
7136 0.893888 2.254882 2.050498 123.0 97.0 84.0 0.2 81 2295
7137 -0.385371 2.433866 2.356404 91.0 82.0 76.0 0.2 81 2296
7138 0.153065 2.441523 2.941089 88.0 78.0 74.0 0.2 81 2297
7139 1.574007 2.239870 2.090208 125.0 103.0 88.0 0.2 81 2298
7140 0.913902 2.248128 2.076291 124.0 97.0 84.0 0.2 81 2299
7141 0.340445 2.275234 2.428575 116.0 88.0 80.0 0.2 81 2300
7142 0.078892 2.435276 2.958308 88.0 78.0 74.0 0.2 81 2301
7143 1.509859 2.247653 2.103328 124.0 102.0 87.0 0.2 81 2302
7144 0.839325 2.241124 2.096372 125.0 96.0 84.0 0.2 81 2303
7145 0.262583 2.272025 2.448589 115.0 88.0 79.0 0.2 81 2304
7146 0.039675 2.450000 2.928697 87.0 78.0 74.0 0.2 81 2305
7147 1.471790 2.285558 2.067663 120.0 101.0 86.0 0.2 81 2306
7148 0.801151 2.246631 2.070782 124.0 96.0 84.0 0.2 81 2307
7149 0.223833 2.252303 2.430476 118.0 89.0 80.0 0.2 81 2308
7150 0.056792 2.437719 2.953827 88.0 78.0 74.0 0.2 81 2309
7151 1.489687 2.259154 2.096260 123.0 102.0 87.0 0.2 81 2310
7152 0.817245 2.239762 2.093818 125.0 96.0 84.0 0.2 81 2311
7153 0.239961 2.265878 2.447598 116.0 89.0 79.0 0.2 81 2312
7154 0.109302 2.412142 3.001533 89.0 79.0 74.0 0.2 81 2313
7155 0.866248 2.172549 2.155989 133.0 99.0 85.0 0.2 81 2314
7156 0.291072 2.291961 2.479172 113.0 87.0 79.0 0.2 81 2315
7157 0.089395 2.421710 2.986242 89.0 78.0 74.0 0.2 81 2316
7158 1.512497 2.096579 2.182146 139.0 108.0 89.0 0.2 81 2317
7159 0.847199 2.170865 2.144281 133.0 99.0 85.0 0.2 81 2318
7160 0.271544 2.284066 2.469405 114.0 88.0 79.0 0.2 81 2319
7161 1.594698 2.337908 3.039344 95.0 88.0 81.0 0.2 81 2320
7162 1.379671 2.194391 2.531456 122.0 98.0 85.0 0.2 81 2321
7163 0.798815 2.207624 2.162228 128.0 97.0 84.0 0.2 81 2322
7164 0.069236 2.288382 2.146129 114.0 90.0 80.0 0.2 81 2323
7165 -0.483757 2.327084 2.484839 103.0 86.0 77.0 0.2 81 2324
7166 -0.059718 2.376960 3.074560 91.0 79.0 74.0 0.2 81 2325
7167 0.684583 2.247592 2.207905 123.0 93.0 82.0 0.2 81 2326
7168 0.109478 2.234106 2.574603 117.0 89.0 79.0 0.2 81 2327
7169 -0.125614 2.387398 3.054626 90.0 79.0 74.0 0.2 81 2328
7170 0.616340 2.230167 2.198778 125.0 94.0 83.0 0.2 81 2329
7171 0.044396 2.209767 2.566493 119.0 90.0 79.0 0.2 81 2330
7172 1.423375 2.333463 3.088000 94.0 87.0 80.0 0.2 81 2331
7173 0.601380 2.229835 2.199017 125.0 94.0 83.0 0.2 81 2332
7174 -0.128608 2.245049 2.205529 118.0 91.0 80.0 0.2 81 2333
7175 -0.038302 2.355402 3.113920 92.0 80.0 74.0 0.2 81 2334
7176 0.700010 2.162976 2.275046 132.0 97.0 84.0 0.2 81 2335
7177 0.146590 2.075071 2.658347 131.0 96.0 82.0 0.2 81 2336
7178 1.058672 2.526876 2.667555 90.0 83.0 78.0 0.2 81 2337
7179 0.459591 2.069747 2.473828 138.0 98.0 84.0 0.2 81 2338
7180 -0.255909 2.172544 2.439512 123.0 93.0 80.0 0.2 81 2339
7181 0.368391 2.223446 2.340003 123.0 92.0 81.0 0.2 81 2340
7182 0.974284 2.540914 2.581592 90.0 83.0 78.0 0.2 81 2341
7183 0.526378 2.088210 2.436739 137.0 98.0 84.0 0.2 81 2342
7184 1.121799 2.533745 2.632600 90.0 84.0 78.0 0.2 81 2343
7185 0.526378 2.088210 2.436739 137.0 98.0 84.0 0.2 81 2344
7186 1.121799 2.533745 2.632600 90.0 84.0 78.0 0.2 81 2345
7187 0.341054 2.245101 2.382635 120.0 90.0 80.0 0.2 81 2346
7188 0.949988 2.535157 2.633935 89.0 82.0 77.0 0.2 81 2347
7189 0.595667 2.036406 2.513158 141.0 100.0 85.0 0.2 81 2348
7190 1.193927 2.475077 2.716758 93.0 84.0 79.0 0.2 81 2349
7191 -0.240110 2.227576 1.866107 120.0 96.0 82.0 0.2 81 2350
7192 0.005346 2.141657 2.437167 129.0 94.0 81.0 0.2 81 2351
7193 0.616610 2.337576 2.733124 104.0 84.0 78.0 0.2 81 2352
7194 1.318981 2.406847 2.702824 99.0 88.0 80.0 0.2 81 2353
7195 -0.310445 2.071819 2.073677 140.0 102.0 84.0 0.2 81 2354
7196 -0.068747 2.201817 2.579893 119.0 90.0 79.0 0.2 81 2355
7197 0.541127 2.405720 2.873441 94.0 81.0 76.0 0.2 81 2356
7198 1.244350 2.319954 2.901551 101.0 88.0 80.0 0.2 81 2357
7199 -0.367596 2.062966 2.096733 140.0 102.0 84.0 0.2 81 2358
7200 -0.131601 2.208310 2.595079 118.0 90.0 79.0 0.2 81 2359
7201 0.475986 2.391745 2.895560 95.0 81.0 76.0 0.2 81 2360
7202 1.184415 2.351064 2.910159 98.0 86.0 79.0 0.2 81 2361
7203 0.303992 2.408233 2.874581 93.0 80.0 75.0 0.2 81 2362
7204 0.872444 2.176967 2.600202 124.0 94.0 82.0 0.2 81 2363
7205 1.059584 2.226080 2.001122 127.0 100.0 86.0 0.2 81 2364
7206 -0.208189 2.460044 2.896158 85.0 78.0 73.0 0.2 81 2365
7207 0.361072 2.040348 2.694444 134.0 97.0 83.0 0.2 81 2366
7208 0.546187 2.287914 2.040295 118.0 93.0 82.0 0.2 81 2367
7209 -0.208189 2.460044 2.896158 85.0 78.0 73.0 0.2 81 2368
7210 0.361072 2.040348 2.694444 134.0 97.0 83.0 0.2 81 2369
7211 0.546187 2.287914 2.040295 118.0 93.0 82.0 0.2 81 2370
7212 0.435700 2.418746 2.944579 91.0 79.0 75.0 0.2 81 2371
7213 1.142911 2.322400 2.979450 99.0 86.0 79.0 0.2 81 2372
7214 0.435700 2.418746 2.944579 91.0 79.0 75.0 0.2 81 2373
7215 1.142911 2.322400 2.979450 99.0 86.0 79.0 0.2 81 2374
7216 -0.560647 2.138494 2.160524 129.0 98.0 82.0 0.2 81 2375
7217 -0.333484 2.433813 2.609320 91.0 80.0 75.0 0.2 81 2376
7218 0.276470 2.414989 2.971446 90.0 79.0 75.0 0.2 81 2377
7219 0.991550 2.414343 2.979351 91.0 82.0 77.0 0.2 81 2378
7220 1.514784 2.469998 2.591958 97.0 89.0 81.0 0.2 81 2379
7221 0.512995 2.378078 3.035671 93.0 80.0 76.0 0.2 81 2380
7222 1.207128 2.303904 3.058357 98.0 86.0 79.0 0.2 81 2381
7223 0.138884 2.391742 3.034593 91.0 79.0 74.0 0.2 81 2382
7224 0.701220 2.347482 2.714476 104.0 85.0 78.0 0.2 81 2383
7225 0.893794 2.183222 2.179973 131.0 98.0 85.0 0.2 81 2384
7226 0.355626 2.337858 2.144217 110.0 89.0 80.0 0.2 81 2385
7227 0.620177 2.310708 2.736091 107.0 86.0 78.0 0.2 81 2386
7228 1.203487 2.300644 3.081811 98.0 86.0 79.0 0.2 81 2387
7229 -0.250757 2.225353 2.185097 120.0 93.0 81.0 0.2 81 2388
7230 0.015154 2.533333 2.640101 82.0 77.0 74.0 0.2 81 2389
7231 0.627276 2.382691 3.053447 92.0 81.0 76.0 0.2 81 2390
7232 1.311369 2.314394 3.069590 96.0 87.0 79.0 0.2 81 2391
7233 -0.130343 2.391352 3.047776 90.0 79.0 74.0 0.2 81 2392
7234 0.612207 2.226780 2.193782 125.0 94.0 83.0 0.2 81 2393
7235 0.097454 2.354700 3.112650 92.0 80.0 74.0 0.2 81 2394
7236 0.650373 2.326517 2.798781 104.0 85.0 78.0 0.2 81 2395
7237 0.844949 2.227757 2.242016 125.0 95.0 83.0 0.2 81 2396
7238 0.396856 2.281241 2.209021 117.0 91.0 81.0 0.2 81 2397
7239 0.396856 2.281241 2.209021 117.0 91.0 81.0 0.2 81 2398
7240 0.134770 2.313886 3.183202 95.0 81.0 75.0 0.2 81 2399
7241 0.827535 2.306993 3.204239 95.0 83.0 77.0 0.2 81 2400
7242 1.368221 2.279516 2.875855 105.0 90.0 81.0 0.2 81 2401
7243 1.290776 2.080526 1.808118 145.0 111.0 91.0 0.2 81 2402
7244 0.061645 2.334570 3.145656 93.0 81.0 75.0 0.2 81 2403
7245 0.607319 2.383861 2.812196 98.0 82.0 77.0 0.2 81 2404
7246 0.800056 2.139569 2.308638 135.0 98.0 84.0 0.2 81 2405
7247 0.803543 2.480296 2.817317 89.0 80.0 76.0 0.2 81 2406
7248 0.999241 2.274230 2.304236 119.0 94.0 83.0 0.2 81 2407
7249 0.222214 2.294823 3.201840 96.0 82.0 75.0 0.2 81 2408
7250 0.767284 2.475762 2.822390 89.0 80.0 76.0 0.2 81 2409
7251 0.963285 2.254760 2.314115 121.0 94.0 83.0 0.2 81 2410
7252 0.658363 2.371523 2.916927 97.0 82.0 77.0 0.2 81 2411
7253 0.845123 2.073849 2.436311 139.0 100.0 85.0 0.2 81 2412
7254 0.547072 2.412256 2.904168 93.0 80.0 76.0 0.2 81 2413
7255 0.737443 2.077473 2.437784 139.0 100.0 85.0 0.2 81 2414
7256 -0.095007 2.435484 2.963146 87.0 78.0 74.0 0.2 81 2415
7257 -0.166123 2.147393 1.948066 133.0 99.0 83.0 0.2 81 2416
7258 -0.145766 2.416494 2.998003 88.0 78.0 74.0 0.2 81 2417
7259 -0.219778 2.115817 1.992813 136.0 101.0 84.0 0.2 81 2418
7260 -0.060809 2.370284 3.087222 91.0 80.0 74.0 0.2 81 2419
7261 1.111015 2.046662 1.740728 150.0 112.0 91.0 0.2 81 2420
7262 -0.143863 2.086861 2.075930 140.0 101.0 84.0 0.2 81 2421
7263 0.934571 2.333102 3.135182 94.0 83.0 77.0 0.2 81 2422
7264 0.872671 2.258899 2.011190 123.0 97.0 84.0 0.2 81 2423
7265 0.144759 2.315031 3.180792 94.0 81.0 75.0 0.2 81 2424
7266 0.057237 2.361215 2.059344 104.0 88.0 79.0 0.2 81 2425
7267 0.144759 2.315031 3.180792 94.0 81.0 75.0 0.2 81 2426
7268 0.057237 2.361215 2.059344 104.0 88.0 79.0 0.2 81 2427
7269 1.642776 2.233328 2.155934 125.0 104.0 88.0 0.2 81 2428
7270 1.083786 2.063907 1.861953 148.0 110.0 90.0 0.2 81 2429
7271 -0.191251 2.231166 2.161141 120.0 93.0 81.0 0.2 81 2430
7272 0.573005 2.262536 3.274703 97.0 83.0 76.0 0.2 81 2431
7273 0.760345 2.379210 2.702942 101.0 84.0 78.0 0.2 81 2432
7274 0.494509 2.222569 2.168741 126.0 94.0 82.0 0.2 81 2433
7275 0.421235 2.254570 2.186697 121.0 92.0 81.0 0.2 81 2434
7276 -0.131105 2.513187 2.703207 83.0 77.0 73.0 0.2 81 2435
7277 1.313201 2.069002 1.940699 146.0 110.0 90.0 0.2 81 2436
7278 0.631271 2.273543 1.872629 120.0 96.0 84.0 0.2 81 2437
7279 0.051865 2.247311 2.228340 119.0 91.0 80.0 0.2 81 2438
7280 -0.131105 2.513187 2.703207 83.0 77.0 73.0 0.2 81 2439
7281 1.313201 2.069002 1.940699 146.0 110.0 90.0 0.2 81 2440
7282 0.631271 2.273543 1.872629 120.0 96.0 84.0 0.2 81 2441
7283 0.051865 2.247311 2.228340 119.0 91.0 80.0 0.2 81 2442
7284 -0.171761 2.511092 2.682671 83.0 77.0 73.0 0.2 81 2443
7285 1.275595 2.208918 1.874041 130.0 104.0 88.0 0.2 81 2444
7286 0.590446 2.281106 1.852366 119.0 96.0 83.0 0.2 81 2445
7287 0.010362 2.246078 2.208395 119.0 91.0 80.0 0.2 81 2446
7288 0.610104 2.378466 2.740192 100.0 83.0 77.0 0.2 81 2447
7289 0.348115 2.387353 2.157050 104.0 87.0 79.0 0.2 81 2448
7290 -0.250336 2.180300 1.899127 127.0 98.0 83.0 0.2 81 2449
7291 0.527975 2.385712 2.847278 97.0 81.0 76.0 0.2 81 2450
7292 0.260378 2.359651 2.274406 106.0 86.0 79.0 0.2 81 2451
7293 -0.324663 2.086498 2.037013 138.0 102.0 84.0 0.2 81 2452
7294 0.077285 2.427288 2.975352 88.0 78.0 74.0 0.2 81 2453
7295 1.509606 2.211495 2.129976 128.0 103.0 88.0 0.2 81 2454
7296 0.835737 2.173028 2.134295 133.0 99.0 85.0 0.2 81 2455
7297 0.259740 2.278234 2.462053 114.0 88.0 79.0 0.2 81 2456
7298 -0.077542 2.449179 2.933512 86.0 78.0 74.0 0.2 81 2457
7299 1.370202 2.236011 2.088731 126.0 101.0 87.0 0.2 81 2458
7300 0.679790 2.190256 2.098428 131.0 97.0 84.0 0.2 81 2459
7301 0.105777 2.185599 2.461997 124.0 92.0 81.0 0.2 81 2460
7302 -0.209240 2.418381 2.988845 88.0 79.0 74.0 0.2 81 2461
7303 1.227673 2.042812 2.213482 146.0 107.0 89.0 0.2 81 2462
7304 0.534176 2.204687 2.149808 128.0 95.0 83.0 0.2 81 2463
7305 -0.033093 2.175351 2.519461 123.0 92.0 80.0 0.2 81 2464
7306 0.492243 2.281261 3.117582 100.0 83.0 77.0 0.2 81 2465
7307 1.209042 1.996592 2.303234 149.0 108.0 89.0 0.2 81 2466
7308 0.676868 2.096236 2.618703 132.0 96.0 83.0 0.2 81 2467
7309 -0.072687 2.384996 3.060709 90.0 79.0 74.0 0.2 81 2468
7310 0.672596 2.239219 2.198411 124.0 94.0 83.0 0.2 81 2469
7311 0.098477 2.220268 2.566683 118.0 89.0 79.0 0.2 81 2470
7312 -0.043836 2.370825 3.085221 91.0 80.0 74.0 0.2 81 2471
7313 0.700070 2.254156 2.214913 122.0 93.0 82.0 0.2 81 2472
7314 0.121130 2.301170 2.562340 109.0 86.0 78.0 0.2 81 2473
7315 0.573519 2.247049 2.227492 122.0 93.0 82.0 0.2 81 2474
7316 0.003524 2.216472 2.597195 118.0 89.0 79.0 0.2 81 2475
7317 1.414504 2.318684 3.131039 94.0 87.0 80.0 0.2 81 2476
7318 1.186211 2.508781 2.500798 95.0 86.0 80.0 0.2 81 2477
7319 0.595813 2.192747 2.255434 129.0 95.0 83.0 0.2 81 2478
7320 -0.134187 2.248710 2.246208 118.0 91.0 80.0 0.2 81 2479
7321 1.312446 2.287171 3.204249 95.0 87.0 79.0 0.2 81 2480
7322 0.487868 2.136829 2.348048 134.0 96.0 83.0 0.2 81 2481
7323 -0.221337 2.120032 2.359359 131.0 96.0 82.0 0.2 81 2482
7324 1.040525 2.528934 2.660636 90.0 83.0 78.0 0.2 81 2483
7325 0.440713 2.075901 2.465550 138.0 98.0 84.0 0.2 81 2484
7326 -0.275011 2.179602 2.431371 123.0 93.0 80.0 0.2 81 2485
7327 1.026397 2.504408 2.690574 91.0 83.0 78.0 0.2 81 2486
7328 0.423336 2.089620 2.479129 136.0 97.0 83.0 0.2 81 2487
7329 -0.293809 2.199706 2.442702 120.0 92.0 80.0 0.2 81 2488
7330 0.379085 2.263793 2.163042 120.0 92.0 81.0 0.2 81 2489
7331 0.040253 2.245961 2.216909 119.0 91.0 80.0 0.2 81 2490
7332 0.659048 2.098012 2.621082 132.0 96.0 83.0 0.2 81 2491
7333 1.357388 2.219547 2.581771 119.0 96.0 84.0 0.2 81 2492
7334 0.423646 2.093577 2.483899 135.0 97.0 83.0 0.2 81 2493
7335 1.031491 2.418314 2.733503 97.0 84.0 79.0 0.2 81 2494
7336 -0.033536 2.523381 2.697562 82.0 77.0 74.0 0.2 81 2495
7337 0.534825 2.039770 2.514783 140.0 100.0 84.0 0.2 81 2496
7338 0.146320 2.477176 2.862833 86.0 77.0 74.0 0.2 81 2497
7339 0.714791 2.108783 2.639455 130.0 96.0 83.0 0.2 81 2498
7340 0.908235 2.258928 2.008349 123.0 97.0 84.0 0.2 81 2499
7341 0.038388 2.356523 2.060972 105.0 88.0 79.0 0.2 81 2500
7342 0.905363 2.395561 2.971972 93.0 82.0 77.0 0.2 81 2501
7343 1.564438 2.328995 2.978575 97.0 89.0 81.0 0.2 81 2502
7344 -0.017807 2.345273 2.076671 106.0 88.0 79.0 0.2 81 2503
7345 0.851927 2.385819 2.987292 94.0 82.0 77.0 0.2 81 2504
7346 1.520076 2.371239 2.977932 94.0 87.0 80.0 0.2 81 2505
7347 -0.497171 2.406850 2.621548 93.0 82.0 75.0 0.2 81 2506
7348 0.101444 2.430780 2.966385 88.0 78.0 74.0 0.2 81 2507
7349 0.819701 2.407474 2.988405 92.0 81.0 76.0 0.2 81 2508
7350 1.364190 2.264107 2.680902 112.0 93.0 83.0 0.2 81 2509
7351 1.530406 2.228704 2.115906 126.0 103.0 87.0 0.2 81 2510
7352 -0.138496 2.451649 2.924615 86.0 78.0 73.0 0.2 81 2511
7353 0.616945 2.222761 2.082281 126.0 96.0 83.0 0.2 81 2512
7354 -0.106414 2.382162 3.065282 90.0 79.0 74.0 0.2 81 2513
7355 0.635634 2.236800 2.205666 124.0 94.0 83.0 0.2 81 2514
7356 -0.454394 2.336737 2.231021 104.0 87.0 78.0 0.2 81 2515
7357 -0.199841 2.479368 2.735997 85.0 78.0 74.0 0.2 81 2516
7358 0.420896 2.273868 3.149812 99.0 83.0 76.0 0.2 81 2517
7359 1.108655 2.296827 3.150938 96.0 85.0 78.0 0.2 81 2518
7360 -0.086790 2.108502 2.362083 133.0 97.0 82.0 0.2 81 2519
7361 0.167483 2.493803 2.799970 85.0 77.0 74.0 0.2 81 2520
7362 0.778537 2.301685 3.207742 95.0 83.0 77.0 0.2 81 2521
7363 0.609219 2.289187 3.202537 96.0 83.0 76.0 0.2 81 2522
7364 1.162661 2.376073 2.844086 98.0 86.0 79.0 0.2 81 2523
7365 1.343786 2.321979 2.277071 115.0 96.0 84.0 0.2 81 2524
7366 1.080717 2.044606 1.812815 150.0 111.0 90.0 0.2 81 2525
7367 0.796689 2.291970 3.228574 95.0 83.0 77.0 0.2 81 2526
7368 1.338834 2.282589 2.899336 104.0 90.0 81.0 0.2 81 2527
7369 0.450133 2.281636 3.231560 96.0 83.0 76.0 0.2 81 2528
7370 0.999875 2.474104 2.843346 90.0 82.0 77.0 0.2 81 2529
7371 0.926132 2.082276 1.830329 146.0 108.0 89.0 0.2 81 2530
7372 0.496533 2.385970 2.873928 96.0 81.0 76.0 0.2 81 2531
7373 0.688809 2.104581 2.387431 137.0 98.0 84.0 0.2 81 2532
7374 0.430248 2.349539 2.879144 99.0 82.0 77.0 0.2 81 2533
7375 0.622502 2.113261 2.378053 136.0 98.0 84.0 0.2 81 2534
7376 -0.233541 2.208989 2.531658 118.0 90.0 79.0 0.2 81 2535
7377 0.034187 2.402179 3.027184 90.0 79.0 74.0 0.2 81 2536
7378 -0.044296 2.166205 1.985608 131.0 98.0 83.0 0.2 81 2537
7379 -0.476522 2.338511 2.492943 102.0 85.0 77.0 0.2 81 2538
7380 -0.200795 2.404670 3.018317 89.0 79.0 74.0 0.2 81 2539
7381 1.600232 2.335212 3.051044 95.0 89.0 81.0 0.2 81 2540
7382 -0.275570 2.096322 2.022518 138.0 101.0 84.0 0.2 81 2541
7383 0.042975 2.220505 2.596391 117.0 89.0 79.0 0.2 81 2542
7384 0.322763 2.284301 3.130763 99.0 83.0 76.0 0.2 81 2543
7385 0.247483 2.365628 1.986458 106.0 89.0 80.0 0.2 81 2544
7386 0.042975 2.220505 2.596391 117.0 89.0 79.0 0.2 81 2545
7387 0.322763 2.284301 3.130763 99.0 83.0 76.0 0.2 81 2546
7388 0.247483 2.365628 1.986458 106.0 89.0 80.0 0.2 81 2547
7389 -0.448714 2.385922 2.533358 96.0 83.0 76.0 0.2 81 2548
7390 -0.164649 2.371075 3.081463 91.0 80.0 74.0 0.2 81 2549
7391 1.009900 2.074921 1.728758 147.0 110.0 90.0 0.2 81 2550
7392 -0.244931 2.069796 2.086318 141.0 102.0 84.0 0.2 81 2551
7393 -0.011440 2.524178 2.556802 84.0 78.0 74.0 0.2 81 2552
7394 -0.426031 2.397415 2.556098 95.0 82.0 75.0 0.2 81 2553
7395 1.032508 2.060916 1.758511 148.0 111.0 90.0 0.2 81 2554
7396 -0.233846 2.270097 2.043326 115.0 92.0 80.0 0.2 81 2555
7397 0.750296 2.490309 2.717233 90.0 81.0 77.0 0.2 81 2556
7398 0.486683 2.251969 2.217441 121.0 92.0 82.0 0.2 81 2557
7399 -0.115611 2.203979 1.905738 125.0 96.0 82.0 0.2 81 2558
7400 0.628129 2.295326 2.747387 108.0 86.0 79.0 0.2 81 2559
7401 0.361566 2.294793 2.162791 115.0 90.0 81.0 0.2 81 2560
7402 -0.229454 2.229407 1.865155 120.0 95.0 82.0 0.2 81 2561
7403 -0.004035 2.520284 2.714233 83.0 77.0 74.0 0.2 81 2562
7404 1.431535 2.141049 1.930052 137.0 108.0 90.0 0.2 81 2563
7405 0.186669 2.351700 2.205491 107.0 87.0 79.0 0.2 81 2564
7406 -0.072942 2.517087 2.711486 82.0 77.0 74.0 0.2 81 2565
7407 1.369941 2.142429 1.924436 137.0 108.0 89.0 0.2 81 2566
7408 0.689347 2.286923 1.877716 119.0 96.0 84.0 0.2 81 2567
7409 0.111697 2.237882 2.239541 121.0 92.0 81.0 0.2 81 2568
7410 -0.109217 2.514148 2.709118 83.0 77.0 73.0 0.2 81 2569
7411 1.333790 2.073148 1.945526 146.0 110.0 90.0 0.2 81 2570
7412 0.653284 2.274322 1.877790 120.0 96.0 84.0 0.2 81 2571
7413 0.074371 2.245335 2.234658 120.0 91.0 80.0 0.2 81 2572
7414 -0.109217 2.514148 2.709118 83.0 77.0 73.0 0.2 81 2573
7415 1.333790 2.073148 1.945526 146.0 110.0 90.0 0.2 81 2574
7416 0.653284 2.274322 1.877790 120.0 96.0 84.0 0.2 81 2575
7417 0.074371 2.245335 2.234658 120.0 91.0 80.0 0.2 81 2576
7418 -0.090597 2.508855 2.729418 83.0 77.0 73.0 0.2 81 2577
7419 1.355295 2.157735 1.933178 136.0 107.0 89.0 0.2 81 2578
7420 0.672521 2.251513 1.899372 123.0 97.0 84.0 0.2 81 2579
7421 0.093790 2.244157 2.252947 120.0 91.0 80.0 0.2 81 2580
7422 -0.445121 2.397756 2.201402 96.0 85.0 77.0 0.2 81 2581
7423 1.112478 2.483015 2.764107 91.0 83.0 78.0 0.2 81 2582
7424 0.861319 2.227478 2.270255 125.0 95.0 83.0 0.2 81 2583
7425 -0.441969 2.103914 1.996237 136.0 101.0 84.0 0.2 81 2584
7426 0.032059 2.485208 2.842138 85.0 77.0 74.0 0.2 81 2585
7427 0.795752 2.240578 1.998775 125.0 97.0 84.0 0.2 81 2586
7428 0.218757 2.285087 2.342121 115.0 89.0 80.0 0.2 81 2587
7429 0.983795 2.247110 2.017804 125.0 98.0 85.0 0.2 81 2588
7430 0.271798 2.352122 1.997336 107.0 90.0 80.0 0.2 81 2589
7431 -0.295560 2.181956 2.401158 123.0 93.0 80.0 0.2 81 2590
7432 0.964332 2.247921 2.037993 124.0 98.0 85.0 0.2 81 2591
7433 0.252288 2.374777 2.012290 105.0 89.0 80.0 0.2 81 2592
7434 -0.319222 2.214120 2.411578 119.0 91.0 80.0 0.2 81 2593
7435 0.945067 2.254224 2.021445 124.0 98.0 85.0 0.2 81 2594
7436 -0.344264 2.344443 2.355483 103.0 86.0 77.0 0.2 81 2595
7437 0.156720 2.441267 2.941289 88.0 78.0 74.0 0.2 81 2596
7438 1.577169 2.238872 2.090627 125.0 103.0 88.0 0.2 81 2597
7439 0.917504 2.247524 2.076481 124.0 97.0 84.0 0.2 81 2598
7440 0.344212 2.275668 2.428415 116.0 88.0 80.0 0.2 81 2599
7441 0.115203 2.433039 2.960299 88.0 78.0 74.0 0.2 81 2600
7442 1.542302 2.229394 2.110143 126.0 103.0 88.0 0.2 81 2601
7443 0.875622 2.244349 2.095364 124.0 96.0 84.0 0.2 81 2602
7444 0.300122 2.278279 2.446388 115.0 88.0 79.0 0.2 81 2603
7445 -0.270310 2.433228 2.947808 87.0 78.0 73.0 0.2 81 2604
7446 1.183896 2.219860 2.108347 127.0 100.0 86.0 0.2 81 2605
7447 0.472220 2.195759 2.117084 129.0 96.0 83.0 0.2 81 2606
7448 -0.091017 2.156364 2.489334 126.0 93.0 81.0 0.2 81 2607
7449 0.175683 2.395232 3.012221 91.0 79.0 74.0 0.2 81 2608
7450 1.590866 2.146199 2.179915 134.0 106.0 89.0 0.2 81 2609
7451 0.931402 2.165364 2.161786 134.0 100.0 85.0 0.2 81 2610
7452 0.359051 2.302119 2.478768 112.0 87.0 79.0 0.2 81 2611
7453 -0.129866 2.421948 2.988620 88.0 78.0 74.0 0.2 81 2612
7454 1.303663 2.039156 2.213325 146.0 108.0 89.0 0.2 81 2613
7455 0.619861 2.200900 2.147150 129.0 96.0 83.0 0.2 81 2614
7456 0.048172 2.187395 2.513006 123.0 91.0 80.0 0.2 81 2615
7457 -0.299591 2.418089 2.976162 88.0 79.0 73.0 0.2 81 2616
7458 1.151608 2.208621 2.138917 128.0 100.0 86.0 0.2 81 2617
7459 0.436483 2.219788 2.136897 126.0 94.0 82.0 0.2 81 2618
7460 -0.125821 2.170867 2.511451 123.0 92.0 80.0 0.2 81 2619
7461 1.614359 2.317820 3.033201 96.0 89.0 81.0 0.2 81 2620
7462 1.407555 2.262621 2.494270 117.0 96.0 84.0 0.2 81 2621
7463 0.823323 2.189504 2.156147 131.0 98.0 84.0 0.2 81 2622
7464 0.098272 2.334141 2.120449 108.0 88.0 79.0 0.2 81 2623
7465 1.357399 2.312476 3.048913 97.0 87.0 80.0 0.2 81 2624
7466 0.523334 2.208928 2.154614 127.0 95.0 83.0 0.2 81 2625
7467 -0.201942 2.230523 2.161620 120.0 93.0 81.0 0.2 81 2626
7468 0.550838 2.247126 2.224576 122.0 93.0 82.0 0.2 81 2627
7469 -0.018084 2.213378 2.594891 118.0 89.0 79.0 0.2 81 2628
7470 1.446013 2.301128 3.171781 94.0 87.0 80.0 0.2 81 2629
7471 1.231115 2.482102 2.554758 96.0 87.0 80.0 0.2 81 2630
7472 0.638540 2.144244 2.316630 134.0 97.0 84.0 0.2 81 2631
7473 -0.092424 2.254195 2.285745 117.0 90.0 80.0 0.2 81 2632
7474 1.519371 2.449046 2.625332 98.0 89.0 81.0 0.2 81 2633
7475 0.956862 2.336521 2.311153 113.0 91.0 82.0 0.2 81 2634
7476 0.226154 2.311244 2.324137 112.0 88.0 79.0 0.2 81 2635
7477 -0.331391 2.437890 2.631399 90.0 80.0 75.0 0.2 81 2636
7478 -0.060942 2.253863 1.868531 118.0 94.0 82.0 0.2 81 2637
7479 0.182525 2.232547 2.424834 120.0 90.0 80.0 0.2 81 2638
7480 0.801401 2.454613 2.707432 94.0 82.0 77.0 0.2 81 2639
7481 1.478574 2.479079 2.686877 94.0 87.0 80.0 0.2 81 2640
7482 0.048283 2.511216 2.751747 83.0 77.0 74.0 0.2 81 2641
7483 0.617384 2.060348 2.556796 137.0 98.0 84.0 0.2 81 2642
7484 -0.524090 2.119600 2.174653 131.0 99.0 82.0 0.2 81 2643
7485 0.320645 2.289924 3.018631 101.0 83.0 76.0 0.2 81 2644
7486 1.026048 2.336382 3.014477 97.0 84.0 78.0 0.2 81 2645
7487 -0.162820 2.238703 2.152122 119.0 92.0 81.0 0.2 81 2646
7488 0.716325 2.397604 3.023552 92.0 81.0 76.0 0.2 81 2647
7489 1.393661 2.316183 3.040908 97.0 87.0 80.0 0.2 81 2648
7490 0.220079 2.374604 3.017345 93.0 80.0 75.0 0.2 81 2649
7491 0.784807 2.312864 2.698721 108.0 87.0 79.0 0.2 81 2650
7492 0.974227 2.162501 2.159913 134.0 100.0 86.0 0.2 81 2651
7493 -0.172454 2.412170 3.003647 89.0 79.0 74.0 0.2 81 2652
7494 0.572291 2.206903 2.160890 128.0 95.0 83.0 0.2 81 2653
7495 -0.315203 2.205397 2.213765 122.0 94.0 81.0 0.2 81 2654
7496 -0.052619 2.530071 2.661671 82.0 77.0 74.0 0.2 81 2655
7497 0.560954 2.331147 3.087392 96.0 82.0 76.0 0.2 81 2656
7498 1.247703 2.308990 3.092493 96.0 86.0 79.0 0.2 81 2657
7499 0.408710 2.280749 2.221271 117.0 90.0 81.0 0.2 81 2658
7500 0.674841 2.428697 2.755359 95.0 81.0 77.0 0.2 81 2659
7501 1.250955 2.312095 3.133080 95.0 86.0 79.0 0.2 81 2660
7502 -0.399117 2.171424 2.291360 125.0 95.0 81.0 0.2 81 2661
7503 -0.150198 2.464750 2.751583 87.0 78.0 74.0 0.2 81 2662
7504 0.470182 2.302170 3.153196 97.0 82.0 76.0 0.2 81 2663
7505 1.156628 2.304993 3.156285 95.0 85.0 78.0 0.2 81 2664
7506 -0.703830 2.328048 2.230770 103.0 88.0 78.0 0.2 81 2665
7507 -0.463697 2.440115 2.734501 88.0 80.0 74.0 0.2 81 2666
7508 0.143212 2.354608 3.111983 93.0 80.0 75.0 0.2 81 2667
7509 0.846836 2.349164 3.130738 93.0 82.0 77.0 0.2 81 2668
7510 1.390281 2.432208 2.749416 96.0 87.0 80.0 0.2 81 2669
7511 0.045939 2.329983 3.153936 94.0 81.0 75.0 0.2 81 2670
7512 0.589282 2.387142 2.820024 97.0 82.0 77.0 0.2 81 2671
7513 0.782048 2.134531 2.319948 135.0 98.0 84.0 0.2 81 2672
7514 0.571234 2.288608 3.212457 96.0 83.0 76.0 0.2 81 2673
7515 1.122234 2.475016 2.816749 90.0 83.0 78.0 0.2 81 2674
7516 1.309957 2.261362 2.310148 120.0 97.0 85.0 0.2 81 2675
7517 1.044569 2.053252 1.820024 149.0 110.0 90.0 0.2 81 2676
7518 0.501700 2.286115 3.221736 96.0 83.0 76.0 0.2 81 2677
7519 1.052381 2.477458 2.828994 90.0 82.0 77.0 0.2 81 2678
7520 0.977103 2.068828 1.824440 147.0 109.0 89.0 0.2 81 2679
7521 0.733957 2.366287 2.892296 98.0 83.0 77.0 0.2 81 2680
7522 0.924271 2.143981 2.382601 133.0 98.0 85.0 0.2 81 2681
7523 0.648351 2.404108 2.929246 93.0 81.0 76.0 0.2 81 2682
7524 0.834069 2.053718 2.468281 140.0 101.0 85.0 0.2 81 2683
7525 0.648351 2.404108 2.929246 93.0 81.0 76.0 0.2 81 2684
7526 0.834069 2.053718 2.468281 140.0 101.0 85.0 0.2 81 2685
7527 1.354385 2.310479 3.004068 98.0 88.0 80.0 0.2 81 2686
7528 1.289362 2.097178 1.934809 143.0 109.0 90.0 0.2 81 2687
7529 1.046863 2.302586 3.095078 98.0 85.0 78.0 0.2 81 2688
7530 1.233731 2.476917 2.457938 98.0 88.0 80.0 0.2 81 2689
7531 0.985942 2.245271 1.966217 125.0 99.0 85.0 0.2 81 2690
7532 0.714760 2.383495 3.060018 92.0 81.0 76.0 0.2 81 2691
7533 0.905999 2.168513 2.559346 126.0 95.0 83.0 0.2 81 2692
7534 0.647018 2.262162 1.950630 122.0 96.0 83.0 0.2 81 2693
7535 0.731995 2.446146 2.717273 94.0 82.0 77.0 0.2 81 2694
7536 0.466865 2.247452 2.200698 122.0 92.0 82.0 0.2 81 2695
7537 -0.131537 2.227339 1.883355 121.0 95.0 82.0 0.2 81 2696
7538 -0.430273 2.340049 2.229511 103.0 87.0 78.0 0.2 81 2697
7539 -0.430273 2.340049 2.229511 103.0 87.0 78.0 0.2 81 2698
7540 0.053340 2.504590 2.778460 84.0 77.0 74.0 0.2 81 2699
7541 0.813329 2.333941 1.922969 114.0 95.0 83.0 0.2 81 2700
7542 0.245635 2.372287 2.255471 104.0 86.0 79.0 0.2 81 2701
7543 0.053340 2.504590 2.778460 84.0 77.0 74.0 0.2 81 2702
7544 0.813329 2.333941 1.922969 114.0 95.0 83.0 0.2 81 2703
7545 0.245635 2.372287 2.255471 104.0 86.0 79.0 0.2 81 2704
7546 0.224627 2.479461 2.833823 86.0 78.0 74.0 0.2 81 2705
7547 0.983963 2.249105 1.982430 124.0 99.0 85.0 0.2 81 2706
7548 0.419577 2.119725 2.382397 135.0 97.0 83.0 0.2 81 2707
7549 0.219756 2.469997 2.867321 87.0 78.0 74.0 0.2 81 2708
7550 0.979634 2.249690 2.011221 124.0 98.0 85.0 0.2 81 2709
7551 0.415112 2.099277 2.420537 136.0 97.0 83.0 0.2 81 2710
7552 0.569606 2.267077 3.147091 100.0 84.0 77.0 0.2 81 2711
7553 0.754797 2.113765 2.641234 130.0 96.0 83.0 0.2 81 2712
7554 1.180242 2.001783 2.309813 148.0 108.0 89.0 0.2 81 2713
7555 0.490257 2.249883 2.215010 122.0 92.0 82.0 0.2 81 2714
7556 -0.075212 2.204139 2.588072 119.0 90.0 79.0 0.2 81 2715
7557 0.178618 2.348341 2.191686 107.0 87.0 79.0 0.2 81 2716
7558 0.789468 2.105205 2.628794 131.0 96.0 83.0 0.2 81 2717
7559 0.041666 2.526816 2.679160 83.0 77.0 74.0 0.2 81 2718
7560 0.609298 2.055863 2.491262 139.0 99.0 84.0 0.2 81 2719
7561 -0.423339 2.445828 2.733755 88.0 79.0 74.0 0.2 81 2720
7562 0.846321 2.081802 2.516981 136.0 99.0 85.0 0.2 81 2721
7563 0.373862 2.046688 2.684112 134.0 97.0 83.0 0.2 81 2722
7564 0.971180 2.446909 2.912897 90.0 81.0 77.0 0.2 81 2723
7565 1.627290 2.395617 2.914437 94.0 88.0 81.0 0.2 81 2724
7566 0.043244 2.362522 2.028243 104.0 88.0 79.0 0.2 81 2725
7567 0.310981 2.045823 2.689322 133.0 97.0 82.0 0.2 81 2726
7568 0.907001 2.440869 2.921816 90.0 81.0 77.0 0.2 81 2727
7569 1.566493 2.312102 2.952287 99.0 90.0 81.0 0.2 81 2728
7570 0.014283 2.466864 2.889752 86.0 77.0 74.0 0.2 81 2729
7571 0.581704 2.317596 2.599255 109.0 86.0 79.0 0.2 81 2730
7572 0.776943 2.232996 2.042198 126.0 97.0 84.0 0.2 81 2731
7573 0.423271 2.406841 2.972043 91.0 80.0 75.0 0.2 81 2732
7574 1.129122 2.315768 3.004944 99.0 86.0 79.0 0.2 81 2733
7575 0.423271 2.406841 2.972043 91.0 80.0 75.0 0.2 81 2734
7576 1.129122 2.315768 3.004944 99.0 86.0 79.0 0.2 81 2735
7577 -0.014685 2.305921 2.119278 111.0 89.0 80.0 0.2 81 2736
7578 0.860572 2.393562 3.016863 92.0 82.0 77.0 0.2 81 2737
7579 1.525536 2.362698 3.012201 94.0 87.0 80.0 0.2 81 2738
7580 -0.129980 2.235300 2.167153 120.0 92.0 81.0 0.2 81 2739
7581 0.749887 2.391501 3.040398 92.0 81.0 76.0 0.2 81 2740
7582 1.424892 2.342888 3.045817 94.0 87.0 80.0 0.2 81 2741
7583 -0.529664 2.124735 2.201420 130.0 98.0 82.0 0.2 81 2742
7584 -0.302098 2.443209 2.644677 90.0 80.0 74.0 0.2 81 2743
7585 0.317521 2.276014 3.049983 102.0 84.0 77.0 0.2 81 2744
7586 1.019084 2.319168 3.048423 98.0 85.0 78.0 0.2 81 2745
7587 1.544060 2.461365 2.634743 96.0 89.0 81.0 0.2 81 2746
7588 -0.564828 2.126816 2.207485 129.0 98.0 82.0 0.2 81 2747
7589 -0.334882 2.492361 2.631501 84.0 78.0 74.0 0.2 81 2748
7590 0.273616 2.345980 3.036047 96.0 81.0 75.0 0.2 81 2749
7591 0.980897 2.323823 3.053077 97.0 84.0 78.0 0.2 81 2750
7592 1.509570 2.462058 2.641461 96.0 89.0 81.0 0.2 81 2751
7593 -0.605012 2.143166 2.177437 128.0 98.0 82.0 0.2 81 2752
7594 0.227190 2.411530 2.988528 90.0 79.0 74.0 0.2 81 2753
7595 0.942426 2.401948 3.001966 92.0 82.0 77.0 0.2 81 2754
7596 1.469194 2.485154 2.604779 95.0 88.0 81.0 0.2 81 2755
7597 -0.089669 2.239997 2.179541 120.0 92.0 81.0 0.2 81 2756
7598 0.790430 2.385812 3.056969 92.0 81.0 76.0 0.2 81 2757
7599 1.460337 2.347575 3.056962 94.0 87.0 80.0 0.2 81 2758
7600 -0.263926 2.225568 2.208879 120.0 93.0 80.0 0.2 81 2759
7601 0.001644 2.530946 2.664938 82.0 77.0 74.0 0.2 81 2760
7602 0.614626 2.368882 3.080376 93.0 81.0 76.0 0.2 81 2761
7603 1.298009 2.315282 3.092139 96.0 86.0 79.0 0.2 81 2762
7604 -0.263926 2.225568 2.208879 120.0 93.0 80.0 0.2 81 2763
7605 0.001644 2.530946 2.664938 82.0 77.0 74.0 0.2 81 2764
7606 0.614626 2.368882 3.080376 93.0 81.0 76.0 0.2 81 2765
7607 1.298009 2.315282 3.092139 96.0 86.0 79.0 0.2 81 2766
7608 -0.544446 2.145033 2.228801 127.0 97.0 82.0 0.2 81 2767
7609 -0.308325 2.496203 2.659719 84.0 78.0 74.0 0.2 81 2768
7610 0.307330 2.271574 3.083882 101.0 84.0 76.0 0.2 81 2769
7611 1.005470 2.309427 3.085241 97.0 85.0 78.0 0.2 81 2770
7612 1.533007 2.466690 2.669394 95.0 88.0 81.0 0.2 81 2771
7613 0.067100 2.373161 3.078881 91.0 80.0 74.0 0.2 81 2772
7614 0.622481 2.320572 2.769842 105.0 85.0 78.0 0.2 81 2773
7615 0.817313 2.226789 2.211267 126.0 95.0 83.0 0.2 81 2774
7616 0.067100 2.373161 3.078881 91.0 80.0 74.0 0.2 81 2775
7617 0.622481 2.320572 2.769842 105.0 85.0 78.0 0.2 81 2776
7618 0.817313 2.226789 2.211267 126.0 95.0 83.0 0.2 81 2777
7619 -0.286239 2.212341 2.243180 121.0 93.0 80.0 0.2 81 2778
7620 -0.022673 2.523902 2.697500 82.0 77.0 74.0 0.2 81 2779
7621 0.593433 2.265074 3.134418 101.0 84.0 77.0 0.2 81 2780
7622 1.274467 2.314274 3.120833 95.0 86.0 79.0 0.2 81 2781
7623 -0.286239 2.212341 2.243180 121.0 93.0 80.0 0.2 81 2782
7624 -0.022673 2.523902 2.697500 82.0 77.0 74.0 0.2 81 2783
7625 0.593433 2.265074 3.134418 101.0 84.0 77.0 0.2 81 2784
7626 1.274467 2.314274 3.120833 95.0 86.0 79.0 0.2 81 2785
7627 0.047312 2.357826 3.106771 92.0 80.0 74.0 0.2 81 2786
7628 0.597386 2.391673 2.772354 98.0 82.0 77.0 0.2 81 2787
7629 0.793434 2.238891 2.235171 124.0 94.0 83.0 0.2 81 2788
7630 -0.018452 2.357224 3.109096 92.0 80.0 74.0 0.2 81 2789
7631 0.527361 2.361061 2.788945 100.0 83.0 77.0 0.2 81 2790
7632 0.722048 2.169573 2.266278 132.0 97.0 84.0 0.2 81 2791
7633 -0.018452 2.357224 3.109096 92.0 80.0 74.0 0.2 81 2792
7634 0.527361 2.361061 2.788945 100.0 83.0 77.0 0.2 81 2793
7635 0.722048 2.169573 2.266278 132.0 97.0 84.0 0.2 81 2794
7636 0.496462 2.361515 2.825018 99.0 82.0 77.0 0.2 81 2795
7637 0.690155 2.142748 2.313893 134.0 97.0 84.0 0.2 81 2796
7638 0.531094 2.382832 2.839247 97.0 82.0 77.0 0.2 81 2797
7639 0.724073 2.126424 2.341829 136.0 98.0 84.0 0.2 81 2798
7640 0.260920 2.216919 2.364749 123.0 92.0 81.0 0.2 81 2799
7641 0.530604 2.407858 2.881557 94.0 80.0 76.0 0.2 81 2800
7642 1.109964 2.274014 3.248939 95.0 85.0 78.0 0.2 81 2801
7643 0.873524 2.374704 3.075142 92.0 82.0 77.0 0.2 81 2802
7644 0.805715 2.314233 1.949147 116.0 95.0 83.0 0.2 81 2803
7645 0.863875 2.358673 3.108424 93.0 82.0 77.0 0.2 81 2804
7646 0.799143 2.242357 1.995360 125.0 97.0 84.0 0.2 81 2805
7647 0.005232 2.223827 2.619009 116.0 89.0 79.0 0.2 81 2806
7648 0.290839 2.232738 3.161111 102.0 85.0 77.0 0.2 81 2807
7649 0.005232 2.223827 2.619009 116.0 89.0 79.0 0.2 81 2808
7650 0.290839 2.232738 3.161111 102.0 85.0 77.0 0.2 81 2809
7651 0.668845 2.269333 3.202321 98.0 84.0 77.0 0.2 81 2810
7652 0.855318 2.533549 2.551801 90.0 82.0 77.0 0.2 81 2811
7653 0.598925 2.261259 2.070767 121.0 94.0 83.0 0.2 81 2812
7654 0.435569 2.271468 3.256323 96.0 83.0 76.0 0.2 81 2813
7655 0.614607 2.341770 2.700550 105.0 85.0 78.0 0.2 81 2814
7656 0.350338 2.322327 2.124958 112.0 90.0 80.0 0.2 81 2815
7657 0.227796 2.483571 2.778140 87.0 78.0 74.0 0.2 81 2816
7658 0.422256 2.267563 2.274769 119.0 91.0 81.0 0.2 81 2817
7659 0.227796 2.483571 2.778140 87.0 78.0 74.0 0.2 81 2818
7660 0.422256 2.267563 2.274769 119.0 91.0 81.0 0.2 81 2819
7661 0.342248 2.185232 2.972757 112.0 88.0 78.0 0.2 81 2820
7662 1.083996 2.173820 2.053338 133.0 102.0 87.0 0.2 81 2821
7663 0.523183 2.084355 2.444264 138.0 98.0 84.0 0.2 81 2822
7664 -0.048639 2.447087 2.938180 87.0 78.0 74.0 0.2 81 2823
7665 1.382638 2.036521 2.167629 146.0 110.0 90.0 0.2 81 2824
7666 0.709793 2.202886 2.097015 129.0 97.0 84.0 0.2 81 2825
7667 0.133786 2.207471 2.457862 122.0 91.0 80.0 0.2 81 2826
7668 1.633830 2.353201 2.992795 95.0 89.0 81.0 0.2 81 2827
7669 1.411425 2.439277 2.397666 103.0 91.0 82.0 0.2 81 2828
7670 0.839294 2.176547 2.129972 132.0 99.0 85.0 0.2 81 2829
7671 0.120832 2.373802 2.080446 103.0 87.0 79.0 0.2 81 2830
7672 -0.444140 2.285245 2.457113 109.0 88.0 78.0 0.2 81 2831
7673 1.633830 2.353201 2.992795 95.0 89.0 81.0 0.2 81 2832
7674 1.411425 2.439277 2.397666 103.0 91.0 82.0 0.2 81 2833
7675 0.839294 2.176547 2.129972 132.0 99.0 85.0 0.2 81 2834
7676 0.120832 2.373802 2.080446 103.0 87.0 79.0 0.2 81 2835
7677 -0.444140 2.285245 2.457113 109.0 88.0 78.0 0.2 81 2836
7678 0.231757 2.404849 2.996653 91.0 79.0 75.0 0.2 81 2837
7679 0.987447 2.155945 2.150073 135.0 101.0 86.0 0.2 81 2838
7680 0.422483 2.125587 2.522243 131.0 95.0 82.0 0.2 81 2839
7681 0.161743 2.372136 3.069319 92.0 80.0 75.0 0.2 81 2840
7682 0.914218 2.193969 2.207177 130.0 98.0 84.0 0.2 81 2841
7683 0.339876 2.323485 2.527688 109.0 86.0 78.0 0.2 81 2842
7684 1.404124 2.331845 3.078112 94.0 87.0 80.0 0.2 81 2843
7685 0.578146 2.223301 2.189093 126.0 94.0 83.0 0.2 81 2844
7686 -0.150656 2.241883 2.195140 119.0 92.0 80.0 0.2 81 2845
7687 1.475424 2.455623 2.598958 98.0 89.0 81.0 0.2 81 2846
7688 0.905471 2.156421 2.349611 132.0 98.0 84.0 0.2 81 2847
7689 0.178402 2.174604 2.345932 128.0 94.0 82.0 0.2 81 2848
7690 -0.373905 2.477252 2.592816 86.0 79.0 74.0 0.2 81 2849
7691 0.252582 2.337560 2.299896 109.0 87.0 79.0 0.2 81 2850
7692 0.864096 2.539171 2.580172 89.0 82.0 77.0 0.2 81 2851
7693 0.086984 2.241477 2.749514 112.0 87.0 78.0 0.2 81 2852
7694 0.651129 2.072170 2.454943 139.0 99.0 84.0 0.2 81 2853
7695 0.452345 2.068976 2.474081 138.0 98.0 84.0 0.2 81 2854
7696 1.051676 2.526799 2.667677 90.0 83.0 78.0 0.2 81 2855
7697 0.263935 2.249763 2.412564 119.0 90.0 80.0 0.2 81 2856
7698 0.882660 2.413259 2.717753 98.0 84.0 78.0 0.2 81 2857
7699 1.550291 2.461212 2.686530 95.0 89.0 81.0 0.2 81 2858
7700 -0.049502 2.347152 2.034386 105.0 88.0 79.0 0.2 81 2859
7701 0.222762 2.049340 2.687043 133.0 97.0 82.0 0.2 81 2860
7702 0.817255 2.377344 2.945755 95.0 82.0 77.0 0.2 81 2861
7703 1.492031 2.383328 2.931078 94.0 87.0 80.0 0.2 81 2862
7704 1.015519 2.427533 2.953244 91.0 82.0 77.0 0.2 81 2863
7705 1.663436 2.382544 2.949382 94.0 89.0 81.0 0.2 81 2864
7706 1.015519 2.427533 2.953244 91.0 82.0 77.0 0.2 81 2865
7707 1.663436 2.382544 2.949382 94.0 89.0 81.0 0.2 81 2866
7708 -0.084996 2.357075 2.081028 104.0 87.0 79.0 0.2 81 2867
7709 0.783247 2.411394 2.983926 91.0 81.0 76.0 0.2 81 2868
7710 1.459168 2.366699 2.987943 94.0 87.0 80.0 0.2 81 2869
7711 -0.160782 2.455351 2.913901 86.0 78.0 73.0 0.2 81 2870
7712 0.595035 2.287192 2.054603 118.0 93.0 82.0 0.2 81 2871
7713 -0.162241 2.436201 2.957263 87.0 78.0 73.0 0.2 81 2872
7714 0.588239 2.187093 2.124689 131.0 97.0 84.0 0.2 81 2873
7715 0.024985 2.294264 2.130563 113.0 90.0 80.0 0.2 81 2874
7716 0.900379 2.392041 3.026096 92.0 82.0 77.0 0.2 81 2875
7717 1.559393 2.355720 3.021398 94.0 88.0 80.0 0.2 81 2876
7718 -0.330591 2.188558 2.225626 124.0 95.0 81.0 0.2 81 2877
7719 -0.070486 2.527974 2.668285 82.0 77.0 74.0 0.2 81 2878
7720 0.544577 2.286934 3.103766 100.0 83.0 77.0 0.2 81 2879
7721 1.230836 2.307365 3.098930 96.0 86.0 79.0 0.2 81 2880
7722 -0.015677 2.380284 3.067559 91.0 79.0 74.0 0.2 81 2881
7723 0.541216 2.070901 2.831186 127.0 95.0 82.0 0.2 81 2882
7724 0.732341 2.253097 2.196557 122.0 94.0 83.0 0.2 81 2883
7725 0.593958 2.294727 3.187657 96.0 83.0 76.0 0.2 81 2884
7726 1.145553 2.472893 2.789628 91.0 83.0 78.0 0.2 81 2885
7727 1.331510 2.250361 2.286321 122.0 98.0 85.0 0.2 81 2886
7728 1.065963 2.048533 1.796983 150.0 111.0 90.0 0.2 81 2887
7729 0.115782 2.146955 2.377337 130.0 95.0 82.0 0.2 81 2888
7730 0.383411 2.336075 2.891421 100.0 83.0 77.0 0.2 81 2889
7731 0.975732 2.281716 3.238665 96.0 85.0 78.0 0.2 81 2890
7732 0.904264 2.430289 2.941044 91.0 81.0 77.0 0.2 81 2891
7733 0.447594 2.289816 3.208819 96.0 82.0 76.0 0.2 81 2892
7734 0.630393 2.245428 2.679915 115.0 89.0 80.0 0.2 81 2893
7735 0.364107 2.238325 2.098938 123.0 94.0 82.0 0.2 81 2894
7736 -0.038100 2.501487 2.769018 84.0 77.0 74.0 0.2 81 2895
7737 1.402370 2.220837 1.949972 128.0 104.0 88.0 0.2 81 2896
7738 0.725723 2.239136 1.935984 125.0 97.0 84.0 0.2 81 2897
7739 0.150359 2.171047 2.313707 129.0 94.0 82.0 0.2 81 2898
7740 1.051022 2.226772 2.021298 127.0 100.0 86.0 0.2 81 2899
7741 0.335252 2.245053 2.020524 122.0 94.0 82.0 0.2 81 2900
7742 -0.223816 2.145547 2.409795 127.0 95.0 81.0 0.2 81 2901
7743 0.385590 2.326260 2.953162 100.0 83.0 76.0 0.2 81 2902
7744 1.134252 2.188404 2.064030 131.0 102.0 86.0 0.2 81 2903
7745 0.575368 2.071136 2.464379 139.0 99.0 84.0 0.2 81 2904
7746 0.385590 2.326260 2.953162 100.0 83.0 76.0 0.2 81 2905
7747 1.134252 2.188404 2.064030 131.0 102.0 86.0 0.2 81 2906
7748 0.575368 2.071136 2.464379 139.0 99.0 84.0 0.2 81 2907
7749 0.088039 2.459215 2.906457 86.0 77.0 74.0 0.2 81 2908
7750 0.850371 2.255217 2.047413 123.0 96.0 84.0 0.2 81 2909
7751 0.274996 2.250254 2.409242 119.0 90.0 80.0 0.2 81 2910
7752 0.182017 2.422882 2.974611 89.0 78.0 74.0 0.2 81 2911
7753 1.599696 2.214769 2.125607 127.0 104.0 88.0 0.2 81 2912
7754 0.940054 2.161430 2.132470 134.0 100.0 86.0 0.2 81 2913
7755 0.368502 2.289319 2.451837 114.0 88.0 79.0 0.2 81 2914
7756 -0.225148 2.424286 2.975104 88.0 78.0 73.0 0.2 81 2915
7757 1.215759 2.057752 2.194703 145.0 107.0 89.0 0.2 81 2916
7758 0.518488 2.200815 2.139091 129.0 95.0 83.0 0.2 81 2917
7759 -0.047720 2.168763 2.509472 124.0 92.0 80.0 0.2 81 2918
7760 0.492817 2.275148 3.083081 101.0 84.0 77.0 0.2 81 2919
7761 1.215658 2.022631 2.252527 147.0 108.0 89.0 0.2 81 2920
7762 0.677437 2.075337 2.585719 135.0 98.0 84.0 0.2 81 2921
7763 0.492817 2.275148 3.083081 101.0 84.0 77.0 0.2 81 2922
7764 1.215658 2.022631 2.252527 147.0 108.0 89.0 0.2 81 2923
7765 0.677437 2.075337 2.585719 135.0 98.0 84.0 0.2 81 2924
7766 1.364389 2.322520 3.079519 95.0 87.0 80.0 0.2 81 2925
7767 0.533043 2.225467 2.185740 125.0 94.0 82.0 0.2 81 2926
7768 -0.193760 2.238846 2.194125 119.0 92.0 80.0 0.2 81 2927
7769 -0.065981 2.365729 3.096299 91.0 80.0 74.0 0.2 81 2928
7770 0.674249 2.216626 2.240263 126.0 94.0 83.0 0.2 81 2929
7771 0.096269 2.298477 2.575320 109.0 86.0 78.0 0.2 81 2930
7772 1.441577 2.434775 2.549664 100.0 90.0 81.0 0.2 81 2931
7773 0.868289 2.229065 2.263427 125.0 95.0 83.0 0.2 81 2932
7774 0.135425 2.235737 2.267324 121.0 91.0 81.0 0.2 81 2933
7775 -0.418354 2.402939 2.563107 94.0 82.0 75.0 0.2 81 2934
7776 1.441577 2.434775 2.549664 100.0 90.0 81.0 0.2 81 2935
7777 0.868289 2.229065 2.263427 125.0 95.0 83.0 0.2 81 2936
7778 0.135425 2.235737 2.267324 121.0 91.0 81.0 0.2 81 2937
7779 -0.418354 2.402939 2.563107 94.0 82.0 75.0 0.2 81 2938
7780 1.357041 2.301772 3.170062 95.0 87.0 79.0 0.2 81 2939
7781 1.128527 2.526375 2.530871 93.0 85.0 79.0 0.2 81 2940
7782 0.534111 2.155696 2.306678 133.0 96.0 83.0 0.2 81 2941
7783 -0.193079 2.237461 2.286704 118.0 91.0 80.0 0.2 81 2942
7784 -0.016930 2.532856 2.648957 82.0 77.0 74.0 0.2 81 2943
7785 0.549450 2.076632 2.456253 138.0 99.0 84.0 0.2 81 2944
7786 0.529569 2.060745 2.538000 138.0 98.0 84.0 0.2 81 2945
7787 1.131310 2.448375 2.763381 94.0 84.0 79.0 0.2 81 2946
7788 -0.119336 2.421813 2.989135 88.0 78.0 74.0 0.2 81 2947
7789 -0.192885 2.126224 1.979333 135.0 100.0 84.0 0.2 81 2948
7790 0.055880 2.488911 2.550059 88.0 79.0 75.0 0.2 81 2949
7791 0.339998 2.258761 3.176800 100.0 84.0 76.0 0.2 81 2950
7792 0.816370 2.138614 1.753864 138.0 105.0 87.0 0.2 81 2951
7793 0.259928 2.376865 2.025721 104.0 88.0 80.0 0.2 81 2952
7794 0.749709 2.447968 2.704035 94.0 82.0 77.0 0.2 81 2953
7795 0.484885 2.237316 2.191549 123.0 93.0 82.0 0.2 81 2954
7796 -0.112006 2.242566 1.867769 119.0 95.0 82.0 0.2 81 2955
7797 0.169562 2.495018 2.778516 85.0 77.0 74.0 0.2 81 2956
7798 0.362189 2.265142 2.282398 119.0 90.0 81.0 0.2 81 2957
7799 1.377339 2.272593 2.924778 104.0 90.0 81.0 0.2 81 2958
7800 0.543539 2.282299 1.992477 118.0 94.0 82.0 0.2 81 2959
7801 -0.171273 2.082068 2.075863 140.0 101.0 84.0 0.2 81 2960
7802 0.506468 2.427525 2.903894 91.0 80.0 75.0 0.2 81 2961
7803 0.236443 2.226885 2.392489 121.0 91.0 80.0 0.2 81 2962
7804 -0.340388 2.065613 2.114590 140.0 102.0 84.0 0.2 81 2963
7805 0.506468 2.427525 2.903894 91.0 80.0 75.0 0.2 81 2964
7806 0.236443 2.226885 2.392489 121.0 91.0 80.0 0.2 81 2965
7807 -0.340388 2.065613 2.114590 140.0 102.0 84.0 0.2 81 2966
7808 -0.291269 2.433302 2.944014 87.0 78.0 73.0 0.2 81 2967
7809 1.162971 2.214414 2.106836 128.0 100.0 86.0 0.2 81 2968
7810 0.449667 2.200063 2.112934 129.0 96.0 83.0 0.2 81 2969
7811 -0.112517 2.156240 2.486338 125.0 93.0 81.0 0.2 81 2970
7812 1.382854 2.300933 3.011621 99.0 88.0 80.0 0.2 81 2971
7813 0.550582 2.186344 2.119274 131.0 97.0 84.0 0.2 81 2972
7814 -0.160619 2.375507 2.078314 101.0 87.0 78.0 0.2 81 2973
7815 0.224153 2.352634 3.046542 95.0 81.0 75.0 0.2 81 2974
7816 1.632387 2.211948 2.177847 127.0 104.0 88.0 0.2 81 2975
7817 0.976311 2.174469 2.180261 132.0 99.0 85.0 0.2 81 2976
7818 0.408855 2.169413 2.544859 126.0 93.0 81.0 0.2 81 2977
7819 1.486424 2.331551 3.102311 94.0 87.0 80.0 0.2 81 2978
7820 1.263270 2.478115 2.487978 98.0 88.0 80.0 0.2 81 2979
7821 0.677317 2.247422 2.211101 123.0 93.0 82.0 0.2 81 2980
7822 -0.055233 2.250457 2.220234 118.0 91.0 80.0 0.2 81 2981
7823 0.973868 2.249546 2.312809 122.0 94.0 83.0 0.2 81 2982
7824 0.245391 2.355506 2.281991 106.0 86.0 79.0 0.2 81 2983
7825 0.973868 2.249546 2.312809 122.0 94.0 83.0 0.2 81 2984
7826 0.245391 2.355506 2.281991 106.0 86.0 79.0 0.2 81 2985
7827 0.482632 2.057832 2.490194 139.0 99.0 84.0 0.2 81 2986
7828 1.080942 2.522171 2.681818 90.0 83.0 78.0 0.2 81 2987
7829 -0.272990 2.071842 2.077922 140.0 102.0 84.0 0.2 81 2988
7830 -0.029434 2.207467 2.584572 119.0 90.0 79.0 0.2 81 2989
7831 0.582358 2.404722 2.880318 94.0 81.0 76.0 0.2 81 2990
7832 1.280739 2.305999 2.911204 102.0 88.0 80.0 0.2 81 2991
7833 -0.143264 2.467688 2.881460 85.0 77.0 73.0 0.2 81 2992
7834 0.426352 2.048409 2.678428 134.0 97.0 83.0 0.2 81 2993
7835 0.615450 2.284227 2.025932 119.0 94.0 83.0 0.2 81 2994
7836 -0.680602 2.296932 2.155308 107.0 90.0 79.0 0.2 81 2995
7837 -0.446576 2.413293 2.658042 92.0 81.0 75.0 0.2 81 2996
7838 0.158214 2.395906 3.017066 91.0 79.0 74.0 0.2 81 2997
7839 0.871985 2.391879 3.032005 92.0 82.0 77.0 0.2 81 2998
7840 1.405626 2.491601 2.631009 94.0 87.0 80.0 0.2 81 2999
7841 -0.099612 2.393267 3.046006 90.0 79.0 74.0 0.2 81 3000
7842 0.645660 2.228792 2.189752 125.0 94.0 83.0 0.2 81 3001
7843 -0.099612 2.393267 3.046006 90.0 79.0 74.0 0.2 81 3002
7844 0.645660 2.228792 2.189752 125.0 94.0 83.0 0.2 81 3003
7845 -0.583242 2.370157 2.206937 98.0 86.0 77.0 0.2 81 3004
7846 -0.339703 2.489654 2.711103 84.0 78.0 73.0 0.2 81 3005
7847 0.271346 2.348325 3.110572 93.0 80.0 75.0 0.2 81 3006
7848 0.972228 2.318936 3.130443 95.0 84.0 78.0 0.2 81 3007
7849 1.503553 2.471087 2.720219 94.0 87.0 80.0 0.2 81 3008
7850 -0.305860 2.150473 2.314542 128.0 96.0 81.0 0.2 81 3009
7851 -0.053347 2.503188 2.756169 83.0 77.0 74.0 0.2 81 3010
7852 0.564341 2.301017 3.172132 96.0 83.0 76.0 0.2 81 3011
7853 1.243011 2.302907 3.170924 95.0 86.0 79.0 0.2 81 3012
7854 0.623352 2.362877 2.889534 98.0 82.0 77.0 0.2 81 3013
7855 0.812537 2.094862 2.397388 138.0 100.0 85.0 0.2 81 3014
7856 1.394029 2.322845 3.055886 96.0 87.0 80.0 0.2 81 3015
7857 1.336316 2.131642 1.981704 138.0 107.0 89.0 0.2 81 3016
7858 -0.491258 2.091826 2.025809 136.0 102.0 84.0 0.2 81 3017
7859 0.606746 2.285792 3.216470 96.0 83.0 76.0 0.2 81 3018
7860 0.797097 2.272856 2.674808 113.0 88.0 80.0 0.2 81 3019
7861 0.531763 2.187369 2.116109 131.0 96.0 84.0 0.2 81 3020
7862 0.288239 2.442821 2.900101 89.0 78.0 75.0 0.2 81 3021
7863 1.045669 2.224920 2.039473 127.0 99.0 85.0 0.2 81 3022
7864 0.483128 2.085498 2.446909 137.0 98.0 84.0 0.2 81 3023
7865 -0.095455 2.437093 2.959751 87.0 78.0 74.0 0.2 81 3024
7866 1.340740 2.052396 2.181027 145.0 108.0 89.0 0.2 81 3025
7867 0.659104 2.196103 2.120940 130.0 97.0 84.0 0.2 81 3026
7868 0.085800 2.187039 2.485898 124.0 92.0 80.0 0.2 81 3027
7869 1.026621 2.493192 2.748346 91.0 82.0 78.0 0.2 81 3028
7870 0.422308 2.124008 2.519692 131.0 95.0 82.0 0.2 81 3029
7871 -0.295302 2.220355 2.486439 117.0 90.0 79.0 0.2 81 3030
7872 1.026621 2.493192 2.748346 91.0 82.0 78.0 0.2 81 3031
7873 0.422308 2.124008 2.519692 131.0 95.0 82.0 0.2 81 3032
7874 -0.295302 2.220355 2.486439 117.0 90.0 79.0 0.2 81 3033
7875 0.518093 2.285531 3.128247 99.0 83.0 77.0 0.2 81 3034
7876 0.703031 2.102172 2.629220 131.0 96.0 83.0 0.2 81 3035
7877 0.443793 2.280386 1.994397 118.0 93.0 82.0 0.2 81 3036
7878 0.381841 2.288754 2.203785 116.0 90.0 81.0 0.2 81 3037
7879 0.108733 2.483403 2.847650 85.0 77.0 74.0 0.2 81 3038
7880 0.871459 2.258121 1.996870 123.0 97.0 84.0 0.2 81 3039
7881 0.298463 2.223901 2.365221 123.0 91.0 81.0 0.2 81 3040
7882 -0.201923 2.439156 2.946117 87.0 78.0 73.0 0.2 81 3041
7883 1.251972 2.217845 2.107075 128.0 101.0 86.0 0.2 81 3042
7884 0.546676 2.185933 2.116420 131.0 97.0 84.0 0.2 81 3043
7885 -0.020585 2.159860 2.485380 126.0 93.0 81.0 0.2 81 3044
7886 -0.183368 2.394072 3.038788 90.0 79.0 74.0 0.2 81 3045
7887 1.240755 2.010127 2.273521 148.0 108.0 89.0 0.2 81 3046
7888 0.555694 2.224798 2.188807 125.0 94.0 83.0 0.2 81 3047
7889 -0.013296 2.197021 2.557905 120.0 91.0 80.0 0.2 81 3048
7890 -0.183368 2.394072 3.038788 90.0 79.0 74.0 0.2 81 3049
7891 1.240755 2.010127 2.273521 148.0 108.0 89.0 0.2 81 3050
7892 0.555694 2.224798 2.188807 125.0 94.0 83.0 0.2 81 3051
7893 -0.013296 2.197021 2.557905 120.0 91.0 80.0 0.2 81 3052
7894 -0.555109 2.117271 2.182292 131.0 99.0 82.0 0.2 81 3053
7895 -0.332266 2.435022 2.623602 90.0 80.0 75.0 0.2 81 3054
7896 0.278846 2.393220 2.993288 92.0 80.0 75.0 0.2 81 3055
7897 0.992089 2.402616 2.998432 92.0 82.0 77.0 0.2 81 3056
7898 1.518654 2.450107 2.615697 98.0 89.0 81.0 0.2 81 3057
7899 -0.555109 2.117271 2.182292 131.0 99.0 82.0 0.2 81 3058
7900 -0.332266 2.435022 2.623602 90.0 80.0 75.0 0.2 81 3059
7901 0.278846 2.393220 2.993288 92.0 80.0 75.0 0.2 81 3060
7902 0.992089 2.402616 2.998432 92.0 82.0 77.0 0.2 81 3061
7903 1.518654 2.450107 2.615697 98.0 89.0 81.0 0.2 81 3062
7904 -0.219690 2.457228 2.694046 88.0 79.0 74.0 0.2 81 3063
7905 0.397598 2.354155 3.082555 94.0 81.0 75.0 0.2 81 3064
7906 1.094762 2.297698 3.104099 98.0 86.0 79.0 0.2 81 3065
7907 -0.394316 2.449071 2.719075 88.0 79.0 74.0 0.2 81 3066
7908 0.216309 2.355985 3.100909 93.0 80.0 75.0 0.2 81 3067
7909 0.920352 2.342480 3.118709 94.0 83.0 77.0 0.2 81 3068
7910 1.459865 2.401730 2.744721 98.0 88.0 81.0 0.2 81 3069
7911 1.625118 2.205678 2.239781 126.0 103.0 88.0 0.2 81 3070
7912 0.505902 2.422305 2.896873 92.0 80.0 76.0 0.2 81 3071
7913 0.697511 2.081035 2.433317 139.0 99.0 85.0 0.2 81 3072
7914 0.592185 2.392662 3.020809 92.0 80.0 76.0 0.2 81 3073
7915 0.779252 2.069218 2.554704 136.0 99.0 84.0 0.2 81 3074
7916 0.524278 2.259080 1.918771 121.0 95.0 83.0 0.2 81 3075
7917 0.592185 2.392662 3.020809 92.0 80.0 76.0 0.2 81 3076
7918 0.779252 2.069218 2.554704 136.0 99.0 84.0 0.2 81 3077
7919 0.524278 2.259080 1.918771 121.0 95.0 83.0 0.2 81 3078
7920 -0.074355 2.480088 2.823809 85.0 77.0 74.0 0.2 81 3079
7921 1.373852 2.154110 2.015834 135.0 106.0 89.0 0.2 81 3080
7922 0.688867 2.259507 1.976768 122.0 96.0 84.0 0.2 81 3081
7923 0.115572 2.143909 2.372299 131.0 95.0 82.0 0.2 81 3082
7924 0.920005 2.255323 1.980416 124.0 98.0 85.0 0.2 81 3083
7925 -0.364769 2.365972 2.307728 100.0 85.0 77.0 0.2 81 3084
7926 1.541909 2.367422 2.984023 94.0 88.0 80.0 0.2 81 3085
7927 1.321717 2.338901 2.425794 111.0 93.0 83.0 0.2 81 3086
7928 0.729366 2.214065 2.108377 128.0 96.0 84.0 0.2 81 3087
7929 0.007029 2.340323 2.083107 107.0 88.0 79.0 0.2 81 3088
7930 1.522104 2.338439 3.084740 93.0 87.0 80.0 0.2 81 3089
7931 -0.354862 2.074255 2.065973 139.0 102.0 84.0 0.2 81 3090
7932 -0.306732 2.118679 1.970080 135.0 101.0 84.0 0.2 81 3091
7933 -0.058646 2.163900 2.501983 125.0 93.0 80.0 0.2 81 3092
7934 0.550251 2.368989 2.795580 100.0 83.0 77.0 0.2 81 3093
7935 1.254356 2.468125 2.752646 93.0 85.0 79.0 0.2 81 3094
7936 -0.306732 2.118679 1.970080 135.0 101.0 84.0 0.2 81 3095
7937 -0.058646 2.163900 2.501983 125.0 93.0 80.0 0.2 81 3096
7938 0.550251 2.368989 2.795580 100.0 83.0 77.0 0.2 81 3097
7939 1.254356 2.468125 2.752646 93.0 85.0 79.0 0.2 81 3098
7940 0.562973 2.369768 2.972537 95.0 81.0 76.0 0.2 81 3099
7941 1.258255 2.313661 2.988523 99.0 87.0 80.0 0.2 81 3100
7942 0.043530 2.433957 2.963279 88.0 78.0 74.0 0.2 81 3101
7943 0.608121 2.344578 2.655755 105.0 85.0 78.0 0.2 81 3102
7944 0.802584 2.185937 2.120618 131.0 98.0 85.0 0.2 81 3103
7945 -0.215832 2.236471 2.260586 119.0 92.0 80.0 0.2 81 3104
7946 0.050788 2.516070 2.728816 83.0 77.0 74.0 0.2 81 3105
7947 0.665974 2.290363 3.154809 98.0 83.0 77.0 0.2 81 3106
7948 1.339355 2.311617 3.144009 94.0 86.0 79.0 0.2 81 3107
7949 0.993195 2.168937 2.169994 133.0 100.0 86.0 0.2 81 3108
7950 0.279029 2.411272 2.102387 100.0 86.0 79.0 0.2 81 3109
7951 -0.290018 2.227046 2.510971 116.0 90.0 79.0 0.2 81 3110
7952 0.021403 2.293697 1.927729 113.0 92.0 81.0 0.2 81 3111
7953 0.268914 2.291047 2.485720 113.0 87.0 79.0 0.2 81 3112
7954 0.884291 2.496838 2.769624 89.0 81.0 77.0 0.2 81 3113
7955 1.554815 2.453810 2.774611 94.0 88.0 80.0 0.2 81 3114
7956 0.188343 2.483281 2.837537 86.0 77.0 74.0 0.2 81 3115
7957 0.910440 2.473290 2.847517 89.0 81.0 77.0 0.2 81 3116
7958 0.000319 2.385139 3.058647 91.0 79.0 74.0 0.2 81 3117
7959 0.708846 2.372434 3.083440 92.0 81.0 76.0 0.2 81 3118
7960 1.256067 2.490049 2.684220 93.0 85.0 79.0 0.2 81 3119
7961 0.234716 2.382524 2.237414 103.0 86.0 78.0 0.2 81 3120
7962 0.849328 2.424561 2.578170 99.0 84.0 79.0 0.2 81 3121
7963 0.239005 2.400457 2.193307 101.0 86.0 78.0 0.2 81 3122
7964 0.501144 2.354270 2.787950 101.0 83.0 77.0 0.2 81 3123
7965 1.091308 2.292548 3.146748 97.0 85.0 78.0 0.2 81 3124
7966 -0.036268 2.140379 2.449676 128.0 94.0 81.0 0.2 81 3125
7967 0.223765 2.448883 2.916931 88.0 78.0 74.0 0.2 81 3126
7968 -0.519432 2.237787 2.387675 115.0 91.0 79.0 0.2 81 3127
7969 -0.263869 2.470149 2.861880 85.0 77.0 73.0 0.2 81 3128
7970 1.032097 2.263179 3.272682 96.0 85.0 78.0 0.2 81 3129
7971 1.563998 2.314506 2.925630 100.0 90.0 81.0 0.2 81 3130
7972 -0.519432 2.237787 2.387675 115.0 91.0 79.0 0.2 81 3131
7973 -0.263869 2.470149 2.861880 85.0 77.0 73.0 0.2 81 3132
7974 1.032097 2.263179 3.272682 96.0 85.0 78.0 0.2 81 3133
7975 1.563998 2.314506 2.925630 100.0 90.0 81.0 0.2 81 3134
7976 -0.583205 2.395945 2.289990 95.0 84.0 76.0 0.2 81 3135
7977 0.723856 2.312490 2.667409 109.0 87.0 79.0 0.2 81 3136
