# 3D point list with one line of data per point:
#   POINT3D_ID, X, Y, Z, R, G, B, ERROR, TRACK[] as (IMAGE_ID, POINT2D_IDX)
# Number of points: 504, mean track length: 3.1845238095238093
562 -0.12074517058687934 1.4215083052598729 28.742081979263467 148 143 72 1.4394562355433751 12 909 11 1042
541 -0.26811707888157665 1.4738365707839911 27.156023670966803 142 139 65 0.30946351612555956 2 1265 96 1274
540 6.3152265656162481 -1.0697628704610278 26.344097239665111 169 182 124 0.17573653513057144 9 1028 96 1022 11 1016
539 4.4066045725562519 1.4770332336411645 24.843987763842129 163 179 133 0.026544651093947106 9 909 96 897
538 6.4871363267497761 -6.0652903671091005 27.086541987904383 208 208 176 0.16254644392868539 9 753 96 730
537 -0.093474763583642539 1.4932930110047911 28.600394637620862 79 77 42 1.2717950292758244 9 1172 96 1174 71 1048 12 1077
536 4.0382196763772011 6.5491275456880595 25.503249277709898 91 101 114 1.8345383506997663 71 1391 12 1400 29 1459 31 1401 96 1402 2 1403 9 1391 12 1399 36 1337 11 1396
535 0.63416534242712141 -5.589150869620088 21.631366925905148 0 0 0 0.73127636008037922 9 389 96 703 92 658 31 700 71 918
533 4.1470958860080769 2.4926624105035562 24.310004739640586 0 0 0 1.4347637375154532 9 1390 96 1401 11 1395
532 2.6140391673441385 1.4440031294143092 25.447264832044915 160 168 143 0.44578352249766295 9 1340 96 1351 11 1299
531 6.8890424398847019 -5.3294814584286199 27.314637388483277 180 180 126 1.0688467619191491 9 1325 96 1337 11 1320
530 6.8890424398847019 -5.3294814584286199 27.314637388483277 180 180 126 1.0688467619191491 9 1324 96 1336 11 1319
529 1.262421293646141 1.6726677413810904 28.671395269539921 150 150 100 0.51441524261974547 96 1330 11 1301
528 1.262421293646141 1.6726677413810904 28.671395269539921 150 150 100 0.51441524261974547 96 1329 11 1302
527 5.7714498992051348 -4.3571427963234806 25.855504607021651 174 183 138 0.17400398747482435 9 1288 96 1300 11 1205
526 5.7714498992051348 -4.3571427963234806 25.855504607021651 174 183 138 0.17400398747482435 9 1287 96 1299 11 1204
523 6.6094026332161517 -5.5846986797200406 26.614112656818133 0 0 0 1.9981532852066504 2 977 9 1111 96 1229
522 6.5131486090192041 -5.531510128032469 26.457171520490718 0 0 0 1.4693146470901541 9 1110 96 1228 11 1198 85 1344
521 4.4659665165480957 6.7914075539808643 24.651691243640361 77 85 100 0.559053178864234 9 1203 96 1206 11 1177 85 1321
520 4.4595468972288526 6.4872089132167012 24.759511261225846 82 89 104 0.43211846328659498 9 1201 96 1204 11 1175 85 1229
519 1.19954905037883 6.5972663150938189 28.334897492378456 62 50 35 0.62118208110998041 9 1192 85 1314
518 2.6165151596173994 5.1594611838742184 25.835044258293223 127 87 52 0.079547718771245515 9 1189 96 1190 11 1167
517 3.2733847845846165 5.1531313145783511 26.703437240251301 155 123 83 0.63492024062181884 9 1081 96 1189
516 3.2112364425297 4.9203755996873753 26.616632655917599 141 110 78 0.047075520037182308 9 1188 96 1186
515 3.2112364425297 4.9203755996873753 26.616632655917599 141 110 78 0.047075520037182308 9 1187 96 1185
514 2.6545263551188687 4.9763112448243394 26.167586893620445 143 108 71 0.26919102928702832 9 1185 96 1184 11 1067
512 6.9056730863109621 -2.9463191048817805 27.049774102660713 200 202 172 0.071113432530621828 9 1003 96 1125
511 5.6154623824930923 -4.9321459743832028 26.038908862258303 0 0 0 0.35037926873938569 9 1114 96 1106 11 1103
510 0.028951254678949156 -4.6543601666851417 21.226125117184878 0 0 0 0.33705765217468092 9 1212 96 1075 11 926
509 1.3488129203384573 -5.2117405776070767 21.398523976071925 0 0 0 0.40291420810423106 9 1208 96 1074
508 2.5903413987581572 4.7244838042075541 25.955289584226737 145 115 82 0.18092898288926737 9 1080 96 1068 11 907
507 2.6381265268361309 4.4620522607335333 25.724762554562698 194 190 191 0.024900520362635715 9 1078 96 1065
506 4.1521904174665769 1.6654039465926163 24.571920737164852 163 179 118 0.085696232523083421 9 1064 96 1056
503 7.1101931715994739 -1.2467044860332106 27.32356663751197 172 186 133 0.17318410345226679 9 1030 96 1026 11 1022
502 7.1101931715994686 -1.2467044860332093 27.323566637511959 172 186 133 0.17318410345224322 9 1029 96 1025 11 1023
499 2.0969328106385836 -4.8131423490439467 20.296311194852581 184 189 134 1.2052271275465472 9 945 11 1084 96 941
498 1.4868313896048615 -5.5117895835557196 21.966465496896614 168 181 119 0.15236100496864069 9 941 96 939
497 1.4868313896048615 -5.5117895835557196 21.966465496896614 168 181 119 0.15236100496864069 9 940 96 938
496 0.72467893648182768 8.0683513699249563 25.913661034894925 47 37 27 0.12763674260149632 9 713 96 930
495 2.7873215792884176 5.310294289090649 25.406672347885561 172 159 155 0.51348090156135007 9 1085 96 922 11 911
494 2.5428527822071252 5.171859232445108 26.329568910660626 153 133 121 0.40965987196537529 9 920 96 919 11 700
493 2.5428527822071252 5.171859232445108 26.329568910660626 153 133 121 0.40965987196537529 9 919 96 918 11 699
492 3.1711490466740613 4.007855966729772 26.366747925119324 149 126 105 0.78962242899817237 2 930 96 914 11 905 31 665
491 3.2906694729121289 3.1392426823317776 26.649303135851106 123 99 75 0.40454568224971083 9 1070 96 911 11 684
490 2.0073611715126067 3.1694937490700168 25.437021800000569 193 191 191 0.088661574744866176 9 689 96 909
489 2.5297417631958514 3.0095309560820205 26.485859419808708 145 116 90 0.38888550245838499 9 913 96 906 11 897
488 7.5144464169616203 1.1880588401170409 30.691947350244654 189 196 173 0.1847901791129519 31 890 85 1032
486 6.5070204286990663 -1.21517264170327 26.508550727616608 0 0 0 0.7369455588652597 9 859 96 844 11 602 29 1058
485 1.1096076346582502 -1.1826385151224859 24.791192429371996 82 109 20 1.0045417514668915 2 1030 9 222 96 832 11 560
484 0.94395340576583409 -1.1296577423098573 25.014805053965556 81 105 26 0.36692494045631935 2 858 96 831 11 826
483 6.3855392232650701 -2.0243486641469457 27.321840081815782 189 194 155 0.11270364148702416 9 844 96 828 11 847
482 1.3070130241788287 -1.2508161410586394 24.88554716399593 179 194 200 0.082055619959365514 9 845 96 824 11 828
481 -0.45032671366090443 -2.0141656525205835 24.018174816847822 149 141 71 0.2478833579368992 92 789 96 807
480 -0.45032671366090443 -2.0141656525205835 24.018174816847822 149 141 71 0.2478833579368992 92 788 96 806
478 4.3453353218273261 5.4161177584881957 27.189599756924896 128 113 85 0.68575948953406407 71 660 96 690
477 2.4796553461146527 5.1633636702858601 26.63303393948372 112 83 59 0.2430201171387163 9 700 96 679 11 697
476 2.5940798896969492 5.0838808662162984 26.671416632770434 158 146 142 0.28344869891007468 9 699 96 678 11 695
475 2.4909995899921982 5.026033137298807 26.642005003965885 110 83 60 0.29414852171173583 9 698 96 677 11 694
474 2.5257634667000195 5.0486824194406434 26.855103887035789 110 83 60 0.57845199705036254 9 697 96 676 11 693 85 1053
473 2.5696943375668013 4.8562311232670829 26.892706813859846 119 91 67 0.49564592411436448 9 366 96 675 11 375 85 799
472 2.537540384789688 4.9252560455802072 26.792891793461649 116 88 63 0.28640969307416592 9 695 96 672 11 691
471 3.1534587221925721 4.4423701340650386 26.578181222984231 121 95 76 0.68565054514309998 2 689 9 917 96 670 11 689
470 2.1525063998932867 2.5838035167722233 25.563587890389289 184 176 172 1.5973494896832137 9 678 96 660 11 676
469 2.6465195277408924 1.771973501230502 26.649530118508121 143 132 124 0.26488923268317754 9 667 96 650 11 666
468 1.3624397362869187 1.4005973146606354 28.038448228735444 0 0 0 0.1793727773859109 9 897 96 641
467 5.9075081308310482 -1.471099833660706 26.363686991049093 0 0 0 0.50455732612854198 29 859 96 570
466 6.1776677353721352 -2.074521127774652 27.223822717031183 122 120 69 0.43185362195144111 9 842 96 556 11 569
465 1.2224638764960987 -1.3498322424856037 25.074765308878998 85 116 34 0.43641401267375812 9 558 96 547 11 201 2 577
464 7.015811937502141 -4.9899959601762616 26.658363951895502 203 203 177 0.19587557027411151 9 452 96 464
463 5.2644195587414009 -5.6784049370898417 28.162578069827727 0 0 0 0.078008947799553766 9 766 96 435
462 -0.82145557638003075 -3.9372118253706163 21.015143534825174 131 134 54 1.748204297230957 71 701 96 410
461 0.66693824153088022 -5.3890213746097757 21.542777760021767 158 171 101 0.17247834241718288 9 390 96 391 85 0
460 2.6900699473962586 5.2351945144551681 25.475165460150222 133 113 98 0.30447295739677466 2 346 9 376 96 379
459 2.6810904124153265 4.9471254116886518 25.880312891031455 143 124 109 0.27736445682564548 9 702 96 375 11 376
458 2.2967909168337051 4.0846762362069358 25.676908144775666 139 118 99 0.39475713263085765 2 327 9 692 96 368 11 685
457 3.2190274983066658 3.8752277884752537 26.638123127771852 156 130 101 0.42743025469093365 9 357 96 366 85 407
456 3.1881241398845295 3.5896290430038063 26.276090141461193 130 108 91 0.14102743328531842 9 356 96 364
455 2.3634741462736168 3.7460450837292627 25.63010588513793 156 126 104 0.071281691705355477 2 325 96 363
454 1.9320602109676597 3.2665248992283225 25.554234214676519 136 116 97 0.1785475141604668 9 349 96 356 11 363
453 3.3097564123530536 2.8073610957897088 26.100064796158083 146 127 110 0.25866420894506392 9 686 96 354
452 1.8271679666694398 2.3425052233296064 24.922937349217481 126 106 87 0.07064221600298623 9 338 96 347
451 3.6689910385176678 1.7773974906584724 26.399286723772036 130 109 91 0.20785166852435613 9 332 96 346 85 381
450 3.5542559858957659 2.0089104756578373 26.259464416731976 120 97 76 0.46534875065425879 2 310 9 331 96 345 85 382
448 0.37606349455085825 1.0873441652077942 27.45311766063238 122 129 54 1.8637764500860281 9 298 96 307 11 303 85 723
447 6.14810535130845 -5.9500111860548239 26.648457025928881 115 121 61 0.14261963134950467 9 417 96 37
446 -0.40347673744566426 -4.6467249199933871 21.610644058722041 0 0 0 0.78299849006800515 31 1285 9 1281 96 1217 85 1411
445 3.6091325401014243 6.5734222996937905 24.535519957072022 80 91 109 1.8386716178882538 2 1208 9 1199 85 1320
444 -0.36457128723732962 1.5251445390769762 26.750845527856587 142 138 64 0.48723336902598979 2 906 9 892
443 2.2056002464276525 3.8849366167010122 25.643093780227549 138 120 106 0.29776578540147275 2 326 9 358 96 367 11 368
442 2.3469660530819434 6.1746382522117909 25.705682723436613 26 25 28 1.6948327551323377 9 1382 2 1395 31 1392 11 1391 85 1511 22 1509
441 0.73660377517523579 -4.3231885628320832 21.048032489324854 145 151 124 0.73966710399699065 92 1431 9 1393
440 0.73018047074921955 -4.3201919330699718 20.918899071474431 145 151 124 1.7892471124703047 92 1432 9 1392 11 1397
439 3.8798892661452573 0.24829294502082486 24.657625984636745 139 161 106 2.3490212779655351 2 1402 9 1389 96 1403
438 2.6973131935044719 3.2271316310012867 26.268994897455219 152 123 98 1.4317677921397329 2 1401 9 1387 96 1400 11 1394
437 2.6973131935044719 3.2271316310012867 26.268994897455219 152 123 98 1.4317677921397329 2 1400 9 1386 96 1399 11 1393
436 6.137324297202813 -5.5948232526890678 26.910704684314037 108 115 49 1.8103639541589298 2 1396 31 1394 9 1383 96 1397
435 3.0135388621227013 4.8457472046842742 26.924074656337329 195 185 179 1.0498163420718725 2 1392 9 1380 96 1395 11 1386 85 1505
434 3.0135388621227013 4.8457472046842742 26.924074656337329 195 185 179 1.0498163420718725 2 1391 9 1379 96 1394 11 1387 85 1506
433 3.4132671319298025 2.9944266786965632 26.978812027747498 147 121 86 0.68837349022247796 2 1376 9 1363 96 1380
432 1.6521252931275765 1.6656479854274588 27.647818176335516 0 0 0 1.2600858362414504 2 1373 9 1362 96 1377
431 0.075547903773374434 1.1322023604317655 26.928173732308263 95 109 47 0.75043389876747091 2 1383 9 1361 96 1376
430 1.9176493926121443 1.5014714415096835 25.894492213876372 155 138 103 0.40465352541644367 2 1365 9 1353 96 1350
429 6.4748935023771699 -4.9866160295845035 27.190049242312835 0 0 0 0.53414220388058575 9 1326 96 1338 11 1322
428 2.8965102269548857 4.2065228219406698 26.359006365875718 131 108 91 0.70565661213834718 2 1323 9 1316 96 1333 11 1310
427 3.4960146146522888 2.4934812698144326 26.21216751232674 192 189 190 0.39134824776980948 2 1273 9 1315
426 0.28968465228675727 1.4232510305093584 26.430682228115934 125 128 49 0.83517155275315469 31 1314 9 1311 11 1244
425 -1.0161917278235568 -2.4474063090081826 22.870725000428113 138 141 59 0.58952934654334088 2 1340 9 1290 96 1303
423 3.3161307585599578 2.2591009247122003 26.374251712866471 0 0 0 0.33617812116190604 2 1321 11 1250
422 3.3161307585599578 2.2591009247122003 26.374251712866471 0 0 0 0.33617812116190604 2 1320 11 1249
421 -0.57648321743139108 -4.8133730558603656 21.789374978233507 119 132 42 1.0963622817369194 2 1214 31 1211 9 1209 96 1215 11 1085 85 1410
419 0.82248547818283624 6.9386656900809722 27.545297846795414 50 40 31 1.1779856308550367 2 1207 9 1195 96 1200
418 1.050275351248372 6.8735639836137707 28.217694411650619 53 43 32 0.77870221623528435 2 1204 9 1193 85 1402
417 3.384685267763071 4.7351650177812754 26.763476988523806 213 207 205 0.469595588958027 2 1096 9 1079 11 1065
416 3.3560989510705634 4.2820194437298342 26.709035482825133 191 186 183 0.93864755699205105 2 1094 9 1077 96 1064 11 1063
415 3.4029760315455877 3.4781503721290017 26.537907955742124 200 195 193 0.20232396786985973 2 1093 9 1072 96 1063 11 1057
414 4.6731188591137451 -5.6691811914444292 27.893776940749461 0 0 0 0.31686285330916819 2 749 9 966
412 2.1042738235464071 5.8176496040872445 27.035080569157987 68 55 43 2.0596695627056341 71 658 92 1081 9 930
411 3.1672030326925422 4.6530032441239371 26.594545017501062 127 103 84 0.60402592643794362 31 1080 9 918 96 671 2 690 11 690
410 2.394515056489519 4.2709565813319399 25.728681334939967 135 110 86 0.22060545841574242 2 688 9 916 11 687
409 4.387148258567616 1.4727437396618293 24.801709865478639 167 183 137 0.3320848920198311 31 1198 9 908 96 896
408 0.41139061514703684 1.8850076642949449 24.818170049909646 148 143 82 0.89871039483769743 36 1010 9 901 36 614
407 0.41912239664213341 1.8714334997988826 24.7829285429024 148 143 82 0.11902996034156738 36 1009 9 900
406 0.19622679549181826 1.365946254505799 28.017793816085263 0 0 0 0.86062334095300352 12 651 9 895
405 0.19163520805606865 1.3564837926164508 28.041239968532217 0 0 0 0.87180198081935911 12 652 9 894 96 639
402 6.5070204286990663 -1.21517264170327 26.508550727616608 0 0 0 0.7369455588652597 29 1057 9 860 96 845 11 603
401 6.8902042660822271 -1.646297257321268 26.793719489349222 191 194 166 0.44954625745699622 2 866 9 853
400 6.253213164923511 -4.0856417075787252 26.296419802838138 197 203 179 0.37859493486889245 2 797 9 784 96 772 11 784
399 4.8791793840897499 -6.2794384917071815 26.605630332632384 205 205 167 0.65877778350666916 12 717 9 731 96 720
398 2.5173209829125316 5.1249710423086121 27.403817088979771 174 143 94 1.6704300203957887 12 686 9 694
397 5.7247092861539857 1.3637212382744408 25.558369039885058 190 198 179 0.78310503296095868 12 921 9 669
391 3.1241442380111142 4.3203667610935117 26.534430830045551 110 82 59 0.63423788802757042 2 329 9 361 96 669 11 371
390 3.083165798483011 4.2828099631203047 26.358591815558675 110 82 59 0.56099571339935594 2 330 9 360
389 3.2987825063786187 2.7724788143035424 27.716496573604605 146 125 104 0.66052671513476213 31 330 9 344 96 351 11 359
388 3.4930386763043653 2.2755080864405581 26.23760293819134 117 97 77 0.53802548299045416 2 315 9 340 85 391
387 1.9071191003422905 1.1708410393213977 25.085402803235205 135 114 91 0.50241658743082318 2 651 9 315 96 319
386 5.5786085746791905 -5.2537822149811646 26.34217324350314 215 216 182 0.23962670885234272 2 60 9 63 96 60 12 430 11 82
385 5.2967472902845865 -5.3872025030399211 27.441128345051368 56 64 22 0.86069087724254256 2 416 9 59 96 739 11 761
383 6.9734223414849268 -1.234761848726766 26.99046091956718 164 181 120 1.0325748640933197 31 1254 2 1256 22 1412 71 1223 92 1316
381 0.12250432770828812 -0.64288408782661399 23.213005592689615 0 0 0 2.0402057294441569 92 1418 22 1517
379 3.2524981724268511 6.8041111530812799 24.980919344137721 103 119 143 1.0311364944861368 2 1377 31 1381 22 1490 9 1354 96 1367 85 1479
378 3.5988675781305242 5.7307096087295184 27.355775045605995 199 183 167 0.40197937625406943 31 1203 22 1430
377 4.4742773152749979 0.60640008575114335 24.816678459227102 0 0 0 0.10540567024213626 92 1268 22 1427
376 5.6190869110249437 1.2064296402433792 24.93041833113713 153 173 88 0.43425017894177897 31 1072 22 1368
375 5.6190869110249437 1.2064296402433792 24.93041833113713 153 173 88 0.43425017894177897 31 1071 22 1367
374 5.1240838744432482 1.6309668379599207 26.10238992473391 154 173 93 1.5021591971999122 36 1196 22 1366
371 4.6644752942652916 0.75015236934826113 24.300850143760037 162 181 124 0.46787124429452398 92 1188 22 1269
370 4.6259937872550827 0.4427851268302187 25.176342453373415 189 194 131 0.78231621719349298 92 1048 22 1265
364 3.940008043821595 5.4848905920048407 27.639840142641358 112 97 71 1.0754431904839756 71 904 22 695
363 6.4052197139771838 -1.3658836146822231 26.368148455523823 0 0 0 0.77343595373935714 2 243 22 620
362 6.4222214853114954 -1.3533511162250462 26.438469963081371 0 0 0 0.71292873949860425 2 242 71 554 22 619
361 5.0036230162349851 -3.6442915985459012 25.275452937414993 113 142 45 0.26701767164839285 31 495 22 503
356 4.0933990869728358 1.4309290978869615 24.172089289156848 0 0 0 0.54786253370636118 31 649 2 674
354 1.4766417672498808 6.3854789318080929 27.879100500485713 161 139 95 1.5562095012838035 31 1386 2 1394 22 1500 9 1381 85 1510 96 1396
352 1.0854188886917877 -2.0971395354610998 23.357472910712101 82 94 22 0.0518002181567703 31 1390 9 1384
351 6.64790883643653 -2.6840148066012306 27.640485890139182 0 0 0 0.98549586461643468 31 1374 2 1370 11 1364
350 -0.79581270863914366 -1.8813596664447114 23.576932267169504 0 0 0 1.7687769170887571 31 1383 2 1368 9 1357
349 5.0043923023857095 0.72697569605415036 25.060924216880498 164 180 125 1.3978114272000459 31 1358 2 1348 9 1314 96 1326
348 4.5869363994167811 6.347711640909667 25.289385617209827 84 89 104 1.5370786297222274 31 1320 2 1325 9 1276
347 -0.0033562088774817559 -5.3972163256707395 22.094788843596024 0 0 0 0.68209750504122024 31 1207 2 1278 9 1206 96 1212 11 1081 85 1335
346 4.3251201598325144 6.9866423159491147 25.286346196398625 141 146 159 0.41080044095764856 31 1280 2 1277
343 6.2799294971948463 -1.0693741930195522 26.281804609426612 164 181 127 0.37816596040896844 31 1252 2 1255
342 5.5891971970081773 -1.4763305485916225 26.150081517463462 162 181 131 0.39177028508005318 31 1249 2 1251 9 1150 96 1142 11 1130
341 -0.57377431181682315 -4.8264706049294412 21.810691990182246 121 134 44 0.99388742432399391 31 1212 2 1215 22 1184 9 1210 96 1216
340 1.0094333623326288 6.1741092093437091 26.89779126766912 61 50 37 1.3290210676278853 31 1204 2 1205 71 1080
339 6.5043327612624227 -1.2281871233777759 26.355235102414266 0 0 0 0.8320375794793019 31 1182 2 1180 22 1346
338 2.1315934109736485 -1.304614584243724 21.227580044017426 72 102 27 0.5339442701200805 31 1186 2 1178 9 1013 96 1008 11 803
337 4.8838703672228574 -3.2123394543100412 25.42753289254183 157 177 118 0.84956763718936545 31 1233 2 1155 9 1131 96 991
335 -0.064022362622081941 -5.2405577112164288 22.063037496837566 217 217 187 0.70803450847075133 31 940 2 1112 9 939 11 710
334 0.060396918551628188 -5.6081099331210726 22.245207747789053 140 147 60 0.90046019347627093 31 935 2 1111 9 1096 11 394
331 6.2919293840328194 -1.0327370157772864 26.264588226549865 162 179 120 0.37429996765135587 31 1189 2 1047
330 4.740195565142507 -3.0936563789323634 25.454722887729627 0 0 0 0.69740682816722621 31 805 2 1008 96 990
328 4.737316992792854 -6.2935948846700764 26.753262825380013 215 215 182 0.66518239878001473 31 939 2 952 11 937
327 0.10540528832914803 -5.470170286568 22.032691479679233 0 0 0 0.62225188902036555 31 936 2 949 96 388
326 0.10540528832914803 -5.470170286568 22.032691479679233 0 0 0 0.62225188902036555 31 937 2 948 96 389
323 6.9077369520254273 -4.9432380708044121 26.338793018869236 198 203 167 0.33588185131101145 31 970 2 777
321 2.009546652206641 9.4315474641029695 25.606041737617517 44 34 24 2.6608975567640631 71 665 9 386 2 731
320 4.1560626995020007 5.5492205341345846 26.681926701136639 176 151 113 1.7646671695076837 31 929 2 715 22 1280
319 2.6088236189953355 5.4809055086519196 26.371670751456296 169 145 117 0.51897369437696383 31 366 2 706 9 373
318 2.2265481781035699 5.6961331741835917 26.332965696626779 84 60 40 0.20135997673645897 31 682 2 705 22 703
317 2.5736905658247071 5.3789302745927783 27.114840408567737 112 83 61 0.81757679126478555 31 670 2 696 9 924 96 917
316 4.0933990869728358 1.4309290978869615 24.172089289156848 0 0 0 0.54786253370636118 31 650 2 675
314 1.9476041221007485 -1.1379795897684082 21.187324859866241 83 111 36 0.22876054824020731 31 592 2 603 9 569
313 2.021686449419831 -1.1923367549639867 21.197826648849635 113 140 57 0.35719927166082777 31 590 2 594 9 570 11 195 96 552
312 0.4706357868616145 -5.4933985503390765 21.636539630151894 103 123 27 0.63052128299461152 31 699 2 363 22 731 9 717 96 390
311 2.5360416774546488 5.6254564506974312 25.586152071835134 68 58 55 0.094330261406420562 31 384 2 357
310 3.6912999793373515 5.6261402002198038 26.617860316994687 178 149 118 0.75803081292361585 31 379 2 355 22 708
309 2.4918073951149027 5.5200437909088551 27.211441461735699 140 109 73 0.97415403555410174 31 354 2 331 9 705
307 6.0235340088774496 -3.1467819062030604 26.007855850978899 0 0 0 0.98776512206115363 31 510 2 156
306 0.27562205738595114 -5.2256292702751646 21.968766618286431 198 201 153 1.2767508175556814 31 3 2 9 96 1
305 2.9698166674690398 4.223053524767054 27.877854995479076 163 132 97 0.93312804476184696 12 1397 31 1400
304 2.9698166674690398 4.223053524767054 27.877854995479076 163 132 97 0.93312804476184696 12 1398 31 1399
303 4.6217855359608047 -5.7059371765655431 25.746690730564506 0 0 0 1.8276497168598995 36 666 31 1324 2 1333
302 6.4257147097514027 0.92214350981430737 28.976121865033406 139 137 101 2.1545138869587772 29 1299 31 1197
301 4.32423567527887 5.4472166754011289 26.63956247506832 28 17 9 1.7116370560984497 92 1201 31 1089 2 1106 22 1160
300 2.3427949925045195 5.5627765310042117 27.293512937234034 17 14 14 1.4249501942953871 92 1074 31 1081 2 1097 22 1150 9 1083 96 684
299 5.4741329678859953 -0.16073859843138208 28.238467298620677 0 0 0 0.20123573686529736 31 1045 11 1038
298 5.808270038943907 -2.9484706520514541 25.195648329497885 157 172 101 0.98098684806978653 92 1143 31 999 2 828
297 3.593523459575592 5.4986923075623793 27.31323742572361 189 181 178 0.79371003638240545 71 903 31 920 2 700 9 375
296 5.1034452988525132 1.1211260632910205 23.867613344307951 161 179 109 1.1540026456963615 92 1065 31 906
294 2.2336217272596497 0.12727917769017455 26.690124407920358 110 89 66 2.1008899552176077 12 254 31 607
293 6.5765909553380517 -5.1702822195330533 25.456468215829297 0 0 0 2.1001952393953749 29 735 31 434
292 1.8602783995356762 0.060403824735776643 11.008153240510689 110 75 55 1.8846564445928153 12 838 31 381
291 4.2115951597078345 -6.0816289089791766 27.797578304266967 126 137 95 0.14985210652012781 12 1217 36 1153
290 1.2263455352219095 8.4506673392432461 26.482754100760879 45 39 38 0.32208554181088389 92 1089 36 1132
289 0.8465777440836888 8.0683891970040573 28.608706674805621 44 40 38 0.7704399561599079 71 1178 36 1128
288 3.2985956588449037 3.6814278769783493 26.93634414159261 151 130 111 0.098381982493749687 92 1071 36 1025
287 1.8673628174830634 3.4028808473435155 27.355501685117602 0 0 0 1.1253184864160075 29 1110 36 1023
286 6.2093019598042387 -4.0717450165385554 26.17135367052331 190 196 152 0.29742700403438538 12 991 36 919 2 796 9 785 96 771
284 2.6818497785500148 4.9900860462262679 28.245336205075134 143 121 99 0.75258737209283555 36 642 12 687
283 3.0187564859876228 2.7815792225694809 27.927916077897141 0 0 0 0.53667968170862068 12 679 71 644 36 637
282 3.1257493604316715 2.5233893199307222 26.780697962020753 161 147 132 1.0571304559030112 12 674 92 636 36 631 22 685
281 6.4784464958649677 -1.3185001846853586 26.650403202630571 0 0 0 0.041065539591546782 92 1032 36 525
280 6.6487900594024243 -2.1518656548797397 27.683828073910313 102 94 49 1.335528420556565 29 577 36 511 31 838
279 2.614942792761827 5.1234133645629161 27.394180998533571 115 86 63 0.0059833320539266679 12 351 36 323
278 1.9938715568644472 3.1883912427394554 26.032009929658457 134 117 102 0.19881609188141611 12 335 36 306 11 357
277 1.4942252354600487 1.1431798483182496 28.565595733650248 152 128 97 0.19991366908057639 29 660 36 280
276 3.5923907430075133 6.8138209846426898 27.108987189269918 127 110 105 0.76167499579401676 29 1462 92 1434
275 0.36609824949088665 3.1483002948235144 26.164646052652408 0 0 0 2.0896202096744823 71 1392 92 1433 22 1524
274 2.4913845447311891 -5.5437329306922187 27.498441739731874 81 96 26 0.54020966254585212 71 1390 92 1430
273 4.2640293154989743 4.8712204063539595 27.690270421517958 0 0 0 0.50343481257870415 71 1389 92 1427
271 4.126975755536936 4.9009374999000093 27.070015896397205 0 0 0 0.25821032557729739 71 1381 92 1420
270 6.4762760309936835 -3.8683304232368507 28.719032316531607 185 194 131 0.028499984270567359 71 1379 92 1416
269 0.086442403885421973 -2.0921747507693946 23.074664324422571 129 141 59 1.2838936233776277 29 1438 92 1409 36 1319
267 3.174729700144586 -6.48498839526036 28.995779247914278 0 0 0 1.574190025333486 71 1309 92 1363
266 7.0841238994302387 -1.8058213359887301 27.799559920139334 192 198 146 1.0997905692778331 71 1289 92 1348 22 1458
264 6.9489116421169221 -1.2284737372824508 26.755752850241777 163 181 114 0.60662070149299241 71 1222 92 1315 22 1411
263 6.2117954605316568 -1.0905087629734889 26.104185134286432 168 183 119 0.013291148279660905 29 1286 92 1314
262 6.2117954605316568 -1.0905087629734889 26.104185134286432 168 183 119 0.013291148279660905 29 1285 92 1313
261 5.4074066021766924 -3.2653408570963585 25.303453764269769 159 172 89 0.75579274893967852 71 1283 92 1296 31 1296 22 1394
260 3.0143358959216098 5.4672051600993576 25.736796624046402 81 73 73 2.7213990728366522 71 1248 92 1280 36 1031 9 380
259 4.5811950486738944 5.5068899881133051 26.761133410182598 113 98 81 0.84143829618107213 71 1244 92 1278 9 1273
127 2.8123809448745285 -2.8847853142305411 26.632906416471176 129 153 65 1.8544137071343354 71 1394 92 1438 31 1406 22 1526 2 1408 9 1395 96 1405 85 1517 29 1464 12 1404
126 2.8123809448745285 -2.8847853142305411 26.632906416471176 129 153 65 1.8544137071343354 71 1393 92 1437 31 1405 22 1527 2 1409 9 1394 96 1404 85 1518 29 1463 12 1403
124 6.3513182550049816 -1.6717447016929938 26.730532495931254 173 183 123 1.6314562018782084 71 1387 12 1385 29 1445 36 1327 2 1389 9 1370 96 1386
123 6.3752884063016912 -1.6845602812820735 26.805690270851724 173 183 123 1.7206330220202601 71 1386 12 1386 29 1446 92 1425 36 1328 9 1369 96 1385 2 1388
122 0.41026239730332503 -3.242313867392737 20.94078807858536 108 136 61 1.6254392047045847 12 1391 92 1428 29 1452
121 0.63609801100706931 -5.343710058097864 21.898113213217808 126 142 59 1.1571070107094941 71 1384 12 1389 29 1450 92 1423
120 4.2533108228509136 8.7673732881494857 25.379326609495926 52 52 54 1.6487086919443865 71 1383 12 1388 29 1449 2 1386 9 1376 96 1390 92 1422 11 1381
119 0.78436215248222196 -1.1278002668594378 24.653516402360541 166 184 172 1.2030360120257779 71 1380 12 1384 36 1326
118 6.836054344870397 -4.2778808432415332 26.712970512011072 0 0 0 2.2213345685712618 12 1392 29 1444 36 1325 31 1388 2 1397 11 1389
117 6.2398789465291546 -5.4996091120876258 26.378427619938375 144 163 67 0.94371218208609253 71 1377 12 1383 29 1443 92 1424
116 1.2945527699564401 6.0595424983394759 27.21799961820701 166 146 103 0.89382522541496301 71 1374 12 1382 29 1442 92 1407
115 2.0224103032581215 4.9552230021564299 27.572766823256078 0 0 0 1.9341657662118714 71 1373 12 1387 29 1448 92 1414 31 1385 2 1390 85 1504 9 1378
114 6.2673530269435895 -2.8253928880304815 27.080561324785585 0 0 0 1.3696234553123918 71 1369 12 1380 29 1439 92 1408 36 1320
113 3.22231522625989 7.0321393800821594 25.948753499421546 103 119 144 1.2588409666034854 71 1368 12 1378 29 1436 36 1316
112 -0.15492111084122451 -2.5218671132191042 22.594545942805581 0 0 0 0.84549861027829443 71 1361 12 1372 29 1426 92 1393 36 1308
111 -0.156715847154798 -2.5240634641282389 22.613962864243678 0 0 0 1.008724587143194 71 1360 12 1371 29 1425 92 1392
110 -0.77761475866466556 -2.6811690764046308 22.841983425720993 151 159 53 0.71473947766072277 71 1359 12 1370 29 1423 92 1390
109 -0.67314244368041798 -4.2946443784710695 21.850642717724163 166 162 85 1.0003009969496979 71 1356 12 1345 29 1420 92 1383
108 4.8216467199151385 -6.2507059164025156 27.130692075805264 149 158 111 1.4914094834293656 71 1355 12 1348 29 1422 92 1380 31 1348 2 1354
107 1.5648125390168601 1.6940775862097048 27.306864475850162 160 157 133 1.0887501217962208 71 1354 12 1376 29 1416 92 1359
106 4.5823132544064222 0.92166502018459895 27.149969989290035 0 0 0 1.4572496532628516 71 1352 12 1368 29 1414
105 0.35344707743902837 1.1773682086297508 27.307483144915594 164 158 88 0.17768163952191487 71 1350 12 1364
104 1.5041542436556883 9.2633065698077903 25.974149194093158 75 64 51 1.8734475700734403 71 1339 12 1369 29 1395 92 1331 2 1367 31 1347 36 1302
103 -0.0047962597096046205 -1.6319590039448337 22.561779958923307 160 160 70 1.6623683039208852 71 1329 12 1354 29 1382 92 1304
102 -0.039369073179432112 -1.6304317647428033 22.656663131874218 160 160 70 1.0532000967080781 71 1328 12 1355 92 1305
101 6.4404733257015847 -2.3463786412744443 28.122363334245314 164 178 93 0.77494029146337773 71 1327 12 1336 29 1383 92 1347
100 -0.4212930988876819 -3.0554849533203692 21.67724291178612 136 149 65 1.6371044539271791 71 1315 12 1328 29 1368
99 5.737193503224093 -4.4443432816155584 25.812389399068149 149 171 101 1.296410709475968 71 1313 12 1330 29 1367 36 1217 2 1336
98 0.13710847986576361 -3.7231615940439999 21.1689537887132 114 141 35 1.1153198602003538 71 1312 12 1284 29 1323
97 0.37862957980623974 -0.93997788826656392 24.147944491675734 0 0 0 0.33066920194079241 71 1290 12 1306
96 5.9958922799366139 -4.9219752653542148 26.522949739929846 0 0 0 1.0932581609002068 71 1270 12 1289 29 1330
95 5.9642370785524319 -4.8847255977887016 26.344242756923542 0 0 0 1.0940268025572883 71 1269 12 1290 29 1329 92 1115
94 5.2183869216397776 -4.7722778137985777 25.957691626060939 138 158 68 0.65627632710235206 71 1268 12 1288 29 1328
93 -0.19441818659929463 -5.485696411538008 22.267319631015965 0 0 0 0.7910856340026996 71 1251 12 1207 92 1332
92 3.8537809103110598 5.5014701373109851 26.37566713894099 175 160 149 2.1329517069450947 71 1249 12 1271 29 1305 92 1329 31 1277 2 1203 96 1193 11 1251 36 1202
91 3.1353923163834376 1.9743783625974458 27.630616944532179 161 145 135 0.3708722371721323 71 1240 12 1266 29 1302
90 2.4401390323074055 1.6084568127586343 27.689882670285709 152 140 132 0.23121036277016013 71 1239 12 1264 29 1300
89 0.49563120489397733 -0.54657881511818085 26.617163387362559 0 0 0 0.20391088608111274 71 1226 12 1312
88 0.54988675018417421 -0.71238563010417921 24.325464701874527 162 174 151 1.1231737335849776 71 1220 12 1310
87 5.5937765877748733 -1.482098287073103 26.158112258583088 165 179 111 0.4441270853603787 71 1219 12 1241 29 1281 31 1250 2 1252 9 1149 96 1141 11 1129
86 5.6160013230598977 -1.5050951528784176 26.318828640036081 165 179 111 0.22647219367298824 71 1218 12 1242 29 1282
85 -0.061065727437405737 -2.7782152210655262 22.28078437216346 124 134 43 0.59016338316240058 71 1201 12 1131 29 1154
84 4.4470336343770969 -5.9968519997502332 28.117130586952282 0 0 0 0.89530488055677482 71 1194 12 1283 29 1322 92 1285 11 1193 36 1211
83 5.2400951989439442 7.4529903320476052 30.54366026267849 106 96 88 0.60696961639455937 71 1177 29 1231
82 4.8523229071581069 7.3043011802493423 30.336633780764771 78 81 92 2.023995903363665 71 1176 29 1309 36 1203
81 3.1843189923326007 4.3528673126805568 26.372367901127891 128 94 72 1.4352343864461758 71 1174 12 1201 36 1200 31 1200
80 6.847698052002273 0.70649242863295569 27.75550217559044 145 143 117 0.12963258989329365 71 1167 12 1187
79 6.847698052002273 0.70649242863295569 27.75550217559044 145 143 117 0.12963258989329365 71 1166 12 1186
78 6.6101485700790716 0.77991836239982715 28.216219273014143 0 0 0 0.091512215834918323 71 1165 12 1261
77 6.6101485700790716 0.77991836239982715 28.216219273014143 0 0 0 0.091512215834918323 71 1164 12 1262
76 5.544827107560331 -0.15805079823311188 28.169821406098723 0 0 0 0.76048363658846263 71 1159 12 1177 92 1177 22 1116
75 4.7874687345909965 -1.2082151055295232 27.878587630813588 182 178 176 0.34898845220489916 71 1150 12 1175 92 1173 22 1092
74 -0.67243592856792556 -2.3484383778902589 22.522047054925473 165 162 81 0.47385963342233167 71 1133 12 995 29 1008
73 -0.82345936931715247 -2.4455192644389459 22.575899680538459 0 0 0 0.55436624143296431 71 1131 12 993 92 982
72 5.0841520039658628 -3.2863557360386038 25.44506304046666 0 0 0 1.4137402940091142 71 1129 12 1143 29 1169 92 1244 31 1155 2 1156 22 1222
71 0.13403501959569361 -2.9121498323418424 21.829627904038077 0 0 0 0.72990435671126208 71 1118 12 1124 29 995
70 5.5480780373694483 -5.0991977371891837 25.980079218475602 150 165 81 0.30384991816814505 71 1108 12 969 29 981 92 1113
69 4.089181759144549 -5.6533112368901524 28.027512779166315 0 0 0 0.17242816505219941 71 1101 12 1120
68 -0.039211452532038636 -4.158011526639096 21.19157579217006 0 0 0 0.64159403086951994 71 1099 12 949 29 1126 92 1223
67 -0.46369569277465345 -4.6866537337042189 21.701771838992624 0 0 0 0.34289142829545638 71 1091 12 938 29 952 92 1093
66 -0.707941766482723 -4.9310821733540271 22.382632199833115 161 160 75 0.51260197045428002 71 1089 12 937 29 951 92 911
65 0.92078496903538665 6.6536075207273626 29.844313157861482 78 66 51 0.67420470654425291 71 1081 12 1094
64 0.76339889275315587 6.7503909466722183 28.588158679713434 72 62 50 1.3256683249717345 12 1097 29 1119 92 1079
63 0.77581736743572605 6.9653051235883616 29.842123829921579 72 62 50 0.43352460049649205 71 1079 12 1096
62 3.0127640364907218 4.4028322635905743 25.950293218626101 168 157 154 2.2172591818273704 71 1071 36 1028 12 1090
61 2.9813481275238414 4.1345398169011487 27.124756737743258 169 141 100 0.025329692341532692 71 1069 12 1089
60 2.516462537787524 3.7241119260476689 26.817478712424954 0 0 0 1.658362689310553 71 1067 12 1088 29 1112 36 850
29 0.78912854016444545 -4.1208160971191639 20.754699815963281 128 146 50 1.0500754211817893 71 689 12 392
28 1.5029748769057336 -4.6601439269583489 21.773795507698075 162 174 110 0.25387748900316415 71 675 12 395 29 396 92 686
568 2.7881292118225929 5.3213282754305933 26.103471986534039 136 117 103 0.75679138764965681 12 697 29 691 11 377 71 659 92 316
27 4.9048292661641026 -6.2136086060322935 26.88510894875083 108 117 53 1.2547493247548378 71 673 12 724 29 725 92 664 31 946 2 736
26 0.74867120186695624 -5.0679679780018008 21.752735226563779 0 0 0 0.86323815040199525 71 669 12 709 29 705 92 340
25 0.3090603992866397 -5.1873040849853957 22.057180647713388 114 141 50 0.27801136091670858 71 668 12 707 29 388
565 3.32143924389251 7.1354418357317062 25.18736966200181 93 101 122 1.2318502317906548 31 1281 11 1311
24 3.1809919137129512 3.3926125609701803 27.244130636140767 115 90 68 0.036233622837689675 71 646 12 681
564 6.773860651905661 0.55597707893486692 28.205327681394397 114 118 67 0.092354353567724534 96 1327 11 1300
23 2.6592446095155289 0.88519618417152468 25.785787570749033 123 89 53 0.59132812257681766 71 614 12 647
563 2.3416204865179453 2.633513989057001 27.486637027205131 130 102 74 0.84516000505877542 2 1083 11 1050
22 2.7859117421333792 -0.63743683145412366 22.279658429371544 84 95 32 1.2476739995999293 71 580 12 226
561 5.1202913666005925 1.1596682570517094 24.060479893001791 0 0 0 1.7042615856692018 31 905 71 1060
20 6.1794455066541909 -1.6344650902408349 26.57621232202321 169 179 114 0.42927739732119119 71 553 12 581 31 568 2 227
19 5.3946847895058383 -2.7962759121679892 25.280393091635268 0 0 0 1.1324349493135772 71 508 12 828 29 812 92 999
559 6.9077428487825365 -5.6139251374868939 26.650908034023878 166 166 112 0.25123202047377119 9 970 36 682 11 956
18 -0.71083965713269726 -2.7947166348344941 22.80299433753796 114 125 19 0.51814190566189655 71 476 12 471 92 467
17 -0.69784683523494118 -2.7773924380674972 22.735958319263609 114 125 19 0.013615105198846331 71 475 12 472
557 6.3866305047279379 0.097115493681663709 27.575143376175742 129 124 77 0.25953424212329773 96 882 11 867
16 5.1454590218470964 -3.6231007425288531 25.710176209947537 128 150 67 0.31384751620075946 71 471 12 121 92 464
556 6.3866305047279379 0.097115493681663709 27.575143376175742 129 124 77 0.25953424212329773 96 881 11 866
15 5.7229201107989054 -5.0649387955830703 26.317776979864618 0 0 0 0.4912022800338971 71 407 12 763
555 -0.42117238925392692 -3.2328454915184821 22.695662817976544 232 231 210 1.6796580838869914 9 1285 11 743
14 5.7229201107989054 -5.0649387955830703 26.317776979864618 0 0 0 0.4912022800338971 71 406 12 762
542 -0.26811707888157665 1.4738365707839911 27.156023670966803 142 139 65 0.30946351612555956 2 1266 96 1275
1 0.38323852744013209 -5.6555261622206183 21.978770952078641 140 151 62 0.79972626273932479 71 0 12 0 92 0 31 0
258 6.8554436197306732 0.69479027680671457 27.905180237963371 140 141 115 0.59693208139458065 29 1295 92 1272 36 1190
2 4.5528061060817251 -5.731952539827871 28.207722184045242 108 119 61 0.3742017315114492 71 41 12 42 29 56 92 41
544 9.0672023128574093 -1.5367632420195168 46.181335337245194 0 0 0 1.3538979772843684 22 1054 36 1015
3 5.4927822116234362 -5.3932962534937916 26.505439155916545 174 180 122 0.31426121174080673 71 43 12 43
545 9.0672023128574093 -1.5367632420195168 46.181335337245194 0 0 0 1.3538979772843684 22 1055 36 1014
4 4.4458553815822741 -5.3551521994189297 28.364572769587145 189 191 145 0.20829743118583216 71 64 12 70 29 72 92 65
546 4.1485627537759369 4.9384124883212861 27.452860188636812 0 0 0 1.8424750260602103 31 1391 2 1393 22 1499 9 1375 96 1389
5 4.4458553815822741 -5.3551521994189297 28.364572769587145 189 191 145 0.20829743118583216 71 65 12 71 29 73 92 66
547 2.1575862146427593 3.7864271062322921 25.695119222383177 136 115 93 0.15735047059599339 9 354 96 362 11 366
6 1.7301846697974117 1.6938464101792317 25.372338466846589 141 128 116 0.068796118988970673 71 288 12 313
548 2.5696943375668013 4.8562311232670829 26.892706813859846 119 92 68 0.49564592411436448 9 367 11 374 85 798 96 674
7 2.3823507191759501 1.6000019762339124 28.116590914053138 114 93 75 0.16395093079501633 71 290 12 315 29 326
8 2.4062161008889387 1.7235664896599441 27.947308944335944 112 89 69 0.22758601729598088 71 291 12 316
9 1.8586782913540492 2.7923960140323349 25.553929393520409 140 125 112 1.674157172375609 71 306 12 330 36 304 31 335
551 0.28276503098825734 1.5310681595026256 26.171873325521673 126 128 53 0.081384997953980659 31 637 11 648
10 2.9580846275475183 4.4679359454005532 25.646893805790047 167 153 144 0.47401852619186047 71 320 12 347
552 0.28276503098825734 1.5310681595026256 26.171873325521673 126 128 53 0.081384997953980659 31 636 11 649
11 -0.17407899862010451 -5.193181602371097 22.238584411306977 123 130 66 0.27705226398385824 71 348 12 381 29 385
553 2.7012249831537041 1.4851692267657735 25.096856218984435 132 146 58 0.43230464745273417 9 666 11 657
12 0.4924581572959848 -4.8879945381944703 21.729007635038538 1 1 0 0.16725196102164044 71 349 12 7 92 347
554 5.7068362644515469 1.370615194753658 25.494727161050807 195 201 184 0.70007414694028425 71 1062 11 670
13 -0.013513590553267209 -3.8930954119673551 20.988610606622871 182 174 103 0.86801226065668491 71 392 12 732 29 407 92 381 22 813
571 3.6955020995770553 1.6545808704287868 26.389831905213867 124 99 76 0.05074192034175716 9 327 85 374
30 -0.52998760676856516 -3.9556123537901491 21.283798840509458 138 141 57 0.23968534684780929 71 704 12 727
572 2.2979590235406531 -1.1897829185604882 20.517728335340184 69 94 25 0.37921899384439928 11 540 85 622
31 5.8723990874105905 -5.172673966917154 26.143498442668346 120 140 46 0.58096084244570079 71 711 12 764 29 443 92 716 31 741 2 762
32 5.4364636946042841 -4.5698880133972732 25.731025559884614 0 0 0 0.2559648528588373 71 723 12 76
574 1.1157314652239345 5.9375337075813786 27.494688960738031 59 47 31 0.98669725820358667 11 916 85 1215
33 -0.32036846436291316 -2.696436844628836 21.635611313621975 117 127 26 0.73261722082893055 71 763 12 474 92 147
575 3.2154943507385836 7.3790301410522794 24.600451243448084 87 96 116 0.56502810078141064 11 1183 85 1327
34 -1.20723230621963 -2.484799191002411 23.405540881834963 166 163 89 0.42364012632067882 71 776 12 805 29 793
576 0.8964521630285891 7.4713828423445756 28.075059530870114 42 33 24 2.0347350005927973 9 1197 85 1404
35 1.9558298061710346 -1.6610207594587865 21.875489255903769 95 124 42 1.3473428512839352 71 824 12 833 29 526
36 6.8081694435292732 -2.1769494777328959 27.792268842012763 187 192 144 0.6444873098744075 71 831 12 854 29 856 92 1020 31 840
37 7.4100523807830365 -1.5703187268127492 28.021804648456282 201 207 174 0.48440254475256139 71 838 12 585 29 594 92 826
38 0.73366985446437394 -0.35550771190367736 24.843379106785289 82 107 39 0.25718561133131207 71 846 12 598
39 1.9487771497619693 0.8228855895549666 25.19993884269881 178 173 170 0.42421332539939721 71 871 12 644 29 910
40 3.1265651278204056 3.9515455276270894 27.028012316695438 155 137 125 1.5598094702102232 71 896 12 683 29 943 92 890 36 851 22 963
41 2.9643736016779378 4.9922435788569315 26.70145768603717 163 135 105 1.4031984175462766 71 898 12 688 29 945
42 -0.16617467783588025 -5.3232404638925184 22.36634882031121 195 194 146 0.23764378368159264 71 920 12 935 29 703
43 -0.21794617135894465 -4.449346071649356 21.350616373315521 114 128 39 0.3084851154418165 71 924 12 713 29 712
44 1.9709079860779921 -4.5870412201669826 21.648900123346277 178 186 123 0.3694501470947939 71 937 12 720 29 719
45 -0.34978581738152165 -3.4594246955796448 21.436514650449883 146 150 58 0.51022905618178238 71 961 12 749 29 985 92 950
46 -0.2480218651048412 -3.3751044129386449 21.508119374397936 0 0 0 0.50061259648238043 71 962 12 1122
47 5.2703266439555989 -3.1135339785025944 25.587448538545026 101 112 27 0.97748254940071877 71 994 12 1007 29 1025 36 938 31 997 2 1157 9 811
48 5.6878843890010424 -2.239821587524804 27.001570727120402 0 0 0 0.27730182185641339 71 1002 12 1022
49 6.5899462889140672 -2.3176764735240165 27.750826503258146 186 192 136 0.24547110961935409 71 1003 12 1023 29 1034 92 1158
50 0.26352145533921828 -1.2828631012577423 26.000449212230649 0 0 0 0.018168193766852525 71 1015 12 1034
51 7.0097083906321531 -1.1438584133302425 26.676195579178451 161 179 112 0.18092218998936729 71 1021 12 1054 29 1204
52 5.7457528482736553 -0.27366622569476978 28.397431065767993 146 163 100 0.94272648821268457 71 1034 12 1065 29 1078 92 1042 36 998
53 5.9608725260180808 0.41671347365021816 28.709881949929237 83 99 23 1.5746196655283686 71 1040 12 908 29 1096 92 866 36 836
54 1.12587796356231 0.92617027549836883 27.228530282190139 118 130 35 0.094546774647624371 71 1042 12 1072
56 -0.090495060919472209 1.4998974305101875 28.601382493239687 158 154 84 1.2454554536822402 71 1049 12 1076 96 1173 9 1171 85 1305
57 0.18016501118276773 1.3961633023805242 27.749684245914043 0 0 0 1.3507018430648672 71 1050 12 1078 29 920 92 876 11 1160
58 0.18016501118276773 1.3961633023805242 27.749684245914043 0 0 0 1.3507018430648672 71 1051 12 1079 29 921 92 875 11 1161
59 3.6210025808170672 2.1827633934691155 28.391989669288169 202 193 188 0.53094964003964529 71 1063 12 1086 29 1105
128 6.7054517106411202 -5.7112457349083972 27.604914792277651 117 117 63 0.16423667445215004 12 47 71 389 29 35
129 2.07736304797533 -3.0454313661349692 21.721979355469905 212 215 182 0.55752597298130457 12 460 71 460 29 91
130 1.7778253612089066 -1.2586286964565714 21.235362174873536 115 140 55 1.1030066449650073 71 547 29 201 92 545 22 639
131 3.3391147421426308 3.6509442758808457 26.88766645254341 142 123 107 0.150455487238113 71 312 29 350 36 314
132 3.2400571442427331 3.8793351730676768 26.53318650174279 120 94 77 1.9396807166045349 71 314 29 353 92 306 22 336
133 2.6512107772788598 4.6445754854687999 26.38071637489865 149 134 122 0.34164762369205309 71 318 29 355 92 310 36 317
134 3.3110924900139107 4.5336679996739289 27.244539041400909 125 102 87 0.33291897068174842 71 319 29 357 36 321
136 0.85921415551116054 -4.9553384357107326 21.577315593832765 170 167 98 0.74828062251866567 71 351 29 389 92 660
137 4.8725152396643718 -6.0239125121180495 26.843817425574876 96 108 28 0.67543066278008479 12 401 71 16 29 401 92 19
138 5.3008228062069813 -2.9824305719966655 25.250019768381023 110 126 19 1.2753274934554935 71 506 29 522 92 497 31 812 2 827 9 505 96 512
139 5.5829030761355876 -1.782471906897019 26.376987760912989 0 0 0 1.1589318220610978 71 197 29 572 92 540 22 594 31 228
140 2.5127040217620724 3.9322003296661694 28.038419804778712 0 0 0 2.0708599474576492 12 682 29 685 31 659
141 6.9055198166965983 -5.5484832310617289 26.554246148117841 201 205 170 1.3767806400260401 12 765 71 390 29 737 11 955 36 681 2 763 9 969
142 5.4005498416463427 -2.8049096338161834 25.273761624684894 0 0 0 1.3219462877728063 12 827 71 507 29 811 92 1000 2 527 96 528
143 7.0405399099537931 -1.4973174711130977 26.923504122503232 0 0 0 0.4380903517549638 71 836 29 860
144 7.0405399099537931 -1.4973174711130977 26.923504122503232 0 0 0 0.4380903517549638 71 835 29 861
145 5.9883014589860162 0.72084880454181222 28.339459623324114 140 140 118 0.16099714303899412 71 620 29 918
146 0.41232250793746889 -5.6689323145785844 21.895035959914068 191 196 142 1.1824096284297454 12 706 71 917 29 950 92 1210
147 4.8243030344149256 -5.8841748460458199 27.947571986390372 107 125 31 0.44963955087282664 12 1113 71 940 29 970
148 6.8776020738295536 -2.0014462301185545 27.396781885651137 197 199 162 0.77495612091810429 71 1143 29 1049 36 966
149 4.3159886497166982 1.4597776909622864 25.041806304082243 139 164 83 0.56485080272586208 71 1170 29 1104 92 1063
150 3.277843074048465 3.1183843783866751 25.25611823403305 119 93 79 1.2533770100833763 29 1111 92 1070
151 2.4557736479611525 4.8608103483709932 27.644145671937213 0 0 0 0.59125866791437642 71 897 29 1113 36 1029
152 2.8324860548367448 5.0043967388954238 26.24924827028109 201 195 194 0.14749302303696274 71 1072 29 1114 92 1195
153 0.49357459517896624 -4.3553542210587537 20.909332090848341 0 0 0 0.50661090476906268 12 1211 71 1191 29 1127
154 4.4215515663104341 -5.4494675452443202 28.619253401155916 129 142 66 0.25831135852099951 12 1221 71 1196 29 1140
155 4.4549936280948224 -6.0404516703795412 26.580192427778879 207 210 175 0.26120295416188227 12 1106 71 1187 29 1241
156 5.5765952395848526 -2.7709581744313816 25.40373647533913 0 0 0 0.86634943788268126 12 1229 71 1210 29 1262
157 3.1885541983947632 4.1366393440597262 26.495548506581528 111 81 60 0.81631682552866558 71 1243 29 1303 92 1194 22 1369
158 4.2517622452174395 -5.6866045562269933 28.705006707199967 0 0 0 0.88728019458090535 71 1265 29 1325 92 1222
159 6.000510069332587 0.92580541291504481 28.046640463036528 0 0 0 0.2237103591773989 71 1337 29 1356
160 7.1631169984602208 -3.1874419074818534 27.734083315484785 196 200 152 1.2370772238717873 12 1299 71 1318 29 1379 92 1369 36 1262
161 7.1631169984602208 -3.1874419074818534 27.734083315484785 196 200 152 1.2370772238717873 12 1300 71 1319 29 1380 92 1370 36 1263
162 0.42843526945314359 -1.6959139871882223 22.863462824833071 0 0 0 1.781630909089392 12 1356 71 1323 29 1407
163 -0.68168081823024518 -4.3098423652202715 21.907465520312439 185 177 117 1.240802522645321 12 1346 71 1357 29 1421
164 5.2835755343597244 -1.6598757587646946 28.5886795300393 0 0 0 1.2057594697853082 71 1363 29 1430 92 1399
165 6.5071299703937111 0.50503178624745815 27.970924583525282 98 113 35 1.5975605587368804 71 1364 29 1433 92 1400
166 1.0975041920908488 1.2467315417647629 27.16641552691306 0 0 0 0.8884779956129446 71 1365 29 1434 92 1402
167 3.8416628681421123 1.2600165780991599 25.308259360182404 162 186 120 1.5481942399405479 71 1372 29 1440 92 1413
168 0.024473670315179608 -4.2024028527067818 21.270672679345459 0 0 0 0.16082023196995784 12 11 29 5
169 1.6819049115571079 -4.6574351980823661 21.786400466466052 173 180 112 0.41214121301277745 12 17 29 8 92 365
170 2.2819447570222833 -1.5596215068216852 21.22449663379998 130 155 71 0.23888073567486801 12 171 29 202
171 3.4696066386307942 1.5987051744882668 27.976625909219013 144 124 107 1.1925866463896122 12 321 29 327 36 294
172 2.2994874145863835 3.9087606662357097 26.309154730480731 143 126 112 0.37545734232185479 12 339 29 349
173 3.3812829518091334 4.9994871023807201 27.349258350350116 137 113 95 0.31967107719890181 12 357 29 358 36 327
174 2.6827217208549343 5.31266012202334 25.444572888081403 144 128 117 1.0573589546750615 12 364 29 364 36 324
175 3.6838141982357735 5.5079140394416823 27.039854619326842 70 58 45 0.45173277620444363 12 367 29 372 96 925
176 1.1655372885501483 11.446218081952043 33.296744741632814 105 88 61 0.029048810865980171 29 383 31 389
177 -0.37398123255455551 -5.0719828536487457 22.154494351461722 131 145 38 0.44495970951966018 12 380 29 390 92 338
178 0.1827240391553496 -3.6583560635045429 21.263797490018945 120 135 45 0.39623276823096631 12 419 29 426 92 74
179 6.6432823366780509 -2.1561318924780064 27.678317824380112 117 108 49 1.2311878548604922 12 574 29 576 36 510 31 839
180 3.1378028867880876 2.5898782956593545 27.50252404351053 163 149 130 0.65600986563272434 29 682 36 633
181 2.596741153346533 5.4092124576010203 27.634508973978043 107 79 58 1.3920980493853274 12 693 29 690 92 641 31 668 2 693
183 0.30141817853753466 -5.8683754980496223 22.926464881188913 127 141 32 0.74299514303714798 12 705 29 702 36 337
184 6.9173143449845087 -5.5408019430101758 26.558017688017259 201 205 170 0.58224167265423732 12 766 29 738 96 742
185 5.8426597721790481 -2.8799791711689324 25.26572060532936 163 174 88 0.068331620150502537 12 830 29 813
186 5.8426597721790481 -2.8799791711689324 25.26572060532936 163 174 88 0.068331620150502537 12 829 29 814
187 7.6486182697081118 -3.0935329532824514 28.701535950663814 195 201 166 0.65763346318103055 12 547 29 829 92 1004 71 810
188 7.6486182697081118 -3.0935329532824514 28.701535950663814 195 201 166 0.65763346318103055 12 546 29 830 92 1003 71 809
189 1.628097459808594 -1.4009930653588187 21.605259283500608 68 92 10 0.42251602704491742 12 837 29 832
190 5.8093807181842116 -2.3121345551727961 26.968478447429501 128 143 76 0.56651976826497508 12 564 29 838 92 799
191 4.9670470034046952 -0.68180277277558632 27.801217517515973 109 135 69 0.59117037665730454 12 878 29 881 36 809
192 2.4897768427353166 1.6433841609634692 28.143886593630601 172 163 158 0.29250290699786496 12 919 29 937
193 1.7883283411896749 -4.5746387193843221 21.556929753506328 107 131 43 0.19103159759649371 12 718 29 958 92 687
194 -0.36174445109452141 -3.4708309509776756 21.481212813999942 148 153 61 0.33120772303425844 12 750 29 984 92 949
195 3.2682522250918131 -6.1616668236932695 29.203679954462217 229 229 205 0.35569104164963361 12 954 29 1131
196 4.2988031107607263 -5.9008696499652942 28.552032963605527 208 208 165 0.67459308331072931 12 1111 29 1132 92 1104 11 1195
197 6.6793760341926882 -1.8664607465804097 27.262254666401926 112 121 53 0.89746134014506629 12 1164 29 1192 36 1097
198 4.6808880280467315 -0.98158546467365337 27.751400565348327 183 180 179 1.6901921664580257 12 1174 29 1202 31 1028
199 7.0331933927683803 -1.159112573600227 26.823747569147514 166 180 113 0.17124034647595193 12 1053 29 1203
200 4.423898449577508 6.1103859107035312 25.830888191371923 77 80 91 0.09227695746605763 12 1202 29 1229
201 4.4930442228148344 5.4768132715773232 26.702918415320948 124 109 93 1.2182460417082008 12 1272 29 1306 11 1169
202 3.3133723540110482 7.1504949578718433 25.013952940466833 94 102 122 1.5987315345178428 12 1273 29 1310 92 1282 22 1374 9 1278 96 1279 31 1282 85 1406
203 4.2087672197254253 7.0719368804811085 24.992813336409114 141 146 161 0.73787580842615019 12 1274 29 1311 9 1279 96 1280
204 4.770356655561188 9.1896092305539252 26.525196411209041 76 70 71 1.3670169220127855 12 1275 29 1312 11 1314 71 1086
205 3.8034032855945052 -5.7332327024958012 27.654558665452463 197 201 153 0.30958699403943735 12 1282 29 1321
206 1.6568007565358713 -4.4197911926604885 19.843273131787264 0 0 0 0.24467298867442661 12 1326 29 1361
207 6.8700069978887148 -5.0966083291272497 26.571446179375201 34 36 29 0.15956248950047308 12 1291 29 1365
208 0.47486000992527888 -1.7042245064734931 22.892195525118456 0 0 0 1.4018186446522298 12 1357 29 1406 36 1288
209 0.52987355949223891 6.0242065749404157 27.189023471197977 0 0 0 1.9798512204064573 12 1377 31 1380 96 1381
210 6.2803026106792421 -3.478408446643539 26.850394281823441 196 199 148 2.703614568628129 12 1373 29 1427 36 1290 96 1371 11 1375 2 1380
211 5.5159688216740541 -1.0497607272949256 28.093618473592578 0 0 0 1.635649831149171 12 1393 29 1453 92 1417 31 1397 2 1399
212 5.7611915169278936 0.57976125226688879 28.061417972518637 142 143 120 1.1872772524220141 12 1395 29 1454 36 1333
213 4.6376344084570507 1.7172736548568444 24.481839853250289 0 0 0 0.052362713055376708 29 1456 22 1518
214 0.78564070353563764 -4.2084911609392694 21.453738529211115 135 156 65 0.51921790939304779 12 1401 29 1460
216 1.7254248766636062 -1.21125284165461 21.184671372569955 90 115 35 1.2455697313042926 71 545 92 219 22 638
217 2.7870194412178004 4.2732254134938596 25.964691739286195 120 81 58 0.40381132859618535 71 647 22 688 92 309
218 2.6078147341674063 5.121106987414465 27.32697374754764 128 99 70 0.62614016237140835 71 649 92 311 36 322 31 914
219 3.2261594863817313 5.5284169835240125 28.210454065627214 0 0 0 0.55613732300363627 12 927 71 899 92 313
221 -0.1471350187404431 -4.5702694158589265 21.418868670794936 207 209 168 0.13093522874245328 71 358 92 346
223 2.7575527542541223 -4.4862646538525617 29.002501252506434 169 161 154 0.051567430869466371 71 446 92 426
224 5.5923148839922874 -1.7885294844317174 26.30761608884951 0 0 0 0.77419756718580546 71 198 92 541 31 229 22 595
225 4.5013921582471728 -0.062620993319760121 13.436637808887316 0 0 0 0.31345502234371919 29 858 92 627
226 1.2457476683817419 5.6795852080643092 26.830118172661486 92 77 55 1.9469116960762163 71 654 92 643 2 1200 22 965
228 0.62455995576866918 -5.5932551447936341 21.641941205551984 0 0 0 0.62573226935428405 71 919 92 659 96 704
229 -0.44796251481820476 -1.1381874471894278 23.783332779072264 172 166 109 0.48415782426961185 29 841 71 1144 92 814
230 -0.38961827886225392 -1.1360859583640235 23.443309323754999 172 166 109 0.2036581200461472 71 1145 92 815
231 5.4999844590699123 -1.4091215884454358 26.101806703974802 158 174 100 0.41524904767677046 29 592 92 824
232 7.4089347768215701 -1.5618395043845801 27.935825800363283 192 199 159 0.5230011178375521 29 593 92 827
233 0.80819955821359657 6.5207286832167055 26.990551903572793 68 61 52 1.172919919160951 71 909 92 902 31 1090
234 4.8692838097390672 8.6280037398404072 25.884201623676791 90 78 72 0.2698413262978604 71 1084 96 1071
235 4.8185038367624626 8.9855976363417298 27.085713440970398 43 43 48 0.094299655928585815 71 1083 92 904
236 -0.63394702777296497 -4.8625682277673707 22.031887410247556 172 167 88 0.4273459852491126 71 1090 92 912
237 2.5478444934196052 -6.3378082952388928 28.743912807816208 0 0 0 0.16603812098253964 29 961 71 1096 92 917
238 6.8853254185318828 -4.8957664608750262 26.341984728421739 185 194 135 0.57980407698046144 29 458 71 724 92 947
239 6.8247040720588616 -4.8616469806185396 26.07302417646909 185 194 135 1.0526086754795012 71 725 92 948 22 1195
240 -1.1674834472197497 -2.5096962868597217 23.251523227978087 169 165 93 0.11363374301316537 29 1007 92 981
241 4.3159886497166982 1.4597776909622864 25.041806304082243 138 163 80 0.56485080272586208 29 1103 71 1171 92 1062
242 4.1356896864145485 1.533683876216474 24.93032946183336 0 0 0 0.97234092258176119 29 1224 92 1068 36 607
243 4.1356896864145485 1.533683876216474 24.93032946183336 0 0 0 0.97234092258176119 29 1225 92 1069 36 608
244 2.3561110497768429 5.5676302215111724 27.299004111983006 19 17 18 1.4865468645574382 71 900 92 1073 22 1151 96 683
245 3.7597414344206381 5.5430556220702139 27.372357729945712 13 10 10 0.80114958209507969 71 1077 92 1077 31 1084 2 1101 22 1152 9 1087
246 3.7532467213511387 5.5424926843775157 27.347541324068793 13 10 10 0.48591352658203596 71 1078 92 1078 31 1085 2 1100
247 3.7437576005775064 4.3281932133028507 13.836108297675743 0 0 0 1.0861956781511299 12 1325 92 1090
248 1.2766502488576548 -5.5872672902016678 22.254071246860065 157 171 88 1.0553794241271661 71 1180 92 1091
249 5.8685048049711419 -1.4025772123904909 26.216612705946023 0 0 0 0.4445735234180897 71 1147 92 1167 36 976 31 1029 2 1038
250 5.8685048049711419 -1.4025772123904909 26.216612705946023 0 0 0 0.4445735234180897 71 1148 92 1168 36 977 31 1030 2 1039
251 5.5438779733075512 0.027916601256574761 27.95670147167986 120 133 82 0.73702821331461221 71 1038 92 1180 22 1255
252 0.26082223740286908 0.68810409348426194 24.141001749001283 172 167 110 0.0046094696521127472 29 1291 92 1181
253 0.26082223740286908 0.68810409348426194 24.141001749001283 172 167 110 0.0046094696521127472 29 1290 92 1182
254 3.8053114624381164 5.4313250190134452 28.02316163604582 0 0 0 0.75524909385577033 71 1073 92 1196
255 1.2546511305174928 6.2078619001594966 26.2454906190573 166 145 101 1.1578433037885287 71 1175 92 1203 31 1205 2 1206
256 5.6613312315696804 -4.1588673986054721 27.234230448042112 0 0 0 0.1018523398210458 71 1126 92 1238
257 6.8554436197306732 0.69479027680671457 27.905180237963371 140 141 115 0.59693208139458065 29 1294 92 1271 36 1189
577 7.664852 -2.436384 27.472713 114.0 140.0 90.0 0.2 71 1395
578 3.264087 0.902819 26.484447 98.0 95.0 67.0 0.2 71 1396
579 -2.013562 1.415374 23.935860 98.0 90.0 55.0 0.2 71 1397
580 7.833660 1.432286 27.965706 109.0 121.0 89.0 0.2 71 1398
581 2.415148 2.114785 26.587761 98.0 93.0 67.0 0.2 71 1399
582 -1.904838 -0.318552 23.016844 100.0 95.0 54.0 0.2 71 1400
583 -3.477061 -4.295776 20.084448 100.0 102.0 50.0 0.2 71 1401
584 7.428669 1.991473 27.880672 108.0 116.0 87.0 0.2 71 1402
585 2.055192 2.519914 26.054735 102.0 96.0 70.0 0.2 71 1403
586 -2.288272 0.221278 23.127924 99.0 93.0 53.0 0.2 71 1404
587 -3.854654 -3.781375 20.106974 100.0 101.0 49.0 0.2 71 1405
588 8.362973 1.968456 28.218809 108.0 118.0 89.0 0.2 71 1406
589 3.000351 2.669031 26.959192 98.0 89.0 67.0 0.2 71 1407
590 -1.383678 0.176184 23.596531 100.0 94.0 55.0 0.2 71 1408
591 -2.987569 -3.857336 20.506378 101.0 101.0 50.0 0.2 71 1409
592 7.319084 2.372405 27.889662 107.0 114.0 86.0 0.2 71 1410
593 1.957403 2.888105 26.110098 101.0 95.0 70.0 0.2 71 1411
594 -2.387667 0.585399 23.286972 99.0 92.0 53.0 0.2 71 1412
595 -3.958518 -3.439741 20.208376 100.0 100.0 49.0 0.2 71 1413
596 7.319084 2.372405 27.889662 107.0 114.0 86.0 0.2 71 1414
597 1.957403 2.888105 26.110098 101.0 95.0 70.0 0.2 71 1415
598 -2.387667 0.585399 23.286972 99.0 92.0 53.0 0.2 71 1416
599 -3.958518 -3.439741 20.208376 100.0 100.0 49.0 0.2 71 1417
600 3.069489 6.323876 26.378532 96.0 94.0 78.0 0.2 71 1418
601 -1.376113 3.586611 25.206161 97.0 84.0 59.0 0.2 71 1419
602 -3.063997 -0.670583 22.188749 99.0 95.0 51.0 0.2 71 1420
603 -1.484406 -5.099963 20.904476 102.0 105.0 53.0 0.2 71 1421
604 3.069489 6.323876 26.378532 96.0 94.0 78.0 0.2 71 1422
605 -1.376113 3.586611 25.206161 97.0 84.0 59.0 0.2 71 1423
606 -3.063997 -0.670583 22.188749 99.0 95.0 51.0 0.2 71 1424
607 -1.484406 -5.099963 20.904476 102.0 105.0 53.0 0.2 71 1425
608 4.774814 9.272811 27.096722 93.0 77.0 78.0 0.2 71 1426
609 -0.838413 -4.901460 21.358725 103.0 106.0 54.0 0.2 71 1427
610 4.416269 -5.725432 25.152071 109.0 124.0 71.0 0.2 71 1428
611 8.854777 -3.429002 27.943466 116.0 146.0 94.0 0.2 71 1429
612 5.399133 8.960487 27.501945 94.0 77.0 77.0 0.2 71 1430
613 -4.288334 -2.023851 20.762552 99.0 98.0 49.0 0.2 71 1431
614 -0.219032 -5.229842 21.713316 103.0 107.0 56.0 0.2 71 1432
615 5.056422 -6.016979 25.519108 110.0 129.0 73.0 0.2 71 1433
616 9.458480 -3.724875 28.228386 116.0 147.0 95.0 0.2 71 1434
617 5.401015 9.083269 27.416258 94.0 77.0 78.0 0.2 71 1435
618 -4.288805 -1.912766 20.824306 99.0 98.0 49.0 0.2 71 1436
619 -0.217974 -5.120552 21.741123 103.0 107.0 56.0 0.2 71 1437
620 5.063477 -5.908972 25.550303 110.0 128.0 73.0 0.2 71 1438
621 9.464555 -3.606488 28.237864 116.0 147.0 95.0 0.2 71 1439
622 -0.731531 -4.020201 21.751606 102.0 105.0 54.0 0.2 71 1440
623 4.478117 -4.976326 26.336468 101.0 101.0 61.0 0.2 71 1441
624 8.996777 -2.462223 28.086615 115.0 144.0 95.0 0.2 71 1442
625 -3.615964 -0.295825 22.125082 98.0 94.0 50.0 0.2 71 1443
626 0.510248 -3.556435 22.857628 103.0 105.0 57.0 0.2 71 1444
627 5.908379 -4.291535 26.480152 110.0 126.0 76.0 0.2 71 1445
628 -3.714458 -0.075776 22.206795 98.0 93.0 50.0 0.2 71 1446
629 0.399251 -3.342627 22.907188 103.0 104.0 57.0 0.2 71 1447
630 5.811061 -3.991678 26.216616 112.0 135.0 81.0 0.2 71 1448
631 -0.141036 -2.584594 22.950411 102.0 101.0 55.0 0.2 71 1449
632 5.098438 -3.312923 26.420763 101.0 111.0 69.0 0.2 71 1450
633 9.629835 -0.858758 28.486389 114.0 137.0 95.0 0.2 71 1451
634 -3.660253 0.424090 22.535608 98.0 92.0 51.0 0.2 71 1452
635 0.389178 -2.970896 24.107771 99.0 103.0 58.0 0.2 71 1453
636 5.724442 -3.613585 26.908976 101.0 104.0 67.0 0.2 71 1454
637 0.135672 -2.646173 23.235632 101.0 100.0 55.0 0.2 71 1455
638 5.415124 -3.367046 26.673500 101.0 107.0 68.0 0.2 71 1456
639 9.910699 -0.886837 28.602434 114.0 137.0 96.0 0.2 71 1457
640 8.463701 -6.344762 27.572790 115.0 143.0 86.0 0.2 71 1458
641 7.098187 -1.781947 27.305296 113.0 134.0 88.0 0.2 71 1459
642 2.658816 1.621161 26.500698 98.0 94.0 67.0 0.2 71 1460
643 -2.570076 2.077079 24.012623 97.0 88.0 54.0 0.2 71 1461
644 9.095114 -6.173056 27.936472 115.0 145.0 88.0 0.2 71 1462
645 7.737282 -1.595038 27.592983 113.0 137.0 91.0 0.2 71 1463
646 3.362816 1.682552 26.271528 104.0 106.0 75.0 0.2 71 1464
647 -1.944150 2.245485 24.389286 97.0 87.0 56.0 0.2 71 1465
648 8.156069 -1.706893 27.765079 114.0 139.0 92.0 0.2 71 1466
649 3.802689 1.562883 26.384502 105.0 109.0 77.0 0.2 71 1467
650 -1.528381 2.127046 24.524149 98.0 88.0 57.0 0.2 71 1468
651 8.409143 -5.840279 27.571751 115.0 144.0 87.0 0.2 71 1469
652 7.005455 -1.239313 27.355812 112.0 131.0 87.0 0.2 71 1470
653 2.559381 2.203708 26.672777 98.0 92.0 67.0 0.2 71 1471
654 -2.658458 2.613899 24.234835 97.0 86.0 55.0 0.2 71 1472
655 4.002577 2.347866 26.673500 104.0 105.0 77.0 0.2 71 1473
656 -0.464072 0.007042 24.118908 100.0 94.0 57.0 0.2 71 1474
657 -2.075528 -4.046605 20.918245 101.0 103.0 52.0 0.2 71 1475
658 4.358301 2.334151 26.784060 105.0 107.0 79.0 0.2 71 1476
659 -0.129161 -0.013085 24.366560 100.0 94.0 57.0 0.2 71 1477
660 -1.742497 -4.077933 21.097368 102.0 103.0 52.0 0.2 71 1478
661 8.519513 -5.157403 27.677834 115.0 145.0 89.0 0.2 71 1479
662 7.064480 -0.506572 27.458540 111.0 128.0 87.0 0.2 71 1480
663 2.638396 2.976413 26.867130 98.0 90.0 68.0 0.2 71 1481
664 8.599860 2.240081 28.329521 108.0 117.0 90.0 0.2 71 1482
665 3.265380 2.954011 27.081810 98.0 89.0 68.0 0.2 71 1483
666 -1.150317 0.430793 23.880327 99.0 93.0 56.0 0.2 71 1484
667 -2.763850 -3.631609 20.724112 101.0 101.0 50.0 0.2 71 1485
668 8.599860 2.240081 28.329521 108.0 117.0 90.0 0.2 71 1486
669 3.265380 2.954011 27.081810 98.0 89.0 68.0 0.2 71 1487
670 -1.150317 0.430793 23.880327 99.0 93.0 56.0 0.2 71 1488
671 -2.763850 -3.631609 20.724112 101.0 101.0 50.0 0.2 71 1489
672 5.813216 3.318953 27.493191 105.0 105.0 82.0 0.2 71 1490
673 0.495981 3.831815 25.902815 98.0 86.0 65.0 0.2 71 1491
674 9.387342 0.533072 28.486036 111.0 128.0 93.0 0.2 71 1492
675 5.074177 3.790843 27.324886 103.0 101.0 80.0 0.2 71 1493
676 -0.222089 4.332946 25.858034 97.0 83.0 62.0 0.2 71 1494
677 2.715294 4.410532 27.023478 97.0 88.0 70.0 0.2 71 1495
678 -1.669205 1.758359 24.282568 98.0 89.0 56.0 0.2 71 1496
679 -3.296024 -2.376567 21.070803 100.0 99.0 50.0 0.2 71 1497
680 -1.700913 -6.704267 20.538681 102.0 107.0 54.0 0.2 71 1498
681 8.091751 -3.598656 27.550316 115.0 144.0 91.0 0.2 71 1499
682 6.521058 1.128444 27.446516 108.0 118.0 85.0 0.2 71 1500
683 2.158114 4.360923 26.569345 100.0 89.0 70.0 0.2 71 1501
684 6.130844 -7.685443 25.992678 112.0 135.0 77.0 0.2 71 1502
685 8.091751 -3.598656 27.550316 115.0 144.0 91.0 0.2 71 1503
686 6.521058 1.128444 27.446516 108.0 118.0 85.0 0.2 71 1504
687 2.158114 4.360923 26.569345 100.0 89.0 70.0 0.2 71 1505
688 6.130844 -7.685443 25.992678 112.0 135.0 77.0 0.2 71 1506
689 2.905972 5.035094 27.124260 97.0 87.0 71.0 0.2 71 1507
690 -1.496634 2.340564 24.637812 98.0 87.0 57.0 0.2 71 1508
691 -3.144932 -1.839764 21.452967 100.0 98.0 50.0 0.2 71 1509
692 -1.555817 -6.202725 20.658281 102.0 106.0 54.0 0.2 71 1510
693 2.968016 5.207741 27.151665 97.0 86.0 72.0 0.2 71 1511
694 -1.438902 2.503087 24.734972 98.0 87.0 57.0 0.2 71 1512
695 -3.094450 -1.689672 21.567535 100.0 97.0 50.0 0.2 71 1513
696 -1.506237 -6.062586 20.703884 102.0 106.0 54.0 0.2 71 1514
697 2.968016 5.207741 27.151665 97.0 86.0 72.0 0.2 71 1515
698 -1.438902 2.503087 24.734972 98.0 87.0 57.0 0.2 71 1516
699 -3.094450 -1.689672 21.567535 100.0 97.0 50.0 0.2 71 1517
700 -1.506237 -6.062586 20.703884 102.0 106.0 54.0 0.2 71 1518
701 4.668560 6.378837 27.196178 96.0 87.0 78.0 0.2 71 1519
702 8.598058 -6.288689 27.652155 115.0 144.0 87.0 0.2 71 1520
703 4.722764 6.325483 27.255215 96.0 86.0 77.0 0.2 71 1521
704 8.644306 -6.338315 27.677128 115.0 144.0 87.0 0.2 71 1522
705 3.584496 6.451925 26.546637 96.0 92.0 79.0 0.2 71 1523
706 -0.865927 3.701167 25.437496 97.0 84.0 60.0 0.2 71 1524
707 -2.577993 -0.576308 22.502249 99.0 95.0 52.0 0.2 71 1525
708 -0.994522 -5.028295 21.222555 102.0 106.0 54.0 0.2 71 1526
709 3.808058 6.722763 26.586536 96.0 91.0 79.0 0.2 71 1527
710 -0.641150 3.968090 25.607815 97.0 83.0 61.0 0.2 71 1528
711 -2.370030 -0.326709 22.760872 99.0 95.0 53.0 0.2 71 1529
712 -0.785814 -4.800653 21.422592 103.0 106.0 54.0 0.2 71 1530
713 0.493042 7.238703 26.772118 95.0 77.0 66.0 0.2 71 1531
714 -3.876603 -3.907167 20.043859 100.0 101.0 49.0 0.2 71 1532
715 0.186664 -7.067413 21.691748 104.0 111.0 58.0 0.2 71 1533
716 5.352453 -7.815356 25.396320 111.0 132.0 75.0 0.2 71 1534
717 -4.041609 -2.527923 20.614691 99.0 99.0 49.0 0.2 71 1535
718 0.034121 -5.737009 21.814619 103.0 108.0 56.0 0.2 71 1536
719 5.295426 -6.496598 25.571486 111.0 131.0 75.0 0.2 71 1537
720 9.684276 -4.245347 28.320129 116.0 147.0 94.0 0.2 71 1538
721 3.185268 8.540105 26.243788 94.0 87.0 79.0 0.2 71 1539
722 -3.014848 1.511513 23.491404 97.0 89.0 53.0 0.2 71 1540
723 -1.451718 -3.032817 21.735640 102.0 102.0 53.0 0.2 71 1541
724 2.686448 -6.448494 24.739853 102.0 106.0 59.0 0.2 71 1542
725 7.968487 -6.883788 27.259911 114.0 141.0 84.0 0.2 71 1543
726 -3.870175 -1.101790 21.509672 99.0 96.0 50.0 0.2 71 1544
727 0.231893 -4.346445 22.353399 103.0 106.0 56.0 0.2 71 1545
728 5.512129 -5.250020 26.764587 103.0 106.0 64.0 0.2 71 1546
729 9.936919 -2.720903 28.512201 116.0 145.0 96.0 0.2 71 1547
730 -3.742285 -0.529607 21.917816 98.0 94.0 50.0 0.2 71 1548
731 0.375656 -3.781085 22.652239 103.0 106.0 57.0 0.2 71 1549
732 5.681172 -4.660924 26.930193 102.0 103.0 64.0 0.2 71 1550
733 10.084484 -2.111337 28.609713 115.0 143.0 97.0 0.2 71 1551
734 -0.011814 -2.837580 22.931927 102.0 101.0 55.0 0.2 71 1552
735 5.232834 -3.584104 26.546671 101.0 109.0 68.0 0.2 71 1553
736 9.753257 -1.113590 28.522181 114.0 138.0 96.0 0.2 71 1554
737 -0.183875 -2.315552 23.013069 102.0 101.0 55.0 0.2 71 1555
738 5.203477 -3.118901 26.773878 101.0 99.0 64.0 0.2 71 1556
739 9.582959 -0.586654 28.485483 113.0 135.0 95.0 0.2 71 1557
740 -1.370704 -1.619321 22.571501 101.0 99.0 54.0 0.2 71 1558
741 3.884290 -2.417762 26.138544 99.0 99.0 64.0 0.2 71 1559
742 8.391584 0.071785 28.046814 112.0 130.0 92.0 0.2 71 1560
743 -0.663334 -1.651094 22.983316 102.0 100.0 56.0 0.2 71 1561
744 4.660721 -2.441292 26.617044 99.0 94.0 63.0 0.2 71 1562
745 9.098131 0.072811 28.334084 112.0 131.0 93.0 0.2 71 1563
746 -0.038074 -1.933902 23.266258 102.0 101.0 57.0 0.2 71 1564
747 5.314592 -2.711275 26.889219 99.0 95.0 64.0 0.2 71 1565
748 9.715709 -0.185869 28.565083 113.0 133.0 95.0 0.2 71 1566
749 -2.867204 1.115772 23.342369 98.0 90.0 53.0 0.2 71 1567
750 1.272098 -2.233829 24.497213 101.0 113.0 66.0 0.2 71 1568
751 6.751047 -2.898526 27.507046 102.0 103.0 69.0 0.2 71 1569
752 -0.792595 1.925602 24.764154 99.0 89.0 59.0 0.2 71 1570
753 4.576101 1.482271 26.979151 98.0 94.0 70.0 0.2 71 1571
754 8.918350 -6.407435 27.829937 115.0 144.0 87.0 0.2 71 1572
755 7.572981 -1.846467 27.491430 114.0 137.0 90.0 0.2 71 1573
756 3.168689 1.538378 26.730490 98.0 92.0 67.0 0.2 71 1574
757 -2.106726 1.999835 24.194313 98.0 88.0 55.0 0.2 71 1575
758 8.049069 -1.793524 27.708324 114.0 139.0 92.0 0.2 71 1576
759 3.691849 1.477568 26.325684 105.0 109.0 76.0 0.2 71 1577
760 -1.635851 2.042741 24.435392 98.0 88.0 57.0 0.2 71 1578
761 7.887551 1.254201 27.966393 109.0 122.0 89.0 0.2 71 1579
762 2.467041 1.926850 26.551165 98.0 93.0 66.0 0.2 71 1580
763 -1.854278 -0.488138 22.945278 100.0 96.0 54.0 0.2 71 1581
764 -3.425129 -4.454863 20.053991 100.0 102.0 50.0 0.2 71 1582
765 8.843764 -1.337932 28.106287 114.0 139.0 94.0 0.2 71 1583
766 4.523934 1.933554 26.772184 105.0 109.0 79.0 0.2 71 1584
767 -0.824812 2.482908 24.974323 98.0 88.0 59.0 0.2 71 1585
768 9.386991 -5.510461 28.121885 116.0 146.0 91.0 0.2 71 1586
769 7.988554 -0.890274 27.784502 113.0 134.0 91.0 0.2 71 1587
770 3.627257 2.550575 27.137024 98.0 89.0 68.0 0.2 71 1588
771 -1.688763 2.941288 24.819033 97.0 85.0 57.0 0.2 71 1589
772 7.598261 -5.215494 27.164547 114.0 142.0 86.0 0.2 71 1590
773 6.110345 -0.559276 27.049223 110.0 124.0 83.0 0.2 71 1591
774 1.711383 2.715441 25.954370 101.0 95.0 69.0 0.2 71 1592
775 7.997961 -5.158926 27.395008 115.0 143.0 87.0 0.2 71 1593
776 6.524154 -0.502707 27.243643 110.0 125.0 85.0 0.2 71 1594
777 2.115041 2.781911 26.158100 101.0 95.0 70.0 0.2 71 1595
778 8.758008 2.099805 28.372324 108.0 118.0 90.0 0.2 71 1596
779 3.430818 2.674862 26.745132 102.0 97.0 72.0 0.2 71 1597
780 -0.998324 0.292365 23.901476 100.0 94.0 56.0 0.2 71 1598
781 -2.611229 -3.765027 20.745378 101.0 101.0 51.0 0.2 71 1599
782 8.360503 2.636112 28.284220 107.0 114.0 88.0 0.2 71 1600
783 3.020262 3.376257 27.052946 98.0 89.0 69.0 0.2 71 1601
784 -1.376231 0.815812 23.953335 99.0 92.0 56.0 0.2 71 1602
785 -2.993840 -3.266871 20.776457 100.0 100.0 50.0 0.2 71 1603
786 4.332394 2.864404 26.881235 104.0 104.0 79.0 0.2 71 1604
787 -0.150600 0.524829 24.635365 99.0 92.0 57.0 0.2 71 1605
788 -1.767307 -3.588498 21.291018 101.0 102.0 52.0 0.2 71 1606
789 4.332394 2.864404 26.881235 104.0 104.0 79.0 0.2 71 1607
790 -0.150600 0.524829 24.635365 99.0 92.0 57.0 0.2 71 1608
791 -1.767307 -3.588498 21.291018 101.0 102.0 52.0 0.2 71 1609
792 8.325661 -3.618527 27.663040 116.0 145.0 92.0 0.2 71 1610
793 6.762218 1.101921 27.523380 109.0 119.0 86.0 0.2 71 1611
794 2.398961 4.345071 26.651730 100.0 89.0 71.0 0.2 71 1612
795 6.364870 -7.715079 26.162544 112.0 135.0 77.0 0.2 71 1613
796 7.691072 -3.184344 27.404469 115.0 142.0 90.0 0.2 71 1614
797 6.078912 1.567603 27.334730 107.0 115.0 83.0 0.2 71 1615
798 1.732744 4.812958 26.593597 98.0 85.0 68.0 0.2 71 1616
799 5.743020 -7.291088 25.731373 112.0 134.0 76.0 0.2 71 1617
800 4.552742 4.875615 27.415369 101.0 92.0 76.0 0.2 71 1618
801 0.155387 2.468270 25.314037 99.0 90.0 63.0 0.2 71 1619
802 -1.580274 -1.772849 22.361214 101.0 99.0 53.0 0.2 71 1620
803 0.008214 -6.197680 21.684200 104.0 109.0 57.0 0.2 71 1621
804 4.552742 4.875615 27.415369 101.0 92.0 76.0 0.2 71 1622
805 0.155387 2.468270 25.314037 99.0 90.0 63.0 0.2 71 1623
806 -1.580274 -1.772849 22.361214 101.0 99.0 53.0 0.2 71 1624
807 0.008214 -6.197680 21.684200 104.0 109.0 57.0 0.2 71 1625
808 4.968196 5.602079 27.695543 99.0 87.0 76.0 0.2 71 1626
809 3.975808 5.991766 26.895861 96.0 90.0 78.0 0.2 71 1627
810 -0.476967 3.218590 25.390215 98.0 86.0 61.0 0.2 71 1628
811 -2.197420 -1.043683 22.435715 100.0 97.0 53.0 0.2 71 1629
812 -0.610187 -5.486982 21.374609 103.0 107.0 55.0 0.2 71 1630
813 4.289633 6.573903 26.891333 96.0 89.0 78.0 0.2 71 1631
814 -0.159732 3.789577 25.697762 98.0 85.0 62.0 0.2 71 1632
815 -1.906328 -0.504469 22.907341 100.0 95.0 54.0 0.2 71 1633
816 -0.320191 -4.991665 21.695873 103.0 107.0 55.0 0.2 71 1634
817 4.289633 6.573903 26.891333 96.0 89.0 78.0 0.2 71 1635
818 -0.159732 3.789577 25.697762 98.0 85.0 62.0 0.2 71 1636
819 -1.906328 -0.504469 22.907341 100.0 95.0 54.0 0.2 71 1637
820 -0.320191 -4.991665 21.695873 103.0 107.0 55.0 0.2 71 1638
821 4.452641 6.563403 26.994177 96.0 88.0 78.0 0.2 71 1639
822 0.003197 3.769809 25.739204 98.0 85.0 63.0 0.2 71 1640
823 -1.750610 -0.525092 22.980751 100.0 96.0 54.0 0.2 71 1641
824 -0.165297 -5.021181 21.810207 103.0 107.0 56.0 0.2 71 1642
825 9.678279 -1.009157 28.496586 114.0 138.0 96.0 0.2 71 1643
826 3.854307 7.359570 26.501404 95.0 90.0 79.0 0.2 71 1644
827 -1.677788 -6.561528 20.558573 102.0 107.0 54.0 0.2 71 1645
828 3.438813 -7.359388 23.968262 109.0 125.0 68.0 0.2 71 1646
829 7.879007 -5.333950 27.313967 114.0 143.0 87.0 0.2 71 1647
830 4.988146 8.405900 27.635132 95.0 77.0 76.0 0.2 71 1648
831 -0.611088 -5.681330 21.334372 103.0 107.0 55.0 0.2 71 1649
832 4.619489 -6.476402 25.080824 110.0 128.0 72.0 0.2 71 1650
833 9.043849 -4.255231 27.987190 116.0 147.0 93.0 0.2 71 1651
834 -3.813618 -0.061975 22.162636 98.0 93.0 50.0 0.2 71 1652
835 0.292291 -3.325612 22.835842 103.0 104.0 56.0 0.2 71 1653
836 5.702102 -3.984872 26.165949 112.0 134.0 80.0 0.2 71 1654
837 10.021892 -1.623510 28.607397 115.0 141.0 96.0 0.2 71 1655
838 -0.291737 -2.575531 22.804293 102.0 101.0 55.0 0.2 71 1656
839 4.928337 -3.309486 26.290682 102.0 112.0 70.0 0.2 71 1657
840 9.475294 -0.867564 28.420307 114.0 137.0 95.0 0.2 71 1658
841 0.134536 -2.365075 23.216145 102.0 101.0 56.0 0.2 71 1659
842 5.514441 -3.160284 26.965281 100.0 96.0 63.0 0.2 71 1660
843 9.889651 -0.617555 28.609982 113.0 135.0 96.0 0.2 71 1661
844 0.336698 -2.195848 23.373230 102.0 102.0 57.0 0.2 71 1662
845 5.680702 -2.971836 27.029919 99.0 96.0 64.0 0.2 71 1663
846 -0.353977 -1.908679 23.060165 102.0 101.0 56.0 0.2 71 1664
847 4.975761 -2.699134 26.722204 99.0 96.0 63.0 0.2 71 1665
848 9.406940 -0.178806 28.440720 113.0 133.0 94.0 0.2 71 1666
849 -3.500381 1.218632 23.083260 97.0 90.0 52.0 0.2 71 1667
850 0.638020 -2.049228 23.635441 103.0 103.0 59.0 0.2 71 1668
851 6.100311 -2.718765 26.831223 110.0 125.0 79.0 0.2 71 1669
852 -3.198823 1.110232 23.173576 98.0 90.0 52.0 0.2 71 1670
853 0.917825 -2.239660 24.336338 101.0 112.0 65.0 0.2 71 1671
854 6.327558 -2.913113 27.335955 100.0 97.0 65.0 0.2 71 1672
855 -1.703186 -0.926544 22.776552 100.0 97.0 54.0 0.2 71 1673
856 3.491960 -1.552235 25.202236 103.0 125.0 76.0 0.2 71 1674
857 8.049383 0.794693 27.982578 110.0 125.0 90.0 0.2 71 1675
858 7.689897 -2.487053 27.479321 114.0 140.0 90.0 0.2 71 1676
859 3.290817 0.847653 26.473343 98.0 96.0 67.0 0.2 71 1677
860 -1.988478 1.364739 23.921335 98.0 90.0 55.0 0.2 71 1678
861 7.875715 -2.455417 27.568933 114.0 141.0 91.0 0.2 71 1679
862 3.490157 0.878930 26.568424 98.0 95.0 67.0 0.2 71 1680
863 -1.806423 1.391159 24.026712 98.0 90.0 56.0 0.2 71 1681
864 7.875715 -2.455417 27.568933 114.0 141.0 91.0 0.2 71 1682
865 3.490157 0.878930 26.568424 98.0 95.0 67.0 0.2 71 1683
866 -1.806423 1.391159 24.026712 98.0 90.0 56.0 0.2 71 1684
867 8.477811 -6.459643 27.577705 114.0 143.0 86.0 0.2 71 1685
868 7.121547 -1.905173 27.297028 113.0 135.0 88.0 0.2 71 1686
869 2.685938 1.490872 26.386734 98.0 96.0 68.0 0.2 71 1687
870 -2.547069 1.955049 23.961018 97.0 88.0 54.0 0.2 71 1688
871 8.316528 -5.717754 27.528311 115.0 144.0 87.0 0.2 71 1689
872 6.901943 -1.108425 27.341658 111.0 129.0 86.0 0.2 71 1690
873 2.450030 2.346976 26.654530 98.0 92.0 67.0 0.2 71 1691
874 9.337605 -1.314384 28.327995 114.0 139.0 95.0 0.2 71 1692
875 5.047368 1.954912 26.968685 106.0 111.0 81.0 0.2 71 1693
876 -0.308002 2.496486 25.165573 99.0 89.0 61.0 0.2 71 1694
877 7.698206 1.791175 27.956078 108.0 118.0 88.0 0.2 71 1695
878 2.282594 2.489817 26.657448 98.0 91.0 66.0 0.2 71 1696
879 -2.031631 0.024622 23.149174 99.0 94.0 54.0 0.2 71 1697
880 -3.605891 -3.973277 20.146957 100.0 101.0 50.0 0.2 71 1698
881 8.249781 -4.541648 27.562527 115.0 145.0 90.0 0.2 71 1699
882 6.741170 0.142547 27.403076 110.0 124.0 86.0 0.2 71 1700
883 2.346598 3.417914 26.424974 101.0 93.0 71.0 0.2 71 1701
884 8.359054 -4.455307 27.622101 116.0 145.0 90.0 0.2 71 1702
885 6.848679 0.230204 27.453728 110.0 124.0 86.0 0.2 71 1703
886 2.434784 3.693096 26.926418 98.0 87.0 67.0 0.2 71 1704
887 2.846123 4.937125 27.105526 97.0 87.0 71.0 0.2 71 1705
888 -1.551623 2.250119 24.571379 98.0 87.0 57.0 0.2 71 1706
889 -3.195531 -1.922103 21.378717 100.0 98.0 50.0 0.2 71 1707
890 -1.605476 -6.278686 20.620611 102.0 106.0 54.0 0.2 71 1708
891 3.104999 5.937181 26.517672 96.0 93.0 77.0 0.2 71 1709
892 -1.337037 3.193812 25.067677 97.0 85.0 58.0 0.2 71 1710
893 -3.015945 -1.043289 21.991947 99.0 96.0 51.0 0.2 71 1711
894 -1.433023 -5.454594 20.853003 102.0 105.0 53.0 0.2 71 1712
895 3.808764 5.882477 26.846870 96.0 91.0 77.0 0.2 71 1713
896 -0.642835 3.116244 25.294632 98.0 86.0 60.0 0.2 71 1714
897 -2.352785 -1.136881 22.295620 100.0 97.0 52.0 0.2 71 1715
898 -0.765708 -5.568501 21.253466 103.0 107.0 55.0 0.2 71 1716
899 9.375154 -1.873349 28.303341 115.0 142.0 95.0 0.2 71 1717
900 7.774516 2.895048 28.113834 106.0 111.0 87.0 0.2 71 1718
901 3.532682 6.503124 26.508966 96.0 92.0 79.0 0.2 71 1719
902 7.518972 -6.146208 27.033390 114.0 141.0 84.0 0.2 71 1720
903 4.297119 6.907842 26.814701 95.0 89.0 79.0 0.2 71 1721
904 -0.148248 4.129279 25.815081 97.0 84.0 62.0 0.2 71 1722
905 -1.903663 -0.178875 23.099228 100.0 95.0 54.0 0.2 71 1723
906 -0.317369 -4.684762 21.790266 103.0 106.0 55.0 0.2 71 1724
907 2.970878 7.703855 26.134283 95.0 91.0 79.0 0.2 71 1725
908 -3.204154 0.689559 22.927366 98.0 91.0 52.0 0.2 71 1726
909 -1.639182 -3.808001 21.270002 102.0 103.0 52.0 0.2 71 1727
910 2.534454 -7.011631 23.462238 107.0 118.0 64.0 0.2 71 1728
911 7.701459 -7.649789 27.075840 113.0 138.0 81.0 0.2 71 1729
912 2.849808 7.950803 26.103893 95.0 90.0 79.0 0.2 71 1730
913 -3.327654 0.939090 23.009598 98.0 91.0 52.0 0.2 71 1731
914 -1.767346 -3.566353 21.300913 101.0 102.0 52.0 0.2 71 1732
915 2.397040 -6.814394 23.540646 106.0 115.0 62.0 0.2 71 1733
916 7.598692 -7.420454 27.010496 113.0 139.0 81.0 0.2 71 1734
917 3.097199 8.261435 26.185404 95.0 88.0 79.0 0.2 71 1735
918 -3.095038 1.238246 23.297655 98.0 90.0 53.0 0.2 71 1736
919 -1.532457 -3.290299 21.565121 102.0 102.0 53.0 0.2 71 1737
920 2.639415 -6.582989 23.911640 105.0 114.0 62.0 0.2 71 1738
921 7.863094 -7.139749 27.186399 113.0 140.0 83.0 0.2 71 1739
922 4.338782 8.506468 26.833637 94.0 82.0 78.0 0.2 71 1740
923 -1.253436 -5.591962 20.931982 102.0 106.0 54.0 0.2 71 1741
924 3.941043 -6.421595 24.631170 108.0 124.0 69.0 0.2 71 1742
925 8.397856 -4.218413 27.650244 116.0 146.0 91.0 0.2 71 1743
926 9.231861 0.598259 28.429968 111.0 128.0 93.0 0.2 71 1744
927 3.431327 8.905868 26.401192 94.0 84.0 78.0 0.2 71 1745
928 -2.145920 -5.120244 20.521273 102.0 104.0 52.0 0.2 71 1746
929 2.936309 -6.147542 25.074368 102.0 104.0 59.0 0.2 71 1747
930 7.501178 -3.783290 27.225714 115.0 142.0 89.0 0.2 71 1748
931 9.231861 0.598259 28.429968 111.0 128.0 93.0 0.2 71 1749
932 3.431327 8.905868 26.401192 94.0 84.0 78.0 0.2 71 1750
933 -2.145920 -5.120244 20.521273 102.0 104.0 52.0 0.2 71 1751
934 2.936309 -6.147542 25.074368 102.0 104.0 59.0 0.2 71 1752
935 7.501178 -3.783290 27.225714 115.0 142.0 89.0 0.2 71 1753
936 9.387617 0.582048 28.489994 111.0 128.0 93.0 0.2 71 1754
937 3.587475 8.896736 26.466032 94.0 83.0 78.0 0.2 71 1755
938 -1.993926 -5.145245 20.598507 102.0 104.0 52.0 0.2 71 1756
939 3.104921 -6.163462 25.105495 102.0 105.0 59.0 0.2 71 1757
940 7.659914 -3.797963 27.308382 115.0 143.0 89.0 0.2 71 1758
941 9.387617 0.582048 28.489994 111.0 128.0 93.0 0.2 71 1759
942 3.587475 8.896736 26.466032 94.0 83.0 78.0 0.2 71 1760
943 -1.993926 -5.145245 20.598507 102.0 104.0 52.0 0.2 71 1761
944 3.104921 -6.163462 25.105495 102.0 105.0 59.0 0.2 71 1762
945 7.659914 -3.797963 27.308382 115.0 143.0 89.0 0.2 71 1763
946 2.814925 9.189669 26.280367 94.0 83.0 77.0 0.2 71 1764
947 -1.839110 -2.391188 21.852304 101.0 100.0 52.0 0.2 71 1765
948 2.288473 -5.838278 24.769455 101.0 104.0 59.0 0.2 71 1766
949 7.638945 -6.269930 27.094608 114.0 141.0 84.0 0.2 71 1767
950 3.207726 9.250409 26.385811 93.0 82.0 78.0 0.2 71 1768
951 -3.002306 2.222980 23.880747 97.0 87.0 54.0 0.2 71 1769
952 -1.450033 -2.358560 22.099640 101.0 101.0 53.0 0.2 71 1770
953 2.701890 -5.808746 25.010132 101.0 103.0 59.0 0.2 71 1771
954 8.036136 -6.215875 27.332197 114.0 142.0 85.0 0.2 71 1772
955 -3.370806 -1.693452 21.417494 99.0 97.0 50.0 0.2 71 1773
956 0.743530 -4.968357 22.665657 103.0 107.0 57.0 0.2 71 1774
957 6.085732 -5.691966 26.355639 110.0 130.0 76.0 0.2 71 1775
958 -0.206764 -3.351143 22.430264 102.0 104.0 55.0 0.2 71 1776
959 5.103690 -4.240268 26.655956 101.0 101.0 63.0 0.2 71 1777
960 9.534476 -1.696119 28.387434 115.0 141.0 96.0 0.2 71 1778
961 -3.936765 0.115733 22.206644 98.0 93.0 50.0 0.2 71 1779
962 0.154289 -3.151700 22.851036 102.0 103.0 56.0 0.2 71 1780
963 5.411871 -3.949405 26.763699 101.0 104.0 66.0 0.2 71 1781
964 9.899215 -1.442536 28.564596 115.0 140.0 96.0 0.2 71 1782
965 0.185684 -2.819522 23.211246 101.0 100.0 55.0 0.2 71 1783
966 5.465175 -3.547970 26.718431 101.0 106.0 67.0 0.2 71 1784
967 9.958006 -1.061177 28.611256 114.0 138.0 96.0 0.2 71 1785
968 0.031417 -2.253768 23.185081 102.0 101.0 56.0 0.2 71 1786
969 5.431978 -3.043710 26.893614 101.0 99.0 64.0 0.2 71 1787
970 9.788766 -0.510044 28.574659 113.0 135.0 95.0 0.2 71 1788
971 -3.326596 1.009151 23.050522 98.0 90.0 52.0 0.2 71 1789
972 0.755366 -2.369487 24.469942 99.0 104.0 60.0 0.2 71 1790
973 6.153772 -3.011698 27.214108 100.0 98.0 66.0 0.2 71 1791
974 -3.374295 1.226173 23.151253 97.0 90.0 52.0 0.2 71 1792
975 0.764459 -2.053469 23.773239 102.0 102.0 58.0 0.2 71 1793
976 6.232081 -2.676459 26.778339 111.0 131.0 83.0 0.2 71 1794
977 -3.374295 1.226173 23.151253 97.0 90.0 52.0 0.2 71 1795
978 0.764459 -2.053469 23.773239 102.0 102.0 58.0 0.2 71 1796
979 6.232081 -2.676459 26.778339 111.0 131.0 83.0 0.2 71 1797
980 -1.575923 -1.175682 22.706715 100.0 98.0 54.0 0.2 71 1798
981 3.613970 -1.815173 25.271856 103.0 124.0 75.0 0.2 71 1799
982 8.181819 0.535141 28.007870 111.0 127.0 91.0 0.2 71 1800
983 -1.575923 -1.175682 22.706715 100.0 98.0 54.0 0.2 71 1801
984 3.613970 -1.815173 25.271856 103.0 124.0 75.0 0.2 71 1802
985 8.181819 0.535141 28.007870 111.0 127.0 91.0 0.2 71 1803
986 -1.447720 -1.424324 22.637951 101.0 98.0 54.0 0.2 71 1804
987 3.799671 -2.196122 26.030163 99.0 102.0 65.0 0.2 71 1805
988 8.313432 0.276034 28.035074 111.0 129.0 91.0 0.2 71 1806
989 1.536108 0.976540 25.930069 98.0 96.0 64.0 0.2 71 1807
990 7.036574 0.358749 27.540237 110.0 124.0 87.0 0.2 71 1808
991 1.680812 1.041163 25.972771 98.0 97.0 65.0 0.2 71 1809
992 7.170304 0.418823 27.598000 110.0 124.0 87.0 0.2 71 1810
993 1.572793 1.337087 26.060101 98.0 96.0 64.0 0.2 71 1811
994 7.061266 0.701016 27.587482 109.0 123.0 87.0 0.2 71 1812
995 7.949635 -6.027239 27.296339 114.0 142.0 86.0 0.2 71 1813
996 6.523840 -1.508527 27.553051 100.0 95.0 68.0 0.2 71 1814
997 2.120841 1.861099 25.899527 102.0 99.0 69.0 0.2 71 1815
998 7.949635 -6.027239 27.296339 114.0 142.0 86.0 0.2 71 1816
999 6.523840 -1.508527 27.553051 100.0 95.0 68.0 0.2 71 1817
1000 2.120841 1.861099 25.899527 102.0 99.0 69.0 0.2 71 1818
1001 8.091595 -5.903449 27.387127 115.0 143.0 86.0 0.2 71 1819
1002 6.675520 -1.368131 27.632599 101.0 96.0 69.0 0.2 71 1820
1003 2.257471 1.998057 26.025652 102.0 98.0 69.0 0.2 71 1821
1004 9.970626 -1.642663 28.583950 115.0 141.0 96.0 0.2 71 1822
1005 5.745803 1.624017 27.207567 107.0 114.0 82.0 0.2 71 1823
1006 0.356765 2.160546 25.298172 100.0 92.0 63.0 0.2 71 1824
1007 -3.863551 -0.077964 22.127180 98.0 93.0 50.0 0.2 71 1825
1008 8.522532 -5.436365 27.661430 115.0 144.0 88.0 0.2 71 1826
1009 7.090544 -0.804857 27.440041 111.0 129.0 87.0 0.2 71 1827
1010 2.657013 2.655265 26.839373 98.0 90.0 67.0 0.2 71 1828
1011 7.049430 2.054078 27.746548 108.0 115.0 86.0 0.2 71 1829
1012 1.679989 2.574824 25.903536 101.0 95.0 69.0 0.2 71 1830
1013 -2.647640 0.290945 22.980532 99.0 93.0 53.0 0.2 71 1831
1014 8.494429 2.152218 28.283869 108.0 117.0 89.0 0.2 71 1832
1015 3.148543 2.862592 27.033442 98.0 89.0 68.0 0.2 71 1833
1016 -1.253789 0.348796 23.771545 100.0 93.0 56.0 0.2 71 1834
1017 -2.863951 -3.703072 20.639093 101.0 101.0 50.0 0.2 71 1835
1018 8.831535 -3.877497 27.895481 116.0 147.0 93.0 0.2 71 1836
1019 7.301956 0.823456 27.693213 110.0 123.0 88.0 0.2 71 1837
1020 2.939601 4.386591 27.092846 97.0 88.0 70.0 0.2 71 1838
1021 6.861182 -7.969090 26.513865 112.0 136.0 78.0 0.2 71 1839
1022 3.068745 4.048137 27.135128 97.0 88.0 70.0 0.2 71 1840
1023 -1.336057 1.432816 24.283943 99.0 90.0 57.0 0.2 71 1841
1024 -2.968324 -2.693730 21.072178 100.0 99.0 50.0 0.2 71 1842
1025 2.697618 4.738930 27.070557 97.0 87.0 70.0 0.2 71 1843
1026 -1.687352 2.072530 24.425598 98.0 88.0 56.0 0.2 71 1844
1027 -3.321226 -2.082472 21.221062 100.0 98.0 50.0 0.2 71 1845
1028 -1.729603 -6.426297 20.537909 102.0 106.0 54.0 0.2 71 1846
1029 7.926510 -3.228772 27.514191 115.0 143.0 91.0 0.2 71 1847
1030 6.325049 1.517259 27.417685 107.0 116.0 84.0 0.2 71 1848
1031 1.975550 4.759314 26.642975 99.0 86.0 69.0 0.2 71 1849
1032 5.977909 -7.342014 25.897800 112.0 135.0 77.0 0.2 71 1850
1033 8.087714 -3.147219 27.600582 115.0 143.0 91.0 0.2 71 1851
1034 6.484764 1.597186 27.478533 108.0 116.0 85.0 0.2 71 1852
1035 2.137538 4.853316 26.730843 99.0 86.0 69.0 0.2 71 1853
1036 6.142993 -7.276792 26.024277 112.0 135.0 78.0 0.2 71 1854
1037 4.089274 6.153759 26.903610 96.0 90.0 78.0 0.2 71 1855
1038 -0.363383 3.375573 25.486301 98.0 86.0 61.0 0.2 71 1856
1039 -2.092303 -0.896687 22.578611 100.0 96.0 53.0 0.2 71 1857
1040 -0.505578 -5.352880 21.475004 103.0 107.0 55.0 0.2 71 1858
1041 8.494508 -1.787402 27.908430 114.0 140.0 93.0 0.2 71 1859
1042 6.854480 2.983390 27.806137 106.0 109.0 85.0 0.2 71 1860
1043 2.626207 6.577459 26.199039 96.0 94.0 78.0 0.2 71 1861
1044 6.622922 -6.070811 26.526360 112.0 136.0 80.0 0.2 71 1862
1045 8.494508 -1.787402 27.908430 114.0 140.0 93.0 0.2 71 1863
1046 6.854480 2.983390 27.806137 106.0 109.0 85.0 0.2 71 1864
1047 2.626207 6.577459 26.199039 96.0 94.0 78.0 0.2 71 1865
1048 6.622922 -6.070811 26.526360 112.0 136.0 80.0 0.2 71 1866
1049 3.351372 6.658687 26.394684 96.0 93.0 79.0 0.2 71 1867
1050 -1.098346 3.921850 25.434074 97.0 83.0 60.0 0.2 71 1868
1051 -2.806454 -0.360756 22.509008 99.0 94.0 52.0 0.2 71 1869
1052 -1.227020 -4.816317 21.140657 102.0 105.0 53.0 0.2 71 1870
1053 3.351372 6.658687 26.394684 96.0 93.0 79.0 0.2 71 1871
1054 -1.098346 3.921850 25.434074 97.0 83.0 60.0 0.2 71 1872
1055 -2.806454 -0.360756 22.509008 99.0 94.0 52.0 0.2 71 1873
1056 -1.227020 -4.816317 21.140657 102.0 105.0 53.0 0.2 71 1874
1057 2.243283 6.923762 26.074625 96.0 94.0 78.0 0.2 71 1875
1058 -3.863394 -0.055084 22.141134 98.0 93.0 50.0 0.2 71 1876
1059 -2.301872 -4.489064 20.624166 101.0 103.0 51.0 0.2 71 1877
1060 2.843929 7.809553 26.101227 95.0 91.0 79.0 0.2 71 1878
1061 -3.329339 0.799070 22.927315 98.0 91.0 52.0 0.2 71 1879
1062 -1.767973 -3.699447 21.242279 101.0 102.0 52.0 0.2 71 1880
1063 2.399157 -6.921990 23.436459 106.0 116.0 63.0 0.2 71 1881
1064 7.583995 -7.549819 26.998320 113.0 139.0 81.0 0.2 71 1882
1065 3.683108 8.605480 26.456841 94.0 85.0 79.0 0.2 71 1883
1066 -2.527629 1.547544 23.751385 98.0 89.0 54.0 0.2 71 1884
1067 -0.957758 -3.020025 22.051973 102.0 103.0 54.0 0.2 71 1885
1068 3.203728 -6.435001 25.091324 102.0 106.0 60.0 0.2 71 1886
1069 8.462878 -6.841601 27.560581 114.0 142.0 85.0 0.2 71 1887
1070 3.683108 8.605480 26.456841 94.0 85.0 79.0 0.2 71 1888
1071 -2.527629 1.547544 23.751385 98.0 89.0 54.0 0.2 71 1889
1072 -0.957758 -3.020025 22.051973 102.0 103.0 54.0 0.2 71 1890
1073 3.203728 -6.435001 25.091324 102.0 106.0 60.0 0.2 71 1891
1074 8.462878 -6.841601 27.560581 114.0 142.0 85.0 0.2 71 1892
1075 3.943434 8.544842 26.578386 94.0 84.0 79.0 0.2 71 1893
1076 -2.271262 1.469497 23.835981 98.0 89.0 55.0 0.2 71 1894
1077 -0.698726 -3.107683 22.183851 102.0 103.0 55.0 0.2 71 1895
1078 3.527862 -6.374585 24.454412 107.0 119.0 66.0 0.2 71 1896
1079 3.943434 8.544842 26.578386 94.0 84.0 79.0 0.2 71 1897
1080 -2.271262 1.469497 23.835981 98.0 89.0 55.0 0.2 71 1898
1081 -0.698726 -3.107683 22.183851 102.0 103.0 55.0 0.2 71 1899
1082 3.527862 -6.374585 24.454412 107.0 119.0 66.0 0.2 71 1900
1083 2.006356 9.432923 26.292509 93.0 81.0 75.0 0.2 71 1901
1084 -2.636823 -2.116792 21.564064 100.0 99.0 51.0 0.2 71 1902
1085 1.503773 -5.435305 23.311224 103.0 107.0 58.0 0.2 71 1903
1086 6.839194 -6.043023 26.651142 113.0 138.0 81.0 0.2 71 1904
1087 2.006356 9.432923 26.292509 93.0 81.0 75.0 0.2 71 1905
1088 -2.636823 -2.116792 21.564064 100.0 99.0 51.0 0.2 71 1906
1089 1.503773 -5.435305 23.311224 103.0 107.0 58.0 0.2 71 1907
1090 6.839194 -6.043023 26.651142 113.0 138.0 81.0 0.2 71 1908
1091 -3.735897 0.364837 22.461142 98.0 92.0 51.0 0.2 71 1909
1092 0.341871 -2.942731 23.312952 101.0 100.0 55.0 0.2 71 1910
1093 5.635394 -3.674651 26.852119 101.0 104.0 67.0 0.2 71 1911
1094 -1.391438 -1.038570 22.889193 101.0 98.0 54.0 0.2 71 1912
1095 3.802649 -1.660106 25.356621 103.0 124.0 76.0 0.2 71 1913
1096 8.366971 0.687849 28.096291 111.0 126.0 91.0 0.2 71 1914
1097 -2.751308 2.026632 23.900436 97.0 88.0 54.0 0.2 71 1915
1098 1.410648 -1.275703 24.648378 101.0 114.0 68.0 0.2 71 1916
1099 6.909939 -1.839148 27.221117 112.0 133.0 87.0 0.2 71 1917
1100 -2.441559 2.062201 24.066175 97.0 88.0 55.0 0.2 71 1918
1101 1.755280 -1.204034 24.497231 102.0 122.0 72.0 0.2 71 1919
1102 7.230819 -1.793148 27.357557 113.0 135.0 88.0 0.2 71 1920
1103 -1.591719 -0.055648 23.343140 100.0 94.0 55.0 0.2 71 1921
1104 3.628433 -0.610937 25.227194 103.0 125.0 78.0 0.2 71 1922
1105 8.151679 1.719130 28.115713 109.0 119.0 89.0 0.2 71 1923
1106 8.637094 -2.331644 27.927784 115.0 143.0 94.0 0.2 71 1924
1107 4.297119 1.013101 26.611141 98.0 99.0 71.0 0.2 71 1925
1108 -1.046022 1.496293 24.460249 99.0 90.0 58.0 0.2 71 1926
1109 7.485422 1.394460 27.828026 109.0 120.0 88.0 0.2 71 1927
1110 2.095208 1.936290 25.910311 102.0 99.0 69.0 0.2 71 1928
1111 -2.241200 -0.343861 22.819775 99.0 95.0 53.0 0.2 71 1929
1112 -3.795119 -4.307199 19.928034 100.0 102.0 50.0 0.2 71 1930
1113 9.035932 -5.733521 27.922485 115.0 145.0 89.0 0.2 71 1931
1114 7.641845 -1.124996 27.612524 113.0 134.0 90.0 0.2 71 1932
1115 3.248409 2.303199 26.981464 98.0 90.0 67.0 0.2 71 1933
1116 -2.035197 2.713030 24.565777 97.0 86.0 56.0 0.2 71 1934
1117 7.375758 1.750287 27.829685 108.0 118.0 87.0 0.2 71 1935
1118 1.995186 2.283670 25.962337 102.0 97.0 69.0 0.2 71 1936
1119 -2.341654 -0.005185 22.966276 99.0 94.0 53.0 0.2 71 1937
1120 -3.899100 -3.989249 19.998844 100.0 102.0 49.0 0.2 71 1938
1121 7.265192 2.328422 27.864202 107.0 114.0 86.0 0.2 71 1939
1122 1.903002 2.843593 26.071623 101.0 95.0 70.0 0.2 71 1940
1123 -2.439639 0.545008 23.236925 99.0 92.0 53.0 0.2 71 1941
1124 -4.006687 -3.475224 20.168726 100.0 101.0 49.0 0.2 71 1942
1125 8.660572 -3.671556 27.823446 116.0 146.0 93.0 0.2 71 1943
1126 7.111474 1.039914 27.642696 109.0 121.0 87.0 0.2 71 1944
1127 2.750138 4.611360 27.057978 97.0 88.0 71.0 0.2 71 1945
1128 6.699468 -7.777444 26.400051 112.0 136.0 78.0 0.2 71 1946
1129 3.137099 5.241737 27.199600 97.0 86.0 72.0 0.2 71 1947
1130 -1.278677 2.533594 24.815443 98.0 87.0 58.0 0.2 71 1948
1131 -2.942574 -1.666860 21.662262 100.0 97.0 51.0 0.2 71 1949
1132 -1.353812 -6.045485 20.794268 102.0 106.0 54.0 0.2 71 1950
1133 3.107978 6.582402 26.322330 96.0 94.0 79.0 0.2 71 1951
1134 -1.339937 3.850523 25.319237 97.0 83.0 59.0 0.2 71 1952
1135 -3.036326 -0.421668 22.351688 99.0 94.0 51.0 0.2 71 1953
1136 -1.458773 -4.865463 20.985132 102.0 105.0 53.0 0.2 71 1954
1137 3.107978 6.582402 26.322330 96.0 94.0 79.0 0.2 71 1955
1138 -1.339937 3.850523 25.319237 97.0 83.0 59.0 0.2 71 1956
1139 -3.036326 -0.421668 22.351688 99.0 94.0 51.0 0.2 71 1957
1140 -1.458773 -4.865463 20.985132 102.0 105.0 53.0 0.2 71 1958
1141 9.465574 -1.375638 28.380810 114.0 139.0 95.0 0.2 71 1959
1142 7.852160 3.406594 28.194221 106.0 108.0 86.0 0.2 71 1960
1143 3.630001 6.994490 26.444328 96.0 91.0 79.0 0.2 71 1961
1144 7.639454 -5.680304 27.146063 114.0 142.0 85.0 0.2 71 1962
1145 4.241503 6.839782 26.797661 95.0 89.0 79.0 0.2 71 1963
1146 -0.204805 4.062878 25.776203 97.0 84.0 62.0 0.2 71 1964
1147 -1.955947 -0.241959 23.033783 100.0 95.0 54.0 0.2 71 1965
1148 -0.369615 -4.740937 21.731850 103.0 106.0 55.0 0.2 71 1966
1149 4.241503 6.839782 26.797661 95.0 89.0 79.0 0.2 71 1967
1150 -0.204805 4.062878 25.776203 97.0 84.0 62.0 0.2 71 1968
1151 -1.955947 -0.241959 23.033783 100.0 95.0 54.0 0.2 71 1969
1152 -0.369615 -4.740937 21.731850 103.0 106.0 55.0 0.2 71 1970
1153 9.597579 -1.194971 28.449608 114.0 139.0 96.0 0.2 71 1971
1154 3.768825 7.175226 26.482016 95.0 90.0 79.0 0.2 71 1972
1155 -1.750532 -6.716168 20.508978 102.0 107.0 54.0 0.2 71 1973
1156 3.350627 -7.513703 23.880495 109.0 124.0 68.0 0.2 71 1974
1157 7.785647 -5.510256 27.246025 114.0 142.0 86.0 0.2 71 1975
1158 5.425785 8.982136 27.491951 94.0 77.0 77.0 0.2 71 1976
1159 -4.264034 -2.005451 20.784876 99.0 98.0 49.0 0.2 71 1977
1160 -0.193047 -5.212912 21.738054 103.0 107.0 56.0 0.2 71 1978
1161 5.084955 -5.999126 25.545137 110.0 129.0 74.0 0.2 71 1979
1162 9.485367 -3.703790 28.243465 116.0 147.0 95.0 0.2 71 1980
1163 -3.721513 -1.753646 21.202059 99.0 97.0 49.0 0.2 71 1981
1164 0.377694 -5.001533 22.301054 103.0 107.0 56.0 0.2 71 1982
1165 5.692499 -5.793373 26.202763 109.0 125.0 73.0 0.2 71 1983
1166 10.059243 -3.400991 28.537643 116.0 146.0 96.0 0.2 71 1984
1167 -3.786692 0.210333 22.341038 98.0 93.0 51.0 0.2 71 1985
1168 0.306087 -3.073259 23.063787 102.0 102.0 56.0 0.2 71 1986
1169 5.582129 -3.847058 26.854904 101.0 103.0 66.0 0.2 71 1987
1170 -2.685658 1.258562 23.512821 98.0 90.0 53.0 0.2 71 1988
1171 1.487586 -2.036642 24.290365 103.0 123.0 71.0 0.2 71 1989
1172 6.969553 -2.623139 27.152136 113.0 136.0 86.0 0.2 71 1990
1173 0.209043 -1.708466 23.527800 102.0 101.0 58.0 0.2 71 1991
1174 5.658675 -2.430809 26.906578 105.0 109.0 70.0 0.2 71 1992
1175 -3.244837 1.421752 23.326889 97.0 89.0 53.0 0.2 71 1993
1176 0.847982 -1.911689 24.408859 100.0 96.0 56.0 0.2 71 1994
1177 6.374002 -2.466567 26.861042 112.0 133.0 84.0 0.2 71 1995
1178 8.405811 -6.656796 27.531214 114.0 142.0 85.0 0.2 71 1996
1179 7.062795 -2.118605 27.244112 113.0 135.0 87.0 0.2 71 1997
1180 2.625462 1.263350 26.217237 98.0 98.0 68.0 0.2 71 1998
1181 -2.601823 1.746696 23.823185 97.0 88.0 54.0 0.2 71 1999
1182 7.130404 2.144574 27.789568 107.0 115.0 86.0 0.2 71 2000
1183 1.763668 2.662994 25.961182 101.0 95.0 69.0 0.2 71 2001
1184 -2.569723 0.374310 23.069693 99.0 92.0 53.0 0.2 71 2002
1185 -4.125327 -3.628650 20.043156 100.0 101.0 49.0 0.2 71 2003
1186 8.149092 2.485063 28.196520 107.0 114.0 88.0 0.2 71 2004
1187 2.787725 3.215734 26.965548 98.0 89.0 68.0 0.2 71 2005
1188 -1.585565 0.674784 23.762236 99.0 92.0 55.0 0.2 71 2006
1189 -3.193258 -3.388713 20.614187 100.0 100.0 50.0 0.2 71 2007
1190 3.498309 3.146443 27.164764 98.0 89.0 69.0 0.2 71 2008
1191 -0.943139 0.596070 24.099033 99.0 93.0 57.0 0.2 71 2009
1192 -2.562394 -3.487862 20.897902 101.0 101.0 51.0 0.2 71 2010
1193 3.498309 3.146443 27.164764 98.0 89.0 69.0 0.2 71 2011
1194 -0.943139 0.596070 24.099033 99.0 93.0 57.0 0.2 71 2012
1195 -2.562394 -3.487862 20.897902 101.0 101.0 51.0 0.2 71 2013
1196 3.008504 4.744813 27.126995 97.0 87.0 71.0 0.2 71 2014
1197 -1.398414 2.064476 24.553886 98.0 88.0 57.0 0.2 71 2015
1198 -3.043694 -2.101470 21.355186 100.0 98.0 50.0 0.2 71 2016
1199 -1.452188 -6.452393 20.691992 102.0 107.0 54.0 0.2 71 2017
1200 4.230451 6.361258 26.916742 96.0 89.0 78.0 0.2 71 2018
1201 -0.221031 3.577821 25.604712 98.0 85.0 62.0 0.2 71 2019
1202 -1.960533 -0.706204 22.760988 100.0 96.0 53.0 0.2 71 2020
1203 -0.373848 -5.178933 21.606581 103.0 107.0 55.0 0.2 71 2021
1204 9.304565 -1.601023 28.290846 115.0 140.0 95.0 0.2 71 2022
1205 7.692875 3.175394 28.117994 106.0 109.0 86.0 0.2 71 2023
1206 3.462329 6.769447 26.416889 96.0 92.0 79.0 0.2 71 2024
1207 7.462847 -5.892385 27.023914 114.0 141.0 84.0 0.2 71 2025
1208 6.297182 1.544568 27.410389 107.0 116.0 84.0 0.2 71 2026
1209 0.896699 2.080618 25.484524 101.0 94.0 65.0 0.2 71 2027
1210 -3.363281 -0.169811 22.331863 98.0 94.0 51.0 0.2 71 2028
1211 8.742643 -4.941680 27.806892 116.0 145.0 90.0 0.2 71 2029
1212 7.278636 -0.281529 27.565477 111.0 128.0 88.0 0.2 71 2030
1213 2.872854 3.206175 26.991997 98.0 89.0 68.0 0.2 71 2031
1214 3.335929 3.465984 27.164362 98.0 88.0 69.0 0.2 71 2032
1215 -1.089567 0.901229 24.158506 99.0 92.0 57.0 0.2 71 2033
1216 -2.715485 -3.199256 20.952896 100.0 100.0 50.0 0.2 71 2034
1217 8.199378 -4.034788 27.561821 116.0 145.0 91.0 0.2 71 2035
1218 6.660509 0.669739 27.444351 109.0 121.0 85.0 0.2 71 2036
1219 2.281418 3.917044 26.498468 100.0 91.0 71.0 0.2 71 2037
1220 4.271565 4.672272 27.262997 101.0 93.0 77.0 0.2 71 2038
1221 -0.126495 2.308774 25.167938 99.0 90.0 62.0 0.2 71 2039
1222 -1.839972 -1.917383 22.126341 101.0 99.0 53.0 0.2 71 2040
1223 -0.250661 -6.320394 21.472153 103.0 109.0 56.0 0.2 71 2041
1224 4.271565 4.672272 27.262997 101.0 93.0 77.0 0.2 71 2042
1225 -0.126495 2.308774 25.167938 99.0 90.0 62.0 0.2 71 2043
1226 -1.839972 -1.917383 22.126341 101.0 99.0 53.0 0.2 71 2044
1227 -0.250661 -6.320394 21.472153 103.0 109.0 56.0 0.2 71 2045
1228 9.204543 -2.434332 28.186827 116.0 144.0 95.0 0.2 71 2046
1229 7.615820 2.317940 27.990158 107.0 115.0 87.0 0.2 71 2047
1230 3.349020 5.941610 26.607754 96.0 93.0 77.0 0.2 71 2048
1231 7.312185 -6.661942 26.860205 113.0 140.0 82.0 0.2 71 2049
1232 3.645757 5.894738 26.759605 96.0 92.0 77.0 0.2 71 2050
1233 -0.804431 3.134832 25.245743 98.0 86.0 60.0 0.2 71 2051
1234 -2.506621 -1.115368 22.224255 100.0 96.0 52.0 0.2 71 2052
1235 -0.919897 -5.541362 21.154797 103.0 106.0 54.0 0.2 71 2053
1236 8.714855 -2.338945 27.963324 115.0 143.0 94.0 0.2 71 2054
1237 7.101950 2.418337 27.816402 107.0 113.0 86.0 0.2 71 2055
1238 2.839265 6.032124 26.402466 96.0 94.0 77.0 0.2 71 2056
1239 6.818852 -6.569036 26.559669 113.0 138.0 81.0 0.2 71 2057
1240 8.714855 -2.338945 27.963324 115.0 143.0 94.0 0.2 71 2058
1241 7.101950 2.418337 27.816402 107.0 113.0 86.0 0.2 71 2059
1242 2.839265 6.032124 26.402466 96.0 94.0 77.0 0.2 71 2060
1243 6.818852 -6.569036 26.559669 113.0 138.0 81.0 0.2 71 2061
1244 3.217446 8.729168 26.287596 94.0 85.0 79.0 0.2 71 2062
1245 -2.986824 1.697635 23.608740 97.0 89.0 53.0 0.2 71 2063
1246 -1.424870 -2.857382 21.842241 102.0 102.0 53.0 0.2 71 2064
1247 2.715216 -6.287184 24.865927 102.0 105.0 59.0 0.2 71 2065
1248 8.012815 -6.709448 27.293673 114.0 142.0 84.0 0.2 71 2066
1249 -1.224786 1.684399 24.459444 98.0 89.0 57.0 0.2 71 2067
1250 4.129409 1.203224 26.979603 98.0 91.0 68.0 0.2 71 2068
1251 9.489874 0.399773 28.516310 112.0 129.0 94.0 0.2 71 2069
1252 3.686714 8.724756 26.479633 94.0 84.0 79.0 0.2 71 2070
1253 -1.891708 -5.313378 20.617140 102.0 105.0 52.0 0.2 71 2071
1254 3.207060 -6.329560 25.136457 102.0 106.0 60.0 0.2 71 2072
1255 7.756526 -3.973175 27.341440 115.0 143.0 89.0 0.2 71 2073
1256 2.091799 8.815423 26.139130 94.0 85.0 77.0 0.2 71 2074
1257 -2.535193 -2.714097 21.289524 100.0 100.0 51.0 0.2 71 2075
1258 1.595056 -6.031155 23.325630 103.0 108.0 58.0 0.2 71 2076
1259 6.893634 -6.620542 26.601246 113.0 138.0 81.0 0.2 71 2077
1260 4.693957 9.147259 27.175766 93.0 77.0 77.0 0.2 71 2078
1261 -0.916839 -5.019214 21.274145 103.0 106.0 54.0 0.2 71 2079
1262 4.247696 -6.017954 26.005627 102.0 105.0 61.0 0.2 71 2080
1263 8.770275 -3.563429 27.889294 116.0 146.0 93.0 0.2 71 2081
1264 7.780787 1.289975 27.929628 109.0 121.0 89.0 0.2 71 2082
1265 2.353574 1.962385 26.542377 98.0 93.0 66.0 0.2 71 2083
1266 -1.957593 -0.451166 22.910425 100.0 95.0 54.0 0.2 71 2084
1267 -3.523976 -4.416934 20.018970 100.0 102.0 50.0 0.2 71 2085
1268 7.975659 -5.435116 27.360039 115.0 143.0 87.0 0.2 71 2086
1269 6.526623 -0.801659 27.232138 110.0 125.0 84.0 0.2 71 2087
1270 2.108377 2.491920 26.072647 102.0 97.0 70.0 0.2 71 2088
1271 7.975659 -5.435116 27.360039 115.0 143.0 87.0 0.2 71 2089
1272 6.526623 -0.801659 27.232138 110.0 125.0 84.0 0.2 71 2090
1273 2.108377 2.491920 26.072647 102.0 97.0 70.0 0.2 71 2091
1274 8.070586 -3.502346 27.551775 115.0 144.0 91.0 0.2 71 2092
1275 6.492328 1.229730 27.446247 108.0 118.0 85.0 0.2 71 2093
1276 2.133109 4.462688 26.592323 99.0 88.0 70.0 0.2 71 2094
1277 6.113010 -7.596641 25.981844 112.0 135.0 77.0 0.2 71 2095
1278 8.626865 -3.312787 27.840536 116.0 145.0 93.0 0.2 71 2096
1279 7.053467 1.414211 27.662771 109.0 119.0 87.0 0.2 71 2097
1280 2.706280 4.990582 27.100126 97.0 86.0 70.0 0.2 71 2098
1281 6.681282 -7.448755 26.390642 112.0 137.0 79.0 0.2 71 2099
1282 8.626865 -3.312787 27.840536 116.0 145.0 93.0 0.2 71 2100
1283 7.053467 1.414211 27.662771 109.0 119.0 87.0 0.2 71 2101
1284 2.706280 4.990582 27.100126 97.0 86.0 70.0 0.2 71 2102
1285 6.681282 -7.448755 26.390642 112.0 137.0 79.0 0.2 71 2103
1286 2.651644 6.551330 26.210596 96.0 94.0 78.0 0.2 71 2104
1287 -1.787492 3.824308 25.132833 96.0 83.0 58.0 0.2 71 2105
1288 -3.466282 -0.431244 22.121107 99.0 94.0 51.0 0.2 71 2106
1289 -1.893590 -4.859068 20.732244 102.0 104.0 52.0 0.2 71 2107
1290 3.622554 8.345740 26.392134 94.0 86.0 79.0 0.2 71 2108
1291 -2.582539 1.293276 23.583616 98.0 90.0 54.0 0.2 71 2109
1292 -1.011924 -3.259296 21.900860 102.0 103.0 54.0 0.2 71 2110
1293 3.184994 -6.550464 24.303431 106.0 116.0 64.0 0.2 71 2111
1294 8.384765 -7.080513 27.512211 114.0 141.0 84.0 0.2 71 2112
1295 4.293004 8.793706 26.867683 94.0 80.0 78.0 0.2 71 2113
1296 -1.305251 -5.325109 20.959806 102.0 105.0 53.0 0.2 71 2114
1297 3.897538 -6.168524 24.698627 108.0 122.0 68.0 0.2 71 2115
1298 8.361327 -3.929705 27.651434 116.0 146.0 92.0 0.2 71 2116
1299 0.306322 -0.403627 24.385143 101.0 96.0 58.0 0.2 71 2117
1300 5.798793 -0.993903 26.820187 110.0 125.0 82.0 0.2 71 2118
1301 3.639446 5.306240 27.389172 97.0 84.0 72.0 0.2 71 2119
1302 -0.793183 2.624330 25.043825 98.0 87.0 59.0 0.2 71 2120
1303 -2.483418 -1.597603 21.952082 100.0 98.0 51.0 0.2 71 2121
1304 -0.894068 -5.995911 21.086216 103.0 107.0 55.0 0.2 71 2122
1305 1.499697 9.234061 26.496321 93.0 79.0 73.0 0.2 71 2123
1306 -3.094098 -2.295237 21.219519 100.0 99.0 50.0 0.2 71 2124
1307 1.015927 -5.595964 22.891642 103.0 107.0 57.0 0.2 71 2125
1308 6.340256 -6.242073 26.322950 112.0 135.0 79.0 0.2 71 2126
1309 -0.594980 -2.425354 22.624868 102.0 102.0 55.0 0.2 71 2127
1310 4.589937 -3.144740 25.985182 102.0 117.0 72.0 0.2 71 2128
1311 9.167426 -0.739550 28.299566 113.0 136.0 94.0 0.2 71 2129
1312 -1.264136 -1.380632 22.769241 101.0 99.0 54.0 0.2 71 2130
1313 3.997482 -2.144974 26.151257 99.0 101.0 65.0 0.2 71 2131
1314 8.497917 0.330533 28.114338 111.0 129.0 92.0 0.2 71 2132
1315 3.797045 2.483815 27.176739 98.0 89.0 68.0 0.2 71 2133
1316 -0.667606 -0.013136 23.953470 100.0 95.0 56.0 0.2 71 2134
1317 -2.279532 -4.058028 20.800892 101.0 102.0 51.0 0.2 71 2135
1318 3.588063 4.186463 26.975494 101.0 94.0 75.0 0.2 71 2136
1319 -0.823519 1.832832 24.714846 99.0 89.0 58.0 0.2 71 2137
1320 -2.483261 -2.341305 21.519802 100.0 99.0 51.0 0.2 71 2138
1321 -0.892187 -6.695511 21.010071 103.0 108.0 55.0 0.2 71 2139
1322 9.737971 -1.764487 28.474598 115.0 141.0 96.0 0.2 71 2140
1323 8.147093 3.005141 28.249653 106.0 111.0 87.0 0.2 71 2141
1324 3.912432 6.621100 26.665131 96.0 91.0 79.0 0.2 71 2142
1325 7.895782 -6.045075 27.263634 114.0 142.0 85.0 0.2 71 2143
1326 -3.026292 0.713363 23.032709 98.0 91.0 52.0 0.2 71 2144
1327 1.103251 -2.643557 24.299540 101.0 115.0 66.0 0.2 71 2145
1328 6.496405 -3.328587 27.398279 100.0 98.0 66.0 0.2 71 2146
1329 1.098313 1.323475 25.853354 99.0 91.0 60.0 0.2 71 2147
1330 6.606774 0.724974 27.433451 109.0 120.0 85.0 0.2 71 2148
1331 7.884298 -2.092818 27.604172 114.0 140.0 91.0 0.2 71 2149
1332 3.523589 1.181028 26.212742 105.0 109.0 75.0 0.2 71 2150
1333 -1.799838 1.749176 24.214859 98.0 89.0 56.0 0.2 71 2151
1334 3.717089 6.395236 26.626789 96.0 92.0 78.0 0.2 71 2152
1335 -0.733765 3.637502 25.459919 97.0 84.0 60.0 0.2 71 2153
1336 -2.450338 -0.639837 22.533293 99.0 95.0 52.0 0.2 71 2154
1337 -0.865339 -5.093191 21.287477 103.0 106.0 54.0 0.2 71 2155
1338 3.717089 6.395236 26.626789 96.0 92.0 78.0 0.2 71 2156
1339 -0.733765 3.637502 25.459919 97.0 84.0 60.0 0.2 71 2157
1340 -2.450338 -0.639837 22.533293 99.0 95.0 52.0 0.2 71 2158
1341 -0.865339 -5.093191 21.287477 103.0 106.0 54.0 0.2 71 2159
1342 -2.951667 0.563562 22.983568 98.0 92.0 52.0 0.2 71 2160
1343 1.182658 -2.793597 24.288857 101.0 116.0 66.0 0.2 71 2161
1344 6.667212 -3.335547 26.875751 113.0 136.0 85.0 0.2 71 2162
1345 9.905446 -1.152870 28.584068 114.0 138.0 96.0 0.2 71 2163
1346 5.651542 2.114836 27.221806 106.0 112.0 83.0 0.2 71 2164
1347 0.298836 2.644149 25.422199 100.0 90.0 64.0 0.2 71 2165
1348 0.965446 -0.860262 25.086744 98.0 100.0 61.0 0.2 71 2166
1349 6.494994 -1.480071 27.542887 100.0 94.0 68.0 0.2 71 2167
1350 -2.025046 -3.526612 21.172894 101.0 102.0 52.0 0.2 71 2168
1351 3.096847 -4.447731 25.375105 101.0 110.0 65.0 0.2 71 2169
1352 7.700832 -2.027408 27.527020 114.0 139.0 91.0 0.2 71 2170
1353 5.788877 4.494649 27.679544 103.0 98.0 81.0 0.2 71 2171
1354 0.499979 5.014437 26.285130 97.0 82.0 65.0 0.2 71 2172
1355 5.788877 4.494649 27.679544 103.0 98.0 81.0 0.2 71 2173
1356 0.499979 5.014437 26.285130 97.0 82.0 65.0 0.2 71 2174
