# 3D point list with one line of data per point:
#   POINT3D_ID, X, Y, Z, R, G, B, ERROR, TRACK[] as (IMAGE_ID, POINT2D_IDX)
# Number of points: 2566, mean track length: 4.4894777864380355
7454 9.3556698007884052 -3.6921281538317259 3.6455414906495895 61 40 19 2.6455760298081921 98 949 31 832 42 542 55 541 12 513 29 824
7449 38.295353130266847 -10.744482069948308 1.9508776413830717 0 0 0 0.24840462202062646 37 581 44 784
7448 36.337158080565686 -10.324986258188462 1.0989052479599382 0 0 0 0.4307136389352122 37 192 44 62
7447 37.748353893880051 -10.743436977270708 1.9619339962206035 0 0 0 0.1673252396863153 37 190 44 58
7444 4.2139998268392018 0.3857920205905257 2.1141410225605175 149 155 170 1.6467580492229295 38 247 84 597 2 492 16 370 17 295 30 376 57 269 68 280 13 565 26 342 66 608
7443 4.1364967686926875 0.512274577647997 2.1311458133384988 28 26 11 1.977686958169145 13 580 100 510 28 480 71 194 84 613
7442 4.3854687702254029 0.58475091452408046 2.0678664214884086 31 28 16 1.4619821201126539 66 228 13 432 26 356 83 419 84 425
7441 4.4470604011081312 0.61983256169335954 2.0902347221991353 0 0 0 2.2029159098127038 66 244 13 222 26 357 83 420 84 437
7436 8.3661267070136045 -1.4813014663202733 -6.5961520398053182 0 0 0 0.013566447966965 44 108 94 169
7435 27.633842529084546 -7.8382774025219426 3.8651890334275598 0 0 0 0.41445987868120049 8 985 85 1349
7433 18.413371481269859 -6.0623867341201043 2.0749854799560565 0 0 0 1.0479660915436195 12 310 31 318
7417 1.8655756834315271 -2.1596016572712409 3.6002510774762722 0 0 0 1.9440986661520259 38 546 84 1066
7416 1.7380931581406149 -2.0300970259750728 3.7615543478814599 0 0 0 1.9059469057346021 38 457 84 884 65 381
7414 1.7153343347544343 -1.9373721655260192 3.8389584267101644 0 0 0 1.7833108972060032 38 181 84 151 83 198
7389 -8.6696017455576371 4.1788031607383784 -5.9003395700623757 178 170 121 1.0056478010154883 82 753 44 928 15 776
7386 -8.6435745789491989 4.171070777729474 -5.8955468471243835 100 66 43 0.85937867333219642 11 795 15 854 82 820 44 799
7383 -8.6696039928616244 4.1788394040762924 -5.9003548575155493 108 106 103 0.59358611968195474 11 613 44 644
7374 -8.6679701664317435 4.1783606142547578 -5.900027143514432 114 72 34 0.087509095669981912 11 159 44 164
7372 35.368270530005745 -10.040807630158834 -7.9138212694161947 117 80 43 0.55095892606489505 36 177 44 154
7370 -8.6674208347963759 4.1781620421263899 -5.8999345227340223 96 65 34 1.3570526841931154 11 147 44 109
7368 -8.6674056544643534 4.178144909535642 -5.8999296090507647 95 65 26 1.0203007134188453 11 112 44 107
7361 36.804101160836332 -10.694201747228842 1.5774707567688453 72 53 36 0.097577059791796913 37 166 44 59
7354 -8.6664490197074624 4.1777967258792339 -5.8992426064196177 180 77 92 1.615191746010167 82 867 11 857
7343 -8.6664448521440747 4.1779549281067441 -5.8992717638969401 53 12 9 1.1754201595054707 82 1171 11 1149 15 1218
7342 -8.669524522879243 4.1787930347928217 -5.9003163394250828 206 198 147 0.37258671271951371 15 1217 82 1170 11 1148
7337 -8.6691364432150468 4.1787877320890363 -5.9002925474126737 115 116 120 0.41827419426401957 15 1194 82 1147 11 1133
7333 -8.6696302517293233 4.1789077652338822 -5.9003689681973652 61 55 26 0.96642630562278298 15 1155 82 1106 11 1116
7330 -8.6693004371989115 4.1788245499185237 -5.9003153504853039 0 0 0 1.1105214447175444 15 1157 82 1069
7328 -8.6693133417499144 4.1788204105198252 -5.9002827621573584 65 53 24 1.7318746672883709 15 1154 82 1105 11 1093
7324 -8.6695530453986596 4.1788351712244109 -5.900331440025715 50 43 16 0.89424810410140143 15 1147 82 1093 11 1082
7323 -8.6689127138893518 4.1786306672156268 -5.9002079248420864 55 44 22 0.23970387619632971 15 1145 82 1092 11 1080
7322 -8.6689559208052476 4.1786237434965994 -5.9002058338780152 127 117 77 0.45643535623100823 15 1143 82 1086 11 1072
7319 -8.6694530252073143 4.1787806986269658 -5.9002988239190088 51 50 17 0.38338191376316638 15 1139 82 1082 11 1069
7313 -8.6691712783779877 4.1787042992992882 -5.9002875471419669 103 101 100 0.72658125393503059 15 1102 82 1052 11 1028
7312 -8.6687803090939894 4.1785728318428763 -5.9001333486268477 89 83 52 1.0586580972106692 15 1093 82 1044 11 1027
7310 -8.6671900108519662 4.1780284233981471 -5.8998339996772522 32 23 4 0.27850433887737269 15 1088 82 1042 11 1016
7309 -8.6694835605231315 4.1787751782164753 -5.9003047563328321 87 91 48 0.30298881868561389 15 1074 82 1029 11 1011
7307 -8.669626880865529 4.1788956908943247 -5.9003685940113462 36 24 3 0.64042669278686837 15 1053 82 1002 11 988
7306 -8.6693994989972243 4.1788269876819406 -5.9003248239153629 91 78 37 0.51784641165792522 82 1001 11 986 15 965
7305 -8.6694242838001792 4.1788133561732943 -5.9003170373179419 67 53 21 1.1447171860898218 15 1047 82 996 11 980
7303 -8.6694746804860632 4.1787959325704609 -5.9003132810157704 218 207 145 0.27930423346059752 15 1024 11 969
7302 -8.6694746804860632 4.1787959325704609 -5.9003132810157704 218 207 145 0.27930423346059752 15 1023 11 968
7299 -8.668851434460942 4.1786022177534079 -5.900184890216515 147 87 32 0.53439421912821772 15 1032 82 991 11 963
7298 -8.668801001797469 4.1785948383638027 -5.9001687339850548 50 34 16 0.8139062782730343 15 1034 82 1051 11 962
7297 -8.6673389050749652 4.1781173099727011 -5.8999031131727504 68 48 19 0.73464923734664833 15 1043 11 961
7296 -8.6669294328006625 4.1779970806209281 -5.8997647230820487 84 20 6 0.34350690017994828 15 1042 82 988 11 958
7284 -8.6694862997376614 4.1788240837346384 -5.90032750139392 97 77 34 0.33794972442968174 15 1049 11 897
7276 -8.6696392813822296 4.1788442611046683 -5.9003557666667446 213 205 147 1.2708525143616378 15 926 82 878 11 875 44 822
7275 -8.6694205636264474 4.1787684437939649 -5.9002862592725283 107 111 79 0.7227442894711501 15 913 82 877 11 874
7264 -8.6678718672376238 4.1783390609092841 -5.9000140800838583 119 69 29 0.5907523739768431 15 842 11 804 44 810
7261 -8.6694127595419594 4.1787787184271137 -5.9002931382584505 58 50 18 0.63942564114796363 15 924 82 891 11 780
7235 -8.6674240965186709 4.1781849590940023 -5.8999300269447232 52 32 13 0.073632820936092053 15 686 82 648 11 633
7234 -8.6674958240687001 4.1781844210691368 -5.8999476459304567 48 31 13 0.021510016543129402 82 627 11 630
7233 -8.6670694396154424 4.1780681293743518 -5.8998716561404985 87 30 10 0.29843274195909564 15 685 11 628
7231 -8.6639312072032943 4.1770718280089376 -5.8991794172410801 132 39 9 0.45760106468389244 82 644 11 625 15 656
7230 -8.6696132827858676 4.1788398813569003 -5.9003500188552493 4 3 1 0.80023200195157784 15 391 82 616 11 611
7228 -8.6693715015360393 4.1787670720073038 -5.90027232341426 72 68 41 1.3645525567166488 15 637 82 614 11 607
7225 -8.6696330729574047 4.1788389896862084 -5.9003533852670991 63 58 24 1.0699616218797636 15 614 82 595 11 597 44 645
7224 -8.6696114937152977 4.178823261261539 -5.9003449609701724 108 95 41 1.0256815454013233 15 787 82 770 11 596 44 617
7223 -8.6695852371437425 4.1788166938877671 -5.9003379162234122 113 113 117 0.7340994649525977 82 769 11 594 15 786
7222 -8.6693690736545452 4.1787484442105267 -5.9002193327986134 0 0 0 0.14629651392924059 15 582 82 750
7221 -8.669238288880301 4.1787103001714119 -5.9002844214800607 103 93 58 0.98630326804829183 15 634 82 610 11 591
7220 -8.669238288880301 4.1787103001714119 -5.9002844214800607 103 93 58 0.98630326804829183 15 633 82 611 11 590
7215 -8.6683142557450008 4.1783938378768557 -5.900143049813023 255 249 177 1.0064971727854397 15 630 82 609 11 583
7211 -8.6693924610098723 4.1787507734406599 -5.900260491276236 63 63 28 1.264830616701216 15 583 82 578 11 560
7201 -8.6694781614517531 4.1788760423149567 -5.9003546201801207 31 28 20 0.64861106813100833 15 729 82 708 11 511
7198 -8.6696153587715319 4.1788978320805912 -5.9003691232458362 147 141 100 0.67156603915587221 15 502 82 693 11 486
7197 -8.6695849096906841 4.178893688438321 -5.9003582930851746 46 39 10 0.87969374010370105 82 690 11 485 15 863
7196 -8.6666130672425865 4.1780840434252839 -5.8996948057784708 73 25 10 0.177343897947872 15 277 82 284 11 472
7194 -8.6689547074280906 4.1787038026288901 -5.9002631382357213 127 118 81 0.80015450264885801 15 226 82 497 11 452
7193 -8.6671952751657688 4.178198025381576 -5.899898260589385 144 68 27 0.49831648094458725 82 683 11 450 15 724
7191 4.4710405589295821 0.62308179535168029 1.3450606276544161 0 0 0 1.1103019312382778 52 477 99 656
7190 -8.6693504889738886 4.1788017360940986 -5.9002880035521237 61 52 16 1.1755584288969683 82 184 11 438
7189 -8.668001261085589 4.1783802655893201 -5.9000633604282458 71 39 17 0.18530673823526145 82 441 11 436
7188 -8.6694328876108102 4.1788068282515525 -5.9003122476620868 69 53 16 0.64091456588551099 15 417 82 632 11 424
7187 -8.667321835536173 4.1781603708283495 -5.8999132227636535 50 28 12 0.025670571257941359 82 436 11 416
7186 -8.6635877860175299 4.1770032302354432 -5.8991353485541573 74 19 6 0.36107801302931303 82 430 11 412 15 443
7184 -8.6696233219098033 4.1788502565008399 -5.9003560472431964 122 106 43 1.026968687514884 15 396 82 409 11 400
7183 -8.6696352336910216 4.1788506561235508 -5.900360121982887 86 89 46 0.97216175693246365 15 397 82 410 11 399
7182 -8.6682377436459834 4.1784107629896532 -5.9001005195301204 47 7 3 0.40608474121100435 82 630 11 393
7179 -8.6638040011767501 4.1769702843557139 -5.8991702925158815 255 139 72 0.47733428674423095 15 421 82 413 11 385
7177 -8.6691894532684373 4.1786892571772531 -5.9002769513469167 255 246 135 0.80303611840965539 15 389 82 379 11 374
7176 -8.6691894532684373 4.1786892571772531 -5.9002769513469167 255 246 135 0.80303611840965539 15 388 82 378 11 373
7175 -8.6674717752646764 4.1781132170948396 -5.8999244137531992 109 86 44 0.00067600994234801883 82 398 11 367
7174 -8.6675548070657165 4.1781253744932076 -5.8999398153820382 137 106 62 0.1115942029132328 82 584 11 366
7170 -8.669510820504172 4.178780006981385 -5.9003109280546644 121 123 89 0.28201193071129399 15 584 82 350 11 349
7169 -8.6673092283269728 4.1780279643407727 -5.8998398355833901 199 153 118 0.20779580867462097 15 351 82 368 11 340
7168 -8.6672982073354667 4.1780162626409414 -5.8998307526494838 97 74 48 0.2299892439218508 15 350 82 367 11 339
7167 -8.6670593128243318 4.1779636508469125 -5.8996481672863839 78 48 29 0.30633463934100125 15 348 82 364 11 336
7161 -8.6689628376608407 4.178743184364123 -5.9002569880725382 88 89 94 0.19403830180715184 15 291 82 318 11 302
7160 -8.6668779725916227 4.178167162151337 -5.8998536150627539 65 40 9 0.41295631769116403 15 541 11 292
7158 -8.6694975265074348 4.1788733283587689 -5.9003468183077565 88 89 92 0.28278734427058999 82 500 11 275 15 730
7157 -8.6670924937389895 4.1781991342657836 -5.8999074435214736 157 93 40 0.42852909537374273 82 290 11 261
7156 -8.6666893765588231 4.1780952072692621 -5.8997764003075979 105 41 11 0.015664495196573879 82 285 11 255
7155 -8.6638921871262138 4.1773326222092022 -5.8991263345524985 230 175 153 0.4663971386143812 15 531 82 514 11 247
7154 -8.6638921871262138 4.1773326222092022 -5.8991263345524985 230 175 153 0.4663971386143812 15 532 82 515 11 246
7153 -8.6694970363380826 4.1788555522203765 -5.9003538859688822 186 180 131 0.76304749370754599 15 231 11 227
7152 -8.6693950280919552 4.178830245744118 -5.9003149284354537 108 80 24 0.20568902541920459 82 260 11 224
7150 -8.667951645602324 4.1783741740009841 -5.9000492160467237 122 72 32 0.20994103103146083 82 216 11 196
7149 -8.667853588846345 4.1783396738005187 -5.9000373396532204 98 56 25 0.28929758050830578 82 215 11 195
7148 -8.6677881697065651 4.1783238434419792 -5.9000038971560755 117 66 29 0.98870136042823942 82 214 11 193 44 185
7147 -8.6677307191716793 4.1783067154278219 -5.8999943306789051 126 71 32 0.96942524102705419 15 185 11 192 44 184
7146 -8.6674109250739573 4.1781911734902737 -5.8999356741448965 175 104 49 0.099203091812257921 82 162 11 188
7144 -8.6638855566356607 4.1771349622934508 -5.8991647696723755 74 12 5 0.44040357776121469 82 457 11 182 15 445
7143 -8.6633342711799042 4.176954775701442 -5.8991361515718523 217 97 52 0.53973617172893695 15 171 82 208 11 180
7141 -8.6677329626502857 4.1782768692357024 -5.8999866338457814 150 95 47 0.60916573541871066 15 147 11 156 44 159
7140 -8.6676173608780314 4.1782280646950349 -5.8999846322208676 115 79 42 0.2836665900541907 15 146 11 152
7139 -8.6676421780671884 4.1782277360601006 -5.8999922900208901 44 29 14 0.088818083798555977 82 127 11 151
7138 -8.6675726436435152 4.1782360953058024 -5.8999754484629321 93 53 21 0.21138615361465168 15 181 11 150
7137 -8.6672636006336337 4.1781187539430862 -5.899893692572804 146 86 38 0.070791602443872642 82 161 11 144
7136 -8.6672782464859921 4.178112526764779 -5.8998860871816152 167 100 43 0.090783979852689226 82 124 11 143
7135 -8.667063873008928 4.1780546332545745 -5.8998228275475322 66 21 4 0.23333190794406991 15 140 11 140
7134 98.949377653146811 -29.604415326709947 9.7210549983581682 88 59 37 1.8163931413159105 32 271 52 134 82 141 94 90 99 168 11 132
7133 -8.667261439548529 4.1780959148809913 -5.8999045915023096 125 74 31 1.7242676378043686 15 141 82 123 11 111 44 106
7132 -8.6672479896836645 4.1780570727067614 -5.8998965701063701 255 224 154 1.1516216950776523 15 119 82 91 11 109 44 74
7131 -8.6670687354174074 4.1780217236024804 -5.8998153314486794 211 102 50 0.25281652297286489 15 118 82 120 11 108
7129 -8.6696354435382297 4.1788459450032462 -5.9003568148529899 92 92 53 0.79054435486831165 15 395 82 107 11 92 44 451
7128 -8.669634530859021 4.1788453312974125 -5.9003545991189235 92 92 53 0.62216569772618047 82 106 11 91
7127 -8.6696078961668501 4.1788314215513545 -5.9003494615950016 255 255 205 0.80320730328160439 15 64 82 64 11 88
7126 -8.6673284195621569 4.1780844332617084 -5.8998820737483033 182 132 91 0.12998888112783019 82 90 11 79
7125 -8.6673968831700954 4.1780961745138567 -5.8998981897982201 163 125 79 0.16410067449923207 15 120 82 89 11 78
7124 -8.6673005637998308 4.1780639546526661 -5.8998697576230379 167 133 100 0.13652083659964825 82 88 11 76
7121 -8.6669525192171832 4.1779722086561613 -5.8996914364235478 246 185 141 0.50911000008189888 15 112 82 86 11 71
7119 -8.6673716470668634 4.1780523769127766 -5.8998642374952697 89 71 36 0.15793321422463646 15 83 82 43 11 26
7115 4.4902647343517428 0.23901953018818997 1.9550829273413741 72 87 52 1.3631406771064747 79 281 42 117 55 95 98 114 96 171 8 240 67 553 85 201
7114 8.5282223191567574 0.94884800606874098 1.0947050738238304 157 193 173 1.2940960992306798 4 1331 50 1216 80 1364 22 1314 71 1363
7112 34.203996156190783 -7.2088814018793732 5.1360273450038152 0 0 0 2.918380044195712 29 1281 72 1231
7111 3.3303788358011857 1.1069921655997688 4.6355959751807738 0 0 0 0.54716842349218164 29 1056 72 990
7108 3.8444017472339502 -3.507547614722808 0.89629186575855346 0 0 0 0.80080608231432771 29 1033 72 923
7107 29.220855777618375 -7.3239077638494301 4.5290262070489504 0 0 0 1.3218052387211936 29 1026 72 942
7106 9.4538470536408816 -3.4251578901477715 3.7884646274957192 0 0 0 1.3297680307142046 29 998 72 732
7105 3.9170395800401359 -3.5125892727239694 0.83078682905052936 0 0 0 1.3128306563331091 29 861 72 733
7102 3.8424799829146674 -3.4789290666653265 0.93469536686805965 0 0 0 0.14470005704758415 29 612 72 498
7100 3.6781093573441836 -3.4395313903633089 1.0990337258294687 0 0 0 1.3224801952390481 29 603 72 516
7098 9.2076661402124387 -3.2167460391577829 3.8298739205951611 0 0 0 1.1641690757323673 29 513 72 491
7097 14.32291804288665 -5.2612349712007571 3.2667970294925595 0 0 0 2.2637887673518451 29 291 72 273
7086 4.2486354712263141 0.30751283834897869 2.1670428240150756 0 0 0 2.2851784015539627 30 246 66 209 13 193 28 217 100 238
7085 4.3214796012914451 0.27727868743864137 2.2041709741343523 0 0 0 1.069964637016743 30 49 66 208
7078 4.4061029493764643 0.20503472916334931 1.9169092109324835 0 0 0 1.3410800435687764 37 466 30 228
7077 4.5851193248096909 0.2342623299145114 1.9329490642876945 0 0 0 0.81738154715983269 37 305 85 559 96 532
7073 19.87177271531246 -6.6544843354839687 2.687732819167918 0 0 0 1.7892526091976675 62 873 78 1052 4 1068
7044 -8.6681669857786474 4.17849721248108 -5.9000463155888285 160 20 4 0.22896891813228151 15 969 82 1006 11 1050
7037 -8.6671178558933697 4.1779894486993898 -5.8997716055676488 172 128 94 0.30792868304794513 15 1019 82 958 11 951
7034 -8.6669909801854015 4.178054290208765 -5.8997993391897001 76 10 2 0.34626787033632267 15 950 82 905 11 893
7031 -8.6671228257070485 4.1780606539179974 -5.8998443262820439 49 19 4 0.24529168573344839 15 942 82 898 11 892
7022 -8.668252755154791 4.1785677042673299 -5.9001169100415209 0 0 0 0.63035564324514848 15 559 82 853 11 700
7021 -8.6669852389043722 4.1781895356673937 -5.8998420565426812 117 74 28 0.5067817004065257 15 883 82 839 11 675
7018 -8.6672391602744838 4.1780702377854047 -5.8998629044716546 68 47 16 0.19001585596233217 15 814 82 781 11 771
7017 -8.666986320843133 4.1779884141256654 -5.8997661237454864 99 46 23 0.36451224639212992 15 813 82 780 11 770
7016 -8.666986320843133 4.1779884141256654 -5.8997661237454864 99 46 23 0.36451224639212992 15 812 82 779 11 769
7010 -8.6671734208406228 4.1779822928223975 -5.8997762415666477 64 49 21 0.271368289179101 15 781 82 759 11 727
6999 -8.6673455556950785 4.1782009216670373 -5.8999406970948609 147 70 26 0.34589972672582725 15 705 82 663 11 648
6996 -8.6673522100258111 4.178159190085311 -5.8999083231922658 116 72 32 0.12028737875501272 15 661 82 647 11 629
6989 -8.6670935232808173 4.1779973516596103 -5.8997694916551824 76 54 39 0.30249551965519939 15 379 82 606
6986 -8.6675131918001966 4.1780580709472988 -5.8998841914021778 184 140 123 0.3044170338796966 15 577 82 571 11 537
6985 -8.667421167504191 4.1780255600124141 -5.8998438922539052 164 121 98 0.33351611833508604 15 575 82 570 11 535
6984 -8.6673254931069561 4.1780074806782155 -5.899818039050249 163 121 89 0.29714045602520939 15 603 82 568 11 534
6983 -8.6673254931069561 4.1780074806782155 -5.899818039050249 163 121 89 0.29714045602520939 15 602 82 567 11 533
6981 -8.6672028118050779 4.1782400871726004 -5.899926207406585 67 42 17 0.52500853890464783 15 284 82 522 11 474
6980 -8.6668846571044256 4.1781696901518641 -5.899851813598362 63 39 10 0.40336533710052258 15 540 82 519 11 291
6976 -8.6671382412278266 4.1781747785917007 -5.8998581756629767 93 6 1 0.16112584298118446 15 487 82 487 11 449
6974 -8.667376965521937 4.1782024895962948 -5.8999386603848887 56 28 10 0.17762156718392341 15 447 82 463 11 189
6973 -8.6674633178428184 4.1782034710179445 -5.8999459956915512 214 129 59 0.05831210672219956 15 446 82 437 11 418
6972 -8.667084696729253 4.1780808232365221 -5.8998503970620257 91 32 15 0.24002793412787363 15 172 82 434
6971 -8.6673403607045891 4.1781422941924991 -5.8999012905880139 66 41 18 0.16034661748725018 15 422 82 416 11 415
6965 -8.6671398153026225 4.1780012030254108 -5.8997965408383211 149 114 85 0.23418498682558631 15 380 82 372 11 365
6964 -8.6671398917075653 4.1779864648619798 -5.8997692343097006 198 153 120 0.30047502776112117 15 377 82 369 11 338
6963 -8.6671331310106261 4.177978593797131 -5.8997512242446186 81 62 34 0.26238754569452422 15 349 82 366 11 337
6960 -8.6674349020206183 4.1780568209257725 -5.899885298961963 108 86 43 0.19603067071608438 15 50 82 341 11 25
6958 -8.6676272194764348 4.178077531477224 -5.8999010530477101 148 111 104 0.49425194705070807 15 330 82 331 11 324
6957 -8.6675178480667139 4.1780515592061578 -5.8998700164979594 140 101 80 0.53929317146400646 15 331 82 330 11 323
6955 -8.6671207227860414 4.1782421270612415 -5.899957296608707 67 37 14 0.67174061827866127 15 285 82 313 11 294
6954 -8.6668409906787236 4.1781731491111813 -5.8998462744888487 65 34 15 0.53603599967981552 15 542 82 311 11 504
6953 -8.6682850919276078 4.1785382711436725 -5.9000937479995423 83 27 19 0.46036187528867484 15 255 82 296 11 269
6952 -8.6672174911764159 4.1782560942137925 -5.8999041506856358 137 82 37 0.1400440798776007 15 544 82 291
6951 -8.6670938236606787 4.1780935044718124 -5.8998425649891493 255 148 62 0.13133439933403357 15 174 82 160 11 142
6950 -8.6670938236606787 4.1780935044718124 -5.8998425649891493 255 148 62 0.13133439933403357 15 173 82 159 11 141
6949 -8.66721379550542 4.1781135287834452 -5.899859984294797 121 76 31 0.25679816416238838 15 142 82 156 11 145
6948 -8.6671761938842451 4.178054144007235 -5.8998464995891249 255 158 86 0.25742483757600421 15 121 82 121 11 110
6945 -8.6676396734792753 4.178131624172825 -5.8999729060197108 249 211 158 0.67562317702815389 15 1225 82 1174 11 1152
6937 -8.667869401258848 4.1783728060532619 -5.9000443474603301 73 40 18 0.57067115719211248 15 1170 82 1126 11 1110
6936 -8.6677410073743335 4.1782952620678557 -5.9000324739442913 105 60 25 0.63392698791663782 15 1166 82 1124 11 1108
6928 -8.6678272201392463 4.1782826006705429 -5.9000327785339515 26 16 6 0.52005700083701378 15 1149 82 1090 11 1077
6922 -8.6680561859805927 4.1784171564020411 -5.9000690895928285 50 27 13 0.52123094855140484 15 1115 82 1061 11 1040
6915 -8.6681383851543874 4.178313654387467 -5.9000740603075474 25 15 12 0.2749870229475247 15 1091 82 1036 11 942
6914 -8.6676313069931954 4.1781352577792523 -5.8999870888895343 255 216 166 0.57174814343965286 15 1090 82 1035 11 1008
6913 -8.6676313069931954 4.1781352577792523 -5.8999870888895343 255 216 166 0.57174814343965286 15 1089 82 1034 11 1007
6901 -8.6678004316300008 4.1782314523350941 -5.9000422554833625 255 224 146 0.35292912249494063 15 935 82 977 11 1018
6900 -8.6678004316300008 4.1782314523350941 -5.9000422554833625 255 224 146 0.35292912249494063 15 936 82 976 11 1017
6897 -8.6680391417758003 4.1782628160112445 -5.9000479324650685 22 11 6 0.35695626961333549 15 1004 82 959 11 940
6894 -8.6677901750542983 4.1781509103923762 -5.8999876116034358 255 200 160 0.24454391519216154 15 1078 82 948 11 855
6893 -8.6674402313756964 4.1780474483410011 -5.8998725729578307 85 67 23 0.15618712691612249 15 1003 82 947 11 939
6890 -8.6676809125111234 4.1782503416005241 -5.8999981214574371 147 95 44 0.20308290317206912 15 944 82 907 11 894
6876 -8.6679937027259513 4.1782597585951766 -5.9000546507115992 114 109 113 0.15219648854527387 15 1020 82 869 11 858
6871 -8.6679029901007159 4.1783554053911862 -5.9000433112203634 47 24 9 0.43269947779020373 15 845 82 825 11 807
6870 -8.6679029901007159 4.1783554053911862 -5.9000433112203634 47 24 9 0.43269947779020373 15 844 82 824 11 806
6869 -8.6683030619045383 4.1784562680634334 -5.9000862380244108 110 61 34 0.49016405897036391 15 427 82 816 11 792
6868 -8.6675633603307691 4.1782426943257063 -5.8999727418084529 77 44 19 0.10864535176298667 15 840 82 814 11 803
6838 -8.6678907764969519 4.1783288860810393 -5.9000137241665715 102 63 28 0.83761702268631755 15 666 82 652 11 635 44 636
6837 -8.6675681029877243 4.1782192109033929 -5.89995960409055 31 19 7 0.47912271621125602 15 662 82 651 11 632 44 633
6836 -8.6675681029877243 4.1782192109033929 -5.89995960409055 31 19 7 0.47912271621125602 15 663 82 650 11 631 44 634
6830 3.0740019099782279 0.78725082659499013 -0.92525574345462991 0 0 0 0.61803202685379144 99 463 82 617
6824 -8.6679529199479877 4.178282839608074 -5.9000767486971526 84 44 29 0.53865769203971503 15 645 82 607 11 579
6817 -8.6681900214504921 4.1783260284276524 -5.9000705941012832 86 24 3 0.40462328463652719 15 355 82 587 11 347
6816 -8.6679911298704759 4.1782688004021802 -5.9000756477971326 113 33 6 0.38839033276751228 15 629 82 586 11 578
6809 -8.6677030413532101 4.1781037232099614 -5.899933256876996 150 111 98 0.49828514065870783 15 576 82 554 11 538
6808 -8.6676346093947476 4.1780873743382365 -5.8999174192100936 147 104 78 0.36138182999611496 15 578 82 553 11 536
6806 -8.6671331234639801 4.1782037777457832 -5.8999454900716346 44 29 12 0.61671237527077516 15 515 82 521 11 676
6796 -8.6682346327266941 4.1784435516370086 -5.9000821300144315 61 31 16 0.40791265689746353 15 454 82 442 11 637
6790 -8.6681074554642681 4.1783194447635976 -5.9001020685879499 255 255 207 0.57234951519696176 15 382 82 404 11 368
6789 -8.6677518360863939 4.1782276532363474 -5.9000095095816656 52 37 12 0.6561428940979388 15 123 82 402 11 602
6788 -8.6677518360863939 4.1782276532363474 -5.9000095095816656 52 37 12 0.6561428940979388 15 122 82 401 11 603
6782 -8.6674468740317945 4.1780777907227904 -5.899892971913685 98 78 39 0.0921783049405107 15 381 82 375
6774 -8.6681324357252212 4.1782907433902414 -5.9000638028928858 255 156 70 0.084724808416223041 15 354 82 347 11 346
6773 -8.6681324357252212 4.1782907433902414 -5.9000638028928858 255 156 70 0.084724808416223041 15 353 82 346 11 345
6761 -8.6681751323369287 4.1784825805158858 -5.9000820902775226 99 39 19 0.34479309692366389 15 252 82 243 11 210
6759 -8.6679653242368424 4.1783519563882674 -5.9000575379430078 55 32 13 0.43325718378704597 15 187 82 174 11 158
6758 -8.6676298955040885 4.1782592762501993 -5.8999742501888406 136 75 30 0.80989872178902367 15 183 82 168 44 157
6757 -8.6676138556638627 4.1782459403403225 -5.8999697917741063 83 47 20 0.61910925586388443 15 180 82 165 11 154 44 155
6756 -8.6675447966938446 4.1782207218711989 -5.8999725132008241 153 92 43 0.07531706126001167 15 179 82 163
6752 -8.6678178528659213 4.1782589342803593 -5.9000282815624647 76 60 20 0.21724283663488173 15 415 82 128 11 116
6746 -8.6682835464096684 4.1784024130781896 -5.9001568250272785 105 61 29 0.81555053218458318 15 127 82 100 11 119
6745 -8.667897677018475 4.1782601830351789 -5.9000611585633917 134 110 107 0.59021635167799846 15 124 82 93 11 82
6739 -8.6675136616496928 4.1780912741171523 -5.8999244558390842 113 86 49 0.24297675805671559 15 52 82 48 11 28
6738 -8.6674264092185798 4.1780860894133802 -5.8999025512581404 102 80 42 0.11308938658990279 15 86 82 47 11 80
6737 -8.667433205381224 4.1780811976455361 -5.8998967672466227 229 171 120 0.11739722538962954 15 85 82 46 11 75
6736 -8.667433205381224 4.1780811976455361 -5.8998967672466227 229 171 120 0.11739722538962954 15 84 82 45 11 74
6734 -8.6680777003543863 4.1782628925211833 -5.9000440330095358 255 251 91 0.14958297113779076 15 53 82 17 11 6
6733 -8.6680777003543863 4.1782628925211833 -5.9000440330095358 255 251 91 0.14958297113779076 15 54 82 16 11 7
6730 28.019150745105584 -5.5181181303973821 2.1691802519915715 108 72 25 1.6764074059515961 15 548 99 234 82 303 90 267
6728 26.027815399098255 -5.1765153051332193 1.411534894703979 72 51 21 1.5730645061647934 99 237 15 297 82 536 11 490
6727 40.232409223319493 -12.01946720080039 3.9570929236435508 76 55 42 0.85773491131828017 90 151 15 100 82 72 11 51
6726 3.9163708319792185 -0.29046593452719549 -2.3975594677931871 59 53 49 0.096493154031798492 9 70 15 10
6725 5.5398312685209907 0.63714041744751782 2.7439323018301414 158 195 170 0.22004118233619357 31 743 94 450
6722 7.6046119428423236 1.0396834172150711 4.7414533983588747 119 156 149 0.31965819524239802 76 565 94 280
6713 72.13727614369941 -16.83659492928507 6.1500387558118419 0 0 0 1.0517738520807478 36 280 52 237 99 262
6709 31.440420168795203 -6.3643405576383909 3.0713730578371812 0 0 0 1.700927420326219 36 530 52 398 99 430 48 219 17 270 7 241 81 577
6700 62.227950072970508 -19.359792809395117 5.5105461042000865 251 215 172 1.3771383567826883 37 164 52 92 73 255 94 65 69 114 97 294
6699 66.528352888931522 -19.897318263261095 6.3067771702406938 96 72 51 0.930302533882153 37 187 48 108 52 130 73 280 99 132 94 63
6694 5.9930379506088958 0.18759414265377555 0.92014546758272697 88 114 106 0.87264072274569338 36 1054 9 1355
6693 11.226171492906893 -4.4846039009129948 4.1244610496758076 0 0 0 1.5066636538023397 98 1289 12 1124 29 1164 55 1123 42 1109 31 1223
6691 68.861376171561787 -18.350005829856187 8.6603188386328149 61 36 19 1.4533188215201722 32 987 37 739 76 475 9 1030 73 923
6688 6.0925780573828359 0.11953398305493768 0.92394080965697967 120 158 152 1.0310897313215412 36 521 9 809
6682 6.7477047355639321 -0.29246437627573807 0.13122891179096077 47 47 48 0.078940533347282391 32 785 9 579
6678 30.487188935674624 -8.62620075564217 2.9718349857139521 223 189 178 0.94136787609952088 32 235 97 245 9 247 15 98 82 68 31 329 11 48
6675 60.186313701879733 -15.555311854209219 51.52571752916981 0 0 0 0.14404533814474768 32 1326 73 1239
6674 32.20616619041018 -3.8923721086402017 20.914183053456782 111 108 108 1.0942407518979629 32 1217 97 1255 37 966
6673 31.883104919789194 -4.1930375270822768 20.825923039429377 41 41 41 0.43873434727174593 32 1216 97 1252
6671 27.411510820211337 -5.1133893744961068 22.945742091331407 152 173 144 0.65913679840685102 32 1048 36 869 97 1082
6670 27.411510820211337 -5.1133893744961068 22.945742091331407 152 173 144 0.65913679840685102 32 1047 36 870 97 1081
6669 33.654588411499716 -4.1359392105615145 21.418467065398403 133 142 162 0.69366626638202611 32 798 97 1003
6668 29.558546370296515 -5.039399341519073 11.909897795824049 64 75 85 1.2364414106583486 32 786 97 843
6667 45.89830150244012 -9.4151241262031533 42.103577668836351 0 0 0 1.6278020975740726 32 671 36 459 73 644
6666 27.028344098889708 -7.6446083671640102 17.284444548081748 0 0 0 0.50109972457542362 32 635 97 687
6665 33.186694690513157 -6.8847122359902597 1.3110525017252208 127 81 52 1.8711068681720642 32 625 36 278 97 670
6664 42.413710977003269 -9.3485223842920817 2.7657582773660878 126 88 58 2.056262971183374 32 823 37 617 73 774 97 667
6663 40.263819304596744 -8.7354233366845797 2.7604090642250059 85 51 25 1.6912141542627053 32 615 37 437 73 605 97 666
6662 32.553401251992604 -7.9470684078713774 15.409620833094126 93 90 97 1.2502300364473258 32 100 97 516
6661 27.039245917276109 -4.0718627202499986 21.822423595245645 107 124 119 1.0789259456787477 32 129 36 501 97 510
6660 27.232267085582055 -4.5472748048902911 23.190876618541875 62 56 41 0.79234358415903172 32 443 36 188 97 479
6659 27.457611474167173 -4.9587916549510638 22.694073065330308 42 58 46 0.85581961385600636 32 418 36 652 97 466
6658 27.390286563016758 -4.7839920877807742 27.840664889164437 74 102 84 3.3100481117312048 32 387 97 439
6657 27.390286563016758 -4.7839920877807742 27.840664889164437 74 102 84 3.3100481117312048 32 386 97 438
6656 26.516643044270431 -6.3912697992888283 20.979761284658593 150 178 233 0.32652977462804511 32 362 97 412
6654 59.439014020705315 -10.112089162432431 49.662243702335715 0 0 0 0.28459513835574068 32 500 73 487
6653 56.593960735240884 -9.4006065250475022 47.929240745605838 0 0 0 0.2606923884732526 32 497 73 484
6652 27.166552831043745 -4.1962233299566032 21.271475010757641 114 135 155 0.74086665466830615 32 130 36 224 97 135
6651 26.984784542212761 -4.1271318475917802 21.348826271514906 125 147 171 0.7348937118438762 32 464 36 223 97 134
6650 27.100919312133648 -4.9515104842950901 23.348320505938794 253 255 255 0.55937288333579993 32 61 36 149 97 64
6649 26.724840619920535 -5.8622995463783116 21.850112262845347 170 199 239 0.33052291374160497 32 12 97 18
6647 29.374232189404783 -1.2006440991130958 29.556745837353851 89 114 107 1.1478575707036234 32 1285 97 1332
6646 28.361365591163104 -4.0350897889569479 26.04312852551702 82 86 92 1.7355256876271961 32 1241 97 1277
6645 27.932059653835736 -4.6005212789687295 26.941877444815887 6 9 8 2.1587701859344746 32 1236 97 1272
6644 28.863550069977371 -2.0844961212772626 24.25240391795403 0 0 0 0.74208812384136225 32 1163 97 1211
6643 28.838374797625285 -1.4982434340518838 26.937849319166588 78 82 90 0.13984360505537824 32 1162 97 1210
6642 28.436028518434664 -3.8641746904784648 25.904281289251713 33 37 43 1.4596148398478526 32 918 97 1102
6641 28.066026406875228 -4.4373610162530897 27.117949016189392 110 111 116 2.2382464389985066 32 665 97 917
6640 29.130987936361635 -1.6194626973403303 28.528408581334869 127 165 158 1.0824344074122934 32 781 97 821
6639 27.596903447700402 -4.4272999255743608 25.99144165653993 2 3 2 2.3204137783592378 32 666 97 713
6638 28.206392614138601 -3.0565709748108758 24.399532478416429 72 105 95 0.28899610662777225 32 217 97 564
6637 27.263794937625505 -4.4745303767447613 25.63294105479207 62 85 73 2.6972702907060735 32 60 97 462
6636 27.693294182345177 -4.6459701594069944 26.778447564779395 60 80 67 2.5193285253972295 32 30 97 61
6635 34.773837428636654 -8.9939644779750783 10.424975114907099 71 6 8 1.1665535275304866 32 1338 97 1381
6632 25.347735324273444 -3.0225678826226994 23.050733584437765 0 0 0 0.74961818132557956 32 1312 73 1223
6631 28.770950248656948 -1.713095431258951 25.497427283734538 81 83 91 0.29048770583236483 32 1300 97 1343
6630 25.169531078777812 -1.7392105589990248 22.94449991086946 0 0 0 0.072448962040812109 32 1297 73 1224
6628 26.252878621056972 -4.615229589797976 27.032566213268982 0 0 0 2.5991818564134164 32 1291 73 1216
6627 26.638621177040907 -7.3843064301949459 17.855977164643793 0 0 0 1.428319230163793 32 1273 97 1334
6626 41.183839715761323 -7.6648720339666321 16.592930760818597 0 0 0 1.1123457876193328 32 1286 73 1196
6625 36.913665146270219 -8.634638472748323 13.930407845454321 0 0 0 0.099074209786264134 32 1283 73 1192
6624 38.317917504383409 -11.649797027024777 3.9586722032647077 51 44 15 0.96254214777374081 32 1261 37 973 52 729 73 1191 99 841 97 1309 9 1332 85 1351
6623 27.092241904013942 -6.851530992272866 19.626410327590989 255 255 255 0.54278522355445036 32 1253 97 1290
6622 4.9597906869290629 0.030491981064669684 2.6539673549614107 137 157 166 2.0944714911599149 73 1184 97 1289
6621 30.179321152814605 -5.2756734131243954 5.5629119293771119 104 56 35 1.234879162412539 32 1250 73 1179 97 1286 9 1283
6620 28.189694772167911 -2.5498940982441725 23.094049752020755 87 112 106 1.0534138622441438 32 1249 97 1283
6619 27.388158724817686 -4.6865607753622962 22.14858228661727 28 44 31 0.50353592675423298 32 1240 97 1274
6618 29.585210873906611 -5.9488975751083784 2.6832065184209326 174 125 73 1.1402770977076921 32 1223 73 1161 97 1261 37 945
6615 23.325769339140745 -2.7252677828880119 22.484345022576168 0 0 0 0.29353634878047608 32 1205 73 1133
6614 27.530439569738157 -7.3391824420637244 9.3708570504459079 116 46 45 2.2633832890736691 32 1201 97 1238
6613 32.674081224405221 -8.1709762422246683 16.670708029331788 60 59 62 2.0439391623493615 32 1199 97 1236
6612 47.773717557352924 -9.7101189949930014 42.293292578153654 0 0 0 0.23016114317103059 32 1198 73 1168
6611 50.565039523079051 -11.169593998949054 45.192725730929645 0 0 0 0.50291467478068452 32 1197 73 1120
6610 31.738505763654839 -7.6000501411343757 3.9065418619063217 62 35 21 1.1046610806702104 32 1172 37 897 73 1098 97 1215
6609 31.738505763654839 -7.6000501411343757 3.9065418619063217 62 35 21 1.1046610806702104 32 1171 37 898 73 1099 97 1214
6607 38.570601427759414 -7.4839470361053904 15.498001735860601 0 0 0 0.38332059424267084 32 1168 73 1010
6605 30.33975452227887 -7.8519810255988984 14.004537684277301 9 9 11 1.4603481136160934 32 1127 97 1179
6604 7.4707283048428117 -0.55054116511267792 2.2373492970913538 0 0 0 0.12587231280172154 32 1136 36 931
6602 4.7000933163550327 0.30064360598880757 2.0332696328229045 255 255 255 2.155475537166117 67 1200 97 1165
6601 51.976021482797492 -11.432966578695339 44.927532012142251 0 0 0 0.30879900980668723 32 1124 73 1050
6600 31.456794385417318 -6.1737426008027887 2.8588291524307787 64 47 14 0.63059541174191147 32 1112 37 851 73 1026 97 1152 9 1164
6599 22.355929185703804 -4.3742727285476306 4.5179658484998013 69 66 73 1.2706779830777459 32 1170 97 1135
6598 28.182084203585102 -5.4924738248882381 9.099652917998247 43 9 7 2.1155233998936822 32 1096 97 1133
6597 28.473855648664323 -2.2319670201518931 24.992189503199722 0 0 0 0.41094707469995551 32 964 97 1131
6596 28.117070053367343 -3.1699402940129455 24.375098276636326 0 0 0 1.6278356842788213 32 1080 73 1000 97 1118
6595 30.444339305950482 -7.7864973985017505 12.548565518751396 88 80 82 0.98626718616273268 32 1053 97 1105 73 655
6594 7.3444306554593375 -0.45207361644163641 2.1159515593839959 0 0 0 0.072799502006914762 32 908 36 857
6593 48.964703295942172 -10.690897855361655 45.154167582239516 0 0 0 0.4717317015643156 32 1036 73 979
6592 26.962722615170467 -6.7120426689862667 18.202971523457293 8 8 10 1.0615318180491666 32 1025 97 1061
6591 26.808335626251477 -5.9827824002489995 21.460395764470192 79 103 36 0.32608356441455139 32 1020 97 1057
6590 26.29908159821516 -5.742867651635378 22.485202488529964 89 99 116 0.74951307362341613 32 1019 97 1056
6588 34.032492890877684 -6.8531203303130601 2.8562380265008565 60 44 12 0.63550884240136241 32 834 37 614 73 772 97 1031 9 1044
6587 38.77016093562937 -9.9693416364231453 4.3552842550290185 125 76 43 1.8740200429214386 37 737 52 560 73 908 99 641 97 1013 9 1146 81 532 32 968 36 787 69 499
6586 31.64851334539453 -6.956486084955281 5.7351635161561978 198 137 110 0.72706123461899408 32 983 73 919 97 1011
6585 27.24976180747699 -4.8781687039027632 8.5610281423512369 0 0 0 2.7980811429573631 32 1174 97 1005
6584 30.153224722026376 -3.6697506727752063 17.911770421285013 22 25 28 1.0054594328899746 32 1103 37 900 97 1004
6582 27.828146035698751 -6.6735110631555239 3.5464916650809473 121 74 44 1.0361060286282389 32 967 73 900 97 993
6580 23.968302824619023 -1.2154099224833697 21.883408519718252 0 0 0 0.79906172609997816 32 1094 73 294
6578 25.288061532369991 -6.7144227285606366 3.2176394073629488 255 217 186 1.1026841765123325 73 868 97 964 37 708 9 988 42 620 79 199
6577 29.08409949871475 -8.3432656390827145 4.8343285430749772 255 236 208 1.9102558474055931 32 920 37 706 73 857 97 953 99 618 52 522
6574 50.518441910962551 -9.7449214228035128 43.846929609505239 0 0 0 0.096978394938535384 32 909 73 667
6572 27.243816515098775 -5.5826995531889096 23.457341346270514 69 81 36 1.6346015118079749 32 874 97 901 36 626
6571 26.57407051675882 -6.7627017815111961 19.81253489208849 119 127 85 0.56198105306421087 32 852 97 885
6570 39.164613045208782 -8.3291612581359811 3.025403029743956 52 34 21 1.4794550970759146 32 822 37 615 73 773 97 862 9 672
6569 26.67878433940653 -4.7960140056439444 3.3501197823684037 0 0 0 1.0953697239262381 32 821 37 612 73 770
6565 34.69023167622705 -5.3946373031401462 16.221109298568695 184 195 225 0.27674394847058476 32 799 97 842
6564 45.574765202345361 -12.496172938960438 4.6200484180211641 55 36 23 1.209528726529709 27 467 32 770 37 575 48 487 52 462 73 718 76 450 90 451 99 512 97 829 46 380 69 354 81 158 9 849 94 637 15 676 82 636 67 193 36 656 11 641 85 678
6563 25.548978339294639 -5.9233544118773231 3.7679448515796063 62 34 23 1.6895285687702917 32 766 73 716 97 826
6562 23.01356123472867 -5.4243419983823751 2.904247136315147 65 38 14 1.8281900760227137 32 767 73 543 97 811 37 172 52 112 99 154
6561 23.360881839953532 -5.753332464824048 3.1540459214529921 59 33 13 1.2469156392941707 32 748 37 380 73 704 99 497 97 810 52 325
6560 28.424114642860751 -3.0643379497541119 22.706257886288917 29 27 21 1.5090534736678889 32 543 97 807
6559 62.804669584349661 -20.725964122831179 6.3673018873352021 255 247 233 1.5876837718092895 73 694 37 539 52 283 99 472 32 734 97 780 9 792 36 595
6558 26.769104326929835 -7.4780202038266799 4.4049562448739588 67 48 23 1.3125610513060855 32 712 73 674 97 773 37 549
6556 60.775837598445861 -19.664502502639255 6.0170549200824119 122 105 68 1.2783001021206035 37 709 52 524 36 743 73 870 9 989
6554 30.690492059452009 -7.7785874624793774 13.553306311935643 2 2 3 0.94843079566356847 32 689 97 736
6553 27.419939718086216 -5.2624974018221753 20.689659320977981 31 34 37 0.83474354858003752 32 688 97 734
6552 7.6764807377473661 -0.5529522192597961 2.3560198962218895 0 0 0 0.25415110184645284 32 687 36 625
6550 27.120878965666762 -6.6244950428648375 17.692849273829168 1 1 2 1.5187611451001217 32 398 97 704
6549 26.88044824226397 -5.0335563559725633 23.423680185682805 183 193 212 0.62187108059086182 32 667 97 700
6547 26.775253093949122 -6.1781430256378771 21.297194215835454 183 216 255 0.24463468010284178 32 640 97 691
6545 29.117274867585881 -5.4679893658678314 3.0643879978470201 61 35 19 1.1267995531242962 32 338 37 431 73 343 97 662 9 889
6544 26.931392271810022 -5.1393558098431926 2.6347298095052301 95 57 33 1.6804882530848411 32 611 73 339 97 661 37 237 9 670
6543 24.601951305431793 -4.5108851221931978 3.0362453129932403 0 0 0 1.5065180216560432 32 820 37 610 73 769
6540 60.356880760198209 -16.556242988073389 5.004500644415657 0 0 0 1.6872389424990015 98 794 12 338 55 344 42 363 29 355 96 351
6538 60.727821229793207 -18.365007291532876 5.6832524828177275 99 76 41 0.98696141966285844 32 533 36 431 97 590 37 389 52 90 73 253 9 590 94 377
6535 53.627893968611673 -7.1982448698616412 44.180330802996828 0 0 0 0.85292884100585964 32 763 73 533
6534 27.74938363612236 -2.1807829380700787 24.869348269769048 59 89 82 0.47970443416256769 32 252 97 579
6532 27.664800509105905 -3.6090371395903862 20.595885681170451 44 43 38 1.4391688331349126 32 224 97 565
6526 24.889640692412009 -6.6435435940325132 4.0885538193504498 67 39 32 1.0141247961914301 32 501 73 498 97 539 37 548
6523 27.38475694853922 -4.443753608387202 20.520128581075102 125 144 151 1.1133534873744111 32 133 97 513
6522 27.291894761304388 -3.9993704607643172 22.118591188260677 30 31 33 1.0762739822861995 32 463 97 511 36 502
6518 4.5834261039224664 0.4431624843519239 1.7889733876398151 46 47 41 1.5379209298515568 73 463 97 481
6517 4.8677844915070754 0.38074896367347189 2.1039800449411841 111 102 84 1.5151579053989317 73 461 97 480
6513 47.987507935772072 -10.261882942885899 43.878056997624128 0 0 0 0.83895085554903248 32 65 73 419 36 418
6512 26.125412381528481 -4.5377343229187801 25.087162794528481 0 0 0 2.2125019009226472 32 388 73 643
6511 49.3690338597793 -10.762272013827197 44.997718486306738 0 0 0 0.43093104934762672 32 391 73 420
6510 26.524740889934428 -5.377298675323277 23.144154246720969 246 251 255 0.54083422291427385 32 389 97 440
6508 4.3897319714744363 0.18337762663809129 1.8283393899125953 203 234 255 1.7004938750886551 73 397 97 425
6505 35.075136314407871 -7.1885669102770056 2.7834699933520457 126 78 40 0.82004815600785397 32 344 37 243 73 348 97 391
6503 32.296545777415503 -6.4656945451229104 2.7734714980465118 60 48 7 0.61916910685752424 32 342 37 241 73 347 97 388 9 374
6502 33.278826129999707 -6.7898995856532061 2.7926438832028051 112 76 28 0.64763878817529119 32 343 37 240 73 346 97 387 9 375
6500 31.291677611166737 -6.2103851392506106 2.8304048589062187 74 54 16 0.81027709002611614 32 341 73 344 97 385 9 373
6497 43.484436842075944 -11.580627657655553 4.6792862511799589 69 40 18 1.6602869727127805 32 575 37 200 48 144 52 351 73 300 90 212 99 162 97 327 94 111 15 472 82 448 27 81 11 425 9 612 36 158
6495 32.915514141174903 -8.5764415332426598 3.3273341867915205 81 61 18 0.86905745009221813 32 262 36 154 37 178 52 119 73 270 99 160 97 321 9 307
6494 33.490092742429091 -8.8505519198392424 3.3932417067505005 136 93 45 0.94445932097851004 27 53 32 263 37 177 48 99 52 120 69 137 73 271 90 191 99 122 97 320 94 79 9 586 36 117 85 376
6493 28.880347565901396 -6.997103776630107 3.1561615414264321 104 64 39 0.82377520973128604 36 153 97 318 9 305
6492 28.880347565901396 -6.997103776630107 3.1561615414264321 104 64 39 0.82377520973128604 36 152 97 317 9 306
6491 65.67652584154375 -19.65057927211285 6.2219679483796924 97 73 51 1.3645286471907503 32 269 36 124 97 292 37 186 73 279 99 131 27 61 52 129 48 107 9 275 94 62 15 157 82 139 11 129
6484 37.372853218680618 -11.403774054723467 3.79507904767256 62 54 13 0.84627748039436979 32 189 37 131 52 44 73 205 90 101 99 59 97 247 48 33
6483 27.241081548355595 -7.4076325179198426 3.4194102843246656 117 95 79 0.55586804947759549 32 183 73 199 97 237 9 195
6482 28.26202909309092 -7.7397469160053456 4.4942051078176846 209 154 128 1.8258948353169693 32 177 73 192 97 234 9 191
6481 24.290285490063908 -6.183102181698815 3.8481027688306613 130 84 71 1.3995410652045532 32 176 73 241 97 230
6478 43.793364112127193 -14.089172694648173 4.9201712633050363 86 80 34 1.5707147963624037 37 92 52 25 73 156 99 53 32 145 97 184 9 169 36 21
6477 44.532012787624836 -14.442137990525806 5.4058430801348214 115 100 67 1.3203050138598811 32 144 36 20 37 90 73 154 99 52 97 183 76 92
6473 3.746871450957423 0.8580107329888077 1.1218683247205019 99 119 99 0.79503435204877115 81 418 97 170
6470 16.095068153445116 -5.5194946735533668 2.4803345865988726 0 0 0 2.5674217070665564 31 301 98 354
6461 4.9070424088415816 0.34421960808873048 2.1563677965936372 58 56 47 1.2731725308126798 73 109 97 103
6460 4.9070424088415816 0.34421960808873048 2.1563677965936372 58 56 47 1.2731725308126798 73 108 97 102
6459 27.263798066652395 -4.3796060731727335 22.982972198205292 84 81 74 0.71505571231024878 32 94 97 100
6458 27.242411808558732 -4.7052959555749139 22.704750701955913 108 95 72 0.60245726514941 32 93 97 99
6455 27.154023300268868 -5.012046674423738 22.492081397262389 255 255 255 0.46785806238174465 32 66 97 68
6453 27.064721334386029 -5.0856932920767726 22.711733752889174 254 255 255 0.37368852565246446 32 63 97 66
6452 27.019469043906408 -4.9462175243589295 23.263881019417365 253 255 255 0.42011819688240043 32 62 97 65
6451 56.293541484049854 -13.505689112102338 48.314971389740691 0 0 0 0.39438675553686797 32 36 73 48
6450 51.622257358599263 -12.013884444988909 46.736635778081904 0 0 0 0.38636738216853361 32 34 73 46
6449 51.808446368919078 -12.13100167025223 47.322589451139422 0 0 0 0.39305021131117213 32 32 73 45
6445 26.305189519213457 -6.0053274915086607 22.036461059042949 53 60 42 0.38136976933247679 32 10 97 16
6443 24.13112066183665 -6.370909544420658 4.1500061754302937 92 64 54 2.3286188211742433 96 1026 76 816 76 667 85 993 90 738
6442 1.9598734113380367 -2.0822337498165213 3.6127736719433106 108 112 86 1.2303197109126784 8 714 13 763 28 842 50 916 80 1140 22 1008 4 1138 71 1046 100 864 66 796 83 779 84 794 42 885 79 867 55 1051 12 1061
6438 6.803134955868674 -3.4353920896958017 3.6620854963169363 184 127 64 0.33607239589107862 22 693 50 382 4 696 62 634
6400 3.1153091384334233 -2.3628113749016739 4.9933375562431266 0 0 0 1.6085961252925098 29 1114 31 1181
6395 1.3513041665828693 -1.7755859703881689 2.1423052917888596 0 0 0 1.4436622443001821 29 94 31 98
6352 4.6065195953502798 0.24636974540901829 1.9191525082889322 100 119 89 0.88128437876925614 73 424 96 545 85 577 97 36 37 306
6348 7.1365851803858309 0.22117491110622411 2.2413980001270728 46 47 45 0.015956439377725017 17 479 32 990
6340 24.238652433006415 -2.4697883880401328 14.891452662891997 82 93 95 0.49003701920792564 73 1237 32 1330
6339 23.66293359494772 -4.0642426722961424 10.0832137217855 59 52 45 0.80473425122587583 73 1240 32 1329
6335 24.407322352229748 -3.1580557229705808 13.140831711389181 30 33 37 2.0864646673777818 73 1226 32 1299
6326 21.912601931121785 -4.574795854579941 8.9628573662400779 79 81 89 0.25729013244109866 73 1141 32 1246
6320 22.633039129433559 -3.5561410278125503 9.9177719162335904 69 67 72 1.8630750457320777 73 1155 32 1211
6306 23.327158926521591 -2.4279683306342084 15.136587754322317 141 151 168 1.6742715260325796 73 1153 32 1165
6283 23.131865157159687 -2.4343648031541014 14.658456018253908 71 65 64 1.271651052261551 73 906 32 966
6281 25.845330326992034 -6.3911495890255061 3.2824866469470941 73 44 22 1.3345059350723094 36 771 73 899 32 956 97 982 9 1015
6279 25.42271128385288 -6.7749302717421314 3.6314359153876512 201 146 126 1.690359414385795 36 755 32 927 97 963
6278 29.268090365994421 -8.7178755649387334 3.2520755531301373 60 52 17 0.69348203099244665 36 740 32 921 97 954
6260 26.98838609968978 -8.0638905999930586 3.4926483670225723 77 57 32 0.42920728741574149 36 351 32 713 97 756
6239 27.506422681585835 -8.1159429008735149 3.8086754861525445 79 57 29 1.2225276308223485 36 352 73 469 32 471 97 517
6236 38.434015375288176 -12.365250836133203 5.5901187086773207 132 102 47 1.9836169033069375 36 353 73 452 32 453 97 519 37 348 99 291
6235 30.495718528949528 -9.6188601725674641 3.9321279629005832 104 76 44 0.56860674908425024 36 350 32 451 97 518
6234 33.722333077936476 -10.831674995869687 5.0680373901671567 173 139 138 1.9994781137264976 36 339 73 122 32 450
6204 30.146719216536376 -7.7979472400297265 3.2829129030633393 136 82 46 0.50716423779544229 36 116 32 260 97 319
6180 4.4561778567411423 0.24126544225385693 1.7652933619768423 115 135 103 0.7415051454238597 37 36 73 49 97 35
6172 4.4917369906986799 0.31629471498272271 1.6946172926635681 75 86 63 0.88776583578986923 37 63 73 77 97 74
6145 74.710438860872145 -23.275719246844936 6.8399374578192988 91 68 37 1.5822869970594278 27 286 36 611 37 390 52 310 99 356 73 709 48 106 90 156 32 754 97 813
6139 30.896078064810506 -9.2787687739285687 3.5331606824923685 81 72 38 0.54744303197552091 37 349 52 276 73 677
6137 4.4906526342221946 0.38555563500964185 1.3995963937077087 52 12 6 0.56983891330556569 37 524 73 670
6136 4.4954997545542543 0.40775138938266792 1.5684941383221656 49 44 39 1.093503636474874 37 523 73 669
6124 73.244921135087736 -23.354106293882055 6.6875583078455945 93 74 44 1.5486597348038305 27 269 36 395 37 369 52 309 99 335 73 523 32 534 97 573
6120 25.738127391968593 -6.505062453596544 2.9706056644020604 145 100 66 1.0324577489807316 36 422 99 116 73 516
6113 4.3866946564448064 0.19364879873329491 1.8293189958258489 203 234 255 1.7804479926032677 37 469 73 396 97 424
6112 4.4097137359030967 0.23841395169586763 1.9068580670904045 142 164 183 1.6001547092570347 98 546 73 395
6111 4.3197324051694022 0.18737154335840547 1.7228576253964627 229 255 255 1.3514725421615825 37 290 73 378
6110 4.3221237239655794 0.18834728804979003 1.8151134197961636 252 255 255 1.4590691219042502 37 289 73 377
6103 55.493194353395999 -16.307481388854534 5.1707844273081998 100 73 49 1.0985617568800574 36 123 73 281 32 268 97 291
6101 41.187231552826169 -11.689712726251699 3.8916079514743633 98 70 35 0.47548451731202279 36 119 73 273 32 264 97 286 94 58
6099 24.909718134726216 -6.1926031250429476 3.1904844535624224 103 64 29 0.75187217135783002 27 46 73 242
6095 27.734421404608192 -7.7816004373915781 3.5307166562186967 91 78 42 0.9153530757220929 36 42 73 196 32 180 97 180 9 193
6087 28.112423484391243 -8.1391644712622711 3.5762713485217996 83 63 28 0.61569908318923139 36 41 52 41 73 148 97 179
6076 24.723211092129411 -6.5594774765046528 3.3003190283166028 182 163 140 1.2564775808164261 57 339 90 396 67 165 76 132 69 100 48 299 81 91 96 626 85 657 52 69 99 76 37 117 73 193 32 179 7 391 16 497 54 447 97 235 9 192
6059 25.635919586660307 -6.7473164840015158 3.1068569161544453 108 85 56 0.56963013414195929 36 756 37 716 73 881 32 940 97 966
6055 30.97916779008202 -9.30237280032879 2.9531647830096537 46 49 3 1.8218754319040991 27 668 37 695 25 516 48 610 99 608
6050 7.4320884288259927 -3.3225358832498104 3.3604535965236204 0 0 0 0.70251995876188911 79 620 98 922
6033 30.212553357542113 -8.8991421049643478 3.4135459738078091 226 201 204 1.0122125094437036 46 116 52 278 99 302 37 364 81 93 73 692 32 507 36 592 97 775 85 660
6019 10.360223618054453 -4.5440480605118925 4.2441246364049805 0 0 0 1.2771570906208733 31 261 98 281
6014 48.556372638834908 -14.941590367656726 4.9327038892564632 185 147 125 0.76496400951269217 36 85 99 94 37 135 73 210 32 191 97 254 9 251 94 36 15 106 85 342
6007 22.048184616057977 -7.3961258907306195 2.9310348403500495 0 0 0 0.89606584103206055 31 337 98 371
6006 70.516969198032626 -23.694304319866696 8.5170393900394163 103 88 48 1.0209316037241736 36 23 37 94 73 158 32 147 97 186 9 202
6004 4.4187095870794559 0.28536749300136982 1.8862449113916442 0 0 0 1.1914160548015151 67 245 81 76
5985 4.4135787393062067 0.69272094905751613 1.3285081180729212 65 85 70 0.0037982258855428904 52 750 99 862
5984 9.2777006177402566 -1.0939651869769162 1.8220328867637596 75 67 62 0.70058720276687325 52 745 99 856
5979 28.264794593947141 -8.5665034312833228 3.071609235073741 0 0 0 1.3240185911431694 42 1345 55 1338 29 1414 12 1352 96 1359 79 1051 98 1585
5978 6.7449817993179071 0.16043870177076547 1.5279297482678755 74 65 53 1.3857324039481185 52 727 99 811
5977 9.1488937650250364 -0.83421258215437144 1.7886992321097313 76 75 80 0.007540738270174584 52 702 99 803
5974 5.2313889017024904 0.55337584654577732 1.4204693239549047 38 47 34 0.52481392536706761 52 677 99 787
5966 45.804093784732771 -10.628942116856729 3.596448570168207 48 37 20 1.4645603002096079 36 807 99 562
5964 37.356542850006782 -11.144396529030589 3.5716401511796634 39 31 14 0.81829042110920125 27 439 48 443 52 434 36 760 90 597 99 489 99 623 37 555 32 928 73 869 69 474 46 502 97 970 9 1005
5961 24.453379814226384 -6.7206964825793891 3.8445310279802829 80 57 35 0.99768571273431905 52 429 90 589 99 469 76 650 81 315
5959 43.900688719448326 -14.516615052545431 6.5906935764533188 176 149 146 2.2522040532065932 36 572 73 657 32 698 37 511 97 757 99 457
5955 30.852284570052525 -6.1879235958752954 3.1743895324677793 148 98 54 1.7898887858848949 25 194 81 183 90 266 99 420 30 329
5954 25.631431521458541 -4.978070665763088 2.5278401672415707 0 0 0 1.3001823062550937 36 705 48 589
5950 35.495687016789013 -9.7072763094692434 3.4684499099313539 144 97 55 0.73598392987768047 27 55 46 176 48 100 69 142 76 147 81 133 90 193 37 396 9 588 32 551 36 428 52 332 73 549 94 399 97 589 99 354 15 154 82 421 11 125 85 361
5946 33.964928791230854 -9.6304060882241487 3.199772642584529 0 0 0 1.281527036847546 29 642 98 781 12 618 42 651
5931 28.813859565694603 -5.7315899805127772 3.4419418097072541 135 93 57 0.42591241038943134 25 190 52 223 99 229
5921 42.438169105602 -12.806191335978685 4.0962620933768621 255 240 213 1.0072151228255608 27 34 36 392 48 70 52 307 76 115 90 152 99 93 37 367 73 520 32 531 67 153 97 571 9 559 94 362 85 343
5919 50.370386699535459 -15.767426191141485 5.2291586421662677 139 113 93 1.3054586639664785 36 49 99 90 37 132 73 207 32 190 97 250 9 204 94 33 15 105 82 76 11 55
5910 35.068422246108675 -10.908417865995004 4.2868821033179492 152 126 109 1.3709610349325521 36 18 52 22 99 49 37 91 73 150 32 141 97 181 94 10
5909 4.1345756607737538 0.39705755648043317 2.0887073948964154 0 0 0 0.093533152822077664 76 180 90 67
5900 6.8005801278602744 -2.8056494713736635 3.5340177676730815 34 4 0 1.3818819561867166 8 400 13 109 28 130 26 89 50 409 91 281 71 491 100 137 66 121 84 324 83 94
5899 51.62800854240237 -15.70784222649486 4.6629419847052702 68 57 26 1.1763410985181548 90 599 76 655 48 446 27 456 52 452 99 490 37 562 73 708 32 753 69 479 81 503 36 609 46 521 97 812 9 813 94 627
5896 42.572793143172426 -12.510998099907049 4.0145443829781664 44 35 11 0.83908115154834761 31 344 96 352 48 102 27 56 85 363 52 87 99 96 37 160 73 250 32 240 36 84 97 287 9 254 94 57 98 423
5895 36.280121353412767 -10.594750768359273 3.5099688804792111 182 157 144 1.4530089784441336 52 84 29 338 99 95 37 133 73 247 32 238 36 83 97 249 9 248 94 32 15 101 82 71 11 50 31 343 96 348 85 339 98 421
5894 7.0745807870520601 -3.5461483994208387 3.5477803451033356 191 189 141 1.6385028827284367 8 1125 13 1092 28 1123 79 1163 100 1132 66 1111 83 1076 84 1088 42 1430 55 1421 12 1439 29 1527
5893 4.2471194568768134 0.53033329362631887 2.2202308451216126 103 92 75 0.42824526018922621 26 684 84 836 83 820
5892 8.147017382286359 -3.8587898464861063 3.6317024009185652 170 164 121 0.79982743087435693 42 244 55 236 12 236 29 224 98 255
5888 32.552679115140606 -10.076545919824991 3.5584552910394622 0 0 0 0.19953971375639262 42 349 55 335 12 332 29 342
5877 13.548377498011066 -5.0062864005518684 2.694559937815252 0 0 0 0.2850802533206932 31 1365 98 1292
5876 1.9060527000097187 -2.143717641197922 3.6478696050468695 0 0 0 0.64657794850330563 31 1163 98 1207
5874 40.246487661306091 -10.671025094752991 3.2011362332086932 0 0 0 2.0882996145613921 98 1179 29 640 31 909
5871 47.785059153672236 -14.118825924342573 4.7271127364287722 0 0 0 1.0601540597055599 31 364 98 426
1420 4.4422664383108019 0.39270989588286498 1.8573120262116911 229 244 255 0.098535490713538398 67 276 81 151 46 44
3777 4.3072643875684653 0.47827275076837261 1.9850672038202888 75 89 50 0.992493292840534 26 155 100 242
1419 4.4422664383108019 0.39270989588286498 1.8573120262116911 229 244 255 0.098535490713538398 67 275 81 150 46 43
3776 4.7443710934940784 0.47701353355065457 1.9207179213735956 88 105 84 2.4420364670793733 79 553 100 231
6504 37.503787036428449 -7.992434912091233 2.8955666891104985 125 87 49 1.0067663310128108 32 345 37 242 73 349 97 389 9 382
1417 4.3731713110988659 0.44512675245514738 1.8632952753355025 126 146 61 0.56451559652106442 67 274 76 203 81 148 69 60 90 166 46 40
3774 4.3509404536203435 0.35353705943346131 1.8723680870307531 68 86 52 0.24366036967027868 28 197 100 226
6467 31.40719233088997 -9.4858097713955178 5.2631771226941728 118 83 74 1.5636107143891251 32 102 73 146 97 140
1380 4.1354501224251781 0.12627944831743335 2.2772417360425816 72 74 47 1.373164608198139 13 551 28 626 50 439 80 422 22 121 4 71 26 484 71 497 100 661 66 599 84 593 83 576
6465 5.1141308198544619 0.4769724932635408 2.4854095614661342 56 52 40 2.3309969616704893 73 178 97 136
1378 16.669808307265114 -4.9972819211130082 3.3296009249881888 160 51 44 1.019984656274765 8 622 13 474 28 539 26 254 50 319 80 606 22 615 4 625 62 376 59 622 91 232 71 631 100 565 66 515 84 508 83 493 20 415
3735 7.6609988277097099 -3.0202118393290629 3.536001923324569 133 104 54 0.6812373252764955 8 403 13 340 100 409
6456 27.32485363928626 -5.3928964597655202 21.207060202419186 68 77 42 0.53181196340289072 32 67 97 70
1369 4.3086054531120812 0.33800287623138858 1.9137568034769612 167 195 232 0.94051162201689387 79 539 8 502 96 524 85 554
3726 3.4948179482010406 -2.6218133426707055 3.6799883786047864 166 147 95 0.39906825401111634 50 1212 80 1370 71 1364
6439 22.053773948375483 -5.5104073507831748 3.1166670970655357 129 97 84 1.742629549345831 48 322 69 99 76 131 81 125 90 138 27 276 85 325 52 298 99 112 37 152 73 240 32 175 97 229
1352 4.2455133330173878 0.51114370810891574 1.9535527587266848 92 87 50 0.58804389390593459 76 498 90 417 69 274 30 279 25 293 7 205
3709 4.713975498958928 -0.026180326936763181 2.2591662306981086 255 255 255 0.24019036061877619 50 1034 71 1183
1350 3.9820282467895494 0.39715098747725758 1.9473474595206035 64 72 41 0.54137820910703027 79 274 8 283
3707 1.894107502948394 -2.1874511224360957 4.1041274343678893 0 0 0 0.57806478224009461 50 1012 71 1166
1346 4.2326427247076674 0.2492935050245334 2.002381310327531 167 179 131 1.6227746335708293 8 252 13 178 80 84 91 63 71 137 100 223 26 108 96 157 84 145
1339 22.860672714678497 -6.2178977065296888 4.0374143019132722 54 35 8 1.5189633694501097 2 729 17 417 30 568 7 447 54 525 57 391 68 426 16 576 42 1211
3696 2.0685447006999138 -1.9662398115829633 3.6761929314539472 0 0 0 1.1248142489074497 8 851 13 772 84 801
3686 7.3931430662403681 -3.670787221456822 3.339412502096279 137 100 63 0.49551700919535213 50 840 71 963
1323 17.642370754349063 -5.4102916963196996 3.1613863696599238 150 115 98 0.86709679703232212 79 675 8 382 28 339 13 297 26 251 50 307 91 214 71 381 80 351 100 348 4 392 22 373 66 314 84 295 83 304 42 830
3680 4.4548385435579485 0.10511082410956213 2.314653154876793 27 19 6 0.69496737802904607 50 611 80 847 71 860
1302 4.3270657432894311 0.4695080024094086 1.8895035507587183 100 111 77 1.0863091812526275 67 272 81 146 46 41 25 62 7 44 57 51
3659 4.3827284634358437 0.33265628546532849 1.8433287422433 151 174 189 0.38065992167831164 50 572 71 667
1301 4.3125175332398191 0.22702479481009427 1.9324713872770516 255 255 255 1.3937547207984426 67 228 2 99 76 124
1300 4.2289729573856434 0.30181076471982049 1.9935772503504718 131 150 146 1.1645798846420869 79 262 8 253 13 179 28 196 67 244 100 224 66 198
3657 1.6984543165374555 -1.1123088987991325 3.6209176197577997 39 40 43 0.83308757705334147 22 544 71 599
1299 4.2167965726267269 0.36772052986297532 2.1172403395574713 58 61 46 1.9983831678312831 79 258 96 499
3656 1.9854580756184435 -2.0957198061155076 4.0851130052094637 114 93 33 0.43074128703843478 22 318 71 594
1295 4.0360013003093389 0.21666557383867283 2.1928743587997697 255 255 255 1.3921782854198184 8 243 13 192 28 231 50 168 80 131 62 57 66 453 42 71
3652 3.0173606248127456 -1.149088434223299 3.45627770756907 37 38 41 0.094034410534163809 22 522 71 559
1076 4.6042810682400441 0.20164912804582988 1.9725868074422443 114 134 103 1.0289884746083797 67 557 79 265 42 119 55 97 12 66 29 67 98 116 8 479
5790 32.811165620204619 -9.1855510781889134 3.2398110324968288 105 83 62 0.77995530023023818 36 82 27 52 52 86 96 347 99 121 37 158 73 246 32 237 97 281 9 249 94 55
1073 4.2513219301863234 0.32326619664297224 1.9679439423323988 143 163 168 1.1910506981920401 79 1101 13 988 100 1050 96 1348 42 1316 55 1297 59 1218 12 1313
3430 4.1088724933261931 0.88834074419836673 1.906573814256515 107 101 89 0.72038549940920349 38 293 57 305 68 326 25 438 65 231
3420 3.5357564048994257 -0.70429635588703876 7.0878132770934315 114 101 49 0.23973075700065363 38 330 68 270
1005 4.1727129648187855 0.15614044969338961 2.132439602426984 96 108 62 1.3212128230990159 13 173 79 248 28 212 80 104 22 66 4 51 91 91 100 220 83 160 59 42 8 231 84 141 42 88 55 63 12 45
3362 4.1866686960876498 0.49767649101731037 2.1763583198799923 39 35 18 1.3438140042750921 17 298 38 173 25 401 2 507 30 388 68 54 2 360 16 240 57 165 65 131
6089 43.123995245414555 -13.7136283493865 4.9901030241759488 65 63 25 1.1680351015629995 36 46 73 155 9 168 94 13
1002 28.363756406545981 -8.1522036291783309 3.2627961108926486 94 81 47 0.72254173536565913 76 398 90 398 67 148 81 95 69 290 46 114 25 253 37 552 73 691 32 731 97 776 85 659
999 26.062100875002912 -6.5702044724438187 3.9628556927420697 54 33 19 1.5451698902681292 67 1272 76 1113 69 742 48 755 27 820 90 985
995 27.396296069096156 -6.536214688506373 3.4253490192670011 60 38 25 0.48563768499741083 67 1191 76 1023 81 804
5709 4.5424220013115111 0.24755552709052567 1.9155506142846392 0 0 0 1.4064144943805754 69 22 76 164 81 77
994 4.3506216392019246 0.27299470232716339 1.9007482185871798 91 113 72 0.4405800186999802 67 1198 76 1019 81 867
5708 39.324357924046019 -12.449433772842731 3.7275272565529685 233 187 169 1.3324578096358368 27 13 48 34 52 26 99 57 37 95
993 4.3412126842962975 0.55756611068308404 1.9150455111719904 106 99 87 1.5198097887892432 67 1142 76 992 81 813 69 675 46 719 2 811 30 573 7 457 54 534 68 435 57 400
3350 4.3351120237810719 0.27544891328387089 2.2859500870284113 0 0 0 0.95689606921948167 59 43 79 509
992 4.2223383001620594 0.43558684902807698 1.8782643695362982 91 101 73 1.5772366511237867 67 1135 76 935 8 904 79 850
991 4.3870574686186945 0.37116162594364799 1.8648954982678936 126 145 138 0.4566199962995614 67 1075 76 926 69 611 81 799
6077 4.4135041184358021 0.25754274582689785 1.9562957695335019 72 92 47 1.3582362487347919 8 683 28 611 100 647 79 709 85 781 90 550
990 4.385855346740982 0.3708873281448003 1.8650675751644914 126 145 138 0.36109961577973132 67 1076 76 925 69 610
5704 27.558430800858815 -8.3685952888646558 3.6979702784229884 103 77 42 1.0938432021339015 52 19 99 23 37 71
986 4.3812713873921165 0.46611297260472218 1.8672709922208957 87 106 33 0.59281623632445801 67 951 76 850 81 656 69 549 46 586
3343 1.9338608849035874 -2.0506191489821854 3.5753041321904999 115 122 98 1.3541741514224537 26 663 38 397 65 333
980 4.5022332109527374 0.43495997626091454 1.8420279901690693 50 70 58 1.540335605352382 67 813 76 730 69 441
3337 4.1598384509696427 0.48074219354681047 2.3197589473248619 32 30 26 0.57533069430243922 57 524 38 549 68 567
6064 38.693999993433437 -10.171481950381244 4.0420778848479841 67 48 16 1.3145284900166301 37 838 97 994 9 1023 32 1098 36 788 99 718
977 4.4313677964381943 0.45079576865848697 1.8530529109911387 29 36 9 0.54398967382896291 76 711 81 525 69 440 46 469 85 803
976 4.4356387523157599 0.44848138608454391 1.8576541610015309 29 36 9 0.80061210337968836 67 812 76 710 81 524 69 439 46 468
975 4.422245274170681 0.41533222186342544 1.857702107140013 45 56 34 0.4765519308801045 67 807 76 709 69 438 46 467
974 4.4038636121605279 0.44105900189127784 1.8540320533059287 255 255 255 0.45059822810871097 67 808 76 708 81 522 69 436
3331 1.9261523333370023 -2.0291294683919299 3.5873573320370666 99 105 75 0.59772082597016585 26 836 38 480
969 32.85884470231526 -9.324341190066324 3.2096377952258726 52 41 17 0.53716747578007296 67 750 76 679 81 501 94 795
3326 4.1664614756062504 0.42455040555354107 2.3652770057672639 80 85 94 0.90599484218580795 38 343 68 365 57 274
967 4.4064813805458876 0.19588731463200582 1.9380639376217637 124 144 138 0.94481674417875083 67 779 76 659 81 475
6053 4.3569511817142539 0.32751380274628927 1.8619168847475154 0 0 0 0.54692010715511818 69 531 90 720
966 4.3765211113590592 0.19821758765536632 1.994284327034394 229 255 255 1.5107446629382144 50 116 22 43 4 26 67 536 76 658 81 288
3318 4.1735719718004409 0.38333002889500273 2.4313470850471282 90 88 43 1.2664443484783237 57 272 38 258 68 284
957 4.4953714534812041 0.45150176584058715 1.8672368100565166 188 177 134 1.1109840889679359 67 286 76 503 81 376 46 476
951 4.4280616921643183 0.37707017838106144 1.8553008597173835 53 61 43 0.53001362995896584 67 583 76 483 81 355 69 252 46 274 85 212
950 4.3664962547198085 0.41997678196337823 1.8639346481483752 68 87 54 0.24796104213696488 67 582 76 482 81 353 69 276
943 4.5572518662646067 0.22529137540697444 1.8949145950434108 84 105 50 1.9439174625084565 81 311 69 236 46 263
941 4.3058485570925882 0.28741189274699824 1.9541156911684798 196 226 255 1.7755684414736876 67 551 76 436 79 535
940 4.2597725329319607 0.31888165115796008 1.9278885884409203 171 204 253 0.78463093207801848 67 550 76 433 81 305 69 231 46 256
3297 4.1784179500491732 0.36339528829424744 2.1312990623429968 50 52 28 1.9680127039684092 26 153 65 25 38 46 13 204
5651 53.486310471636052 -16.105481186035693 5.0179796034180413 130 102 72 0.66464280556051436 36 86 52 89 32 243 73 252 99 128 97 288 9 274 94 59
936 27.80195928542728 -8.3831639748320885 3.6234688652640834 123 103 40 1.1222168097553222 67 478 76 380 81 300 69 283 46 341 25 383 90 575 17 286 7 295 30 368 54 338 85 648
934 4.4356338881654898 0.46709239522285362 1.8499827215563058 188 182 124 0.9628802448133188 67 287 76 236 81 165 69 62
924 4.5685114425146276 0.25302315554228583 1.9155136783168414 87 106 84 1.5541343456132364 76 166 81 119 69 37 67 249
910 28.440496315340017 -9.1560191317220561 3.5447921524048409 253 205 189 0.3410047649320076 67 126 76 66 69 45
5995 4.9881965465168694 0.74737979276898403 1.3965744761297134 0 0 0 0.83149132984005447 52 763 99 875
908 4.248804884592138 0.46607859521772488 1.9378041338131242 94 91 68 0.57434934967932905 90 111 67 269 76 199 81 144 69 53 46 37 54 33 25 59
3265 6.5760069614182983 -3.0735001594796891 3.5360787980473214 242 188 138 0.39888138119222555 28 116 50 103 26 75 91 70 22 225 80 201 62 206 71 152 84 55 83 71 13 89
5622 4.3527738860763563 0.29276885651957851 1.8661730192493484 81 101 76 0.48417216891988102 30 233 98 108
907 4.1768775540244398 0.43033857119458407 1.9912224531946234 89 93 70 0.5820714889653873 90 110 76 182 7 27 67 258 68 37 16 26
902 28.035686644035348 -6.9597923468737211 3.8790759463974331 104 68 44 1.7835852858600612 67 1123 76 981 81 803 90 896 69 639 46 617
5983 7.8992608080444793 -0.95497457349644577 1.690882858003864 97 109 120 0.9863506788630203 52 744 99 855
896 4.3077395121123496 0.52511371519030126 1.9191321158634329 65 63 42 0.71166821900542965 76 849 81 655 69 460 81 541 90 605 67 950 30 390
895 4.3149888534065193 0.42425045177533066 1.8868347959563991 86 104 82 0.31532201351027778 90 729 67 943 76 847 81 648 69 538 2 731 25 519 17 419
3252 4.3376420875059418 0.15883832534325895 1.9890000457265598 102 123 100 0.94322659715660284 50 732 91 425 71 848
5609 3.887394127189705 -3.4477279867390505 0.97355499569044601 72 51 26 0.73405917402988063 72 1221 31 1363
893 17.227630566199917 -5.3358355890948976 3.2461338649139644 56 37 18 1.0408450598460526 79 813 28 538 13 472 50 536 26 413 80 604 22 792 62 579 91 402 71 628 100 556 66 501 84 507 83 481 55 1129 42 1210 12 1132 96 1016 59 974
3250 7.1836596349219057 -2.8379983518593437 3.3557470606584485 110 73 44 1.3739104673227991 26 281 91 261 84 535 83 512
5607 17.416528688403066 -5.8956299410495054 3.4214601754261031 158 116 80 0.68540013249447274 29 1174 12 1134 55 1131 42 1118
889 4.2260464177729435 0.49998434732770042 1.9589220058193584 61 58 31 1.0112048406384346 76 844 90 748 81 645 69 546 46 584 67 804 17 359 30 487 7 394 54 353 57 396 68 367 38 347 65 285 16 496 25 468
3246 4.4486180565027462 0.16698083283890311 1.9345695829782461 68 88 44 1.2937554884919722 50 372 91 241
5970 23.023168261850781 -5.5380784339194058 2.9879275795767182 95 67 33 1.1918360847411293 52 552 90 611 99 628 69 132 32 955
883 25.512412632376424 -6.7854783011540603 3.2245090809473282 255 237 207 0.76517794203779377 90 593 67 748 76 669 81 498 69 470 48 468 46 513 27 450 96 854 100 351
3240 20.072168391977446 -6.6266191689415059 2.859100867678571 255 207 190 0.33734953492746916 50 5 80 21 91 6
878 4.3301442339159024 0.57067062594861362 1.9383677138389519 118 107 89 1.3582361034339216 76 522 81 557 69 461 2 371 25 305 90 441 17 215 30 295 7 221 46 301 54 244 67 606
5963 8.6375378246793098 -3.6072357277516183 3.5761954076812272 0 0 0 0.29716430007884265 79 94 98 662
876 4.2113533564938939 0.53469026028610978 1.9848344886740226 45 42 24 0.87513055808964824 90 418 76 496 81 370 48 334 69 301 46 297 2 364 17 200 30 276 7 206 54 229 67 592 57 168 68 204 38 175 16 244 25 291 65 132
5962 36.749478088415437 -11.583526280010339 4.37118449445141 91 81 47 1.3762210388309122 36 354 52 421 99 471 37 537 73 678 32 472
875 4.3705605810255967 0.3635164378519537 1.8696163775654933 212 247 255 0.21272859212602288 67 574 76 462 81 329 85 574
5960 37.867861709732168 -12.097462403481416 5.24715404763261 175 148 135 1.5037901429202294 99 460 37 535 73 471 32 715 36 580
873 4.2763429254029868 0.34948618103015727 1.9367430803301617 118 133 69 1.9616843891211353 67 569 8 514 13 400 28 199 66 201 96 522 85 552
3230 3.4433223686526588 -2.6098411198456737 3.6055363818495261 161 147 102 1.3956295652877915 59 1350 72 1469 29 1525
5587 26.384529043742035 -8.5595788021160413 3.1558005614759512 116 100 61 0.63784777917485158 43 240 31 683
870 4.2500387868454332 0.32006733517388569 1.9612691308105021 131 147 132 1.4090878723469074 67 549 8 257 13 181 28 198 71 139 100 225 66 195 96 156 22 49
5584 16.59214362705033 -5.7301612235917494 2.5735542572504011 121 104 74 1.5965080015820809 59 153 98 749 31 659
5945 4.4748001968349769 0.35465340753704339 1.7927173399510792 0 0 0 2.1992132614331954 8 506 79 296
858 4.3578589579582347 0.53685145160336234 1.897617518107668 114 110 96 1.3202498805960821 67 285 76 502 81 375 69 308 90 203 46 303 2 372 25 296 54 245
5572 2.2656420467438609 -2.1597327174830681 3.6576373687298696 78 77 48 1.6275710542108732 72 464 29 459
856 4.2674167826389997 0.55055054255350366 1.9602479464619069 59 59 31 1.218864369285461 90 201 46 64 2 175 25 80 67 281 54 51 16 65
855 4.3972301043029756 0.37995969001359803 1.8586654542426428 226 251 255 0.45259973697426198 67 271 76 183 69 34 81 118 46 16 90 116 85 211
5941 38.442756214057503 -12.123562940064808 4.3955901464993214 211 181 179 1.2263326629946509 36 581 52 422 99 303 73 679 37 538 32 716 97 777
854 4.248207268700944 0.46672178787161794 1.9340302587371558 94 91 68 0.39014713960444464 90 112 67 270 76 200 81 145 69 54 46 38 54 34
852 4.2327546189906826 0.47490767758205266 1.9511626815250491 255 255 255 0.63595851630663214 90 113 67 268 76 198 81 143 69 55 46 36 54 220 25 272
851 4.3937809546435611 0.35316199127457076 1.829641400759684 74 92 61 1.7538404479503871 76 184 81 117 69 35 46 17 17 41 25 42 67 260 96 189 8 259 90 117
845 4.3238699739917266 0.2250006166604136 1.934501439961577 255 255 255 2.113573144736999 76 123 81 43 46 3 2 100 67 229 69 12
5930 27.838544540752558 -5.4660631543773919 3.7086110971360413 128 85 54 1.137342656944818 25 186 99 228
843 4.2667942265056746 0.23680637764362317 1.9601527936576688 170 182 141 1.6354185889940522 76 408 69 11 46 2 67 227
5557 20.422198357275963 -6.3747467094018528 2.8652800248843238 0 0 0 1.1950726368898497 29 312 42 318 79 171
841 22.889376119922794 -5.787744321922899 3.4727884353745821 86 59 47 1.3582788744781649 69 96 27 40 85 324
837 27.351164996119572 -8.4370345622003384 3.986598380850233 169 154 165 1.2514712225923792 67 124 69 43 76 87 90 59
3194 6.401774537307749 -3.2575940862522628 3.5659995786109708 154 110 60 0.53319537367211711 4 485 78 508 43 534
5550 50.880933252888298 -15.179418386268503 4.700654360758163 78 60 38 1.3722581693017597 85 1305 52 693 96 1308 37 933 73 1145 32 1209 9 1275 94 1104 42 1292
830 27.046925843450843 -6.9253755273281685 3.473126136382191 58 35 17 1.0953019315059729 90 754 76 672 81 513 69 489 48 559 46 526 2 635 17 369 30 488 7 395 27 580 52 553 99 629 37 717
3187 6.3386931529516932 -3.1395057385015392 3.5954129784736053 104 66 43 1.6621835480245772 59 245 78 283 72 519
5544 4.6142492429209252 0.20325770765559162 1.9743364037476356 90 106 80 1.3598452987748146 67 556 79 264 42 118 12 65 98 115 29 66 55 96 37 35 8 480 100 199
824 28.723848150662867 -7.1811622700961157 3.3796067588761209 80 52 31 1.1266985289500508 90 625 69 490 48 484 46 527 2 516 25 407 17 304 67 503 27 465 52 554 99 640 37 733 8 130
5538 33.887476982534032 -10.490929345801685 3.5109024463441063 0 0 0 1.3625910610109442 29 1286 12 1232 55 1224 42 1222 79 921 96 1241 98 1500
819 30.075106595347108 -8.6849388988509713 3.1179215641321583 154 134 128 1.9529008566308761 90 402 48 305 46 118 27 258 55 639 42 653 12 615
5904 1.9232296971388885 -1.9311810639423885 3.6376354609531516 78 76 54 1.2927241596447483 8 849 100 875 13 770 84 879 26 741 91 688 66 889 83 863
817 25.146887018643859 -6.8448608990415396 3.3995916939968471 88 68 41 1.0318177607812853 90 395 67 490 76 396 81 317 69 317 48 298 46 362 27 252 52 431 96 625
5902 1.9152136814723086 -2.0118238317717689 3.6105240935403464 91 95 71 1.2841057213782578 50 999 80 1147 22 1108 4 1143 26 734 71 1145 100 958 66 802 84 795 83 780 42 1046 55 1050 79 865 12 1055 8 843 13 762 29 1094 65 334 38 402
815 34.985241061707072 -9.6789769724069661 3.4218257210337848 60 44 13 0.42505816242589844 36 427 90 189 69 141 48 98 99 353 94 376
3172 8.0146924739669103 -3.0778750440009377 3.549367131178327 245 169 120 1.7676917989662231 59 173 78 195
5901 7.0915802046233125 -3.0189244482471991 3.4925545267476998 255 241 170 0.64377809536444375 8 613 13 492 100 600 26 436 66 529 28 567 83 505 84 519
814 26.583677380335693 -7.6646654414067896 3.6225932856153018 114 101 85 0.46378526720348168 76 109 81 90 46 111 90 95
5898 39.628918396743146 -11.615975560728277 3.7158190543445402 54 43 14 1.5824789822765282 96 1169 12 1231 42 1135 55 1225 29 1288 67 912 76 654 48 551 48 618 48 668 52 542 52 610 67 495 99 624 99 711 37 723 73 887 73 1006 73 1088 32 752 32 947 32 1157 36 761 46 519 69 477 81 502 90 741 90 598 97 984 97 1203 9 1008 94 922 79 829 85 1015 98 1425 98 1319 27 731 31 912 98 1182
811 34.434804447232906 -9.8500661691387688 3.4169832898398682 46 40 11 1.1321808452469657 90 150 90 596 76 678 81 500 69 475 48 66 46 516 27 33 27 441 27 574 36 758 67 751 85 856 96 640 98 1181 52 541 99 621 37 720 73 248 73 886 98 415 32 946 97 587 97 969 9 1006 94 796 15 819 82 796 11 758
3168 2.0257433276997432 -2.1404681768922851 3.6403759536861702 99 101 59 1.1047984400281698 4 1269 78 1257 43 1360
3139 7.2505387702437059 -2.9870526348149551 3.5866477739584162 65 48 18 1.7907526848143867 59 642 78 653 42 772
781 18.62689370483184 -5.3337480539593747 2.9768331974438658 255 255 254 1.4923586247683338 8 625 13 475 28 533 50 531 80 594 91 391 71 620 100 557 66 503 26 255 83 306 84 510 20 310
3138 9.6497066716847133 -3.9454361038112924 3.6300262258594294 80 20 8 0.88438979727293254 59 838 78 644 43 901
5495 8.4381067269081367 -3.6124987973559386 3.5132106231678168 156 127 94 0.78631241439658739 29 543 98 664
5866 14.807122286611783 -5.4758365126122364 2.7452906344576098 0 0 0 0.068652337939295371 31 305 98 343
3114 6.5480803019770937 -3.3698229001622759 3.5581854459891877 115 87 30 0.88321148365205771 22 222 78 280 72 224
3107 8.6383362163598214 -3.632994288738304 3.5494444266524976 128 96 70 1.9395814088932222 59 206 78 222
3097 20.095317118076988 -5.7378788452589085 3.6885490803741732 75 50 19 1.6768045263699418 59 143 78 150 72 208
3075 2.2180306226720607 -2.2295160499832987 3.6552724938278036 88 85 54 0.8946045262740604 4 906 59 724 78 711
3065 6.8674982562940734 -3.2158577281635159 3.3770509083117406 146 116 72 1.5500680521093884 100 93 59 232 91 53 55 174 42 189 29 182 4 193
5422 4.6150076142805139 0.27613546189418547 1.8444362731990684 255 255 255 1.511006546581058 96 1227 85 1211 67 1134
3064 7.4313955865537702 -3.281302581506143 3.5489999920717619 146 116 72 1.1683241449287041 59 231 78 225 72 182
3037 1.2336307905699573 -0.32010220770440645 2.860279421388678 104 104 103 0.35121737337838788 4 1190 62 1112
254 82.937682116743559 -25.2217668143693 7.8966456928312914 47 33 21 1.5840771017748576 36 635 27 469 52 466 99 501 37 579 73 722 32 772 94 629 15 678 82 638 48 329 11 620
6447 26.549263364660128 -6.2999251010096096 21.019344686227775 134 154 156 0.38957150505207894 32 13 97 19
1360 17.580058627715371 -5.5162205645708688 3.1830754847539935 76 58 37 0.4950083686969613 79 445 8 379 22 371 66 313 28 338 83 29 84 45
3717 3.4064592116061991 -2.3773855811953108 3.5671802335333394 73 65 35 0.1211699972149628 50 1128 71 1279
6440 1.8800372378991763 -1.8573979919806014 3.6511527649957705 63 56 29 1.8054425375528789 13 671 100 774 28 767 50 802 80 929 91 628 66 713 84 708 83 707
1353 4.2494165463560263 0.50954438086216514 1.9547957521220303 92 87 50 0.89812103210312011 76 499 90 416 69 273 25 292 30 278 7 204 48 313
3710 4.1939399152258465 0.18117091812821187 2.1551464400539064 131 139 103 0.19630707736525824 22 1041 50 1036 71 1185
1349 4.3059459601704919 0.36387809254695935 1.8693282294022309 67 89 15 1.0747644972877988 8 269 81 327 69 247 79 550 55 69
3706 1.4072680589296593 -0.4138719288159759 2.9383726157302119 104 102 103 0.54145444259414455 50 933 71 1163
1333 4.1045181859140074 0.22589673245529682 2.1134207773917986 255 255 255 0.52729917642975155 79 996 13 888 28 931 26 727 50 964 80 1088 22 1037 4 1058 71 1099 100 974 66 905 83 875
1318 4.4451051691827974 0.3576487073145635 1.8566722667569429 141 165 202 0.66209442147453579 76 465 81 331 69 251 46 271
3675 6.8052492160551417 -2.7977044762517993 3.3611479372331496 70 13 8 0.64242843723362353 50 738 80 857 71 850
4919 4.0755064397442409 0.40482181046788784 2.0924719788364752 28 28 13 0.84420295324320316 8 513 66 226 71 191 83 188 84 178 20 215
1297 4.0873596609076337 0.24907621348070055 2.0986517971092979 251 254 255 0.90559590092462039 79 244 8 247 4 35 26 132 91 93 66 207 84 144
3654 1.559207978622301 -0.44667127472387408 2.9170179895491062 211 195 170 0.22757710100349893 50 672 71 581
166 38.728290272916226 -10.282375765513404 4.0260228750437976 63 45 11 1.1802642539096915 36 462 69 139 27 79 52 122 37 182 73 276 32 553 97 325 9 610 11 163
4861 2.9873400101341026 -1.7354433967325582 3.6077283810682323 0 0 0 0.63942944769703647 42 1438 55 1429 12 1451
2502 4.0945877762683907 0.50550018284668297 2.0700847934020019 54 62 18 1.388575024992827 81 520 76 703 25 392 30 377 54 217 57 151 68 199 46 465 69 433
4859 2.621004497342831 -0.56966893408174868 3.1252769400740972 0 0 0 1.8230286610738464 42 1437 55 1427 12 1449
2496 18.251688827578416 -5.2753718988409828 3.7783666236791209 130 82 48 1.5863351080930861 28 686 13 626 50 835 80 966 22 942 71 955 100 714 66 658 26 643
4853 1.4818415534087144 -1.1980553177874127 3.0868709125244127 179 184 197 0.67964859555008639 42 1419 55 1414 12 1429
4848 8.0885335909736114 -3.8806514681413042 3.6776904985041687 255 255 195 0.024996419503891958 42 1383 55 1380 12 1389
4844 3.9969108912760891 -2.619974307303893 3.651695971301379 69 66 40 0.28877877916306671 42 1377 55 1373 12 1385 29 1466
128 51.956558357245882 -15.352083099447812 4.844135670040373 35 26 20 1.1025604123085797 36 774 90 757 76 682 81 517 69 491 48 563 46 379 27 457 48 472 90 614 52 543 99 634 37 724 73 888 32 948 97 985 9 1016 94 797 31 1094
4842 3.0364840149295294 -1.1269472542578451 2.8619459059492915 66 78 82 0.61103108208608403 42 1375 55 1368 12 1380 29 1455
600 4.6266765243755925 0.21363569746730554 1.9501228316306163 247 253 255 1.8330938225907598 76 441 79 544 81 80 42 453 55 448 98 550 73 423 67 788 97 446 8 481
2957 6.8092994847203041 -3.4658496687584388 3.8033982698094491 104 65 29 1.0537361615419285 22 503 4 498 62 468
599 4.6537401697652401 0.20946081349989104 1.9547321216099767 247 253 255 0.68718669230490104 79 543 42 452 55 447 98 549 73 422 97 445 8 482
2956 6.3326852639014124 -2.8806979631779912 3.5946502329840353 99 62 37 0.49632191129365388 80 217 4 487 71 173
2955 6.5698320571639615 -2.9923622724549293 3.4917319918544925 147 103 67 0.15505110350894849 22 476 4 475
4759 2.4670129398824359 -2.2087720779593973 3.8105389020845837 64 56 22 0.28120013830389207 42 1055 55 1060 12 1072
2401 4.2868810129430868 0.81830452549979915 2.0257518182385144 48 48 28 1.1061124885113476 25 183 90 255 30 191
4758 2.2408649370948206 -2.0140235803418305 3.705812165695944 0 0 0 1.0680591252675056 42 1049 72 895 79 871 98 1212
43 33.161985287958693 -8.3316781562066797 3.6792903452135937 122 77 48 1.6643243343998189 48 137 37 199 97 322 52 146 32 286 36 155
4757 2.0151314462587129 -1.920875896736709 3.5887558827345454 61 57 28 1.3928757630041577 42 1048 79 870 55 1049 12 1053
1150 25.292449134441817 -7.0945434309851949 3.038958650663274 111 96 48 1.6119065157294163 69 287 55 604 12 597 29 619
3506 4.2723505955407202 0.49041412272462137 2.056588973916909 53 72 23 1.9055243994199866 26 343 38 166 65 130 84 422
2396 4.141973034759082 0.39525511825909515 2.0345344617276635 63 70 38 1.4835607090722747 13 196 81 325 7 14 54 21 100 240 84 163
4752 18.075892686929762 -6.1760564586788327 3.9339006544516595 255 156 90 1.2214849804199697 79 803 55 1002 42 1005 12 1009 29 1029 31 1236
4751 17.690918779102805 -5.9593761190185122 3.6632144964627869 255 255 244 1.4446364460660657 8 581 42 1009 79 806 55 1001 12 1008
1145 18.494036615634187 -5.1865931660746121 3.3654944314484445 66 38 29 0.52675269329853769 8 125 100 364 13 312
2393 29.068945513988119 -9.1993082298551414 4.1195309224742713 131 151 146 1.2207286934943529 76 88 30 40 81 31 90 60
4750 9.6628456779079723 -4.0737816187251754 3.8144694589840191 63 40 14 1.1505638453146865 42 992 55 988 12 992 29 1011 98 951 31 1048
4747 6.338898499808252 -2.7503883222263905 3.3855335889778781 34 13 8 1.8427188733114002 42 963 55 968 12 974 29 793
2389 4.2904804825602509 0.58294291188443981 1.9743181702712891 72 64 52 1.3505197002965952 76 996 2 810 25 574 17 457 69 673 30 636 57 436 67 1141
4746 5.2786484175295385 -1.5081741215056443 2.6707707587825071 109 106 112 0.25379484887429221 42 953 55 955 12 957
2388 4.3659355381832068 0.36069387191057012 1.8461091077650649 214 250 255 1.5543762665073195 81 328 69 248 76 461 2 331 25 257 17 182 30 250 67 573 90 378
4745 5.1634144053661286 0.16172481786204804 2.0884012658408655 222 223 228 0.61851307863913541 42 748 55 937 12 923
2370 4.2377029830606423 0.56004632449894842 1.9827552641614228 42 42 21 0.71311177623916266 76 729 90 620 46 474 2 515 17 211 25 294 30 277 7 217 54 352 68 212 81 540 46 65
4727 9.5926953731642648 -3.596060448358426 3.7762965415205474 121 88 30 1.5896981353311226 72 740 55 796 59 636 12 793 29 823
4719 5.6942615407093857 -1.5823391578784234 2.6578895915016574 109 106 114 0.67672082865646166 42 160 55 765 12 961
4728 7.4713586515550272 -3.5108966403828945 3.4976910508754275 222 181 145 0.92468522981061874 72 756 55 801 59 663 12 789
2372 26.749714617143191 -8.199939678385233 4.3022803300682302 73 82 28 1.6962145581642485 2 314 25 239 81 56 17 16 30 55 54 191
4729 8.0513321868903507 -3.5956720396086137 3.4806386978802237 49 47 5 0.16085170641932442 42 797 55 802 12 795
16 30.325341915521388 -8.5844591845588667 3.1964674482234132 228 200 195 0.61006876180522773 36 78 90 146 48 62 96 328 27 30 98 388 52 78 99 84 37 127 73 203 32 187 9 244 94 29 85 333
4730 8.6680263901214083 -3.9508583914313649 3.702886284203049 131 101 60 0.64071189425750397 42 799 55 813 12 808 29 833 98 942
2914 6.8814564692360447 -3.2797797510200719 4.1309331557960807 67 36 22 0.32431947443828324 22 258 4 270
2374 4.2055738977266337 0.75846091902010204 2.0309710681358659 61 68 36 2.4876439353080531 69 343 17 322 57 200 7 318
4731 17.483515556312543 -6.2129162917951186 3.7041586695486273 95 58 23 2.151406324524852 42 831 59 465 55 845 12 838 29 1034
22 30.74315277202836 -9.6272641100103851 3.2847778047924945 255 247 236 1.746102152837965 12 331 29 340 31 345 42 350 98 397 96 332
4736 1.787124986834971 -2.0787883736687864 3.7101341075265952 140 132 79 0.24059396629864671 42 881 55 901 12 912
4739 2.0603691916127613 -2.0794000380935689 3.5761869503135797 0 0 0 1.6787436716475854 13 656 83 684 26 586 84 547
4740 3.9126415690942502 0.34029146787552988 2.085100880113548 38 39 16 0.1683335436166091 42 924 55 910 12 892
4741 2.8720140528834848 -1.3542825840266812 3.0983706618023037 5 5 7 0.71053188160366199 42 909 55 911 12 1059
4742 3.9938579334014852 0.39651868412370561 1.8826461854602319 255 255 255 1.2702926145930462 42 931 55 914 12 896 29 927
29 37.17139506228424 -10.701810561518654 3.575176631074473 165 129 104 0.85737180520919365 36 393 90 154 76 145 81 105 69 112 48 67 52 85 37 159 73 249 32 239 46 151 97 283 9 250 94 374 15 130 11 93 82 109 98 422
4743 3.9845272763977451 0.028358730397564761 2.2011282919316977 60 65 67 1.4130130816298938 42 926 59 743 55 915 12 905
60 24.5232620010107 -6.558320942768991 3.5577382445135459 89 64 46 1.4214550655306446 36 387 76 395 27 278 52 300 99 323 37 550 73 500 97 541 32 503
4774 8.19791732389975 -4.0348611396569822 3.7381164299927705 119 80 48 0.26682144039696332 79 773 55 1118 12 1120
62 27.461364842387361 -7.4826297285039054 3.1622767272591936 255 254 244 0.80008739049406374 36 390 90 142 67 172 76 138 81 98 69 105 48 57 46 144 2 355 25 273 17 201 30 263 7 200 27 255 54 37 57 38 96 325 85 330 52 303 99 329 37 123 73 513 32 505 97 569
2419 4.33880970186725 0.12876592693180694 2.0222009001373493 0 0 0 1.2275474879591004 2 98 67 922 76 643
4776 1.4255596240196706 -0.1882102087994538 2.61612499439418 55 60 63 1.3561988549650126 42 1229 55 1143 12 1147 29 1193
2420 4.3035208993961049 0.93165461086401791 2.127277441952685 40 38 34 1.5001099419454897 81 722 30 540
4777 3.6008456236056103 0.1910776721549812 4.2631387239685949 0 0 0 1.6418131438753627 42 1144 78 1048
2422 4.1970381113519686 0.52786300225691196 2.069587824808631 47 39 19 0.41532391821832654 7 42 38 58 68 57
4779 2.178323697772707 -0.31631945186721633 2.3832425913591373 67 69 78 0.68625564575625964 42 1056 55 1152 12 1152
67 28.664150143772403 -7.5291622512688008 3.0340674917217401 192 137 73 1.2172714268559068 90 184 76 144 67 189 81 130 69 334 48 325 46 150 25 83 17 55 27 280 36 424 52 329 99 349 37 386 73 518 2 179 32 529 30 108 54 59 97 585 9 584 94 398 11 614 15 649 82 618 85 674
2424 4.2742310481552774 0.74295895685473878 1.984605065525145 253 254 255 2.0146660113771224 69 148 7 96 17 118
4781 2.0116495136403967 -2.3219979346809052 3.8733903983058098 6 5 5 0.66022159924021928 42 1145 55 1162 12 1254
608 32.917079976755723 -9.321716892236573 3.3399379299312195 76 59 42 0.90859178546565578 36 607 76 143 81 322 69 111 48 308 46 149 27 265 97 801
2965 17.56008807197691 -5.7207570037491404 4.0472329273567267 67 15 7 1.5020462129738144 50 544 80 378 4 648 13 487
4782 3.8625770558815145 0.27332041342118368 2.0828656001611576 218 234 244 1.2170278728408164 42 1164 55 1163 12 1159 29 1206
4786 4.3218184212679134 0.28054249199176096 1.9235216126797368 87 109 66 0.47764015249564051 42 1169 55 1173 12 1166 29 1208
4787 3.9895811108544099 -0.024098732518160249 1.9506195694389625 87 89 97 0.30606171067637739 42 1080 55 1174 12 1050
4788 4.9394379976878513 0.024535656983966012 2.0568229859836125 60 61 66 0.19227090356209275 42 1175 55 1179 12 1173
75 41.583365439466789 -11.182105541999551 4.2941238178847261 125 78 40 1.0719437860584888 90 210 48 140 27 80 52 124 99 163 37 184 73 552 32 555 97 604 9 611 94 85 15 203 82 191 11 164 36 463
2432 4.2464073127871815 0.73358325338777852 1.9731068006781971 56 54 29 2.0297873513992122 46 602 16 261 54 255
4789 4.9849468363937399 -0.94653023961773264 2.404041393571076 102 49 56 1.6707537122269165 42 1179 79 1042 55 1182 12 1186 29 1236
76 68.899695023126554 -20.431669307705853 6.6552751365683367 71 51 33 0.98676619026953349 36 432 90 436 48 349 27 302 52 334 99 357 37 398 73 553 32 556 9 592
4790 5.5751294075564335 -0.95452647539461866 2.374525592478268 94 42 45 1.120277152608951 42 1183 55 1186 12 1193 29 1238
77 30.889454241227561 -7.7684661697884207 3.5211797073223363 63 37 20 1.8385854271856379 90 449 67 504 76 448 81 359 69 336 48 346 46 377 27 299 52 347 99 371 37 395 73 563 36 655 32 574 97 601
4791 7.6010088698239251 0.5044439563312203 0.94025803539303254 80 82 85 2.2518261362122551 42 1199 79 943 55 1190 12 1191
2435 4.2851457318362876 0.71825406210760423 1.9627599226262935 90 87 63 2.1932557297310726 46 100 7 98
4792 6.1201946536839005 -1.7182499582629809 2.9735614882033081 165 69 83 1.692806609024889 80 1099 55 1194 12 1202
95 28.250960392823313 -7.6353338495395731 3.0651192106782874 255 255 251 0.96330351884625331 36 604 90 400 67 492 76 421 81 320 69 321 48 440 46 366 2 499 25 394 17 202 27 452 54 354 96 638 52 450 99 485 37 560 73 706 32 749 7 209 97 798 9 812 85 851
4809 3.2834598722843338 -2.3409624963122142 3.6040891989500485 108 99 65 0.13980678422082207 42 1245 55 1250 12 1264
2453 23.132291623744841 -5.4287394186014497 3.0715501340831355 74 55 43 1.5032747881068012 27 70 52 326 37 571 32 549 9 582
4810 4.7363116260050111 -0.90343646472928352 2.4153680077095983 43 9 3 0.48334003579215351 42 1319 55 1254 12 1260
2454 27.090375165461012 -5.78873039601502 3.5151897707881061 95 76 46 0.24029923644843146 7 99 27 118
4811 4.8107126986876683 -1.0783184702654558 2.6275621203523514 124 55 62 0.31397576547959788 42 1256 55 1255 12 1261
4813 7.1321526078154589 -1.278511999386384 2.6242138318465456 117 48 47 0.80873515434192966 42 1267 55 1262 12 1197 29 1327
100 41.241027027166176 -11.307340989358405 4.0834092706268086 131 91 50 0.94643971376956593 90 615 76 449 81 342 69 492 48 486 46 529 37 574 32 769 9 832 67 506 36 632 11 785 27 466 36 773 52 461 82 806 97 828 99 511
4814 6.5597662092931976 -3.0941301706395818 3.7366975498812054 46 26 10 0.80785371165245834 42 1262 55 1266 12 1341
2458 24.284334427219733 -6.4677792275887693 3.4927128906328266 96 74 54 0.81578001462790617 48 439 76 394 90 590 27 277 69 98 52 299 99 324 37 551
4815 6.6240825296637933 -3.4250615686506882 3.5329035792195 188 130 68 0.2815496646989652 42 1265 55 1269 12 1283
2459 28.355238986440696 -6.0886355928101823 3.208836281311426 141 119 40 1.642617709106593 7 231 27 331
4816 7.480381121483334 -3.8217190037767823 3.6889383378727705 156 103 63 0.37132031693016776 42 1272 55 1275 12 1288
2460 27.196129360697974 -7.8748008329782264 3.0598591610868553 65 57 22 0.14809391475435676 48 428 27 428 90 576
119 30.006215740093879 -8.9236832608676089 3.1910105463856553 85 72 51 2.0253757862507324 69 455 76 653 81 486 46 500 17 288 30 370 25 384 54 203 52 523 99 607 37 693 32 922 97 955
4833 7.0070750834565541 -3.239232507033468 3.3671441838737488 155 123 74 0.056771650784090966 42 1329 55 1327 12 1342
2477 24.672727207515969 -6.3857091622159778 3.369238913998581 79 54 23 1.2537132917273213 48 466 27 579 90 591 52 608 99 716 37 833 73 1004 32 1083 97 1120 9 1112
4834 8.4884126794098425 -3.7235655119799649 3.5477818314475038 49 38 7 0.83511224160614161 42 1334 55 1329 12 1345 29 1408 31 1492
4837 1.8170811453717546 -1.0435991967977911 3.0577786753732119 89 98 101 0.12211157005605981 42 1352 55 1344 12 1358
4838 3.3751547125496524 -2.6320460778216934 3.6980862459028683 255 255 155 0.64614962814334931 42 1305 55 1347 12 1367
4839 6.0274695115844601 -1.2264109704233868 2.5191118762329512 61 17 14 0.81989896606345647 42 1358 55 1349 12 1366 29 1429 98 1571
6454 27.058253646002189 -5.1716934873793079 22.58261004556892 84 103 85 0.44917870486015654 32 64 97 67
1367 4.0426636169322387 0.29792039464153502 2.1388784217015187 135 149 130 0.8214573799195829 28 475 100 497 66 454 13 412 50 147 71 189 80 133 26 341 83 398 84 401 22 98 8 496
3724 1.6423577416014643 -0.92318469488597532 3.2884604121981265 52 52 46 0.77872800095303329 50 1207 71 1346
6466 53.338857737648112 -9.5151040262508317 46.027609543020141 0 0 0 0.058695154494231974 32 132 73 462
1379 17.020062261508727 -4.9984895111518286 3.2664274812953353 73 19 13 0.84305316454151813 13 298 28 349 26 44 50 309 80 352 8 623 22 397 62 358 91 36 71 383 100 363 66 334 84 296 83 321 4 393
3736 7.1341837638843142 -2.9023095513135191 3.2887967634700441 118 80 34 1.5362612276135457 28 569 50 567 71 675 100 590
6476 26.507664963841457 -7.3235651193638001 3.7384324128315627 96 66 46 0.51351745336991894 32 178 73 191 97 177
1389 4.3031847392779561 0.30121727096452156 1.9569589947103641 187 220 255 1.1752907812544597 79 849 8 804 13 696 66 730
6486 49.516718710888192 -15.580340507234926 4.7612767952998185 151 130 95 1.2095172839774091 37 136 73 208 52 47 99 91 48 69 9 205 97 251 36 51 94 34
1399 4.4244240333467806 0.29799553918711569 1.8814617173775532 202 233 255 1.7059727806521237 67 575 79 280 76 464 81 330 100 209 28 178 42 116 55 94 12 53 29 52 98 109 8 258 85 556 96 527
3756 6.6614732395690996 -3.4024880911811914 3.5645966712014312 131 93 44 0.79248571659246636 13 65 100 88 83 41
6488 23.806661733777307 -5.9184543698042713 2.7939207598529028 84 59 22 1.1874319905598196 32 528 37 155 52 114 97 277
1401 27.786908830803029 -7.3685698473270778 3.1375574824119226 104 85 25 0.99089174281240811 90 755 76 670 67 749 81 512 69 471 48 560 46 515 2 636 25 469 17 363 30 489 27 582 54 355 52 538 99 630 37 718 73 882 32 942 97 981 85 1012
6489 30.85549631438667 -8.3378721032477987 3.1440338619784214 113 89 31 0.49348367688301992 27 49 52 83 97 282
1402 18.817712706429962 -5.4152547056392653 3.163198877729005 21 16 4 0.51878606194267995 8 857 13 618 26 414 66 650 84 669 83 648
3759 7.2852039976077947 -3.1906380033648829 3.2560365011012053 200 159 122 0.59035843138257371 28 111 100 102
6514 4.6531885210397865 0.26155335155461795 1.9262221704887545 255 255 255 0.42127786178510507 85 578 97 467
1427 28.701899076199727 -8.6495232585918078 3.1486457140052946 98 84 55 0.92272808807056761 67 481 81 299 69 286 46 344 25 254 17 168 54 26 90 365
3784 24.006322881787913 -6.4054516366261041 2.6782678411122505 118 89 34 1.4217461923344052 8 626 28 340 100 340
1429 4.2976660636976209 0.32980806975982496 1.9159142687189599 164 192 230 0.24628843527256514 67 571 76 438 81 308
3786 16.963033989128895 -5.2813177022239852 3.5923441760175256 43 26 16 0.90403061333181101 8 378 28 55 100 360 66 59 84 62 42 586 55 581 12 574 96 216
6520 7.6165265551399335 -0.51654721130325987 2.3232143098091029 0 0 0 0.048232727592486313 32 441 36 415
1433 26.248325873611591 -7.3762065630383118 3.8543567901379325 108 84 55 0.99424352738680932 67 477 81 316 69 316 46 109
3790 9.8683950525873136 -4.1564337155627786 3.6768291954203813 255 124 82 0.85287400456661722 13 292 100 377
6527 28.675049244912117 -8.2053788501819103 4.5108556889356706 131 91 68 1.0560529388023545 32 470 73 470 97 540 37 361 99 322
1440 4.2446629525829538 0.54558205707459662 1.9703334642661838 99 93 61 0.96499026282302269 81 371 69 303 46 298 30 281 7 207 54 230 57 49 68 211 16 64 25 295 90 419
344 25.755767669383726 -7.1908927619977518 3.4426080539779376 72 48 28 0.50924268610828749 36 367 90 139 27 25 52 40 37 115 73 501
2701 4.4155111081590572 0.11357562864635463 2.123663818785936 125 121 115 0.29778113022025537 50 396 80 383 71 478
345 29.340675739716666 -8.2983000121869317 3.1560225238814019 96 82 57 0.31307213978524862 67 176 81 102 48 302 52 280 99 327 37 365 73 504 85 662
5059 1.2642453143079597 -0.20612803206850913 2.6034606094726294 61 67 74 0.30997350370278109 55 1141 12 1146 29 1192
2703 7.3699625221869747 -3.5322827512093795 3.4087036893367126 208 163 131 0.54110744599077043 50 333 80 412 71 415
5060 2.924430644208686 -0.19916309119853809 2.7033599379892208 100 100 105 1.3783716217924011 55 1155 12 1155 29 1197
2708 6.5312509387186353 -3.1601122023650339 3.6885244091732496 87 55 18 0.064621442495476619 50 404 80 465
5065 2.3710333548626163 -2.2889415736784371 3.8009730531927137 221 209 146 1.2123492474319872 42 1149 55 1166 12 1179 29 1229 79 952 98 1348
2719 4.2599568994321562 0.13943454781876194 2.2337123685004516 255 255 255 0.1182076132343536 50 604 80 645 4 582
5076 1.9393141216297856 -2.0508409549903566 3.6191690676224306 108 113 83 1.4670070260147714 55 1237 12 1250 29 1383
5463 8.0903138184674219 -3.7383074909853651 3.5275300804144729 102 84 40 1.5653549687971731 59 256 98 254
2733 7.1990617220315665 -3.5547008937110087 3.420648808240772 138 107 69 0.93593787021879982 50 725 80 836 22 824 91 505 71 826
5090 2.5533088553182548 -1.279844327226126 2.9222647292424795 255 255 239 0.09709461241230756 55 1366 12 1399
385 89.061457656323327 -25.761887305620807 9.2264238169853883 211 136 82 1.7063341084841575 36 873 90 769 81 534 48 348 52 562 99 642 69 356 32 1099 73 1013
2742 2.2518437370932096 -2.3002564468994935 3.69912514524944 238 225 157 2.423366065768608 50 904 80 1045 71 1037
5099 4.3757869452888842 0.23139494298083185 1.9649674097903627 201 233 255 2.0815689945507647 42 443 55 427 12 404 100 646 28 609 66 587 29 418 96 781 8 682 13 539 67 785
438 35.958646048109152 -9.3617234841240542 3.8153532124541023 79 52 19 1.4276455698260229 36 944 90 898 67 1046 76 924 81 752 69 642 48 674 46 683 52 661 99 773 32 1173 9 1225 11 976
65 31.069444068625671 -8.9072736195218134 3.2000811791840063 57 46 27 0.80810384267597701 90 405 67 177 81 103 69 109 48 306 46 120 27 261 52 282 99 332 37 366 32 508 97 570 9 790 98 771 15 639 85 666
74 39.967746444401293 -11.082039785086316 3.8540333980529695 65 50 19 0.8034475839700731 90 433 76 148 81 341 69 337 48 327 46 378 27 283 36 429 52 333 99 355 37 397 73 550 32 554 67 190 97 603 9 589 94 400 15 674 82 635 11 616 85 362
5161 10.984853118000096 -4.8058737348292793 4.3045896867100693 140 78 36 0.95031966417506497 55 567 29 571 12 551
2806 3.9972623818538651 0.13884054848845451 2.272305016704633 79 88 38 0.79804976516693082 22 122 4 73
6548 26.958635323111107 -6.7616075457432734 17.668827214650996 255 255 255 1.4877173938580128 32 376 97 693
1461 4.2715524404411571 0.46882580468009327 1.9075283780820269 223 234 247 0.10238082983633805 67 805 76 845 81 646 69 545
3818 6.5460380869349173 -3.2297753866248651 3.6073366220952883 166 121 69 0.33507581549385496 22 845 28 383 100 587 66 526 83 501
6573 27.054554943756496 -6.0996225319271566 20.354259637949635 255 255 255 0.62307569967402654 32 875 97 902
1486 29.51767926888154 -8.4158611356555344 3.0350685391032259 47 37 25 1.2580964163307202 81 319 76 402 69 320 48 301 46 119 25 275 17 43 27 260 54 40 52 281 67 494 99 488 37 554 32 733 7 33 97 797 9 789 29 632 42 340
3843 4.4082853892311817 0.56985925799919523 2.018908553180272 60 59 33 1.7940160821174747 8 696 13 568 66 609 83 728 84 739 28 637 100 676
6629 31.829437210837426 -6.9229781145266411 19.439975411991256 85 97 102 1.9961529663479638 32 1293 97 1340
1542 4.5133215049063731 0.31546661666887532 1.857762773810187 61 72 28 0.95860137590958361 81 122 69 36 46 20
3899 4.1731207712927834 0.096372457326271282 2.3537582027043373 34 32 30 1.6265922703065323 13 798 28 935 100 972 66 906 84 827 83 808
6672 32.005642703319069 -7.8437292581508551 14.70398950966691 53 54 57 0.85068705003277723 32 1139 97 1181
1585 28.321002752265592 -8.2147359910694124 3.1263903063147378 148 132 134 0.55693111261075778 81 94 90 369 67 150 69 288 48 280 46 115 25 256 2 332 17 181 30 251 7 189 54 204
1594 4.1780959589450815 0.47850497622770105 1.9920319971592162 53 67 43 0.77959486834893121 69 271 76 481 81 351 90 376 48 76 46 280 2 497 25 270 17 300 30 379 7 302 67 802 54 345 57 155 68 201 16 242
3951 6.8313533060333853 -3.2019295502997203 3.493239400776063 102 76 17 0.52232830243299644 28 1008 100 1030 66 983 13 967
1602 4.1575832366661158 0.44082664229965463 2.0092281527900226 254 255 255 0.91299847708520721 69 243 81 326 90 374 48 287 67 257 57 35 85 200
1611 4.1930058022317498 0.52130718814961308 1.9945107624264005 77 80 41 0.86401699748408123 69 435 90 604 48 456 76 728 81 369 46 466 2 362 25 290 17 199 30 275 7 203 54 228 57 167 68 203
3968 17.215098973414964 -5.4831371589496314 3.2277106067421153 242 204 192 0.16910616674488815 22 84 80 55 66 40 4 111
6702 42.721438439018051 -11.556823581228088 4.4909627243920056 128 79 41 0.8508444720725723 48 141 52 125 90 211 99 164 94 86
1615 4.4223521486481951 0.62494918961121149 1.7863716417560682 0 0 0 1.1964635820903069 69 481 81 674 76 747
3972 16.803160954848405 -5.4613421822671757 3.6606557510851725 157 80 38 1.7452891845545477 8 374 28 54 79 430 66 58
1627 28.062159400370206 -7.2406240427677053 3.2346176406013489 95 59 33 1.1541443684547379 90 185 48 326 67 188 76 141 46 175 27 281 7 210 54 233 52 327 99 350 37 385 73 546 97 584 85 355
3984 4.7807185614293504 0.18672937960156108 1.9679423159798277 118 138 100 0.67135199314558969 13 372 28 163 66 172
1628 75.302313328915588 -21.858713449179341 7.656220197724168 39 26 16 1.5646570161135842 48 490 36 657 90 453 81 362 52 465 99 514 69 500 37 578 32 774 73 721 9 851
3985 4.6898405824567515 0.18089796629796154 1.9611937438520788 0 0 0 1.783008663745786 13 371 28 164 100 200 66 173
3986 4.1987455917425605 0.1467367242133446 2.0883257483965494 130 145 92 0.63492934681175539 28 193 66 180 13 385 83 377 84 120
1633 26.752240133621108 -7.0896415920235283 3.1429142480350012 254 222 179 1.5729097644468157 36 76 30 86 7 46 57 52 94 51
3990 4.6782263614686634 0.52613972442939694 1.9003025582632438 84 102 88 1.6836262379841032 13 198 100 232 66 203
6760 -8.6679209385533049 4.1783457600597123 -5.9000202235909036 56 33 14 0.78243571018165814 15 186 82 175 11 157 44 161
1673 4.2437929649296056 0.078370821342186592 2.1909596367858022 107 119 71 1.6716669729138358 8 476 28 192 13 384 50 140 26 128 22 96 91 90 100 216 66 419 84 139 83 158
4030 7.8694474339674398 -3.000588435903714 3.4278029021244154 0 0 0 0.6089838763921066 13 503 28 391 66 533
1677 4.1748290585044732 0.32735176403310251 2.131106417750404 239 254 255 1.4389131889241444 2 119 25 35 71 188 50 146 80 130 22 69
4034 2.3404537482370156 -2.212020254199857 3.7232123516725877 62 57 22 1.5652427743475164 100 620 66 560
1679 4.0460999994562581 0.26580088865503315 2.1956382730268151 254 255 255 0.6178986387103057 13 411 28 232 80 132 100 254 66 206 84 160 83 184
4036 2.2192062765371556 -2.0891809612980405 3.6652488096364269 89 92 65 1.5899855792070023 28 624 100 625 66 564 84 548 83 538 13 520 8 363
4043 4.0441114293584457 0.20414252010575756 2.1916087366097217 255 255 255 0.22045413205659525 100 662 66 600
1692 4.2291103128332033 0.049957032885073624 2.2666392644859186 57 73 28 1.5260993429118166 13 382 28 210 8 467 100 476 66 437
4049 9.4699756840015734 -3.5948038525019528 3.6372430951144636 80 27 9 1.3989840345584845 13 636 100 724 66 671
1708 4.0383105008618703 0.36223590219463736 2.1275086237341316 40 41 18 0.85598492821188477 13 705 50 606 28 755 80 649 100 793 66 737 84 735 83 718 22 603 8 808
6798 -8.6674517315780832 4.1782312178286585 -5.8999802528831502 201 97 40 0.44087403158050975 15 489 82 464 11 434
1711 3.9041018729381047 0.25008646860818834 2.2271996507413112 60 68 75 1.0863084161439165 8 896 13 808 100 900 66 825 84 897 83 879 26 738
6799 -8.6678495128838549 4.1783557957127107 -5.9000300679457363 46 24 9 0.46605267612866824 15 490 82 466 11 649
1712 4.017966081954139 0.32093523373158062 2.1506964433368574 255 255 255 1.199053224870928 8 897 13 703 26 485 22 624 80 647 4 585 62 570 71 715 100 671 100 901 66 826 26 673 84 726 83 578
1741 4.1834982189215069 0.1475515429633166 2.0858805186415545 129 144 87 0.81342190838341555 13 386 28 194 66 181 83 378 84 121 42 89
1747 4.1184311534447851 0.3058018478703563 2.0441821489186376 75 83 28 0.38694216449643293 8 497 13 414 28 467 71 164
4104 7.1527874421201254 -2.8816061443898673 4.1286919348238271 0 0 0 0.61166456021493476 13 1004 28 1047 66 1018
6891 -8.6681853007155478 4.1784678114675931 -5.9000590302147016 111 60 33 0.69847919645420531 15 959 82 917 11 908
4168 4.4030584157518531 0.059734805717131051 2.1065934550526721 102 99 87 1.3422711304690054 26 460 83 376 84 372
1939 18.079960189170738 -5.0165183125403114 3.2186525313940151 59 35 20 0.773552617863005 28 56 26 268 50 311 13 86 91 235 71 49 100 69 66 60 83 58 20 309
1940 17.59999559563316 -4.8374373937556188 3.1052956545509023 198 136 95 1.4707661938402126 28 57 26 45 50 35 80 354 22 375 13 56 4 381 62 359 59 398 91 38 71 382 100 70 84 49 83 59 20 155
1959 4.1872277790403176 0.063784789497203537 2.2957858942390592 72 83 90 1.861103296480958 13 171 28 211 50 163 80 155 22 120 4 70 62 86 71 187 100 217 66 191 83 179 84 158
4316 2.2165364307934268 -2.4314030941414271 3.7184656397888496 222 215 161 0.88636355775145015 84 1013 83 1003
7065 -8.6680729575364488 4.1785159031636043 -5.9000983028176996 120 117 122 0.39336706315732944 15 1196 82 1146 11 1135
1978 4.7719141306118535 0.22011509750605301 1.9470786427347473 88 110 43 0.67899945144772689 13 375 28 439 66 411
7067 -8.6667890447943865 4.1781271899210495 -5.8997504332511941 102 40 11 0.66913319888668354 15 1215 82 1164
1980 4.3027788400022606 0.012992275620311593 2.1910748865551475 253 253 253 1.6223739457206381 28 447 13 367 66 418
1981 4.3611283368932741 0.084341837997788313 2.1114962290901826 109 105 93 1.8637574360885256 28 449 50 397 13 369 80 384 71 479 100 463 66 421
7070 90.021243720739889 -26.961804530987859 8.7816753088196524 108 75 42 1.9271064280052754 90 437 69 358 27 304 46 201 52 336 99 376 37 188 76 424 9 593 73 556 94 405 82 423 48 350 36 435 11 405 81 134
1983 4.2165297244170015 0.050702466162988138 2.2915753218592991 163 173 197 1.8936852134867126 13 393 28 464 50 162 80 126 62 85 26 149 71 186 100 474 66 434 84 157 83 157
1985 4.2898763210964699 0.52345434254649392 1.9246127545054648 250 255 255 1.6706433050529588 13 567 28 469 50 122 71 459 100 666 66 606
1994 17.270253284256878 -4.951690936952768 3.2075446974412745 146 112 96 0.99996584880558048 13 476 28 541 26 256 50 310 80 353 22 614 4 624 62 357 91 233 71 632 100 566 66 516 84 509 83 322 20 308
2003 4.3362946915341611 0.022988175880247229 2.1629219950855987 44 46 30 1.5789285563887858 28 616 13 533 100 642 66 584
2016 4.2181570552600629 0.09226852732775917 2.1475386489212696 255 255 255 0.89894709806245854 13 684 28 744 100 786 66 720 83 701
7113 7.8428409706676883 -2.9740408355358245 3.6347258671468885 109 62 30 1.7586522690966497 13 643 100 741 66 539 84 545 83 518
2026 4.1184939541706482 0.1699101850000829 2.3167137425675288 43 45 44 1.5182775555768033 28 848 50 879 80 994 22 948 4 937 62 750 26 737 71 1001 100 973 66 907 84 896 83 882
7122 -8.6669525192171832 4.1779722086561613 -5.8996914364235478 246 185 141 0.50911000008189888 15 113 82 87 11 72
2035 4.1477503936391731 0.1601935319678012 2.1583002648197773 114 124 80 0.81513136644451911 28 986 13 953 80 1091 22 1040 4 1065 62 988 100 1015 66 958
7130 -8.6668931753299887 4.1779859026029929 -5.8996711897899514 136 92 30 0.73448807991970799 15 116 82 118 11 107
2043 17.411071456667788 -5.2018944234679259 3.3929660765207257 164 50 45 0.24466769092758883 28 1069 13 1021 26 856 100 1080 66 1040
2076 26.706065187275453 -7.324838052221704 3.3973594118713279 110 89 67 0.96805311168607056 67 169 76 111 69 104 90 397 81 96 48 300 46 141 25 61 27 254 52 301 99 325 37 362 73 502 32 504 97 567
2079 26.694787038186 -6.9278325567850638 3.2614375467665191 147 107 51 1.4677898139013232 67 762 76 671 90 753 76 817 81 511 48 558 46 514 2 735 17 420 30 574 7 453 27 581 57 344 68 369 52 618 13 478 99 717 37 834 73 1005 32 1084 84 514 83 485 9 1130 97 1128 36 859 85 850
4436 17.985079855823571 -5.8473385312223991 3.4323365452941483 178 141 121 1.4710772397383596 42 293 12 275 29 288 72 264
2085 4.1799620136223865 0.44865530938630049 1.9878226327131325 84 83 55 1.043225390793789 69 244 76 197 81 141 90 375 46 15 2 351 25 58 17 38 30 81 68 41 8 284
7178 -8.6696298371190252 4.1788425357664227 -5.9003512440858703 197 187 129 0.97340940761539141 15 393 82 384 11 377
2091 4.1798914404523284 0.59030643926788562 2.0498539616040605 117 95 70 1.392012080478924 69 302 76 497 81 392 46 314 2 368 25 301 17 210 30 293 54 241 57 180 7 216 68 71 16 63 67 280 38 60 65 42
7181 -8.6668705026000694 4.1779650772299135 -5.8996491260818553 81 49 38 0.66369618385062257 15 411 82 396 11 388
2094 17.551427355129697 -4.9436738293984703 3.1146502188517182 69 46 20 1.2867125736458198 13 299 26 257 50 537 80 607 28 350 22 596 4 609 62 356 59 610 91 234 71 630 100 68 84 297
4451 4.7970016552200496 0.17324302977122269 2.1561681695344577 255 255 255 0.19304375032631282 96 515 42 454
7185 3.367724584820472 0.36868513367787165 -4.483893741808723 83 53 32 1.4439013033218544 36 479 82 427 11 408
2098 4.1241291481825044 0.45586812715937303 2.040796687163744 71 78 54 1.1078238828389888 76 459 81 114 90 107 69 31 46 35 2 150 25 56 17 36 30 261 7 25 13 208 54 31 57 153 67 568 68 192 16 234 20 216
4455 6.3244542323400461 -3.0109546907850522 3.5325956224384596 67 45 27 1.6414035204709365 79 370 42 492 55 775 12 771 29 795
2120 4.2466546410089636 0.52233292198227832 1.9627834145549858 74 69 43 0.68228903123856277 76 1082 81 873 69 736 90 952 25 641 30 687
4493 8.9092728283882181 -3.8572380711314751 3.6463132453658114 36 25 10 1.0200815901111937 59 661 42 798 55 812 12 807 29 825 98 941 31 837
2139 26.112198856375869 -7.2259239821352379 3.5081082839684625 101 75 39 1.3888690246759872 90 836 67 1037 76 907 69 626 81 739 48 614 46 668 68 427 30 570 57 338 52 600 8 736 99 709 37 828 73 997 2 797 7 491 17 448 97 1111 36 923 85 1139
4496 10.737658434160583 -4.2244273454676096 3.9229455240387976 122 22 3 1.5868149811631393 79 634 42 807 55 823 12 818 98 1144
7227 -8.6670640494099391 4.1780308670720006 -5.8998175802647994 255 254 126 0.27038687885042317 15 660 82 625 11 601
2140 4.4237898797915793 0.20363588907959665 1.9600553231805364 51 62 36 1.4119336226142702 8 486 13 387 28 176 100 464 66 423
7229 -8.669359945367118 4.178768121076069 -5.9002702765724102 106 92 50 1.6582943842895717 15 636 82 613 11 608
2142 27.195435932920958 -8.0436028064954233 3.8258636215894324 76 62 32 1.9238622483272896 76 906 69 619 2 793 25 566 17 446 30 614 52 512 67 1030 90 829 99 604 37 818 57 430 68 464
4500 23.642226853977064 -8.2313280807093765 3.5836701952434389 255 255 247 0.99910112256249073 22 57 79 450 42 851
7232 -8.6668976407777993 4.1780027660998824 -5.8996883092002257 136 83 40 0.75115762482939041 15 658 82 624 11 627
2145 4.2959068947420143 0.33194954188409398 1.902269154237697 135 158 188 1.0557882659250777 67 570 76 437 81 307 69 233 79 538 96 523 42 441 12 42 55 72 85 553
7236 -8.6677013149420805 4.178246854054497 -5.9000064792704858 134 87 48 0.07609177707067577 82 629 11 634
2149 4.1400682015220394 0.43730456870338225 2.0234148652491002 94 104 103 0.94123980681155217 76 181 46 14 81 115 2 149 17 37
4506 1.9423812486348804 -1.9165416717009327 3.6028831995754449 55 53 16 1.8168915109781578 79 868 42 883
2150 4.6071035195689287 0.26071464257338856 1.8202383364979187 243 254 255 0.56954427706907262 69 38 46 18
7238 -8.6671330956936199 4.1781135699745233 -5.899858688893449 59 20 5 0.11088727148360977 82 646 11 647
2151 4.0693491759577958 0.45859646664681791 2.0876653634844082 59 61 38 1.3821485412258554 69 30 81 113 46 33 25 53 17 180 7 194 57 150 68 36 16 25 54 215
4508 2.1901298728124821 -1.9620270657018615 3.7082957117313109 118 114 76 1.7594164805552703 59 862 42 889 55 903 72 886 12 919 29 950
7239 -8.669493690588455 4.1788373327612263 -5.9003368690789832 94 83 34 0.22246556312507962 15 668 82 655 11 651
2152 4.0689621286288009 0.50405090816170284 2.1811670635129099 43 41 16 0.93940912145968003 81 140 46 34 69 269
4509 2.3129788573827437 -1.9656457802704899 3.6569163446597828 70 58 26 0.49041323975884116 42 892 55 906 12 917
7240 -8.6696118902643757 4.1788778803186153 -5.9003538121953643 71 59 20 0.3212648639645031 15 669 82 656 11 652
2153 4.3731713110988659 0.44512675245514738 1.8632952753355025 125 145 60 0.56451559652106453 76 202 81 147 90 167 46 39 69 59 67 273
4510 2.4187352625765102 -1.9841259275676888 3.7772537728419988 70 58 26 1.9673076206282829 79 751 42 893
7241 -8.666844218586446 4.1780714393721521 -5.8997317964946818 93 14 3 1.037907187361921 82 460 11 657 15 485
2154 4.3508065965488294 0.46035166070253575 1.866953218789116 254 255 255 1.005374390051053 81 149 90 165 46 42 69 58 17 52 30 85 54 52 7 45
4511 2.1689573028766898 -2.3402929407419948 3.768639273037373 122 115 72 1.2128983259718185 79 733 42 896 55 912 12 937
7242 -8.6695994248588608 4.1788790378775404 -5.9003457154196184 45 34 6 0.41683493417547113 15 465 82 670 11 666
2155 4.4515177621743707 0.38080019676502946 1.8554497632936975 47 55 39 0.65107502530337225 69 253 76 204 46 45 85 213
4512 2.6451819395129772 -2.3290577950907401 3.8861581216015915 53 42 13 1.7372336151027379 79 746 42 905 55 1063 12 1077 29 1117
7243 -8.6665216290347011 4.1780391933340146 -5.8996903428092695 57 13 3 0.21210284937032595 15 513 82 701 11 674
2156 4.7057830150506472 0.3066968289478168 1.8652401664982881 101 115 96 1.4727962575164375 69 65 46 48
4513 4.2924209728395644 0.39973953305501692 1.7848631250712206 88 106 79 0.89959919540692634 96 1002 85 964
7244 -8.6692300220337302 4.1787947833287422 -5.9002983240552078 73 66 42 0.40270482207753228 15 728 11 680 82 498
2157 4.8334724255034436 0.21690166500415176 1.9208855937565059 71 74 58 2.6526934609856196 69 259 46 50
7245 -8.6693980102867645 4.1788335755718835 -5.9003272109137592 45 35 9 1.1299696727779602 15 711 11 681
2158 4.3805396775747596 0.51551840809882654 1.8703938015366506 128 117 96 1.0152311947544765 76 235 81 164 46 67 90 204 2 177 25 81
4515 6.2271640076510621 -2.8237318225375656 3.3852350705825547 122 80 63 1.065882227551231 79 774 42 964 55 970 12 975
7246 -8.6695905496463439 4.1789014042845611 -5.9003651624178399 58 52 25 0.78420859135323884 82 710 11 683 15 731
2159 4.3992047032480697 0.49858316953824283 1.8524390180435755 102 88 70 1.4299985281648724 76 234 81 163 46 68 2 176 17 65 30 109
4516 6.560817635901028 -3.2483528019431294 3.7019534984478031 255 255 181 1.4187439201011147 79 768 42 965 55 973 12 1108
2160 4.0727284613794259 0.62374076589530136 2.1364059496578296 45 38 29 1.1347465649065913 69 82 46 80 54 239
4517 7.2574524550862334 -3.3253438770356625 3.4407862612433702 205 169 138 1.4234166993546127 59 840 42 975 12 982 29 995
7248 -8.6695527880991641 4.1787830507404786 -5.9003190439719164 109 103 50 0.364051012746127 15 760 82 738 11 715
2161 28.2522536614972 -8.7646130355795151 3.8165581170900174 146 115 92 1.7480936232305471 81 58 46 86 2 316 67 459 25 241 17 165 30 224 7 182 54 189 69 44 76 90 85 633
4518 8.074399554913855 -3.0829954026386757 3.3441888313907948 106 58 30 0.41395284594912907 42 985 55 976 12 774
7249 -8.6696012967687572 4.1787992658034341 -5.9003287950252865 0 0 0 0.57281891955530684 15 761 11 716
2162 26.768716916225813 -7.9860197492618168 3.9896159918792691 179 153 151 1.7153430697286165 69 76 46 107 48 26 2 135 30 57 76 91 90 91 85 289
4519 8.9978799582818141 -3.3274669549890055 3.6621946936799854 54 28 17 1.3822807267124841 79 791 42 986
2163 26.641680958659652 -7.0621408171580056 3.4620502194706084 108 86 32 0.10171907509595314 67 168 76 136 46 147
4520 9.5622674853603531 -4.0500211833314257 3.7753126269462607 62 41 13 1.0499347375053116 79 785 42 991 55 987 12 993 29 1012 98 952
7251 -8.669431479292264 4.1787525281530291 -5.9002749065441771 75 75 31 0.61354827185372629 15 900 82 751 11 732
2164 23.050337932267116 -5.3694531599909299 3.0346040519069741 71 48 28 1.8361620363322659 48 134 81 156 90 209 46 171 52 472 99 508
7252 -8.6694421417422944 4.1787603712397656 -5.9002843380902803 99 102 60 0.51185580150136201 15 775 82 752 11 733
2165 26.973873496339095 -6.7960228088968879 3.6160547058591206 119 74 42 1.12644086906923 90 432 46 172 54 232 2 370 30 282
4522 2.2480691550319363 -1.9807815067802634 3.6624976125004571 47 43 20 1.1689705764114358 79 872 42 1054 55 1053 12 1060
2166 28.455024607674563 -6.1025868460671164 3.3161235372965598 255 241 218 1.6138586137197706 48 371 69 189 17 249 7 323 46 213
7254 -8.6691388696681528 4.1786700139350108 -5.9002591557953457 45 37 21 0.78790063509188357 15 801 82 766 11 746
2167 4.2378036653246234 0.31405177715963983 1.929480432606822 133 150 131 0.65109234098077395 81 304 46 254 76 431
4524 7.1378665979973759 -2.9412549216073289 3.3398959128299368 78 31 12 1.2320724104805258 79 902 42 1101 55 1105 12 1106
7255 -8.6694538841989353 4.1787713569460294 -5.9002960534029674 98 101 70 0.41799987832278768 15 785 82 767 11 750
2168 4.4329905950164994 0.22012582845804407 1.872260032516583 206 235 255 0.72046950516034625 69 224 46 259
7256 -8.6695975929449567 4.1788262052796687 -5.9003460617184516 217 209 156 0.82514297754137234 15 914 82 772 11 753 44 817
2169 4.4704282246873293 0.22034128170555339 1.8619893866027943 249 255 255 0.52245801848866558 81 309 76 162
7257 -8.6695989124139832 4.1788313722626915 -5.9003480612616013 58 50 20 0.89356541653392385 15 805 82 791 11 754
2170 4.4273603148066911 0.30579108758289397 1.8477204674477334 210 241 255 0.043390182647255381 69 235 46 270
4527 1.7351397628343108 -1.9817105306300011 3.6030014117881235 161 156 109 1.3673293923007728 79 949 42 1143 55 1156 12 1165
2171 4.4109235769929649 0.39381890733581293 1.8603551575341564 76 90 76 0.52415437464679049 76 484 46 273
2172 4.6353661418724172 0.24565235473026711 1.9036414533809456 72 88 52 1.540213069503779 69 254 81 333 46 275
4529 2.3340159344509726 -2.0960869213189786 3.7201496917471268 133 135 86 1.610077431565784 79 955 42 1148 55 1159 12 1174 29 1226 26 678 98 1221 31 1313
7260 -8.6691936267875356 4.178702740527422 -5.9002800133809208 104 101 99 0.84274450289910374 15 815 82 786 11 777
2173 4.7920248333380631 0.20533440509012249 1.8914189659406386 66 68 45 2.1984161161716402 69 420 46 277
4531 2.4372269541050016 -2.0908404290430855 3.7437920443856134 51 38 16 0.37765817502297444 79 956 42 1151 55 1165 12 1175
7262 -8.6694311228147996 4.1787898839228328 -5.9003048812277985 134 101 31 0.33870945560991217 82 789 11 781
2175 4.1086002105975643 0.5804796142792602 2.2007128753224809 96 80 63 1.5561304138914629 69 459 81 539 46 295 76 727
4532 4.7650433744488128 -2.8235261665749918 3.8443651645281074 147 88 35 1.3793287856600764 79 961 42 1166 55 1188 12 1208 29 1249 98 1365
7265 -8.6693460515374223 4.1788085669863726 -5.9002797835193146 206 191 110 1.5485158468162759 82 669 11 816
2178 4.1529070075733259 0.88012108656210963 1.798615047858821 73 70 65 1.0072926601204411 81 433 46 354
4535 6.2800137530429838 -2.9280246977702524 3.4112935821287271 50 31 6 1.4607164593045774 79 968 42 1185 55 1203 12 1214 29 1253
2179 21.382537499454969 -3.9899882329765224 2.545990115371914 95 73 32 0.29241543031685269 48 368 52 185
4536 6.3588445918871184 -2.8741876516266514 3.3377236433213455 52 31 4 1.2900993780162209 79 971 42 1186 55 1202 12 1107 29 1142
7267 -8.6689152529502191 4.1787401735248038 -5.9002467708652979 54 50 48 0.5856068558748061 15 885 82 854 11 849
2180 25.447563263121186 -5.1897656149137221 2.6208408352884276 255 255 234 0.078384043098175038 36 510 46 400
7268 -8.6689692326115431 4.1787625180161792 -5.9002342229861409 0 0 0 1.2611001511167026 15 893 11 850
2181 4.4441522089721808 0.19649256831937753 1.8750329020280929 124 143 144 1.0618182112922687 69 404 46 453
2182 4.2674710225059167 0.32881542405317998 1.9461500095624189 109 124 64 0.56872106979507753 69 408 46 457
4539 1.8501596027326421 -2.1746635486613406 3.7077792687995093 127 117 62 0.7421779762812486 79 1010 42 1237 55 1238 59 1257 12 1251
7270 -8.6691467381818264 4.1786638627448287 -5.9002557421288131 110 110 114 0.64516768104914157 82 875 11 860 15 911
2183 4.5084362221276493 0.22424534274402422 1.9026347271883999 73 94 53 2.0615231895839985 69 410 81 491 46 459
4540 4.4447720126432593 -2.4475402221566136 3.7246296469278284 54 31 17 0.28156051927801889 79 1078 42 1249
7271 -8.6694163498572028 4.1787460696247551 -5.9002538513990457 105 102 69 0.83997133069986873 15 899 82 865 11 861
2184 4.3431031428575571 0.35914965427019985 1.8762994388347372 45 64 14 0.66504031758172644 81 507 46 462 69 418 76 692
4541 4.3062516996846014 -2.5258770692208974 3.6889144874644741 84 80 49 1.4359074762840651 79 1077 42 1310 55 1314 12 1334 29 1403 98 1518
2185 4.4008986033309609 0.34029345329650723 1.8632382982383948 76 90 83 0.80212049253650908 81 508 46 463
4542 4.0939539648041432 0.27675294077812962 1.9203112176975263 143 163 168 0.95067500786304893 42 1317 55 1298 12 1314 29 1377
2187 4.0646768093644248 0.53644719322692935 2.3715395338031136 38 34 20 0.87081940853369344 81 538 46 471 76 702
7277 -8.6669281185885687 4.1779677896457663 -5.899712981457272 203 146 111 0.44680747151794331 82 884 11 880 15 932
2190 21.18290871736626 -3.609919353039905 2.3889593763667438 62 41 27 0.11755141739037502 81 576 46 547
4547 2.1716358031085665 -0.25283782911030689 2.3840908356871844 151 154 164 0.93248871168238556 42 1422 55 1418
7278 -8.6689949216367985 4.178636627696056 -5.9002385511074484 36 31 21 0.67734914163525328 15 937 82 888 11 881
2191 28.455683692756608 -5.9776713372184229 3.2285025060081205 107 93 23 1.7844176708855493 48 507 69 375 17 323 46 548 7 324 52 491
4548 5.1791058869993689 -1.3449179415349712 2.6672038184758167 209 77 81 1.7404391819615577 79 1164 42 1424 55 1415 12 1431 29 1517
7279 -8.6693636920833175 4.1787580996445435 -5.9002603732119674 131 126 85 1.5373718050574439 15 922 82 889 11 882
2192 4.3472023598286675 0.32768114178384239 1.876010580558015 138 156 176 0.98168798201616259 69 530 81 637 46 574 76 829
7280 -8.6693918064300686 4.1787716440750211 -5.9002814859442214 140 141 94 1.0410847250319082 15 923 82 890 11 883
2193 4.4738314416220621 0.21502400594661919 1.847702880791313 92 113 66 0.58555685678355274 69 532 46 576
4550 6.0715960785981089 -2.1248636392889564 3.8370298318107041 0 0 0 1.9276584861785881 79 1175 42 1440 55 1433 12 1454 29 1542
2194 4.0322490481197208 0.46165191111812526 2.1265696169191979 39 41 18 2.0015561804481523 69 536 2 728 25 517 17 416 30 567 7 446 57 390 68 362 16 575 81 636 46 581
7282 -8.6668262655011414 4.1779952413150658 -5.8996378770009388 44 21 10 0.96237456303290825 82 897 11 891 15 941
2195 4.2685552081336802 0.46965241393296786 1.9188616061206947 236 244 253 0.9988569183559427 69 544 76 846 81 647 46 583 25 464 17 361 30 475 7 392 54 448 57 340 65 207
4552 3.9193635135133289 0.38518683384301128 1.9257815731506882 63 72 37 1.3584566735126562 79 273 42 75 55 45 12 22 29 15
7283 -8.6694864506235341 4.1788242824619477 -5.90032669591392 97 77 34 0.30700794875346848 15 1048 82 899 11 896
2196 4.4248721721650375 0.49757591439410781 1.8717367214638825 84 72 57 0.78077970691542364 69 556 76 851 46 589 81 657
4553 4.4215943662501251 -0.074421213589781446 2.2562205546830336 101 118 95 1.0606348365274796 79 503 42 103
7285 -8.6695240518558254 4.1788289586474301 -5.9003356177144894 81 69 34 0.21950988207461866 15 938 82 900 11 898
2198 4.1340847361957529 0.56018274577780625 2.0467022586453525 38 36 17 0.33830346873470135 69 622 46 661 90 747
7286 -8.6633774883737864 4.1770187565130241 -5.8991047956330664 72 23 6 0.79211127709451201 15 957 82 916 11 903
2199 28.718872889190017 -8.2544094525357306 3.1267599318557053 184 154 132 0.39841118284219373 69 620 76 908 81 740 46 669
7287 -8.6693299881349688 4.1788172447444394 -5.9002945604605532 73 62 30 1.6828026002175474 15 964 82 1015 11 921
2200 4.197079762138535 0.30680640278993687 2.0416517721352268 145 174 230 1.003530305216485 69 667 46 714
4557 4.878505333660959 0.3546210887021789 1.9267496161778128 43 52 32 0.68553843973629347 79 1103 42 1318 55 1305 12 1317
2201 4.2904930320259203 0.5795433817292206 1.9796000591697558 98 89 73 1.677187337092048 69 674 46 718 7 499 57 435
4558 12.559918263879565 -1.3283308425767237 1.330818510132707 92 104 110 1.5512270603632177 79 1135 55 1381 12 1387 29 1471 42 1387
7289 -8.667832067050341 4.1781488492605385 -5.8999652526629447 103 69 27 0.52651358352068622 82 943 11 932
2202 4.1340473194191647 0.30244239055574346 2.1322843328246406 78 90 47 0.64186571472081655 69 708 46 749
2203 4.3749093708705988 0.25256444602555717 1.9147874269912706 90 111 83 0.86945367834247733 69 710 46 750
4560 3.9123216365170506 0.20500828544566477 2.046872538878409 255 255 255 0.4032267641770042 79 245 42 83
2204 4.5156586416559303 0.32437118017669292 1.8312390857839516 51 62 33 0.5620673328790271 69 753 46 810
4561 9.6124170514501355 -3.5138716296921397 3.7788500762963588 86 56 37 2.1076496290757261 72 505 55 527 29 525
7292 -8.6669970529917038 4.1779671984101174 -5.8996743249516417 99 72 50 0.25373085099571246 15 1018 82 957 11 950
2205 4.5536564517526674 0.48132347596922398 1.8227096221865176 24 44 31 1.3944766720913151 69 759 76 1083 81 874 46 812
4562 10.583362566837017 -4.2612527148800243 3.9317983047839764 255 252 108 1.644861340303241 79 99 42 560 55 556 12 543 29 832 98 680 31 853
7293 -8.6694817832059048 4.1787892702089424 -5.9003110998048225 90 91 52 0.28677315883151616 15 1007 82 964 11 953
2206 4.3140519085177074 0.14866690279401495 2.0952962479491681 235 252 255 1.9460780238227779 69 768 46 839
4563 2.270987762207608 -2.0296438434132811 3.6822523253172039 80 79 47 1.340187765800867 42 700 55 692 79 572 12 712 29 734
7300 -8.6691593168705001 4.1786876170575287 -5.9002761560436046 64 50 18 0.73036121179442526 15 1095 82 1045 11 964
2213 4.2036074981413512 0.33534131052868604 2.1383539442635864 230 248 255 2.2670960920514953 2 133 30 54 65 24
7301 -8.6694565907766012 4.1787984416533126 -5.9003115645739115 64 56 20 0.37556285147587021 15 1022 82 979 11 967
2214 4.045933644543263 0.38200272383846096 2.1062475545035491 230 248 255 1.9398242985743708 81 69 2 134
2217 4.262900494598119 0.44895826787181248 1.9242124454963323 83 93 80 0.65609704833631033 81 142 2 153 7 198
7314 -8.669615822020214 4.1788721585416839 -5.9003489665541098 80 65 30 0.52419041150806878 15 1105 82 1056 11 1042
2227 28.197024687065507 -8.7992259435481888 3.5484196997494935 197 227 255 1.2284978866294047 46 89 2 319 69 46 81 34 25 243 17 159
4584 22.558130696986503 -5.9814557803031994 3.1832859567035379 77 53 28 2.3417063647906931 55 1003 42 1019 12 1005 85 832 96 844
2228 4.269888757276548 0.33153599210158308 1.9317898436607552 116 131 75 0.6536875457750746 76 434 2 328 69 232
7317 -8.6687795060464232 4.1786570163965528 -5.9001968177034323 99 55 21 0.1574499167145981 82 1012 11 1052 15 1060
2230 4.4860118763262689 0.33326240329669476 1.7448895617003402 32 43 18 1.6479637087937133 76 467 81 334 25 44 17 186
2231 4.0022005019001128 0.51451390099262362 2.149507196902952 33 39 13 1.3212906537409481 81 347 2 349 25 269
4588 6.9564306918144139 -3.5086473452774301 3.4587924385384334 255 208 167 1.80274770140858 28 554 50 564 79 612 71 671 100 570 66 509 83 479 13 462 84 498
4589 4.3028133026186826 0.58429851094862384 1.9609962710717528 115 103 85 1.0356143769106732 76 521 81 393 69 305 2 188 25 303 17 64 46 317 7 220 67 605
7320 -8.6695251491504077 4.1787973082524204 -5.9003316327775792 197 192 146 0.75188783098271317 15 1140 82 1083 11 1070
2233 4.3517617237148505 0.43888164256889489 1.864248563556429 0 0 0 0.36212042250623555 69 275 90 115 81 354 76 201
7325 -8.6693619091890177 4.1787912264523461 -5.9002835831321834 69 56 24 1.9062648023314701 15 1150 82 1095 11 1084
2238 4.4808373854506343 0.53792523539088455 1.7910847248262525 39 41 31 1.5179293083375902 76 523 2 373 81 560 69 557
4595 3.8665807537898051 0.22491033092582333 2.0691703103881873 237 255 255 0.98574912712666607 42 66 55 49 12 29 29 22
2239 28.196420231528634 -5.3483276533337634 3.1728295666208703 44 38 27 0.5582020766314526 76 512 2 407
4596 2.4454536336868582 -2.5374079633198976 4.1143242096444714 147 139 84 0.70117970503405946 42 26 55 66 12 119
2240 4.3709105144726497 0.92233428403257345 2.1220397376764066 40 38 34 1.2278960606221296 81 723 2 410
4597 4.5461107719011258 0.53227418508172264 1.9036975639693741 88 81 60 0.88380562242104654 42 108 79 292 55 67
7329 -8.6692480273606805 4.1788095557398615 -5.9002995812588086 54 46 25 0.25774965368968084 82 1108 11 1095 15 1156
2242 30.945575535267139 -10.066803775926747 3.5168884376186917 206 236 255 1.612717624713242 76 354 81 280 46 88 69 264 17 161 2 475 7 8 54 10
4599 4.3336997989033081 0.3213803773578377 1.9623371319922693 191 222 255 0.39583012942086859 59 24 55 74
7331 -8.6694086812605171 4.1787915276368262 -5.9003002684182615 42 32 8 0.64753653508092779 15 1165 82 1123 11 1107
2244 25.405541875608858 -7.4181065332915619 4.4710823328948637 60 62 45 1.5224122408402332 69 451 2 491 25 382 17 293 30 365 7 299 54 344 90 574 27 435
4601 4.8120019187935812 0.39286822698713858 1.9029844579927353 135 156 189 0.31928666525235611 42 130 55 93 12 61 29 57 98 113
7332 -8.6691770042942125 4.1787787288998173 -5.9002275792088428 30 22 8 0.469194017042947 82 1144 11 1115
2245 28.267345302170106 -8.5494497293636016 3.5120177647897131 168 196 235 0.94324198532272907 46 343 69 284 76 382 2 494 81 298 85 836
4602 3.4192691312884138 -1.4496809036377787 3.0210967204376442 61 47 38 0.39259341569842648 42 49 55 106 12 117
7334 -8.6694568252442092 4.178755681154839 -5.9002847379514716 106 111 84 0.55029398212549518 15 1183 82 1137 11 1124
2247 4.1052851655606784 0.55086506981640038 2.2264738478451864 46 43 26 1.4586638805847478 76 704 46 473 81 654 67 800 69 457
4604 5.4220141847798287 0.20271027070159225 2.1430462839176818 54 40 37 0.49557215922581754 42 141 55 119 12 75
7335 -8.6693758642206831 4.1787624764410465 -5.9002723798830994 114 115 80 1.0839778867144401 15 1185 82 1139 11 1125
2248 4.3360734171698603 0.58954328463792782 1.9499858163054513 67 66 63 1.3900280531106755 81 558 90 622 2 644 25 408 30 402
4605 9.4147653443213031 0.75163236548433376 0.73118900621347371 145 179 158 1.3840226276490573 4 331 55 150 12 453 29 138 31 477
2249 4.3872892378068737 0.82270128893958605 2.1630985489824792 107 95 76 1.1071957760081359 81 785 2 674
4606 7.2419234376904287 -2.8686427831201109 3.6149919086119118 41 21 15 1.5322191880323515 42 171 55 160
2254 4.273346424017034 0.86990301497608014 2.0747401719402165 107 94 77 1.099297523043492 76 957 2 756
4613 7.5355026450614453 -3.0800088600583697 3.3637094361797844 255 191 128 1.5191136948313158 42 214 55 184 12 174 29 511 79 76
2257 4.2276417701200577 0.41040090449573269 1.9504869456195699 73 87 69 1.0426158397556444 81 872 2 886 25 634 46 782
4614 8.9082723450006185 -3.2646275461051939 3.8122314605064789 119 75 52 1.7593432264701194 72 493 55 185 12 175
7345 -8.6690546883425679 4.178633339895522 -5.9001977459599404 145 135 96 0.94114699820706194 82 1175 11 1153
2258 4.2330985241456922 0.41510258521643806 1.9520630294772949 73 87 69 0.77852165241877536 69 732 76 1075 81 871 2 887 90 917
4615 8.9638039082121264 -3.2795396585494792 3.8408399472160144 119 75 52 1.1041821926070179 59 174 55 186 12 176
2259 4.3897789178758559 0.59536454292990459 1.9222312867917766 54 49 43 0.95377589848255295 76 1040 2 891 81 844 25 575 17 459
4616 6.9337764814035667 -3.2151280476814525 3.3419384972429556 146 115 70 0.60174941828510031 42 188 55 189 29 184
7347 -8.6666250482160692 4.1778568345194582 -5.8992963783927008 57 14 15 1.362857626120241 82 581 11 573
2260 4.115310637099018 0.35410338506904243 2.0461491214171841 74 83 28 0.91886320895704776 81 891 2 914 25 664
4617 7.3768373424764926 -3.4126655960717032 3.5101831798422038 0 0 0 1.2166318033332368 43 226 59 235
2261 4.163949188339755 0.51606950670626761 2.0817940157080606 55 56 31 1.8754140369764731 81 897 76 1115 67 1251 13 991 100 1053 66 1006 28 1026
4618 7.2539524118173473 -3.4472929100144762 3.4716541246986132 119 97 52 1.3745455292425723 42 196 72 186 55 197 12 201 78 256
2263 4.0293628707833324 0.4454348491458906 2.1163149585874184 50 49 24 1.3626663407468649 69 29 81 110 2 132 25 37
2264 4.1824368728907393 0.37897581561138116 1.9936081445359199 93 107 97 1.1620570922215534 81 116 2 137 17 19 54 22 8 268
4621 6.7714356849096138 -3.5260000421465545 3.5455965157406268 194 132 79 0.35651019662039535 42 198 55 202 12 207
2265 28.551998333131564 -6.1978304444983161 3.9066411331914881 230 243 246 0.41696257442450113 76 216 2 209
4622 8.851196664543389 -3.4998022334023213 3.5813668925321149 149 110 58 1.7823296439905763 42 234 79 93 55 210 29 204
4626 8.7548755483001219 -3.6582504228801911 3.5762884550297542 67 49 32 0.80047612991761563 42 240 59 202 55 230 12 213 29 218
4627 9.2927942541561137 -3.7849313675797736 3.683192893657834 82 56 36 0.63242698369208838 42 254 79 95 55 231 12 214
7359 -8.6664448521440747 4.1779549281067441 -5.8992717638969401 53 12 9 1.1754201595054707 82 1172 11 1150 15 1219
2272 25.027262681746109 -7.2982065663284565 4.5612443750783296 245 253 255 1.5746350116139616 25 36 17 178 81 55 30 248 7 300 68 33 16 232 48 47 69 74 27 20 2 327
2273 28.019009862415839 -8.1438546270793637 3.4507764981944256 103 122 107 1.0663490849124222 48 53 90 96 25 41 17 39 52 42 99 50 37 88 32 139 97 178
2275 25.941536881500745 -6.9837187769903188 3.4834328361599654 92 87 65 1.2572719936320631 2 151 48 54 30 83 7 29 27 45 69 102 52 66 99 77 37 119 96 321
4632 16.865262390205825 -5.5691731124072952 3.1950463513488514 252 215 210 0.75380626584472821 42 289 79 159 55 280 12 274 29 287
2276 26.125017957509179 -7.0534758117044083 3.5403602095956495 92 87 65 1.358346938789079 2 152 48 55 30 84 7 28 52 67 99 78 37 118 73 195 25 60
2279 34.375008522218458 -8.3654524357227587 3.6069539674864686 48 47 36 1.8727416583945093 25 123 37 738 73 909 32 788 97 1015 9 867
7371 -8.6678156982145271 4.1782540895328779 -5.8999943584283274 199 141 77 1.708784565856204 11 392 44 113
2284 29.674738783462956 -6.0028034193202089 3.2414144408385233 80 70 55 1.4791052546695742 81 182 25 191 69 391 52 383 99 419 90 265 30 195
4641 18.110252209875508 -6.2988494980239222 3.1795226300846129 255 255 249 0.65697851098161275 72 293 55 310 12 294 29 315
7373 40.796086944979663 -11.409279861150415 -8.0852494959280055 96 55 22 0.60786057232094137 36 212 44 156
2286 25.63562540025066 -8.0625042728110543 4.5552364810320531 255 255 255 0.66276117585897754 81 28 25 237
2289 28.590642634616014 -8.7430720890342783 3.2620940228635398 78 99 61 1.6423863866786041 2 321 81 59 25 245 7 15 54 24 30 231
2291 27.813888623781221 -8.1947922322472841 3.3814550522135161 68 90 15 0.95172729893856567 46 112 90 98 54 23 25 252
2292 4.3437665287796126 0.38260419926037254 1.8604549604751004 78 96 59 0.84708794775491369 2 330 76 463 90 377 17 40 7 30 54 35 85 209
2293 29.582685740322251 -8.9517034072604051 3.0703577022826631 213 244 255 1.2120760097658569 2 322 69 291 25 255 46 345 90 370 17 171 7 186 54 201
2294 29.05774772988994 -8.3630685604530495 2.9252731388598172 141 164 202 1.4628633173122962 2 334 69 292 25 258 81 318 17 184 46 117 30 252
4651 1.3798691643114083 -0.46773457831637644 2.7181379476505017 14 14 14 0.2669259348994284 42 677 55 369 12 354
7382 40.945134404375786 -11.895115528429999 -7.7249795135032722 48 30 13 0.27324577466252642 36 665 44 607
2295 4.4892681314945708 0.28770962492266111 1.7284924960498023 76 95 67 1.8094766412612833 81 120 25 260
4652 3.9829130015855987 0.29402947048393435 2.305607327093858 11 10 8 1.7811386124266182 42 424 55 401 12 377
7384 44.316281325191078 -12.912644474229682 3.7433438885550414 40 27 19 0.86024628496148237 37 725 44 773 94 798
2297 4.2311071123966952 0.47450320273454927 1.9514000700957552 255 255 255 0.99763279204169564 2 353 90 114 25 271 17 198 7 196 54 219
4654 3.9573048125342254 0.34102344620068847 2.0062620978355676 67 75 36 0.12654640577569273 42 437 55 406 12 382
7387 -8.6679958732728366 4.1783732606650368 -5.9000322818946138 100 62 27 0.3896264801218548 11 805 44 811
2300 4.1745362864950932 0.86633408690695102 2.1401688285141254 108 94 76 2.0412953555404174 81 589 25 343
4657 4.7318668730247575 0.52206554149273421 1.8322714750663061 134 141 75 0.091085756638935034 42 447 55 438 12 393
7388 -8.6696578354490743 4.1788477748303521 -5.9003806234058898 0 0 0 0.11956402491589306 82 596 15 394
2301 4.1745362864950932 0.86633408690695102 2.1401688285141254 108 94 76 2.0412953555404174 81 588 25 344
7391 -8.6592221168993646 4.1757105981653284 -5.8983571017967815 61 39 24 2.3781131374872282 11 178 44 101 82 205
2304 28.419890521068435 -9.2020753102509509 3.2044741674080379 130 149 149 1.0755386364090993 76 617 81 471 25 367
4661 4.8953118175560189 0.45162756686417965 1.8751338826005863 47 58 41 0.27529752373557254 42 461 55 446 12 409
2305 28.393149201518863 -9.083067208930526 3.0164619199566309 108 130 108 0.96754031496573722 76 618 81 472 25 368
4662 3.6476868058305136 -2.6589986695941619 4.6810278756158281 57 44 13 0.30177582318460661 42 38 55 450 12 448
7394 -8.6540254238767194 4.1741458700697427 -5.8974222418825484 79 51 31 2.8498032194874994 82 660 44 391
2307 29.451982291756849 -9.1439783214220842 2.865755472144806 88 109 73 2.1122353327526637 69 431 25 375 46 325 81 281
4664 5.1748684810461505 0.138374509379283 2.1182674134594639 85 59 42 1.0753952782988005 42 467 55 454 12 417
4665 3.6933867746725721 -1.4603621533175226 3.0873286399419944 160 162 174 0.15636190280272275 42 420 55 457 12 441
2309 4.0262515015415357 0.49800605879486343 2.1309279750089858 37 38 13 1.4054002462320008 81 348 25 391 17 299 69 268
4666 4.9751401299598275 -1.4057508111830554 3.6657490676178028 20 20 21 0.24757955716072452 42 60 55 463 12 130
2311 4.4893311888945293 0.47892872814246029 1.8255872091019212 157 140 98 0.023874041570240308 81 544 76 731
4668 5.7260735466405182 -1.5793706504514626 3.0144547114558526 89 14 9 0.23601060709071051 42 473 55 477 12 451
2312 4.2514175175661109 0.65139366724352465 2.0488664478244218 158 179 210 2.7297874752156899 81 571 25 412 17 306 30 409 7 314
4669 6.5774293206298688 -3.0048696848795902 3.7829892167994141 104 56 31 0.60556828170259569 42 480 55 494 12 472
2313 4.2910992343948768 0.63180859733487726 1.9914600227824486 67 66 65 1.0394123169098477 69 116 25 413
4670 6.4919146871601638 -3.0352665522818469 3.7644712449326798 37 14 4 0.83822764583715903 42 482 55 495 12 473
2314 28.179674557243288 -8.4197630881506793 3.2585855813137421 142 161 179 0.67129618184772311 46 498 69 453 76 635 81 484 25 459 17 287 30 369 7 296 54 339
4671 7.6333535183707255 -3.0151843248354635 3.6967600314981648 71 51 24 1.6534784710153572 72 721 55 498 12 476
2315 28.519036624239899 -8.383653648623083 3.275276078115037 48 67 13 1.1590887513653561 46 499 69 454 76 652 81 485 25 460 17 351 30 465 7 385 54 443 52 432 99 470 37 536 73 675
4672 6.3319176027274349 -2.853302774578625 3.4093746394949731 58 37 14 1.6180399019829361 42 165 55 499 12 157 29 160
2316 4.4607009639428536 0.41213214484929733 1.7671141602828495 44 53 23 1.5636326766389788 76 712 25 465 81 526 30 479 17 367
4673 6.3993510781803851 -3.092607580274211 3.5428190630686198 255 208 145 0.50075590971562678 42 494 55 502 12 481
2319 26.725240738897629 -8.4533809690426267 4.0625468728041332 116 126 71 0.5997964546369654 69 615 25 511
2320 27.269076793073371 -8.318388111086982 4.2065963281552268 60 64 35 1.866828382353269 76 795 81 627 25 514 17 350 30 463 7 444 54 442 57 332 68 355 16 483
4677 6.5320750612966725 -3.2165261778554632 3.4382413047030296 149 107 46 0.3273797498161784 42 509 55 511 12 492
2324 4.5070535351055732 0.83771154598054898 1.9426627333800488 63 60 57 1.3653379316633067 81 786 25 553 17 435
4681 8.5399715407324344 -3.4927525770008803 3.4539605303626724 255 248 170 0.39388366723290585 42 540 55 529 12 511
2326 4.3895848180106709 0.59526276485594476 1.9218314306196822 53 51 49 0.74332231418512251 81 843 25 576 76 1039
7415 1.9231606543818767 -2.1142626449293487 3.565760158724721 0 0 0 0.95234992953693232 38 393 84 787 83 855
2328 4.2088918166544138 0.59018326983507252 2.0329406192002915 122 102 77 1.5770438218518328 2 890 81 876 25 645 76 1037 17 509 30 690
4685 8.1564368629843678 -3.8223968153392143 3.6263979113248794 134 106 56 0.17357338270979317 42 544 55 544 12 520
4686 8.3276898450353247 -3.8618297928908971 3.6373237301648045 255 225 166 0.10426502084123922 42 545 55 545
2331 28.208966029774889 -8.6635318668487447 3.6978310772268053 140 123 122 1.488803771260979 67 462 76 379 81 296 46 87 69 262 25 242 2 317 17 166 30 225 7 184 54 195 90 336 48 274 85 634
4688 18.409323486100348 -5.1239050712581751 3.1195296085362965 152 110 95 1.2695845807864286 42 593 55 584 12 569
2333 3.8157191467953639 0.78337780663753598 2.544851468254075 58 58 61 0.78492645520799198 81 189 25 146
2334 25.756822858291812 -7.5300217922070978 4.0682089605840739 64 72 43 1.1413753714224448 69 75 25 251 48 25 30 56
2335 4.461217271634065 0.48424086725681936 1.7970064165893684 188 174 140 1.343549481738908 46 590 25 473 17 365 30 490
2336 29.640821666988717 -6.4208125962528975 3.4236648739811986 27 36 27 0.02158564843004613 81 763 25 539
2337 28.101930651958511 -7.822204759077497 5.4845332008502883 67 77 22 1.6662551204265472 76 647 17 47 7 40
7427 4.5319408153481042 0.69148980230383961 2.0065187633791211 0 0 0 0.57037102065181122 16 98 20 52
2340 4.3142502729237533 0.73282824691783577 1.9491213495173694 254 255 255 0.44912516915078948 69 344 7 320
2343 26.864817958660975 -8.1281847840760371 3.8679748786400188 155 188 247 1.1512746575631283 25 240 46 108 69 281 81 57 17 164 7 183 30 249 54 193
2344 27.950946990278503 -8.4520018005592412 3.4597335978495316 167 195 232 1.1747572189479261 46 342 69 285 81 297 17 167 76 381 90 364 30 356 7 185 54 196 25 39
7432 9.2894719132105816 -4.0141320987147422 1.6597968849245486 0 0 0 1.5293322465389334 12 268 31 274
2345 25.794869106561851 -6.9282326061888426 3.5441563240988523 251 254 255 1.5042250915021789 2 352 69 101 76 133 81 92 17 197 30 82 7 197 27 43 57 37 16 40 52 68 37 116 73 194 99 75
7434 18.807929978620081 -6.0532377076341897 2.8303531127333574 0 0 0 1.3024553340831115 8 583 42 1020
2347 31.817533089516431 -8.3718068277803805 3.2983324922811481 162 144 103 0.99207975977276863 36 425 97 586 9 585 15 434 82 420 11 403
4704 1.6359208106670591 -0.44975984260209906 2.7677136626345433 3 3 3 0.46752844368011437 42 682 55 670 12 662
4706 2.7914935496172588 -1.3180987918577731 3.722692494759007 93 94 100 0.37742398063325139 42 697 55 682 12 684
2351 4.2607517345579549 0.76309586364341664 2.0022401882595053 63 60 33 1.3725785919422178 69 369 17 248
4708 2.3321643114252999 -2.0018434469090725 3.6774088964209799 44 39 16 0.4713747976532483 42 698 55 691
4714 4.4885367351920413 0.48873147789944771 1.8452028835608147 243 255 255 0.24142513439749202 42 741 55 718 12 685
4716 5.6173892106418011 0.56652712389970905 1.911078072756585 30 43 33 0.70031248234116072 42 950 55 740 12 415
2365 27.407445869018645 -7.6875884751822117 3.2450105070492694 87 102 59 0.68930140591330091 67 1121 17 449 30 620 7 492 54 586
2366 27.822263195269905 -7.5472538978849411 3.1315662782952089 143 164 123 0.80049191621976856 2 798 69 677 17 453 30 622 7 496
4723 9.2047595386505794 -3.3121772614406026 3.8442369100033194 0 0 0 1.2574761307930955 59 640 72 730
2398 26.875777284144906 -7.0409263440701171 3.1831083713460164 157 167 76 0.85543605083459195 36 115 30 107 7 49 54 53 73 244 32 233 97 278 9 241
4755 1.8879868250259861 -1.8411947719677293 3.700234064767348 76 62 28 1.2702532515512364 42 1039 72 878 55 1041
4756 1.945757749597566 -1.9355386082171699 3.5781606803524806 158 155 111 1.7381508805277142 42 1045 79 869 55 1046 12 1054 29 1093 98 1051
2403 29.526120603079043 -9.1024736323404909 3.4081758829561508 74 96 53 1.5436434104454166 81 60 30 232
4760 2.8794813745882006 -2.4538793817604079 4.1377610623691066 103 82 37 1.6237415144481371 42 906 55 1069 12 1082 29 1118 98 1226
2406 4.2006190631173492 0.56006456406550331 1.9648421504182021 101 95 64 0.74174307338214052 68 210 65 133 7 208 30 280 38 62 54 231
4763 5.527996171568593 0.23757205477633175 2.1152197822218533 46 44 42 0.50622587216340564 42 1178 55 1081 12 1062
4769 7.2558091766469888 -3.6845976830898977 3.7143481660327531 255 255 248 0.87684007556264532 42 1102 79 890 55 1111 12 1114
4771 8.2447413498029132 -3.4863657963802686 3.497457425143196 156 122 81 0.75218150624788183 79 784 55 1113 29 1153 98 1284
4773 9.2091539656937904 -4.0624900469701339 3.766211066614519 255 255 202 0.87757506253477258 42 1108 79 904 55 1117 12 1119 29 1268 98 1397
2436 4.2667467730121746 0.30424945367730971 1.9470097034795382 0 0 0 0.38243102511692284 8 256 81 75
4793 9.6250583833179029 0.80645049184493267 1.1321512216486544 73 83 86 1.4081008575508769 42 1205 55 1196 12 1195
2438 26.001812545336303 -7.0324138713758657 3.9608516872154067 0 0 0 1.3103357227820189 90 835 76 919 81 633 8 858
4795 10.175200976660374 -4.1635835301629598 3.8484013175753802 253 122 63 0.86675192119494715 55 1212 12 1220 29 1266 98 1478 42 1196
4801 1.1797376483023241 -0.44530127992483098 2.7221734418773398 255 243 212 0.75694875891093538 42 1228 55 1229 12 1236
4802 1.5341793592046773 -0.97704337021386622 2.9990989474978123 86 95 103 0.79664885056575285 42 1230 55 1232 12 1239
4803 1.862092099549727 -2.0417569954362982 3.6609997343836973 90 85 31 0.48355878981750083 42 1233 55 1234
2447 26.562878413521162 -7.6264132696249414 4.2062254325561232 123 89 79 1.9046472368884488 81 87 90 92 52 38 48 49 99 47 27 22 37 86
4804 2.0297047596552793 -2.010400356656477 3.5981635010309381 72 71 30 1.8145456647513483 42 1299 79 1014 55 1235 12 1319 29 1386 31 1475
2448 25.797518798370024 -7.2790770191304546 3.6761124034671813 86 69 36 0.79721258523163596 48 50 27 23 46 110 69 97 90 362 52 274
4805 1.9585966399557424 -2.0564185130912129 3.6276077574718761 107 111 82 0.65227174986752401 42 1236 55 1236 12 1249
2449 25.0503818005905 -6.9063247547857536 3.6396403106371533 118 83 59 1.0323242675286117 48 51 27 24 76 110
4806 4.0101153343556559 0.10405483613737956 2.0862823757784681 133 141 104 0.10495844049176001 42 1251 55 1241 12 1243
2450 28.181474817039323 -7.1955299576611003 3.2633906878187569 135 94 58 0.85263514039945709 48 95 69 134 90 186 27 50 76 171 54 58 52 116 99 119 37 175 85 356
4807 3.8975483638244697 0.11977767093260662 2.150650994975384 255 255 255 1.0878456531796357 42 1309 55 1243 12 1245
2461 24.466580964482628 -6.6835117233228596 3.6455965310256113 255 229 211 0.59283399392626113 48 437 27 436 69 467 46 361 81 496
4818 1.4294418616834859 -1.0658392295150267 3.0245516021403476 85 93 97 0.43927296372021774 42 1294 55 1291 12 1310
2464 -0.69885243152187593 2.1825656207406881 1.5796673293676444 0 0 0 0.12428025284320453 7 584 30 712
4821 4.0732769735881238 0.068589157543985355 2.1655677930162098 255 255 255 0.6424130311887557 42 1313 59 1223 55 1300 12 1315
4822 2.5925337380825697 -2.4094636155664655 4.0158295809024995 66 60 26 0.75860481453807493 42 1300 55 1303 12 1325
2466 4.3499917787442381 0.44617544484888538 1.862538058652822 0 0 0 0.027588947654789461 69 547 81 649
4823 5.4116946164375186 0.41631928088846309 1.922442613532735 140 170 148 1.4431843236058728 42 1324 79 1104 55 1306 12 1322 29 1302
4825 3.4425602233541435 -2.5190779331705198 3.5799099047796421 144 134 95 0.17251922749037149 42 1304 55 1309 12 1332
2469 26.004130732954476 -7.1241942955139486 3.0709931189988846 97 84 54 0.44179650762926842 48 615 90 837 27 670 52 609 99 710 37 829 73 998
4826 3.8418121387177546 -2.3420554737422901 3.496932793541947 78 72 44 0.15532093332301192 42 1308 55 1310 12 1330
2471 4.2408256824733126 0.43326419475231254 1.9424867087034259 0 0 0 0.071834807756267591 25 569 69 668
4828 4.9646057952610763 -1.2439270229222983 2.5186527347124508 181 78 94 0.25900736136121649 42 1321 55 1312 12 1328
4830 6.1930042229111013 -1.0419603429433686 2.4592488922873152 102 47 50 1.0647440051637034 42 1357 55 1319 12 1333 29 1398
2474 33.191431303391326 -10.777823067247029 3.904084931574181 106 87 48 2.0254816768531803 48 725 90 978 27 818 69 734 81 862 76 1066 46 786
4831 9.7212222892756923 -0.79805269284477709 1.8115977160376644 70 70 72 1.8934385375185669 42 1338 55 1324 29 1331
4832 6.5491075045898448 -3.1510317618830448 3.3960693550930463 110 81 21 0.093246502035684728 42 1327 55 1326 12 1343
4835 1.4965516624386768 -0.22357160930966929 2.6256139744958973 60 67 69 0.86262772851399205 42 1350 55 1341 12 1354
2494 16.837705297926551 -5.0615783421217104 3.6189020577693536 115 69 40 0.69036031738835402 13 311 8 408 100 362 66 333
4851 3.9808653173160549 -1.1503842222963994 3.076636271570977 35 18 16 1.2398569430503885 42 1406 55 1405 12 1401 79 1142 29 1480
2503 4.1527267240868575 0.45799216347295052 2.0104157024304747 255 255 255 0.92683672557484054 69 609 76 843 81 746 90 728 46 659 2 730 25 518 17 418 30 569 7 448 67 1073 48 544 13 706 54 526 57 337 28 757 68 363 16 577 100 795 66 738
4860 4.6031948635354647 -0.39095517252041373 2.8367511022442367 0 0 0 0.41042020982909744 42 1439 55 1428 12 1450
2505 4.1440934161658838 0.54419156068261376 2.0444317346292085 35 31 16 1.3346734872107249 76 495 81 368 46 296 2 363 25 289 17 196 30 274 7 43 67 580 54 227 57 166 68 200 16 241 8 300
4862 9.4492878650509802 0.018054323298481639 2.2559134971987636 0 0 0 1.752173027881806 42 1444 79 1181 55 1432
2506 -0.6817628639551977 2.1839838705621237 1.5933524579266232 48 44 31 0.22460134602066467 17 113 54 48
4863 14.470826225344229 -3.2140485712739699 3.6839630227432743 0 0 0 1.2762118505565856 42 1445 79 1178 55 1434 12 1455 29 1544
2507 25.058839150360058 -6.1493760015233914 3.2839218452225949 72 47 17 1.027933167227864 27 71 48 136 90 182 52 113 99 115 37 173 73 544
4864 17.794340090115245 -6.0075797911850746 3.2571082763299404 225 225 225 1.1187692838785797 42 1215 79 986 28 793 50 827 80 962 22 932 4 947 62 893 59 1108 78 1057 72 1241 43 1202 71 947 100 818 13 727 66 758 55 1220 12 1229 29 1282
2508 28.692426622891542 -7.4483276573409052 3.2227297844615768 104 89 69 1.2125489467021964 7 50 90 187 54 60 52 118 99 120 37 157
4865 7.1416983391774318 -3.4725628615293385 3.4485546821400366 245 192 149 1.6544327543717412 22 465 55 523 78 499 29 536 4 461 72 528
2511 27.620088639799381 -8.4797456258391168 3.8626996412872376 147 170 199 1.1887188349097446 46 324 69 282 54 194 16 10
4868 4.3425347742442284 0.19473967045052445 1.9649677891486297 80 97 80 1.6064641005770823 13 687 8 799 100 782 66 721 96 987 55 721 55 927 12 693 83 695 28 735 79 842
2512 25.498803025107538 -7.165014985594123 3.0570438948038765 108 127 92 1.4265848999536459 46 113 12 598 55 605 27 253
4869 6.6233753829831681 -3.2671397542078329 3.5426799180971251 255 244 187 0.83011525642174644 59 1003 72 1107 42 1098 55 1106 66 767 84 780 83 762 13 731 12 1110 29 1147
2516 27.744000901289152 -6.9428148202920497 3.5966962465922272 84 81 76 1.6688846987715087 48 344 2 187 7 219 25 304 30 126 57 182 17 214 54 243 68 72 27 76 52 328 76 170 99 370 37 394
4873 17.609135242422727 -5.8990144354658094 3.1166809502728081 163 126 67 0.5305303073246469 22 60 55 598
2522 16.391201415398367 -5.4075642603703615 3.5747920673138163 97 52 15 0.97984709257541536 28 53 26 39 50 39 80 68 22 110 4 135 71 61 100 54 79 139 66 38 62 107 42 280
2524 17.051263983269759 -5.4403983092475778 3.3257815488499309 255 254 238 0.76162170618734226 13 295 26 42 8 376 28 347 50 304 80 348 79 443 22 395 4 622 62 577 59 633 71 378 100 344 66 315 84 42 83 301 12 836 55 842 29 856
2525 17.130245925839372 -5.4606142248734386 3.3308450261859184 255 254 238 0.28687823148778108 13 296 26 43 8 377 80 349 28 348 22 396 4 623 62 578 100 345 71 379 50 305 83 302
2526 16.79742535550934 -5.0737858820856498 3.5865839640982657 71 14 8 1.1181510023723138 28 70 80 71 22 112 4 137 26 70 71 62
2528 6.5730591996394141 -2.7373953012045837 3.5392202629265954 84 47 14 1.4389540718310221 28 131 26 90 50 132 80 202 22 228 4 214 91 101 71 174 83 95 62 453
2530 4.1300071714587236 0.18303459537417963 2.1065186700378087 128 141 107 0.55038178066922772 26 130 50 144 79 243 8 234
2531 4.1915077012710409 0.30410223367347355 1.9820203438288044 131 151 148 0.20341389452946981 13 180 66 197 26 134
2534 17.061418573687632 -5.4183492372912614 3.4253678195923567 55 48 17 0.87728215607562421 8 375 13 471 26 252 28 535 80 605 62 589 4 814 71 629 100 555 100 707 8 847 66 500 83 303 42 822 55 843 12 829 79 669
2537 6.6180200000137921 -2.7935815770475543 3.5601433161793632 27 14 5 1.6958241482444785 28 401 26 296 50 408 80 466 22 493 4 476 91 279 71 489 84 322 66 369 83 343 62 636 13 338 20 265
2538 6.6417182939931463 -2.8133005022193887 3.5652767619605252 27 14 5 0.52789971367638377 28 402 26 297 91 280 71 490 83 344
4895 18.762629066614338 -5.314140215633782 2.5464564951062578 81 52 27 1.6234966230949119 42 311 55 593 12 576 29 593
2539 6.7636071286994879 -2.7418443887391444 3.4556335511314007 99 53 29 1.7450092140804001 28 403 50 410 80 445 22 477 4 465 91 260 26 298 71 472 66 370 84 323 83 342 13 339 100 418
2545 16.383983231456842 -5.2451727243233082 3.6134863700073883 56 6 2 0.49526153145967111 8 599 28 536 26 425 13 469 50 540 80 614 22 634 71 639 100 562 66 512 84 523 83 491
2546 16.219309957647145 -5.1911366941683452 3.5930387859826487 56 6 2 0.19114632804243423 13 470 26 426 66 513 84 524 83 492
2547 4.1162797688698411 0.37200038299389443 2.0655501467874431 64 72 38 0.6957591181880014 28 629 26 486 50 420 80 386 71 481 84 596 83 580
2549 4.2188541687602967 0.14828995373367226 2.1060626354989189 135 146 110 1.2476187823102083 13 686 50 589 80 631 79 836 22 600 4 572 59 542 91 442 71 694 26 589 66 728 83 702 84 718 55 723
2563 16.748462406289885 -5.2481741214888782 3.4830470917355152 157 126 112 0.82112933680276834 13 473 26 253 8 601 28 346 50 541 80 613 22 613 4 409 71 638 100 564 66 332 84 294 83 320 55 582 42 587 12 572 29 586
4920 6.7819808466135578 -3.5816139962122771 3.6642693173083134 107 77 37 1.4831219712860846 13 42 28 98 50 98 80 436 22 486 4 483 71 145 100 87 66 66
2564 4.2204016972728864 0.084186545553949832 2.223348416245142 121 128 64 1.572209059039549 28 465 26 338 50 418 80 402 4 360 91 291 100 652 8 676 66 439 84 384 83 390
4921 5.0801942733806227 -1.0729633010478781 2.7360589828386068 105 46 51 1.2952313345258524 13 935 26 830 28 980 50 1033 80 1177 22 1136 4 1171 71 1188 100 1003 66 939 83 922 84 932 62 1085 8 994
2565 8.5589021654001467 -3.5424737006491633 3.4229041350951412 61 40 22 2.1426198804077456 8 86 13 74 100 103 66 83 28 86
4922 6.7982959276025605 -2.9075516005015762 3.4061388349329156 198 182 129 1.4689598787778726 50 580 80 668 22 673 71 683 100 601 66 530 84 520 13 493 62 623
2566 4.213246694688074 0.23806148057573415 1.9674148900779524 249 254 255 1.391163846297762 13 161 79 263 42 101 12 44 55 75 29 39 8 239
4923 7.1251825964458915 -3.408116930915543 3.4064370296139082 254 201 147 1.0624080216608249 22 185 4 189 50 72 80 144 71 121 13 47 28 102 100 92 66 70 26 28
2570 3.9993238382852443 0.29559677197505324 2.1922004867224958 89 94 78 1.467750543021656 13 420 22 99 8 510 84 175 83 185
4927 2.3754519147667841 -2.1685771363032709 3.7643179516563525 88 89 60 1.0833636685144403 42 702 79 574 55 702 12 935 29 743 31 774 98 826
2571 4.0265052866285291 0.34020675734843531 2.2074560114177584 91 103 53 0.80002264466300643 28 240 100 257 66 460 13 205 26 352 80 134 84 418
4928 2.2497985217036409 -2.1532408314989242 3.6655361777012394 49 48 32 1.6060263990261496 8 341 13 348 28 623 100 622 66 391
2574 4.6428000962404585 0.5682056019345838 1.9644626792958744 0 0 0 1.1477520918413184 8 526 13 425
4931 1.6803593852115102 -0.44286730319583878 2.7716097236341501 96 99 110 0.60098821441816774 42 9 12 3
2575 8.8552742524187984 -3.4517723647895737 3.5605026564064879 170 98 46 1.7115857659567804 8 597 13 324 100 389 66 107
4932 1.6803593852115102 -0.44286730319583878 2.7716097236341501 96 99 110 0.60098821441816774 42 8 12 4
4933 3.0252707122495237 -0.24117023724295758 2.5301905078226419 117 119 128 0.047564172242826441 55 29 12 11
2577 3.9926113439587545 0.27682031936703133 2.1680905007676148 254 255 255 1.3520628982052767 8 687 13 557 100 670 66 602 42 727 55 701 12 897 29 929
4934 3.8621936948961331 0.34396308617937266 1.9944489769162044 54 55 36 0.66461885631152118 42 428 55 44 12 13 79 259
2581 5.6402757409044675 -0.98943453380730528 2.5478487709980957 0 0 0 1.1008915016583773 8 1029 13 982 100 1040 66 995
4938 3.8886588363750025 0.19577562382102137 2.0421476948846595 250 255 255 1.0329596382994726 42 82 12 30 29 23
2583 5.3962697854911648 -0.91959082944304982 2.6187518953238356 97 44 50 1.0757222758958782 8 1032 13 983 84 936 83 923 26 778 100 1004
2586 11.524140529202809 -4.7810472710450442 3.479449105542237 0 0 0 1.9028444390072721 8 1130 13 1098 66 1117
4943 4.8957886395149899 0.077627849445218278 2.2743123721308729 56 22 21 1.3535872148537669 55 102 59 55 12 68 29 435
2587 4.3194550486020695 0.16560497124768161 2.0743965855622357 255 255 255 1.0497032510771589 8 1132 13 1107 100 1145 66 1129
4944 5.1207757065421911 0.22839360444320958 1.9890632648912621 67 80 45 1.2472565558161215 55 110 12 74 42 138 79 283
2588 4.3812953555338385 0.50156568481241226 1.8665750667750589 106 92 67 0.9806906985378353 76 501 46 302 25 297 81 374 69 307 17 213 67 284
2589 26.199076779344679 -7.0336255547245399 3.3825831279709089 255 229 200 1.0656106417135509 67 747 76 668 81 497 69 469 90 592 48 467 17 360 30 474 27 449 68 290 8 413 99 619 37 707 73 867
4946 5.9832694940546247 -1.5254713796895203 2.8051887794570449 120 113 118 2.0636528559393907 22 150 55 138 12 138
2592 17.736072688429505 -5.9305047703881453 3.1281590533334245 162 128 64 1.0769486666749473 28 32 50 23 80 38 22 58 4 108 62 42 8 60 78 163 91 18 100 34 42 614 55 597 79 446 12 590
4949 6.7592028856847497 -3.1427813802420954 3.3525351889785711 166 139 115 0.11096991836305008 42 187 55 172 12 179
2593 17.448890436515665 -5.9321306700112055 3.4089667425903225 160 130 87 1.0469054904937924 28 34 50 31 80 54 22 82 4 110 62 72 59 446 79 432 71 45 100 33 66 305 83 26 42 601 55 599 12 583 29 614
4950 5.3707459959856436 -2.9713508802153168 2.9435799642836611 253 207 151 0.49803536487434819 42 176 98 203
2595 16.795859850155946 -5.1769135917921778 3.5366381988217452 41 19 11 0.85716311704423764 26 69 50 40 80 363 4 410 84 63 83 57
2598 7.1528977251145403 -3.4512041168904166 3.4071413936872026 129 99 68 0.48250113291277058 28 80 50 70 80 140 71 119
4955 7.963856407090149 -3.6854124435180933 3.5016808587610107 235 179 127 1.6378761278385088 42 242 12 220 29 221 98 252 31 214
2599 6.8270077151137452 -3.3389329104323648 3.4582077283813244 219 163 114 1.4890858539070699 28 100 50 74 80 172 79 54 22 200 59 239 78 258 71 124 42 191 55 196 12 185 29 188 4 195 8 30 62 162
4956 7.7759128494709309 -3.7144612480760504 3.4163639795347356 105 85 43 0.99901428269020853 72 219 12 221 29 222
2602 6.7797612186394343 -2.9272364916901625 3.3550622386370708 117 81 53 1.4150299060359699 28 118 50 104 80 429 22 468 62 167 4 463 71 127 100 128
2605 4.2256674528541529 0.034020308466793013 2.2308549639741466 73 78 53 1.4491729845177519 26 126 50 141 84 138 83 156
4962 18.141516052449521 -5.7306299402128014 2.8632062709118924 165 150 159 1.1463753668627037 42 297 79 168 12 286 29 300
2606 4.0472453041710708 0.20173996191726756 2.1663002925264698 136 147 120 1.4192380627978112 79 232 50 145 80 129 4 53
2610 17.513575001946545 -5.1195858176188143 3.0209996275791346 70 57 22 0.63676216310349165 28 540 50 308 80 593 22 595 4 608 62 355 71 365 100 558 66 502
2612 6.9149607143578287 -3.2135014454904569 3.4202709308044832 160 132 101 0.98540261378116634 28 103 50 358 80 171 26 57 78 259 4 196 71 440 66 71 84 29 83 44 13 66 8 48
2617 6.360990673967664 -3.1954208323065481 3.7463692071388324 139 88 33 1.2225707977776916 26 292 28 393 50 427 80 690 22 705 4 706 62 644 71 701 100 403 83 326 84 317 8 344 13 313
2618 6.3427246949298599 -3.0751562956840033 3.724335461012958 72 43 11 0.66084269418554686 26 82 28 126 50 428 80 214 22 504 4 500 62 223 71 200 100 123 66 115 83 92
2619 6.5024510158860682 -2.954010197191081 3.6779749584821517 42 24 11 0.79322792670871578 28 128 50 431 26 85 84 66 13 108
2620 6.6585867377057033 -2.7290214948574176 3.6058441909725443 62 14 6 1.1273031622217091 28 137 50 432 91 103 71 176 80 467 84 89 26 299 83 96
2621 4.2332330127023878 0.065871506241329925 2.3219155333492374 42 28 23 1.3007731362048534 28 466 50 436 80 156 62 366 71 496 100 651
4978 1.3696222480473674 -0.45324979390007891 2.7202203556117444 100 99 103 0.23729881735272057 55 2 12 353
2622 4.1035931426603636 0.11694060164946565 2.3142046207093294 39 37 31 0.89516209225398213 28 473 50 437 71 511 100 236
4979 1.445165886939122 -0.48648668832485004 2.7400098020919246 93 94 100 0.0060165940446086467 55 372 12 356
2624 3.8839698948127213 0.3919288622499682 2.1814867742571513 49 46 30 0.58654865950840385 50 442 22 100 80 406 71 215
4981 2.2497993439338293 -0.29908340182350479 3.0933858401191667 6 6 7 0.43004172460776136 42 389 12 360
2626 18.557890831943368 -6.5247896181393292 3.237628872278306 161 126 82 1.3001384087391232 28 527 50 527 80 589 22 591 4 618 78 635 78 804 59 824 72 961 43 899 71 617 42 1017 55 1011 12 1015 29 1042 62 574
4983 1.6291100464702708 -1.2900442125675127 3.2294783512422454 49 49 49 0.29149915233951595 55 11 12 366
2627 18.445561314462179 -6.4967600380271762 3.2266736344352447 161 126 82 1.1054068364476699 28 526 50 528 80 590 22 592 4 619 78 805 72 962 59 825 43 900 71 616 12 1016 29 1043
2633 6.4462924768638077 -2.9091697289989575 3.6220890957326302 94 62 35 0.85073717810425786 26 295 28 399 50 594 80 692 22 696 62 648 91 446 71 704 100 417 66 367 84 321 83 340 13 335 20 94
2634 6.3802173094199714 -3.0060036729461217 3.7242838215906913 33 14 2 1.0651871287056784 28 398 50 610 80 694 22 708 4 707 71 505 100 415 13 331 8 364
2635 4.0295384659329514 0.38528735228241123 2.213788146236868 45 44 24 1.3342389281338412 28 763 50 615 26 605 80 662 22 629 71 726 84 736 83 727 20 457
2641 2.0440635504263773 -1.9177483669427717 3.5976575501012551 82 80 34 1.9703538107352161 28 638 50 794 71 766 100 629 66 569 13 522
4998 8.9989395587588543 -4.0709479981670471 3.7818434734600719 255 255 191 0.23469569630884168 42 548 55 547 12 534
2644 6.330956762720735 -3.1375057567383497 3.6816106932721335 75 48 13 0.41840031401750144 28 704 50 871 80 1008 22 975 71 994 66 673 84 686 26 648 83 763 13 632
5001 18.162932073598853 -6.2390123200899756 3.5220338355328353 175 132 88 0.85359049767022588 42 602 79 434 12 591
2647 4.0019622476953849 0.19980763297332568 2.3302316004695225 37 30 27 1.4227502612576028 28 854 50 882 71 1002 100 899
2648 2.1036589506859773 -2.1347966039566662 3.6428734786597796 103 106 72 1.5582378920678988 28 749 22 1002 4 907 59 876 78 873 72 900 43 912 71 1039 100 767 66 699 42 890 79 737 55 908 12 929 29 956 98 1061 8 715
2650 1.9919930861508897 -1.9195180982270139 3.5720607804938007 139 137 93 1.9496947654850776 80 1060 22 1005 4 1033 100 871
2654 5.1749795447242501 -0.90204873995877111 2.5684623456765094 103 48 55 1.3254370334997814 28 981 50 1029 80 1176 22 1133 4 1082 71 1234 66 940
2656 4.1198448134832839 0.15651993010409418 2.1525997136208455 124 133 95 0.16712695397588725 26 782 50 1035 71 1184
2657 1.8715271748027775 -1.9009990521300433 3.647785993102779 60 55 15 1.9864212606084086 28 939 50 1061 80 1207 66 890 100 966 13 779
5014 23.401414332896792 -7.9126600288808513 2.8672230535389285 255 242 227 1.9182457492899272 55 642 72 601 12 629 42 654
5015 1.327252033256437 -0.079504522970248362 2.8889219550940735 32 27 22 0.31864806101076604 55 884 12 656
5016 1.3455123542992788 -0.45520902756521714 2.7887965188693631 14 14 16 0.15927444753322434 55 667 12 657
2660 11.823238347607886 -1.6139933965030511 1.8313033250746773 217 219 232 0.95140185382955589 28 1130 50 1208 80 1357 22 1316 71 1357 100 1143 66 1120 13 1100
5017 1.5212738462072897 -0.47199473451477347 2.7810836351248973 7 6 6 0.072827129459612033 55 671 12 661
2662 1.9223434651387266 -2.2505983791602855 3.8185376881083104 126 114 55 2.1887283668231201 80 771 22 754 4 753 91 481 50 489 71 773
2665 1.7760387210818951 -2.049295553018831 3.7403724145093955 231 208 123 1.2066617784800211 28 855 50 1006 71 1161 100 874 66 807 83 787 13 664
2666 1.7765106156963639 -2.0742101670731516 3.7856190036651549 80 69 24 1.5205640724856702 28 943 50 1009 71 1164 100 964 66 887 83 868 22 1175 62 1148
2675 4.7982780981945199 0.44153489196176787 1.8385386409219278 70 84 73 1.2549098493494075 50 86 80 61 22 21 4 11 71 427
5032 4.3164638226276804 0.55387535761670204 1.8342230022840591 64 54 40 1.743664717114557 42 1079 12 895 29 690
2676 16.246499751112829 -5.5053028081414244 3.6320854880764601 66 34 7 0.72923394343427439 28 52 50 38 80 67 22 109 4 136 62 109 8 58 84 38
2677 16.153419707097584 -5.3913501991891568 3.7061779888235198 104 24 3 1.1286326342355042 26 65 80 70 100 67 8 97
2678 4.3173914274385892 0.21396225351340559 1.9830209636968386 104 124 107 1.1380042830205788 50 84 80 78 22 44 91 61 71 133 8 238
2680 4.3192280555712568 0.23897319890776414 1.9824277241559085 252 253 255 0.53443331294955865 50 118 80 82 71 135
2681 4.3192280555712568 0.23897319890776414 1.9824277241559085 252 253 255 0.53443331294955865 50 119 80 83 71 136
5038 5.2587687452866216 0.37013383645304038 1.9636758365514082 37 43 15 1.3629817593182505 42 946 55 936 12 921 29 941 98 862 79 853
2683 4.355249237213167 0.067585968573818919 2.194886203355682 65 66 45 1.3417425766709901 50 139 80 124 71 160 100 207
2684 4.3456396000915705 0.10326238474764121 2.2864893261979193 157 167 188 0.43013815144684592 50 161 80 125 22 118 62 84 71 185
2685 4.1285996353147549 0.094881817411368488 2.2643871820734711 98 97 42 1.2650485748982319 13 550 80 128 22 97 66 592
5042 12.320935697217472 1.1673862819981786 2.1845393487390727 48 64 54 0.69687648126450785 42 805 55 963 12 953
2686 3.9753027130178507 0.49413635004421597 2.1052826733003251 78 74 38 1.1344599246945746 50 441 80 135 71 500
5043 6.8435096864832543 -2.955961571800418 3.3032378792251293 255 236 168 1.0686759710881142 42 974 55 974 79 781 12 976 29 990
2687 7.2120391902698175 -3.4650680427964007 3.4153869540209807 129 99 66 0.40874716773729297 50 71 80 141 71 120
5044 6.2004818268604032 -3.091911180527751 3.4725046162410926 255 189 133 0.75326431638523594 59 843 12 977
2689 4.3042262719087745 0.12911624137043554 2.3156982176081673 63 68 68 0.28847202164990926 50 167 80 157 4 72
5046 14.940589665759779 -5.5643312953346191 3.4586235039930555 0 0 0 1.9256535145579519 59 826 72 1137 43 915 78 807
2690 6.9896434393032489 -3.3373863291105135 3.4164630842826456 192 141 74 0.22016582928559228 50 76 80 170 71 123
2691 6.6700812165568193 -3.2531947240688162 3.4507899395644981 154 116 35 1.4707120813656354 79 53 80 173 22 201 62 163 29 186
5048 1.1368806595998098 -0.46413466618168747 2.734021031466634 73 68 57 0.15512427291153685 42 1031 12 1029
2692 6.785661776930926 -3.2845795063162933 3.5185039341484607 253 215 161 1.6421639957412513 79 52 80 174 59 240 72 189 43 230 42 177 29 189
5049 2.5230149218888895 -0.29529889025043776 2.5999259868581333 173 168 163 0.53650157566824463 55 897 12 1034 29 1066
5050 2.9720836938320327 -0.23801909266525503 2.5617696699963779 15 16 18 1.5142035948137591 55 1044 12 1044 29 1074
2694 6.7051795190072285 -3.3536830124523229 3.534480346440549 162 123 65 0.97044971377031564 28 101 50 100 80 197 22 202 4 210 62 165 59 258 78 278 79 34 91 51 26 54 43 532 72 517 71 149 100 90 66 68 83 42 42 180 55 178 12 187 29 190 8 29
5051 2.0367358093325629 -1.8739921638245871 3.7022308657093563 55 51 15 2.3181928229818727 72 1059 12 1049 29 938 29 1088
2695 6.4549729230501365 -3.038869554096848 3.6822411041964824 51 32 5 0.98102971628246105 50 131 80 215 4 240 71 486 8 365
2696 6.3850715285821904 -2.8943394833490594 3.6889370799590062 51 30 15 0.81475476594979612 50 154 80 216 22 505 4 241 62 469 71 201
2704 6.6522579921383684 -2.7506783879882293 3.3678223000014209 91 50 32 1.2205626971960186 50 385 80 430 22 470 62 170 71 470
5061 3.9122953082367755 0.25242433233102157 2.205044814897223 46 50 32 1.195517620840999 42 1160 55 1164 12 1160
2705 6.5513119098154409 -3.110436702127636 3.5567142338388704 160 123 70 0.27707788809963579 50 405 80 439 22 491 4 474 71 468 62 448
2707 6.5658909786661974 -3.273083419389085 3.6453348075084682 255 255 184 0.68102222031457882 50 402 80 463 22 490 4 486 71 484 28 382 84 304
2716 4.145502632818868 0.34469386680987096 2.0064514879744269 59 63 34 1.1145334592380209 50 590 80 632 4 565 22 586 91 443
5073 1.6047587993626415 -1.2685905462364724 3.2718570494981618 3 3 4 0.20479373707575399 55 1233 12 1240
2717 4.1434823278439614 0.39571207042039291 2.0417904134080702 75 83 57 1.3441237241666097 50 605 80 633 91 444 26 487 71 696 83 581 30 367 68 281 2 622 7 294 16 233 17 296 25 457 57 260
2718 4.0585840158814968 0.43191262584405404 2.0102310687393827 255 255 255 1.4199836098884941 50 607 80 636 22 587 71 855
5075 3.9609779832987781 0.084734064156205741 2.0681520690183439 122 130 95 0.21273519029186372 55 1242 59 1156 12 1244
2720 4.0514160843139528 0.28448361459782512 2.1735752873611465 250 255 255 0.61284461314492389 50 613 80 646 22 626 71 714 28 754 13 699 84 725 83 717
5077 2.6370406898411001 -2.3583583709678333 3.9833175002337975 63 58 25 0.86759888831741183 42 1240 12 1258 29 1315
2721 4.1758929569348799 0.38849059209298803 2.1669020084811903 255 255 255 2.3158134780111226 80 648 71 716 30 473 2 724 22 625 17 356
2722 4.2170391810200831 0.13908433299069556 2.3181939247384595 34 32 28 0.60724930415825096 50 612 80 661 22 639 4 602 62 585 71 725
2724 6.9093122980794082 -3.482443790750585 3.5753759885178558 159 118 59 0.51357803299384019 50 576 80 682 22 685 91 414 71 681
2727 5.8826637436249101 -2.6542204560013185 3.4529053793133984 98 51 19 2.3669316876756215 50 595 80 697 71 705 8 396
5084 1.4737218798921501 -0.44406082806502523 2.9848146821015513 38 43 50 0.63519731380539712 55 1230 12 1309
2728 6.428944049671947 -2.7370388201942419 3.5650051439159811 98 51 19 0.90514626986039781 50 596 80 698 22 698 4 686 91 448 71 706
2729 6.322523853930397 -2.9614462726360244 3.7268834130885611 107 61 24 0.61687195748067747 50 430 80 710 22 709 4 708 71 722
5086 2.2675150687806287 -2.1945728868676468 3.7615088624965471 61 61 23 0.66999667415364317 55 1295 12 1323 29 1389 31 1477
2731 5.4828593739404434 -0.73619719159122132 2.5116471814758712 64 20 14 1.3050170252251414 50 864 80 828 71 979
5088 1.4403045220333972 -1.2178561693711545 3.1519580368351052 255 255 255 0.13102870973957392 55 1343 12 1357
2734 5.0461101157772958 -0.80218808148979137 2.6241182928746674 77 32 32 0.51753507987658465 50 875 80 844 71 997
5091 3.5466195991827121 -0.88828685735848922 3.0014830752365973 85 89 88 1.2719177713676919 55 1403 12 1412 29 1478
2735 7.3548345823270882 -3.8052083370934562 3.6277178277052768 255 255 207 0.63723131322050941 50 723 80 855 71 837
5092 1.8405786983960521 -2.3270043679414258 3.8985169707142515 0 0 0 1.7747690653187351 55 1401 12 1413 29 1500
2736 6.8068014612135741 -3.1159034601903359 3.4119018594129962 70 50 19 0.18887031700102261 50 737 80 856 71 841
5094 5.0590561398989093 -1.3551991835921608 2.6167447110702815 201 66 65 0.84580427832049121 55 1416 12 1432 29 1516
2740 6.0989348750993102 -1.3778860611879229 2.5347527736470399 113 38 40 1.3002030988547824 50 848 80 975 71 970
5097 4.1936256549474313 0.34774983801500842 1.963506228634861 114 137 177 1.7967817686430634 59 14 79 276 8 267 67 548 76 432 50 120 55 57 12 39
2741 6.6337307292333243 -3.26393970777983 3.5394112715209323 255 255 196 0.58754991209063578 50 861 80 1005 22 971 62 931 71 984 28 799 100 826 66 766 83 761 84 779 13 730
5098 6.8866705426678649 -3.4799982824542619 3.5645819000810191 158 117 57 1.0919508387707164 42 976 55 977 12 983 22 832 4 849 62 775 59 852 79 770 78 840
2743 2.1385895655722704 -2.0639497407516876 3.6115023285564005 115 118 83 1.4330868563720753 50 912 80 1049 22 1003 71 1040
13 28.437228066730786 -7.9399839176513245 3.0948641154773235 194 161 139 0.53633870064480815 36 74 48 61 52 77 99 82 37 124 73 202 32 184 97 241 94 28
5100 5.1908106001186187 0.56865056541167103 1.9233415529341982 253 255 254 1.1046069837361465 55 90 12 57 29 47
2745 2.0380093273568796 -2.1833309210694725 3.629437955107865 103 103 59 1.216317444474533 50 910 80 1057 71 1038
2747 3.927059891595067 0.23664608757518746 2.2315322478199771 54 63 69 0.02873586095516888 50 971 80 1096 71 1107
17 30.325341915521388 -8.5844591845588667 3.1964674482234132 228 200 195 0.61006876180522773 36 79 90 147 48 63 96 329 27 31 98 389 52 79 99 85 37 128 73 204 32 188 9 245 94 30 85 334
5104 5.6502068699626147 0.40597649772254357 2.0803482501326385 32 35 36 0.73733515974506603 55 453 12 416 29 441 98 868
2751 1.8949147292396762 -2.0110393395570192 3.601051230744881 105 109 82 0.41303482127996916 50 1000 80 1148 22 1109 4 1144 71 1146
2752 1.8874957752055384 -1.8701066547923528 3.5999671163257712 65 60 31 1.6553673267483899 28 856 80 1150 22 1010 4 1037 71 1148 66 808
2753 5.4295830268181362 -1.2561798431550839 2.7618488557259493 170 49 46 1.5463602338809208 50 1032 80 1175 22 1135 4 1170 71 1182 62 1082
5110 5.2464603578375115 0.13632494644811824 2.2617873813718408 113 112 114 1.0024556154163744 55 938 12 924 29 949
2754 6.7824040125493141 -3.4094047443015172 3.6185393484944912 154 112 51 0.058854248306154586 50 1028 80 1181 22 1144 71 1180
2755 2.0184841958325985 -2.1236501699673886 3.6184060994801084 88 88 41 0.43025490459693894 50 1057 80 1198
25 27.777130461346836 -7.5081912656403071 3.1258035559600015 156 125 68 0.82358611603658705 36 77 90 143 67 174 76 139 81 99 69 107 48 60 46 145 2 155 25 65 17 50 7 48 27 47 54 54 85 357 96 341 52 73 99 330 37 383 73 514 32 232 97 239
5112 7.1193259537861779 0.27441633615757843 0.93328069033365846 151 187 171 1.3220368513539387 12 1088 29 1124
2756 1.5640563778632772 -1.1422123190401043 3.2312551184740164 172 173 174 1.1272198874955055 50 1064 80 1200 22 1161 91 774 71 1209
26 31.747096598947458 -9.026463542932305 3.2665970749873536 226 194 185 0.78066478048733967 36 81 90 148 48 65 85 335 98 392 52 80 99 87 37 129 73 245 32 234 97 244 9 246 94 53 15 99 82 69 11 49
5113 4.8399639941247674 0.03869307434748262 2.2865627601975671 69 73 83 0.88789014536524746 55 1071 12 1169 29 1211
2757 1.8263623992810063 -2.0870750627554884 3.6748890502526579 194 191 142 1.2984481639067018 28 936 80 1206 22 1170 4 1208 59 1136 78 1105 62 1143 26 733 91 735 71 1154 100 957 66 884 83 860 84 875 13 761 38 452 65 378
2758 1.9000436508525855 -2.2162378062403878 3.746178443499427 255 255 172 1.2784017077301708 50 1060 80 1212 91 734
2760 4.1015432172188078 0.3025835248540456 2.044371334148178 85 93 52 1.1670809816358598 50 1082 80 1228 22 1181 4 1213 59 1220 71 1235
5117 4.9383750652797147 0.53267100362059516 1.8851049153539539 198 213 200 1.0453211337313626 55 1346 12 1359 29 1425
2761 5.4178453846452062 -1.2291227923107937 2.6359341304803401 181 78 94 0.51606330411605161 50 1078 80 1231 22 1192 71 1229
31 46.336204227136221 -13.552239627979004 4.3675184383666021 137 89 52 0.87691397030734874 36 118 90 195 48 103 27 57 52 88 99 124 37 161 73 251 32 241 31 362 97 289 9 272 94 60 11 96 98 424
5118 3.8941925348375568 0.20774750804899353 1.9570948478429657 104 117 56 1.3850995995525635 55 60 29 21
2762 4.1372226888948376 0.18699448516470835 2.2377813271800102 255 255 255 0.36657332129664516 50 1085 80 1233 22 1186 4 1216 62 1163 71 1238
5119 4.1836162176374314 0.18906761047457399 1.9705641236720401 224 252 255 0.56682430343885692 12 54 59 26 29 40
2763 4.2833419582028842 0.147486468103145 2.3315052355588679 35 33 31 0.94111349776422848 50 1084 80 1236 22 1230 4 1250 62 1166 71 1239
33 25.712021259672024 -6.3224739470632629 3.0976874188237824 123 78 49 1.6167687821679408 48 94 27 75 52 117 99 117 37 174 73 545 32 259 97 279 36 151 85 354
5120 6.2851872989771698 0.82545232699657856 2.0483159790106993 66 72 63 1.7371886386139632 12 71 55 108 29 77
2764 6.7087817423054332 -3.1552415593200189 3.4488302834540718 105 77 22 0.37769712550640516 50 1077 80 1238 22 1199 4 1225 71 1232
34 30.876771872591629 -7.9781641631735143 3.2388595689604145 146 93 51 0.88681915982681314 90 190 69 136 48 138 27 77 52 331 99 159 37 176 73 548 67 505 97 600 32 261 85 372
2765 3.3519909871144247 -2.3648920156348345 3.6555716294093159 109 100 65 1.0941143318791158 50 1092 80 1248 22 1209 4 1232 62 1176 59 1251 78 1212 71 1244 100 999 28 982 84 926 83 914
5122 7.8025079553035441 -3.2124231750173262 3.3761260318262396 109 81 53 0.88495171811831685 55 187 29 179 12 194
2767 12.045863210840466 -0.999575836916055 1.6154419734299896 92 103 112 1.4207260610562706 50 1108 80 1261 22 1221 4 1245 71 1261
37 46.045267645193327 -13.252475782293093 4.3276530832354378 178 116 69 0.94945340790532384 36 120 90 196 76 149 81 132 48 105 67 179 46 177 27 58 52 126 99 126 37 162 73 277 32 265 97 290 9 273 94 61 15 155 82 137 11 126 44 54 85 365
5124 7.1556416832063636 -3.2906100469310617 3.3672214543661489 110 91 56 0.50997184414761565 12 198 55 191 29 185
2768 3.2295633527936101 -1.1465645654267669 2.9222608924627202 73 84 89 1.935859692772695 50 1123 80 1274 22 1239 4 1226 71 1277
5125 6.7067976975048502 -3.3805430882452971 3.5175878819041433 255 250 178 0.96383901381810966 72 222 29 191
2769 1.5628231081915993 -1.0311375060234458 3.1599695984551457 82 89 93 0.60699280756444729 50 1174 80 1291 71 1323
5126 9.3926767447266322 -3.7804293342362159 3.5473889969214167 94 50 24 2.3970570584232829 72 210 29 217
2771 1.8371853431915763 -2.0275762191564635 3.6276314866691526 85 79 27 0.40071581902303316 50 1137 80 1294 22 1258 4 1271 71 1290
2773 5.630548161118341 0.5392124903530805 1.7776390471651899 32 42 35 0.98753337579121181 50 1155 80 1327 71 1340
2774 1.5713645443905224 -1.1454067797957801 3.2961975886497701 255 255 255 0.16333066274589209 50 1188 80 1340 71 1337
44 53.904703985509826 -14.897863367693306 5.6909570541015402 76 47 28 1.2390330574361783 36 157 90 213 48 145 27 82 52 149 99 166 37 185 73 301 32 287 69 164 97 331 9 312 94 89 15 204 82 192 11 165
5131 20.020600916520383 -5.8208517996270439 3.6116626184098983 0 0 0 1.5227460659436591 42 285 72 239 59 141
2776 4.3628134508509948 -1.1898354389772017 2.9383795857305577 50 13 11 0.69274961350868969 50 1193 80 1352
2777 7.0970617951118502 -3.571474231370896 3.5750605205374946 255 255 197 0.39347599893602436 50 1209 80 1361 71 1358
5134 16.21030702928492 -5.3461567475508227 3.0249374532631959 223 184 175 0.94243035310706635 12 269 42 288 55 278 29 286 96 234
5135 6.6153135186855057 -3.1655627945002172 3.561238945204841 0 0 0 0.054744027706048415 59 243 72 191
2779 2.8396726276999726 -1.2393700820967526 3.0396311584903257 178 180 190 0.71333681881412758 50 1219 80 1367 22 1322 71 1365
2780 2.3288854457108989 -0.19072012274187353 2.5773487631499576 161 159 162 1.2455018671597433 50 1220 80 1369 71 1366
5137 13.176233829192629 -5.2792212828084155 3.0599565225772132 111 39 14 0.85075741779039737 72 301 29 294
2781 1.8933985682927428 -2.1930835658639229 3.6902200225179245 226 215 155 0.2070582941282777 50 1221 80 1372 71 1368
2782 1.5437975033088447 -1.1813077377336814 3.2088986844348426 176 179 187 0.48681376227922618 50 1222 80 1373 22 1328
2790 4.3324359954443761 0.20618109128971437 2.0050246178888664 231 255 255 1.310654015690329 8 487 80 375 71 454 96 514 42 444
2792 16.504427660634999 -5.6761632588305417 3.6951144321729612 255 179 101 1.1680327918201625 80 612 26 38 28 343 22 632 4 640 62 374 13 468 8 579 71 636 100 553 84 292
2793 2.0981354720023804 -1.9768644444271846 3.5567634080345831 78 51 22 2.089637584063901 50 658 100 436 28 472
63 27.765198864573385 -7.6786892534398374 3.1259902764825784 103 86 62 0.52378609286316913 36 389 90 399 76 112 67 170 81 97 69 319 48 303 2 354 25 274 17 183 30 262 7 199 27 262 54 221 96 629 52 302 99 328 37 363 73 503 32 506 97 568 85 661
5150 4.3156543474137186 0.24914485596456037 1.9375136018178944 94 118 59 0.53847727145009905 12 400 42 442 29 417
2794 1.9763726967582329 -2.1767611668615112 3.6403735664379524 125 124 84 1.7124553897722492 50 996 80 1146 22 1107 4 1142 59 1135 78 1104 72 1208 71 1140 28 839 100 860 66 876 42 1050 79 866 55 1057 12 1065 13 858 8 921
2798 4.0763959620402046 0.41832644710869304 2.0955169617041927 17 16 8 1.4494512729147482 67 1072 28 756 50 752 80 832 22 602 71 861 100 794 8 902 22 786 13 809 66 827
68 34.630888122816934 -9.550157962952305 3.3695920448113332 59 44 13 0.75266114531770645 76 146 81 131 48 97 27 282 46 153 69 140 90 188 36 426 52 306 67 178 99 352 37 388 73 521 32 530 97 588 9 587 94 375 15 420 82 619 11 598 85 360
5155 6.5632462928637443 -3.1688555377280916 3.4974638091266859 146 104 57 1.3339059287036377 12 491 55 510 29 503 8 46
2799 4.8621047031293259 0.33290069808392236 1.8777030466406619 42 58 15 0.98710088754163527 80 57 22 22 4 22
69 32.989430513830357 -10.055857937753659 3.3196759921053118 254 248 221 1.4408278314490079 55 345 12 330 96 330 29 339 42 364 59 420 78 158 98 785
5156 5.9069433835601304 -3.1013222224129193 3.5979638940496628 32 11 3 1.9217831648836607 72 926 31 191 29 504
2800 4.5066757393186059 0.43217928462304228 1.8669636124044966 77 101 30 1.1762675363187138 80 358 22 26 4 14
5157 7.0628956016191511 -3.1700427296777112 4.0822953481026838 32 11 3 0.66884473846638093 12 766 29 505 55 769
2801 8.7242212610387782 0.86449337773966772 2.0029454565712821 80 81 84 0.85655545674265576 80 76 22 41 4 32
5158 6.7268478543995425 -3.2240933034700934 3.8057180002727553 111 70 38 0.84207669732648449 12 773 55 504 29 506
2802 4.4076775188942268 0.32075090265582218 1.9328962589750469 195 226 255 0.79954191801743379 80 376 22 47 4 24
2803 4.1049305740045767 0.30142017220219552 2.0404384473637065 77 86 29 0.38862439305733276 8 498 22 67 71 163
73 36.433829154011271 -9.7197897408988982 3.6630300567140699 113 80 28 0.91288687582574735 36 430 90 194 69 143 48 139 27 78 52 121 99 161 37 179 73 551 32 552 97 602 94 401 9 609 85 378
5160 11.785486689216658 -4.7226872261096107 4.3699782935327551 120 70 33 0.65481047967336847 12 242 55 244 29 566
2805 3.8857714850438847 0.35451401660151616 2.2142933271337908 81 78 69 0.55869336560786309 80 159 22 101
2807 8.393617915897142 -3.155497744918963 3.3596990576142067 92 59 36 2.1319481107310421 80 148 22 166 50 360 71 424
2808 7.5465702027386019 -3.7379240054515535 3.4427990857592001 161 117 88 2.7101733518338857 80 138 22 181 59 484 71 92 29 545 72 550
5165 6.6048672267786168 -3.1363291242701608 3.5956669798939531 0 0 0 0.72316830353408179 72 499 78 501
2809 7.1482437553223974 -3.4307935819826221 3.4334724109074011 122 95 59 2.0086689635151691 79 60 22 184 59 236 78 257 100 91
2811 7.050879463304212 -3.3952442791565511 3.3980533086838269 255 204 149 1.2218013931514276 80 145 22 186 4 190 71 122 55 193
2812 7.2779973276639529 -3.2567736472973707 3.3660559029094821 174 139 108 0.53306975898926201 80 147 22 188 71 438 84 31
5169 3.8907182079731828 -3.5156501242711231 0.84719689822341449 181 160 159 0.51634550159430515 72 496 29 611
2813 7.311387298976034 -3.81007904695841 3.6460753766081533 255 255 199 0.43524932852927378 80 168 22 196
2814 7.311387298976034 -3.81007904695841 3.6460753766081533 255 255 199 0.43524932852927378 80 167 22 197
5171 18.466257093379234 -6.283638103339098 3.3091177215170293 162 127 87 0.32610447358707739 72 584 29 615
2815 7.2836443707854865 -3.7891788226171657 3.6612803444877113 155 102 77 0.54747299530054194 80 169 22 198 4 207 71 117
5172 6.366851521066681 -3.2969090788700188 3.5683556895395592 0 0 0 1.1911803168113657 59 488 78 521
2817 7.1205406342348523 -3.6660111269495546 3.6971688359408073 130 87 50 0.391089296083166 80 192 22 219
5174 8.1788878996494692 -3.5101234148809999 3.5711211862529053 0 0 0 0.12678684937779278 59 468 72 514
2820 7.1162637237744581 -3.678592458739828 3.830026989247004 249 170 91 0.77051467686916875 80 211 22 232 50 128
2821 6.283972238347757 -3.1281070125894135 3.7432463574862846 123 49 7 0.9690986170296837 80 227 22 236 71 198 66 114 8 44
2824 1.3339686479805746 -0.48413895934919343 2.880522954712418 212 197 173 0.31516089217327919 80 274 22 285
2825 3.5948408189217265 -2.8809491575489847 3.9385006553321955 124 113 74 0.3437620032297265 80 258 22 289
2827 5.0484046707784147 0.56828040930798418 1.7778645323785731 45 53 43 1.346301109383675 80 356 22 338 4 7
97 31.866988546899197 -8.9547970280309599 3.2016336469600213 73 58 39 0.53811113286543422 90 406 76 142 81 321 69 110 48 307 46 148 27 264 36 606 85 675 96 639 52 305 99 333 37 387 73 517 32 751 97 800 94 624
2828 4.6649046644353369 0.2546852849293228 1.937276421486521 76 97 57 0.71299648684234318 80 373 22 355 71 426
5185 6.3621177318091995 -2.9828014205854796 3.3164435124235982 73 51 21 1.3391380722082928 55 774 29 800
2829 4.4854071998478293 0.24196120557276971 1.9650310924036183 200 232 255 0.66243261340519943 80 374 22 357 4 340 71 453 50 373
5186 9.0880308569799713 -3.1441157155414174 3.831182927903666 0 0 0 1.3109205843457228 72 480 29 806
2833 4.4012208168636358 0.091878379519301168 2.311196966017933 36 27 17 0.73202828509881857 80 846 22 421 62 584
103 56.749474538852894 -16.176837134308411 5.5409517819681735 128 86 53 1.5012085748644393 36 634 90 627 76 451 81 360 69 355 48 488 46 381 27 468 52 464 99 513 37 577 73 720 32 773 67 191 94 639 15 677 82 639 97 831 11 619 85 680
2834 8.8631310272334343 -3.9922959021037863 3.5017569482271589 228 157 119 2.5575827944018581 80 388 22 439 4 447 71 648
5191 18.930526793631405 -6.313900262238092 2.955769769798708 255 239 224 0.47047069697698995 28 330 50 22 13 270 8 359
2835 7.4270695913751039 -2.9605548737917853 3.3391842841908876 246 175 130 2.1698605622784566 80 417 22 453 4 668 71 443
5192 7.6067000662524258 -3.3721412839865268 3.510291263881117 0 0 0 1.6388601462846824 59 470 78 489
2836 7.4341949790544097 -2.9611671414082359 3.3603606837442115 246 175 130 1.8209011642250617 80 418 22 454 71 442 50 361
5193 21.49120990331425 -6.9349056504660771 2.9335081349179895 100 95 35 0.38417938975061078 42 848 29 872 55 862 12 849
2839 6.9541603782130847 -3.5965070362273583 3.7494198016150526 145 101 40 0.83305352250199394 80 437 22 487 50 381 4 484 71 463
5196 3.8952573860545763 -3.6254451318468925 0.64315753069104509 77 57 43 0.030084887608091172 72 509 29 878
2840 6.6384517824421616 -3.2560428514718258 3.6243666957091154 160 120 60 0.071882609792086175 80 438 22 489 71 465 50 403
2842 6.412500625940325 -3.0045133577285861 3.8161454327324762 76 44 13 0.9816400650431345 80 481 22 511 4 254 71 506
5199 2.1403300141143378 -1.9072518830602889 3.6969948083053179 60 57 26 1.7821969564309637 72 887 29 946
2843 6.3878733800470071 -2.9380022404878972 3.8345131675512305 104 58 29 1.3005735225496311 80 482 22 512 4 257
2844 1.9151674605579683 -2.1754326225393954 4.0147195498135932 111 91 34 0.63745310886601037 80 558 22 556 50 256
5201 2.3283437540312506 -1.1849892184390411 3.8056029889424954 0 0 0 1.1659964093071571 59 796 78 838
2847 3.7975210552699954 0.26719398108160208 2.2207681991113248 44 43 23 0.94100436683704647 80 663 22 628 4 588
2849 6.7127989071768202 -2.9016778392473586 3.4547805210693561 68 51 18 1.2251528262314806 50 581 80 684 22 687 28 566 4 676 26 435 71 685 20 266
2851 6.0038909238432696 -0.72193766595242315 2.4814657817309604 100 47 50 1.6831347424098215 80 983 22 798 4 802
5208 3.6735502543815843 -0.13943801100410308 1.8617266391919325 68 70 78 1.9756197016486077 12 1051 29 1084
2853 5.103862886047839 -0.78428461888231848 2.6253030952866845 79 34 34 0.5871211187318891 80 843 22 806 4 811
123 28.738828363412466 -7.6820972616869589 3.0225810801508786 46 34 11 0.98943542867733525 36 772 90 612 67 753 76 674 81 514 69 473 48 470 46 517 25 470 17 364 30 477 27 454 52 539 54 453 37 722 32 943 73 884 99 631 97 983 9 1004 94 794 15 818 82 794 11 755 85 852
5210 21.522517339669037 -7.174425956267596 3.0749790560263413 145 128 99 0.5017251505201229 42 1131 55 1136 29 1176
2857 6.7026995373135003 -3.3698845533626161 3.8976442333183363 88 51 22 1.4064658403640011 80 708 22 854 4 864 62 797
2858 9.0991573779624773 0.76787286217471584 1.2600030546629157 85 88 85 1.9773349024264006 80 574 22 908 4 1050 62 982
2860 19.628920032756827 -6.9878949017899519 3.5054679940986375 255 255 255 0.42549454018174532 50 826 80 964 22 936 62 892 71 946
2862 17.607297841732453 -6.2230622034345942 3.8716276971898433 41 25 12 1.3102880583324121 28 679 50 834 80 965 22 941 4 1090 62 903 13 608 71 954 100 705 66 648
5219 7.8195138314699886 -3.3098467057291376 3.4144767016035158 101 80 36 0.46963017487736985 12 1282 55 1273 29 1346
2864 7.0209571168187308 -3.5953416709613446 3.670397696928037 255 255 255 0.59475559077150397 50 736 22 970 80 866 62 784 4 855 71 983
134 28.856259545261921 -7.4219699926591733 3.1494180540569308 96 58 32 1.1574144806065285 76 675 76 825 81 515 81 642 46 528 2 637 25 471 30 575 17 423 27 583 54 457 67 763 90 756 48 561 36 860 52 555 99 632 37 732 73 1007 32 1091 8 415 97 1129 9 1139 85 854
5221 4.2332291177552914 0.043775747482075134 1.9252089023775902 255 255 255 2.1387434535793739 12 1360 29 1426
2865 6.4093732695830603 -2.7216703690643156 3.6057272058643108 102 54 27 0.86030653074627628 80 1010 22 972 71 996
5222 21.698851549371792 -7.0176419472477649 2.9651547467848336 118 108 54 0.53413372475298415 42 1363 55 1356 29 1442
2866 2.399392577148681 -0.3413536139727405 2.6371038839750978 162 159 158 1.9024603119097245 80 1021 22 973 4 972
2867 2.399392577148681 -0.3413536139727405 2.6371038839750978 162 159 158 1.9024603119097245 80 1020 22 974 4 973
5224 1.7891048778388594 -1.5826008088745214 3.5363469044599616 0 0 0 0.25152342851862963 42 1436 29 1531
2868 2.3044233724848437 -2.0592745137933441 3.6589418586786935 70 68 35 1.494373750821435 80 1047 22 999 4 1031
5225 1.7891048778388594 -1.5826008088745214 3.5363469044599616 0 0 0 0.25152342851862963 42 1435 29 1532
2869 2.1846787818640494 -1.972768974732624 3.6228284026779303 139 143 97 0.67646255774479391 80 1050 22 1000 4 1032
139 30.467996287357515 -8.9071550795342933 3.4072896893178579 181 152 128 0.9572017036453947 36 925 48 617 90 839 27 672 99 758 37 887 73 1081 32 1152 97 1196
5226 7.7109809896604293 0.68979384988280623 1.075940872624052 156 194 177 1.9100896235854712 12 1444 55 1424 29 1535
2871 4.552614017236559 0.34136916268912348 1.9148030634658657 87 109 65 0.96173574582329791 50 857 80 1085 22 1031 4 1055 71 973
2872 11.910796586935886 -1.4878395264598645 2.6493512441272604 77 76 78 0.66808365803103564 80 968 22 1034 62 910
5229 4.4946135567220153 0.25371690529067226 1.9371053345739071 78 98 57 1.7073026184367881 67 786 96 790 12 402 29 419 96 528 42 450 12 692 85 782
2874 3.845591709728772 0.448294276073401 2.1432513479059669 88 68 43 1.075319199893501 80 1093 22 1042
5231 6.189327088863247 0.45532016059689723 2.204638479913938 46 44 37 0.89486663172241565 12 96 29 82 55 118 98 580
2875 3.8497672493138331 0.34232704337792985 2.289346984069657 121 105 83 1.9393955248166712 50 1039 22 1045 4 1073 71 1241
145 47.919543658265994 -14.721431336266216 4.4623668107103596 255 255 255 0.80445546878525975 90 920 48 665 27 728 52 692 99 793 37 932 73 1144 32 1208 36 975 97 1247 9 1271 94 1101
5232 10.160723832441903 -3.7944874403278557 3.8659037441252346 173 108 44 1.717221803545657 12 211 29 216 55 228
2877 7.0137773842960494 -3.0003043214926688 3.337088139014035 69 49 25 1.628147730288481 80 1097 22 1067 100 930 28 893 66 859
147 29.436962755094402 -7.4383179503443468 3.2881509706892831 80 46 23 1.2428184847892156 90 927 67 1187 76 1024 81 838 69 715 48 740 52 698 99 799 37 935 73 1148 32 1212 85 1307
5234 11.6649973148595 -4.8179454843072396 4.3962531930062854 64 35 18 0.73715450411964845 12 547 29 569 55 564
2879 6.7761759176872376 -3.4209422770885451 3.8578099775167192 35 18 5 1.1497355612635194 50 876 80 1104 22 1077 4 1110 71 993 62 1018
5236 16.517076873397446 -5.222540006213702 2.8548495902584654 75 57 25 1.3765173104215975 55 849 29 855 42 834
2880 6.3835339489411771 -2.8995264663561566 3.7499338596416223 117 64 30 0.97101731957000526 80 1108 22 1078 4 1111
5237 17.45242502519147 -5.2071039567449979 2.957455495692344 95 65 44 1.6226039392692329 55 276 29 284 96 267
2881 1.9052657171066927 -1.8685568547332276 3.5299709440713851 49 45 20 2.1160396891045532 80 1141 62 836
2882 1.9238135092861066 -2.2559098748078856 3.7269919186123897 113 101 58 0.69072932910847784 50 998 22 1112 71 1144
2884 3.4488129786943054 -2.5492322708683806 3.6799184452260922 125 109 64 0.72216716236239731 80 1191 22 1153 4 1199 62 1119
5241 12.699397689865508 -5.0964513353540175 4.7234149397725265 193 108 51 1.2279400578561139 12 548 29 570 55 565 98 694
2885 1.2939405141443234 -0.34323730872587638 2.8300676560338132 104 104 103 1.756605401994515 80 1195 22 1155 71 1255 50 1105
2886 1.3277611692780098 -0.46257866312912166 2.92186381794926 103 103 105 0.40971478965407493 80 1197 22 1158
2887 2.0789657565915118 -2.0164916686843393 3.6054816559091902 76 77 31 1.7975908240511203 80 1199 22 1165 71 1208
5244 1.2347236636026171 -0.40567465489047838 2.6820182356660545 122 129 151 1.1127561932839496 12 1428 29 1511
2889 3.8410685546771304 0.22822219423868903 2.2331493757052141 50 55 58 0.86314773616359231 80 1237 22 1187 4 1160
5246 10.434923611686486 -6.0425416863250225 11.577544804005715 0 0 0 0.038922671802486347 96 893 100 865
2890 17.908744245110558 -6.2051925810957362 3.6519624836095619 255 255 255 0.25210592564509587 50 1072 80 1220 22 1189 4 1221 62 1164 71 1223
160 41.544468150899945 -12.726821396321137 4.0610202353527916 177 157 155 1.186917902098521 48 68 27 32 52 45 99 89 37 134 73 206 32 509 9 203 67 152 97 248 36 368 94 361
5247 10.434923611686486 -6.0425416863250225 11.577544804005715 0 0 0 0.038922671802486347 96 894 100 866
2891 5.2841077365618672 -1.0565233665572964 2.6222933682984846 69 20 12 0.75020035104537286 80 1235 22 1193 4 1220 71 1233 50 1079
2892 6.7025404001840725 -3.366241944035214 3.7377131930169871 255 255 251 0.59678622341699583 80 1241 22 1201 50 1081 4 1228 62 1169 71 1236
2893 1.256445899714673 -0.45072649253864655 2.9080549637680906 55 52 44 0.30763394511791176 80 1292 22 1210
2894 1.9914801413033705 -2.0558900412242629 3.6294631680363874 113 116 85 1.9121843568991619 80 1254 22 1215 4 1236 78 1164 71 1249 50 1097
2895 1.9506736452696667 -1.9629210166169191 3.5886143215964741 73 71 33 0.39201481719385822 80 1255 22 1216 4 1237 71 1250 50 1099
2897 3.963193721826368 0.24024111424307021 2.3244626509099695 44 43 44 1.4011883648099344 80 1306 22 1231 4 1251 62 1193
2898 5.4155135140553767 -1.2665769051646356 2.8801032780802873 255 181 157 0.81055310325595364 80 1268 22 1237 4 1256 71 1270 50 1115
2899 3.1434435811841426 -0.95598691799013313 2.9298221344261344 70 81 82 1.1417757610975947 80 1276 22 1240 4 1227
2900 3.5038956951956606 -2.5451120699014065 3.5943233308331473 147 136 96 1.4234947741736483 80 1277 22 1249 62 1205
2901 3.3989986064835143 -2.3805388459057077 3.5579259666787224 75 66 36 0.69246104625062788 80 1278 22 1250 4 1263 62 1206
2902 3.4264077538383275 -2.5622556998897106 3.7625968601501336 255 255 145 0.64107188129070769 80 1282 22 1253 4 1266 62 1213
2903 1.2916799348419248 -0.35127761278760883 2.8815868953559129 251 232 204 1.6883435971629128 80 1288 22 1254 71 1324 50 1176
2905 4.2188591464677678 0.17741549337804149 2.0813210749742024 255 255 255 0.66047463348281277 80 1360 22 1311 4 1325
2906 8.829781457161733 1.065055621780536 1.0626385001072873 157 194 174 1.0550581380160036 80 1365 22 1315 4 1332
2907 2.2382442819615584 -0.24352279431766136 2.5614269448801323 158 157 161 1.6837687906367942 80 1368 22 1320 4 1340
2909 2.4709210534901231 -1.6272008015670665 3.5480008206641291 0 0 0 2.0908073091406081 80 1375 22 1336 71 1372
2910 2.4709210534901231 -1.6272008015670665 3.5480008206641291 0 0 0 2.0908073091406081 80 1376 22 1337 71 1373
2911 1.8625923132795719 -2.1245352118127316 3.6500158702385281 106 102 76 1.0979263275548197 28 990 22 1218 50 1136 80 1293 4 1270 59 1256 91 802 71 1251 100 1008 66 941 83 929 79 1011 84 876 13 857 8 920
2912 2.1742604933316398 -1.9023929874021042 3.6167373906967391 55 48 26 1.0357525180823799 80 753 22 748 4 741
2913 7.2470385066790444 -3.5569133747176869 4.254522092153981 254 125 60 0.04531185409575697 80 235 22 256
5270 19.047122193826098 -6.1861042238463275 2.7297392202119006 0 0 0 0.42332651474756916 12 603 96 590
2917 4.0340578202247217 0.332141940377013 2.1855296614897006 29 37 15 0.7549055778855408 28 636 50 614 80 650 71 717 100 673 66 607 13 564 22 627 26 496 83 586 84 603
5274 6.5004105669033452 -3.0379601929425766 3.6191573335050982 45 36 6 0.56455467257992886 26 434 28 577 50 592 80 691 22 695 4 856 22 846 62 635 91 431 71 702 100 597 84 532 66 536 83 504 8 366 13 317 20 263
2919 4.6180023395186245 0.40061724676419491 1.86767640318054 146 166 189 1.1055541916901346 22 25 4 12
5276 2.1882176583386719 -2.107538240254279 3.6709749119860504 84 87 61 1.361694296986121 29 1110 59 1030 72 1070 43 1079 42 894 79 738 28 844 66 798 84 796 83 781 55 1055 12 1063 31 1169 98 1059
2920 4.6180023395186245 0.40061724676419491 1.86767640318054 146 166 189 1.1055541916901346 22 24 4 13
5277 2.2897616390795359 -2.0706450407475931 3.704636202383508 87 80 41 1.8822823609570851 8 729 100 768 13 661 28 753 66 703 84 705 83 545
2921 4.2116851916033884 0.33411981469448937 1.942451074789596 144 166 186 1.6697140644645474 22 50 4 28 59 10
5278 1.6271379045914853 -0.95969928182786213 3.1795137978583021 82 90 98 1.8441378667821908 26 848 84 995 83 994 13 989 66 1034 28 1064 100 1055
2925 19.021636362924873 -6.3214524316321201 3.1230454072571652 225 182 160 1.8103746710776143 4 84 78 161 59 156 55 307 79 162 42 303 12 293 29 308 72 258
5282 1.8051863109483419 -2.0015400876792269 3.6883016439603038 143 137 93 1.0758266231266131 8 938 13 870 22 1171 59 1206 78 1166 50 1062 80 1213 28 992 62 1183 26 791 91 736 71 1211 100 965 100 1010 66 888 84 878 83 862
2930 17.2178226292821 -5.5920795251697966 3.473885844712576 130 97 69 0.58583818638049612 50 33 4 134 100 53
5287 6.5780518199986702 -2.8565116809954652 3.6360051252664256 10 6 2 1.0389223302188857 13 851 28 903 66 866 84 867 83 851 91 670
2932 16.289533580783953 -5.5673294167485867 3.7657899834689004 94 33 8 1.0560813293378415 28 50 4 153 62 108 8 57 13 49 100 51 66 37 84 39 43 546
5289 30.816288949844569 -9.303311641454771 3.1666706751707601 35 28 11 1.4828885807046686 12 861 29 884 59 626 55 872 96 1043 42 859 31 901 98 1015 59 421 79 686
2933 2.6410343216540104 -0.3384008242358888 2.6309399281364887 87 83 76 2.0172133808100674 22 212 4 167
5290 6.5674490979666045 -2.9990593715544107 3.5490155142416242 43 27 6 0.73858584167770214 28 705 80 867 22 847 50 872 4 985 62 785 26 649 59 987 91 519 71 856 100 828 66 770 84 687 83 660 8 731 13 633
2935 7.2894961578996611 -3.2606594655821546 3.3934808694931213 143 109 71 0.75842383779091127 22 189 4 191
5292 1.8758523665425606 -2.0451050787056695 3.6494994869260151 61 58 18 1.2074760971290333 26 866 38 520 65 433 28 1060 100 1044 66 1028 83 1005 84 1018 13 979 8 1013
2936 6.7335610233141567 -2.9506549831074502 3.3945503253192548 125 87 67 0.44261465710073195 22 205 4 198
5293 2.142660469254309 -1.9497639849655701 3.6720043489730463 75 66 37 1.4754444145220773 26 608 28 760 100 770 66 707 83 696 8 606 13 665 84 567
2937 6.558854291695364 -3.2116092028942154 3.4969382286092916 255 216 158 1.1109306999687851 22 204 4 209 55 175 29 170
5294 4.0352452852643843 0.46394840897227574 2.2419291948669584 125 108 85 1.6489789861693895 28 860 100 905 66 833 13 819 84 899 83 819
2938 6.558901457176189 -3.1525895741865675 3.5372562631210855 253 207 159 0.37689141051361896 22 224 4 213 62 204
5295 2.0162922998585318 -2.0003058577400576 3.6370261878054637 47 47 20 0.6141437796569903 8 1018 13 980 28 1027 100 1045 66 999 84 982 83 976
2940 6.536720955752287 -3.1755608214852065 3.6467152246189745 255 213 134 2.0770281567665845 50 130 4 235 78 282
2942 6.9084499072016747 -3.5612312802680175 3.9520016831016771 31 16 7 0.48141897209542528 22 247 4 268
5299 1.9077761013502288 -2.1963817984593628 3.6952941203240379 107 103 73 1.6049402099231831 79 1160 28 1139 100 1144 66 1124 26 936 29 1514 13 1101 83 1088 8 1124 42 1421 12 1438 55 1419 98 1637
2943 1.9383527075059355 -2.3710021918589521 3.892121413457879 69 65 25 0.42364137321989515 22 554 4 323
2945 4.829030552588903 0.36763227603875948 1.8703760121781274 44 66 13 0.87149324607053491 22 339 80 58 4 337 71 110
2946 4.4633465554757743 0.26450951702875669 1.9390672973122101 89 113 57 1.3596815194637342 22 356 80 622 50 374 71 428 66 589 83 560 13 542
2947 4.505271486246496 0.24144730239933215 1.9930770810027061 124 144 136 0.44370409573237291 22 358 4 341
2948 3.8566907586070678 0.23146297369609373 2.0903358768456726 63 67 54 0.037004562998342247 22 384 4 352
2949 4.543362429658151 -0.0088644537183324955 2.2306093427947147 50 15 14 0.44179922179437575 22 402 4 358 62 365
2950 18.033190077147832 -5.0733155858840462 2.9038488827716877 86 60 39 0.8985506048866535 22 374 80 40 4 380 50 34
2953 6.5530312081990925 -3.2944695801553587 3.5682999240316238 185 140 79 0.91855413896130012 22 488 4 470 62 445 72 749
2958 7.5748322832675488 -3.731601232332407 4.2127615406249168 111 61 28 1.603383734911257 22 248 4 508 80 226
2960 4.0585545446351778 0.2688013986455865 2.0904598633736007 129 142 111 0.95262702828953005 22 601 4 573 59 535 71 854 80 823
2962 21.776716853823412 -7.6923687019954521 3.2045579515330598 255 234 225 1.5091998698699998 80 587 4 605 22 364 50 520 62 559 71 611
2964 16.974097919514101 -5.5944444186027678 3.3854897599000537 255 240 207 1.0556966322106822 8 582 22 612 4 621 59 811
2966 7.9636608696582396 -3.6939565028024384 3.4685978035102587 94 73 36 0.30994130305894124 22 669 4 674
2969 6.6142157254441303 -3.2102045558560035 3.6971868782416504 255 255 183 0.30701811497326575 22 706 80 464 4 698 71 485
2972 1.7793751429827753 -1.8437517604452143 3.5899441274345469 89 79 41 1.2410309519913632 22 895 4 746 71 921
2975 6.8847467710972285 -3.4751728025663975 3.5649150631356972 158 118 56 1.2398488604121203 22 833 4 850 62 776 59 853 78 841
2976 6.4968514157966046 -2.9465441487122455 3.6938123636042044 44 24 14 1.0148016857721962 26 572 28 581 4 858 100 604 84 689 83 675 13 500
5333 30.098529475186751 -8.5352821620169177 3.0156444838622609 193 163 156 1.7035082096780767 17 44 25 63 29 323 12 306 97 242 42 343 11 47
2978 4.5666974665320481 0.069599553056976904 2.0113399894088295 36 35 37 0.44301103896690985 22 925 4 928
5335 31.903323948404246 -9.0706864587200187 3.2823744743924315 226 195 186 0.5725800860038337 48 64 90 149 85 336 98 391 52 81 99 88 37 130
2979 4.4020265950592501 0.027349486776458504 2.3005898507823632 114 113 119 0.44476585674914099 22 947 4 936
2980 2.6226251199836605 -0.30658328383287703 2.6424854844810892 47 46 46 1.8885559857580465 22 969 4 970
2982 1.9113585315182313 -2.2289922553895027 3.7775075256173039 138 122 64 0.12709276218787563 22 902 4 1043
2985 3.8602320371459737 0.34849994372697435 2.292964355455708 120 104 81 2.2046992110071835 22 1044 4 1072 71 1240
2987 1.7808104882900935 -1.8939881684003468 3.583713466805817 67 60 21 0.84851976080780633 22 1111 4 1145
2989 4.3914411789925234 0.052791345702270398 2.1796110402778375 115 114 118 0.94217535543588171 22 1185 4 1158 62 1076
2993 7.3461843642544533 -0.67871039190042826 2.4151085154915646 107 53 51 1.359474719758949 22 1183 4 1215
2997 3.5258338020139899 -2.2168137719881451 3.4895645259276122 81 74 45 0.35319297790258197 22 1291 4 1306
5354 4.1537416110640741 0.46638389949363501 1.9128070180863694 62 75 53 1.1149446992232876 67 803 85 570
2999 1.8734279391941742 -2.1820036901935236 3.6721911770816313 183 175 123 0.18074683074760084 22 1330 4 1357
3002 20.366079296830847 -6.5876581622059716 3.0901168045945799 255 229 215 2.0038790299221407 22 369 4 378 43 721 72 775
5359 4.4018499227565142 0.44187733847892219 1.8484726743234301 255 255 255 0.45288228006973696 81 523 76 707 69 437 67 809 85 594
3003 7.8476083592794197 -3.383916010596058 4.4861524469871359 237 29 1 1.4595715881601623 22 259 80 487 4 518 71 514
3006 3.0046153622915921 -1.1612320022413332 3.4154527088275994 0 0 0 1.2797660777311652 22 874 80 1028
3013 6.7083201691174157 -2.8619922870563217 3.3602294987072723 137 93 73 0.89218451801739207 80 177 62 168 71 153 100 129
3014 3.8643023536462762 0.21331356410444913 2.6464916092005573 139 155 168 3.3875465170565144 4 141 62 174
3015 7.3574198899767653 -3.8009746078171243 3.7403557659306927 95 60 42 1.184370757890582 80 190 62 191 71 118
285 29.275819918349864 -8.4920653265854895 3.1177834635875574 182 153 127 1.6141658352242878 25 567 2 794 17 450 30 615 73 1082 32 1151 81 741 97 1195 36 924 9 1209 94 1020 67 1031
5372 22.063688506689278 -5.653294792619838 2.8640125813968833 97 76 57 1.0063428503573137 67 166 96 319 85 658
3020 4.3216843818668069 0.12768598728469471 1.9375774709219573 83 107 51 1.1511496533961001 4 339 62 324
3022 17.528700939763308 -5.9815032518450293 3.4791131953242562 255 255 248 0.31045471794722934 4 408 22 394 50 302 80 53 62 353 71 46 28 33
3023 1.320187534285163 -0.43205723694865866 2.9214839975391036 210 195 171 0.34256624149457815 4 276 62 497
3024 18.120752885208791 -5.6742083150394782 2.9059170912242318 72 53 27 0.80873045894489815 80 592 22 593 50 530 62 562 71 618
3031 3.694150960678424 -2.8052336058536782 3.8454188690872924 64 49 20 0.76116266595038384 4 890 62 951
3032 3.5517915178230623 -2.7223375670672483 3.7373074935177168 117 101 62 0.25612149410268903 50 980 62 952
3033 4.046954625665542 0.31446883997746233 2.1292541901357667 198 213 221 1.5982561023496733 79 995 62 990
3036 6.7830775228335289 -3.441416562477071 3.6111703563193309 187 134 69 1.6052184067434225 4 1182 62 1094 12 1284 59 1194 29 1342
3039 1.8435015131778489 -2.1741069564420319 3.8214775266156837 76 63 21 0.96445733239457854 22 1174 62 1185 91 739
3040 1.2292308814933266 -0.32520232259602683 2.9138607828291447 246 228 201 0.079616576381505072 4 1261 62 1209
3044 19.564111865845724 -6.8688514986135321 3.2119259349000786 255 255 254 1.1329546611899961 4 1327 22 1310 62 1267 80 1356 50 1199 71 1348
5401 34.111111154931592 -9.1393814392351036 3.410327894340254 80 54 23 0.82998793785016256 27 455 48 471 76 677 81 516 90 613 46 376 69 335 36 631 52 460 67 764 99 498 37 573 73 717 32 768 97 827 9 831 94 636 15 673 82 634 11 617 85 862
3047 4.135795883932178 0.14441302802287481 2.1810566194515704 171 172 142 0.74523805609730398 50 419 80 404 22 404 4 359 8 681 13 552 28 627 26 476 62 343 71 712 100 653 66 593 84 717 83 710
3049 6.3983730012863509 -3.3633388989696873 3.5768616142739473 197 136 69 1.904023632430063 4 233 43 262
3051 2.2617203457259736 -2.0139599667207047 3.6513490157897808 160 159 107 1.9541346058314601 50 913 80 917 22 887 4 899 71 1041
3052 18.34149400293451 -6.36177888498736 3.1949162369338175 170 169 157 0.95428634232406662 28 17 50 19 4 620 62 561 8 564 80 591 72 960 43 898 71 363 100 327 55 311 55 1010 72 294 12 295 12 1012 29 1041
3053 1.8511700851316422 -1.9096177694361403 3.5920004289967928 159 155 110 1.5457273545553514 28 938 50 1004 80 1149 62 1057 22 1110 4 1139 71 1147
3054 1.8320024147502958 -2.1405007113468115 3.7733925156965045 153 153 135 1.0417220718172022 50 1140 80 1295 22 1259 4 1274 62 1239 71 1293 78 1259
5411 25.250900649030726 -6.9972372443138307 3.8029263603456545 255 255 252 1.3185930497089786 90 739 76 808 67 908 85 995
3055 4.1588601489600618 0.41120407452624474 2.4206832344295046 38 36 32 0.89712664572226597 80 1100 22 1052 62 1005 71 1195
3060 18.192194014044222 -6.248042769175119 3.2532031871243676 160 131 88 0.78940628149137937 4 107 78 164 59 184 55 296 12 592 43 208 42 300 79 161
3068 7.460321774041808 -3.3201249615964024 3.3976175577389891 174 139 99 0.21845900103762522 8 350 28 107
3069 7.3520056582140425 -3.7224630364079032 3.7440140046578279 255 255 255 2.0149277932885337 80 193 59 494 55 524 12 521
3085 2.092916550248678 -2.2392812322544891 3.654147927376592 98 99 57 1.5576051466448984 22 1166 59 1210 78 1169 31 1314
5442 4.5281409735758889 0.22408395022266073 1.9821239204014947 255 255 255 1.0024525863920977 79 844 42 938 55 932 12 908 96 995 8 801 85 956
3088 2.0160904808916897 -2.2106571345190722 3.6436138779856311 114 109 80 2.0013592378872436 22 1006 59 1035 50 908 80 1059 71 1045 100 764 28 748 42 1051 79 736 55 1058 12 1066 29 1111 98 1062 72 1080
3090 4.2012857363508385 0.24309055801933208 2.0191647327711806 237 254 255 1.3959850609628921 4 351 59 330 71 456 66 594 100 654 83 559
3094 19.446314675394419 -6.3266111682510591 3.0431632928928845 190 152 94 1.5285682739547448 59 152 79 169 55 309 42 317 12 292 78 147 29 304
3095 20.488981381422125 -5.5085054593271021 3.6273026006462188 148 106 90 0.64729966424679219 59 400 78 148 43 152
3096 19.112723354442998 -5.5928837830941793 3.5742548644732239 75 50 19 0.21441321270423824 59 142 78 149
3099 19.452010106228634 -6.2719563284510764 3.2476439149934251 156 125 53 2.1341388364352296 59 155 12 290 42 301 78 162 72 259 43 172
3100 17.841537499516939 -6.3140068575155963 3.2718645472628105 119 98 46 0.81849096102722263 59 187 78 180
3101 17.074718534064466 -6.0084910737243566 3.3655203774266247 168 133 86 1.0040032844597411 59 189 78 181
5458 4.1702797412298036 0.2607586153859367 1.8415908941470627 82 104 60 0.53445208265827882 42 100 98 85
3108 7.4786435579756683 -3.1352138266237546 3.543400518054018 105 78 49 1.4608473450414499 59 209 78 226
5465 9.3659277718148761 -4.1650644174426326 3.8673204425105854 137 102 59 0.53940741495320443 29 241 98 280
3109 7.1951625401866925 -2.8089747588665377 3.7265479439357549 68 15 11 3.3227859657145142 59 178 78 230
3110 2.7805595202215958 -1.2678140209699245 3.8399765337187342 156 158 167 1.9399530721337945 59 384 78 237
3111 7.1885290888001654 -3.3442230854695816 3.5167258209502301 190 141 70 1.8969340032398825 59 238 78 255 72 184 43 191 12 182 55 190 29 187
3112 6.7472582866457618 -3.2402130329324756 3.5579527081722313 255 213 155 0.036660048189735568 59 242 78 263
3113 6.7087086646701648 -3.3903254401135863 3.554429992199255 255 235 155 0.76549176813868192 4 211 78 279
3115 6.2779373639530087 -3.1474571154767488 3.5878858990919991 140 93 58 1.7092314986400559 4 238 78 284
3117 19.157916308852634 -6.3250212145712688 3.0748151650166435 255 234 219 1.6237280015161408 79 447 78 441
5474 4.5266529450897162 0.23643862827965156 1.927930858234477 0 0 0 0.71142062440329323 67 246 76 440
3118 20.171671263769547 -6.121093366746611 3.3131519971189385 84 66 16 1.2399832541158555 59 412 78 443
3119 20.087454747396038 -5.8125859262519057 3.5354359326405764 147 109 91 0.93764174579576409 59 414 78 444 55 841 12 835
3120 18.070477429906017 -5.7795889744373197 3.4568761234896073 159 127 92 0.083518471096812916 59 424 78 450
3121 16.636270318239784 -5.8943175616756482 3.3795208705802922 255 255 245 0.88620616841375233 59 447 78 456 43 741
3122 15.711894074042503 -5.3286212032353273 3.624777404895295 56 14 5 2.1007049485330116 59 428 78 458 43 522
3123 15.711894074042503 -5.3286212032353273 3.624777404895295 56 14 5 2.1007049485330116 59 427 78 459 43 521
3127 8.0404941789846198 -3.3376309270268356 3.5151857888276083 87 70 18 2.1367883164429529 59 650 78 480
3128 17.946796478172587 -6.3399625620438336 3.2704388188146822 122 97 49 1.6263402855944378 80 36 4 106 72 585 43 517 12 593 42 615 55 612
3129 6.8696686110653502 -3.5406900963367089 3.6960287968952223 255 255 250 1.1485147723488067 80 195 78 520
3130 1.9832729852594755 -1.8652564106525129 3.6670449142782693 83 75 39 2.2098176687499733 59 700 78 539
3140 7.133615576945842 -3.3468056645532442 3.517992546532918 255 217 160 0.70889020991341256 59 664 78 664 43 746
3141 6.7557704178406466 -3.3920856735225478 3.5164811530197291 255 255 192 0.56004879925535089 22 686 78 680 71 672 26 261 80 666
3143 2.2382926073777454 -2.1194939533493731 3.6613695954756431 88 88 56 0.49547503905636026 59 721 78 709
3144 2.2198863310625416 -2.0786119710465134 3.6664384294446322 90 93 56 1.1264581164101088 59 706 78 710 55 695
3150 7.8085017042981129 -3.0363036252419815 3.5585610171316167 164 111 85 1.1508355531283365 59 816 78 811
3152 7.1209399959284072 -2.9899358882770426 3.6739881446742269 54 31 6 1.7105822512140325 59 986 78 826 72 1097
3153 6.1784569067779485 -3.2399403270110461 3.5732348280890087 255 255 188 1.741401462496335 59 854 78 850 72 925
5510 5.5852795765493459 0.57195350764673059 1.9273312318790969 43 57 45 1.8510307402338806 29 430 98 867
3155 6.4901359927618731 -3.2526888201980708 3.5869493919623929 161 117 63 0.73249846929482709 59 1004 78 971
3156 2.1770582937172431 -1.9931957354422167 3.6395554112230428 144 142 96 1.7177904752893516 59 1013 78 997 55 1054 12 920 29 1097 31 991
3157 1.9529620488908332 -1.9392732587812576 3.6723314413570765 101 96 60 1.6215935302345414 59 872 78 1002 43 896 42 884 55 899 12 911 72 888
3158 2.2038474829062631 -2.2809617749083184 3.6512946026832642 66 61 23 1.2382419361534809 59 1034 78 1006 72 1079
3161 1.9857400333615431 -2.0086005413445212 3.6563898275756981 107 110 83 0.87055942692268917 59 1127 78 1097 72 1065 43 1073
5518 7.2483819279397279 -3.4852136410591714 3.5057866164272915 0 0 0 0.58341715610238054 12 504 79 376
3162 17.240595729775663 -5.581209204676278 3.9315670396059477 88 18 2 1.012275328771707 22 1132 50 951 71 1079 66 848 13 734
3163 2.0416894139618975 -1.988463934574126 3.6445470747105517 75 73 33 0.0006303547043864776 59 1202 78 1161
3164 2.1353558571719504 -2.2832816747057292 3.6515304414460275 228 216 150 1.4525804406595542 22 1103 59 1134 78 1168 72 1210
3165 2.6100975686529706 0.19793019840035875 3.8712268327441453 52 48 40 1.1635313928341904 59 1233 78 1193
3166 19.816243708975328 -6.068176302076381 3.2945437238624629 91 72 22 1.1565959825901506 59 1243 78 1201
3177 2.8711789302948523 0.16609547121817753 3.8823976242602347 16 17 19 0.73385297771616265 59 773 78 770
5534 10.552592952863735 1.3851618935078223 1.2931822259529955 77 80 86 0.35484995214259452 59 897 98 1386
5535 8.4340347946227041 0.50145284271054613 1.1370524612195445 164 202 182 1.0593219896543544 42 1200 98 1388
3179 6.9739783187997704 -2.9485083116076805 3.7422889153000427 56 35 13 1.2222344833702343 78 267 72 155
449 4.8175494475448151 0.23442689856346483 1.9757875752692429 104 123 94 0.88453745078711632 79 545 98 564 42 463 55 452 12 411 8 484
3180 7.2848264823133198 -3.4156769673043947 3.4897508926949801 255 210 154 1.9696102588787168 78 253 43 225 55 192 12 199 42 194 72 185
3183 2.3820571923474274 -2.1463767095090556 3.7577495764413871 78 76 45 1.6860373975014067 59 720 42 402 12 422 79 575 98 508 31 473
3190 8.2651998082839384 -3.7933939277424997 3.4576623388061476 48 33 21 0.20759715141478566 78 498 72 548
3217 2.1567514221678117 -1.993803692200615 3.698775737249707 69 67 31 0.078982358566108871 59 1025 72 1064
5574 6.0065203776446836 -3.259389230994119 3.5505031310281554 136 81 39 0.98514497537476009 72 531 31 559
3219 2.2680322432062066 -2.2824284664776404 3.6667251452956311 138 106 34 1.0453285782541935 72 1078 43 1095
3220 2.2807802114955611 -2.3307542828670833 3.6513943988403108 56 45 14 1.5322085556763463 59 1032 72 1086
5577 3.9455385200800261 -3.482126223615547 0.81618549730940626 77 57 28 0.35307231763260594 72 167 31 614
3222 8.4727899384280931 -3.9170154447703887 3.4948592032034069 56 37 11 2.215193642233876 59 848 78 962 72 1125
5579 7.4235596646470769 -3.2148598324458311 3.5619500349420732 0 0 0 1.5988640576691573 43 192 59 213 72 169
3224 1.9997759643120716 -2.0544914675885719 3.648233356334821 110 114 84 0.58301297209514713 59 1254 72 1342
5581 6.3042487507588962 -3.2881920373950293 3.564919072406977 0 0 0 0.025867433612600639 43 554 72 530
3225 3.9022286843993594 -2.2289276403604288 3.7303870340214469 85 79 51 1.5466540329524414 78 1277 72 1419
5582 6.3840981364445915 -3.30568206024323 3.5548246039968339 0 0 0 0.033222435097784289 43 553 72 225
3231 14.446392947224817 -5.5532873359203174 3.4481240924141332 82 35 10 2.0744438162371646 78 821 43 916 72 964 59 833
3236 3.9725098210308354 0.21418918328274544 2.2877188462150544 93 98 111 1.0989123035563897 13 807 28 849 26 604 50 756 80 848 22 799 4 938 62 751 71 1003 100 792 66 736 84 828 83 726
3237 17.520199241720512 -5.0618154485505729 3.4765170863846295 35 1 0 1.4982417931956731 13 844 26 710 8 944 28 888 50 952 80 1083 22 1038 71 1080 100 921 66 849 84 863 83 847
3238 1.7794967962661759 -1.994583740582283 3.7492542514777849 68 59 20 1.4130254724922637 28 1031 50 1143 62 1240 80 1296 22 1260 26 869 91 805 71 1295 100 1011 66 1000 83 980 13 934 84 983 38 527 65 439
5595 3.9829934434572896 0.24235728786224792 1.8342934690787913 0 0 0 0.465280672277955 12 387 29 407
3239 1.8485689632863118 -2.1427799701593426 3.7121233751604676 128 117 61 0.93003924663400528 50 1102 80 1257 22 1219 4 1240 62 1182 78 1220 91 773 71 1253
3242 6.5530343414014869 -3.1077518509029729 3.5578630491295642 160 123 69 0.33213780776037177 28 115 91 69 26 74 66 101 84 54 83 65 13 88
3243 4.4900044426753727 0.080978177200895979 2.1987698528235078 47 48 35 0.41424052777797388 50 417 91 89 71 480
3244 4.4895429284877073 0.084787943328629822 2.2259858076102006 255 255 255 0.21050460459748174 50 138 91 111 71 161
5601 3.6828026960128759 -2.8938696178397816 2.0413433211892236 70 46 23 0.11697073099107368 29 994 31 1031
3245 4.2599458115750197 0.012493232180335337 2.2368213753818553 255 255 255 2.0007885796999472 26 124 83 155 84 137
3249 6.7985569068376366 -2.9413056621989244 3.4710013980725001 81 58 28 0.80653377810530369 26 76 50 105 91 259 66 119 84 68 13 92
3251 4.3012491407700839 0.065079596474736948 2.2380554468113307 75 81 34 1.690361936090885 26 475 50 603 91 290 71 711
3254 4.1779599086217347 0.34209994389655851 1.9776569313142638 151 181 241 0.83306240366978535 50 868 91 517
3255 4.466311205304029 -0.0051462642763029313 2.1979738963668987 255 255 255 0.29829870168007872 50 742 91 524 71 988
3256 4.5096404846901406 0.084059539370186717 2.1127378962902008 255 255 255 1.5674164662936607 50 746 91 525
5613 1.8594874716034864 -2.1387987156364101 3.6980787469755909 204 199 151 0.40526549980617554 72 1464 31 1622
3257 6.630727861356255 -2.9382399383769151 3.5167666545726739 56 35 6 0.58298370812617029 26 650 91 591 84 783 83 764
3261 3.5242580451293022 -2.2573561773368795 3.57207450975163 86 80 51 1.3213754773382358 28 1016 91 763 100 1000 66 932 84 927 83 919 13 921
3263 1.3162131377473143 -0.15609481907177783 2.8354346309572653 26 27 20 1.1014033432099739 50 1190 91 847 71 1338
3273 4.141881559023016 0.76593648679468995 2.0860034416727062 53 69 20 1.8574749940349022 17 114 69 342 57 90
3274 4.2314368877833983 0.45957621696970619 1.9883499904228066 64 77 58 0.77667122298786362 57 156 68 202 65 36 38 168 16 243
3284 4.2489805001846035 0.78656679646001371 1.9802212235026004 70 68 42 1.12142021772543 17 430 69 691 57 447
3296 4.199558619418406 0.39316923405429594 2.2124979856035334 95 101 99 2.2724257054111376 30 79 38 44 17 31 68 35 16 34
3302 4.2265447721852052 0.55072692937782386 1.9161779205016263 74 79 44 0.49719546503271855 57 50 38 63 68 58
3312 4.3442679385585006 0.57877673826835163 1.9668807419826826 255 255 255 0.96803968665445528 26 158 38 169 65 37
5669 4.5264563953534873 0.2559613057307249 1.9196748126226681 0 0 0 0.43310995572571998 67 247 76 165
3317 1.9536629884509786 -1.8363172792880684 3.5715591827122588 68 67 39 2.297599335333123 26 607 65 277 83 546 38 253
3319 4.25756090664082 0.50279632980479994 1.8955311320592378 123 131 125 1.4884288834789647 57 278 38 261 68 291 16 499
3320 4.2205349287800447 0.57996539538823111 1.924264826577718 57 53 37 1.2389750097935595 57 277 38 267 68 299 16 386
3330 1.8932410238842932 -2.1088902955798399 3.6076144054876149 177 172 129 0.59098566170230704 26 729 38 447 65 373 83 856
3338 4.1695618359416091 0.24946762956257323 2.0866800496777578 120 130 49 1.6215316369206392 79 246 28 214 71 162 100 237 67 535 76 407 13 394 26 135
3339 4.1571285006003293 0.54179753023725408 2.2638938240236013 35 31 24 0.6639478820892275 57 281 38 53 68 208
3346 6.5328334046690859 -3.3369786780777582 3.7523079451514225 0 0 0 2.3647459758263105 78 690 79 24
3353 9.1377584236837119 -3.5180086847115706 3.7114242910496795 250 209 149 2.5509057442607981 59 637 79 629 42 793 55 794 12 784 72 742
3361 4.1872490747362496 0.53681581681912449 2.1627220037408792 48 41 31 1.4857330316704531 17 208 38 55 7 215 25 78 65 41 16 56 57 47
3366 4.2071518258838507 0.1974777379317405 2.3681702556973696 89 88 82 1.2363480081002136 38 236 57 4 68 12
3369 4.2100295429466499 0.24924980892645707 2.3340326955966733 250 251 249 1.3732584622085917 38 33 68 18
5726 50.247209292969451 -13.929647580281507 5.0465871881088074 127 89 54 0.9537586732967025 36 156 52 131 32 288 97 329 9 311 94 88
3373 4.0678394368895354 0.32457643641218709 2.1232028113955628 229 248 255 0.097608121837682194 13 194 28 233 66 210
5730 33.522324158178733 -6.8986264530579122 3.0360223292214639 65 45 15 1.584171617174309 36 267 52 227 99 255 15 549
3377 4.3870536663484074 0.3759567009606693 2.2013237948193098 33 41 9 1.070215803440127 68 53 84 177 83 212
3379 4.2255440516501572 0.56782901115058204 1.8942737176348683 143 134 120 1.3671187101605871 38 65 57 53 68 59 65 45
3380 4.2528548318997386 0.56689482279075409 1.8429825913243805 183 180 123 1.4365176951900771 38 66 57 172 68 60
5741 30.271702794597847 -8.6074533455261211 3.3080460983831852 0 0 0 1.8792344181102383 85 665 98 770 96 632
3385 4.1111047717802078 0.59362149727928937 2.3905457320038472 56 56 54 1.2136116433897026 38 74 68 82
5742 4.6003027170466053 0.22888288641265137 1.9452749026319827 0 0 0 0.30697415246717652 67 787 76 442
3386 4.1125504007761515 0.61571731049526202 2.3584729643069142 249 251 255 2.5061440605570522 38 75 57 70 68 83
3391 4.1054659889304581 0.773766166975833 2.0761677587036926 141 167 211 0.863958213900617 38 97 68 118
3392 4.0670762658976747 0.88496966726511839 2.0457103844178866 68 67 64 1.4595642098513231 38 129 57 107 68 131
3393 4.1021400733662086 0.86421993867352942 1.9584080079710724 69 67 36 1.7683509933278352 17 122 38 122 68 132
3396 4.2590188962131492 0.17576160695106244 2.1390348084845918 224 250 255 2.0587533582584809 38 141 68 158 57 129
3398 4.2914296805033496 0.17757768423965484 2.0345884155079439 119 139 151 2.2893760232220099 38 7 68 161
5755 20.741303319216236 -3.7972742322418824 2.5456320126879044 74 49 21 0.29430720531846438 48 367 52 375 99 223
3401 4.2593732890445866 0.25406055551496937 2.0696875884560852 131 149 148 0.68905191154009804 38 150 57 252 68 174
5758 30.481970261877464 -6.6428772496927362 2.6121427892261071 48 41 15 0.81620690436790266 36 513 48 508 52 385
3402 4.2512092671785418 0.27461024392328942 2.0928229989327982 162 196 247 0.72215205405314631 38 149 57 138 68 175 65 122
5759 33.132225222350819 -6.9642405968455696 2.7523692002050821 119 86 45 1.1085548212446392 36 533 52 399 15 888 82 849
3403 4.2767326453778738 0.27666666788574967 2.0034088431606092 172 205 255 0.95706705548784621 38 151 57 131 68 176
3404 4.2884746257400135 0.32560171336001659 1.9192146062569071 40 56 11 0.95510063164585657 38 152 68 179
3405 4.2358718199751841 0.55012973138141086 2.034181803685843 81 83 46 1.278030894377997 13 431 28 234 100 258 66 227
3407 -0.92165252052006152 2.2534343842164661 1.5775943040589568 58 45 15 1.3707580456290667 57 192 68 217
5764 24.204605121677805 -6.9327676417552997 3.9886054306899057 131 88 75 1.1488724402687103 52 428 76 807 90 724
3408 4.1090948518296777 0.60664741244136877 2.403389253246567 251 255 255 2.5743494349997147 38 270 57 186 68 224
3409 4.1038426860731949 0.60099686256987506 2.4130926559116541 251 255 255 1.467217656283037 38 271 68 225
5766 23.024303559669448 -5.7855440222059631 3.1350046639158471 98 74 52 0.73317406161572463 48 93 52 449 37 559 99 495 52 448
3410 4.1442741971089196 0.66293498576856424 2.0921579558851731 136 159 196 1.5868730218842697 38 78 57 187 68 226 65 54
680 25.808328765770341 -6.8240659987927108 3.1670360127274226 96 75 47 0.92127769725246544 90 140 67 171 76 137 48 324 46 142 27 279 96 324 85 329 52 75 99 326
5767 23.443148475899164 -5.6099915742332076 3.8701893526741573 70 44 33 1.8297552884413104 52 459 48 343 37 379 99 345 69 488
3411 4.1526106227918946 0.66646920662116327 2.0622218346866257 129 148 171 0.97885722721077817 38 189 57 188 68 227
5768 25.275886648170726 -6.0504108317144913 3.3999924134514226 113 68 40 0.7211237482305074 27 295 48 135 52 473 99 509
3412 4.1466993394135638 0.83976286362249342 1.8495454788679364 79 96 31 1.1597787329183138 38 124 57 297 68 235 65 75
5769 28.402899094795199 -7.0314786742932176 3.7094745810571705 127 83 52 1.6696918303126822 48 345 90 448 52 474 69 332 76 446 99 510 37 572 81 357 67 502 27 296
3413 4.1556517953406624 0.8433812562607258 1.8233012087095841 30 36 11 1.8014694174767572 38 125 68 236 65 77 57 298
5770 24.857891451952678 -4.9447291274408629 2.5899219482574183 115 98 25 1.4725501520089008 36 686 52 492 69 374
3415 4.0686504080088453 0.81500531735748682 2.208771477201863 49 41 32 1.7624683244042059 7 92 38 203 57 86 68 245 65 161 17 246
3417 4.0775924157791295 0.86726200489921024 2.0428925211593536 109 96 78 0.86942329888517145 38 291 57 106 68 248 65 230
5774 39.35937484566626 -12.69657700051317 3.8217692083477939 88 75 37 1.7017462359839883 27 567 52 516 99 609 37 694 73 859
3419 4.2666562501737317 0.15213466069525772 2.1400982188416933 97 116 99 0.72446643483585471 38 226 68 261
689 4.4806966265303085 0.24426580465674325 1.9254576841439337 80 101 61 1.8347893369406392 79 542 96 529 42 449 29 420 12 403 98 547 73 399 37 304 97 444 85 557 67 554
3421 3.549768388462371 -0.64287954762094257 6.8967883147730005 196 181 113 0.85147058790076657 38 154 68 271 65 196
3422 4.1922956329952674 0.51935888480944947 2.1111121127286685 44 41 25 1.2112761369723282 7 306 17 303 25 402 30 389 38 265 57 276 68 288 65 212 16 377 2 508
3424 4.1600354578429428 0.53757131651586454 2.2289756215476224 106 96 83 1.4266705331741396 30 581 38 264 68 297 65 211
5781 4.2434990922092268 0.4424361287598465 1.9455899628434317 0 0 0 0.21230146149037141 76 936 90 832
3425 4.152395747929515 0.57445667163545522 2.2186587358541865 81 77 72 0.15705596643726277 38 272 68 298
3426 4.2038551351198121 0.5732586659329505 1.9193686265532863 62 56 42 1.5640048420467072 68 300 65 136 30 391 38 266 13 569
3428 -0.92165277076350982 2.2534345374866955 1.5775939876390397 40 36 11 0.4793157908319543 57 112 68 316
5785 26.351787849586238 -7.4303859243374379 3.5570626288051495 56 38 24 0.94534460957482014 27 781 52 689 99 822 37 931 73 1172
3431 4.2755696907147938 0.23864562283572879 2.0325777210060871 180 214 255 1.5811524450974039 38 327 57 328 68 348
3434 27.163411438109925 -8.3997833653688048 4.9106294851362176 126 140 116 1.9879751651529813 57 331 69 280 68 354 16 486 48 23 27 21
3435 4.1994624339114868 0.29694456766615879 2.3568995672986004 154 155 123 1.5317314368967372 38 246 68 360
3437 4.2944705255134537 0.48409233462075829 2.0354675730946021 255 255 255 0.82359267468689867 26 597 38 346 65 284 84 737 83 720
3441 4.2841006393644046 0.24793418815478341 1.9853908624689418 77 99 58 1.3817659051935196 38 328 57 385 68 418
3443 4.2221987498787517 0.42411462922700555 2.0999589135269332 53 50 29 1.4394340282885409 26 674 38 414 65 283 84 829 83 809
3444 4.1624257007478711 0.57415985150230231 2.1679521980755725 125 108 83 0.87030738856062162 38 418 57 399 68 434 65 387 30 635
3452 -0.92165252175945345 2.2534343710897042 1.5775943006247819 62 56 13 0.66095297421157206 57 434 68 469
3454 4.131375301722783 0.51027030635043447 2.4772735660674554 29 30 29 1.3879470566739094 38 417 68 471
3455 4.0860426127965859 0.79510849978579234 2.1392282111202872 60 58 32 1.2837958276832886 38 432 57 474 68 482 65 399
3460 4.263131952322178 0.40240133396430355 1.9520529904605124 79 96 85 1.5681360334495533 38 489 57 465 68 500 65 380
3462 4.2262290143018024 0.53182915915080886 1.9605042739903782 73 71 43 0.50376980569637375 38 514 57 487 68 525
3463 4.2397706249552707 0.2987623654678267 2.1317981968342927 89 96 57 1.0062727348331175 38 510 57 499 68 535 65 423 16 758
3465 4.1755417965844632 0.6190292528711363 2.0595597266801025 99 86 71 0.66615580979573419 38 530 57 507 68 543
3470 4.2022822298579285 0.45705949034436921 2.1270880411918394 54 59 22 0.80819574561235963 38 548 57 525 68 566 16 802
740 4.2520357079110349 0.28428118637209376 1.9303244904892927 194 225 255 1.6441171442478826 8 499 17 158 7 5 54 12 96 525 13 395 30 223
3476 4.4075328297018421 0.37604400872109217 2.1987581580422297 33 41 9 1.7008233127515704 17 49 68 52 2 348 84 176 83 211 7 41
3478 4.1586604158551905 0.68174941780676801 2.0099724110614443 104 123 115 1.8480489512669014 38 190 57 189 68 89
3479 4.1962078383784309 0.38115037982231825 2.2730213662395475 254 254 254 1.0496444073308953 38 43 57 147 68 189
749 24.434413374584953 -6.5389124296343208 3.7995631272064876 70 44 34 1.4562208856610546 67 163 76 130 90 393
3480 4.1823025018364781 0.53178790287242328 2.1638185071768485 48 40 31 1.6817031348128455 7 214 30 273 38 54 57 48 68 209 65 40 17 209 16 55
750 25.132406007327479 -6.9057649930099805 3.7033728231862164 109 80 52 2.2474311927602981 96 612 85 647 90 391
3481 4.0651061302832971 0.85435179774792647 2.1110601186210416 105 92 74 1.5604202216507179 38 204 57 222 68 246 65 162
3483 4.0936246466727537 0.61879564622793415 2.4483396770099413 40 39 40 2.9630694700080906 38 281 68 309
3484 4.2089733202002542 0.22229586211966426 2.3507307534673441 255 255 255 1.0183321793305369 38 325 57 330 68 352
3485 4.1947888415990802 0.34946239613596364 2.3095326972167611 255 255 255 0.87310684663511307 38 342 57 336 68 361
3488 3.6113742682365713 -0.50289903692203863 6.4435058024637293 145 142 102 1.8100142118873481 38 458 68 431 65 382
3489 4.1837130985029853 0.39345367112875318 2.3116386997219984 59 68 75 1.3590932861025837 38 462 57 431 68 470
3490 4.2078824338894849 0.27311495886437737 2.3198529521352516 107 118 71 0.97045673784335718 38 487 57 462 68 496
3491 4.2261751003700843 0.28214882462926244 2.2413091571812438 255 255 255 0.9667526942606891 38 488 57 463 68 497
3493 4.2520608361761347 0.28935350753904854 2.0597289704682713 156 191 247 1.3222531622552496 38 19 57 24 65 12 16 6 68 20
3497 4.2140624535549795 0.3347572141302364 2.2044307589927699 0 0 0 1.3291754785225514 38 160 68 187 16 230 65 23 57 137
3498 4.1869260347091029 0.44531054634895906 2.2080761872054442 107 116 74 2.2995996498788154 2 346 30 258 38 45 65 32 68 49 17 192 25 267 57 163
3505 19.889484396502052 -5.8325903240495611 2.8777939074195134 76 62 31 1.1658695307655544 100 337 26 18 83 31 84 22
3510 4.3208733831286725 0.54561557039161901 2.0030318719358267 186 197 217 0.92003669634294571 26 598 65 206 84 738
3511 4.1049431069621809 0.4758059924454488 2.1651231281225178 47 45 28 1.4036110336843524 26 497 66 470 13 579 28 479 83 587 84 612 100 276
3529 -0.34523657419734322 -3.8161782097510861 -0.10542460457788402 88 85 75 3.0029614611994196e-05 38 287 65 157
3531 4.1119112143664527 0.83357913202119838 1.984693990493223 46 45 21 0.32463527063316144 38 118 68 123 65 93 57 203
3532 3.5312148155687249 -0.71540340532557833 7.1333249456477601 0 0 0 0.0049724792862277066 38 153 68 23
3534 -0.34523657293384935 -3.8161782071155574 -0.10542460378810743 48 45 39 2.8514784403930774e-05 38 532 65 445
3535 4.2298942832594726 0.26830646497741351 2.1792204842506564 119 131 46 1.3356887557373152 38 18 57 21 16 2 8 246
3536 4.22455376864737 0.29079089239189254 2.2092876240426391 248 255 255 1.1097576095156456 38 34 57 22 68 19 16 22
3540 -0.93677143957464293 2.2550686646953326 1.5731149993118718 49 49 50 0.0064104316338595684 17 97 16 72
3547 -0.74486830077278998 2.178528398608615 1.5904596441856642 87 102 112 0.20631960937197516 30 210 16 479
3549 4.1883548923393494 0.49176446829891907 2.1829865066122092 43 43 24 1.9448523363593417 7 452 17 358 30 486 65 282 68 366 16 495 57 343
3553 4.1347734423152867 0.27941781040640018 2.1990747244371214 127 127 127 1.8039680383782939 42 70 65 21 8 245
3557 22.821480306180021 -6.7699185271105398 3.1952348055716202 146 121 98 1.0395691110131504 72 256 43 169
3558 18.692310184541988 -6.0549639457985984 3.3581851912560223 254 228 211 1.6211878938276731 72 263 43 177 12 289 29 305
3559 17.972767111522923 -6.2806578057976719 3.2570403655807878 255 252 220 0.98743345755527412 59 185 72 295 43 209 79 146 42 305 55 312 12 296
3560 17.577978035412958 -6.1932506282869957 3.3051979631260275 114 93 43 0.9694584616339964 59 188 43 210 79 143
3561 16.883616496664938 -5.98395984160737 3.326615649010451 177 137 93 1.0281369321572067 72 297 43 211 29 309
3562 17.244284232200645 -5.7497234621552193 3.4971138418662204 255 214 170 1.7457507407520418 59 162 43 212 55 283 42 291 12 273 29 289 72 265
3563 16.011434725361685 -5.6039039258528707 3.502768791066956 251 127 83 2.1552137536885141 72 272 43 215 29 292 31 313 55 282
3564 6.9722766888856915 -3.2745741657682288 3.5409490198401419 155 113 47 0.33796142858609463 72 188 43 228
3565 6.0477515734405687 -3.1374699204022107 3.6417401658157522 71 38 11 2.3907285257577744 59 262 43 263 78 522
3568 8.5061759669476835 -3.2071964169824545 3.5702304914415413 245 166 125 0.73654437704852793 72 494 43 476
3569 20.994550413396595 -6.8493272757973527 3.0626435535857155 120 101 71 1.7698888928981831 78 143 12 607 55 628 29 628 42 626 72 580
3571 7.7906468159675901 -3.3842391501807465 3.5416238079444637 199 156 126 0.338251250919542 78 488 43 508
3572 21.063667064613892 -6.9386418975907986 3.1224727172801452 245 206 203 1.7111828753887484 59 423 43 515 12 608 42 627 55 629 29 629 72 583
3573 14.867268380071172 -5.4701321137423484 3.5052506813741102 255 111 41 1.8922744348234553 59 192 43 545 72 300
3574 7.1298341061680768 -3.337102335605231 3.5334492732155969 255 212 158 1.7594471851103455 72 748 43 747 29 810
3576 15.099238460317757 -5.7390203631332088 3.4219661714796406 81 52 16 0.76424622988552349 78 476 43 755 72 963
3577 15.35577235551783 -5.518053515317539 3.5006309666669373 87 41 13 2.3311996025986064 59 644 78 457 43 756 72 776 31 877 29 858
3578 8.767281624957965 -3.8756172094752781 3.5468992369531152 83 49 26 0.66941886994553212 72 766 43 760
3579 8.8841427734068414 -4.0136537151208778 3.5500327708779884 255 250 111 0.12854719645849477 43 761 72 765
3580 20.159984999596681 -5.4497163280374101 3.7874907953996457 73 15 10 2.1709768378048833 72 1114 78 793 43 883
3581 2.2391405448521593 -2.1385868732824513 3.6707057658938336 90 91 59 0.18302864160540125 72 709 43 911
3582 2.2379184965722474 -2.1827761758867972 3.6686415077842827 92 92 62 0.051375666621084427 72 899 43 928
3583 8.7206261552566939 -4.0494057679548607 3.4529234322279447 0 0 0 3.0370164685777441 59 679 72 952
3584 6.0014313571075313 -3.3274213610139158 3.5740072884969543 63 43 10 0.11231989066372093 72 937 43 938
3585 6.7767059787794794 -2.990841153877553 3.6923968831424876 51 30 7 2.0264134229045476 72 1102 43 1070
3586 17.306880812254661 -6.1939224983028831 3.2676629627591414 151 118 72 0.22845734511440374 72 1359 43 1294
3587 5.061335197097466 2.5131459179077567 5.2520860190797229 62 70 71 0.37438416495108229 72 1403 43 1377
3589 1.8378219330429335 -2.2043521250632918 3.6070082692427863 56 48 22 1.4719211673928374 78 1332 43 1485
3593 7.9075760779816013 2.2317118741503665 5.1124445145221999 0 0 0 0.086213265510542147 72 829 78 744
3594 7.9075760779816013 2.2317118741503665 5.1124445145221999 0 0 0 0.086213265510542147 72 830 78 745
3602 4.1319875731488445 0.47865901126238514 2.0331865360916166 58 77 25 1.4251207881119565 67 801 69 434 76 705 81 521 90 582 2 496 25 393 7 195 54 218 57 154 68 193 16 236 8 524 48 454 66 464
3603 17.887226586812133 -6.3438121750048815 3.4582424844252104 125 95 61 1.1016455730548422 22 392 62 352 80 346 78 637 72 789 71 375 100 335 26 239 79 433
3604 17.719658687522649 -6.0719917738307005 3.3413476510181379 186 151 111 0.81743059728270262 26 12 59 445 71 44 55 851 29 864
3607 7.6808303665641882 -3.1752655355837054 3.2664175228000163 107 77 60 1.5595931450884408 80 112 71 100
3608 4.5511855542148369 0.089414913164090504 1.9669401150677515 102 119 98 0.81659360900700673 50 82 71 106
3611 4.3736899356843768 0.35464306234275372 1.9061878587515124 166 194 232 0.65443338231604609 50 88 80 81 71 138
3612 7.1310760713897556 -3.7215999651763592 3.7058776338840751 187 125 75 0.4561060810702619 50 95 80 191 71 144
3614 4.0170560305467333 0.22309028275210394 2.2150628030463437 255 255 255 1.2579776453456193 22 405 71 190 55 50 42 69 12 31 29 25
3617 4.1123189525039452 0.1607361446938419 2.294523159780145 80 90 98 0.7660054332056575 28 474 71 209 83 396
3618 3.9641089642467002 0.32605210372532772 2.2629517618891688 33 30 22 1.4796801531536015 50 449 71 211 84 434 26 351 100 270
3619 3.9838968146167244 0.35086260982891126 2.2804802137362197 103 90 71 1.399552305072032 28 242 80 160 71 213 100 272 84 182
3620 4.00703429717381 0.36205655419984589 2.2872908673494003 103 90 71 1.2936394804501219 22 123 28 243 71 214 100 271
3622 3.9800617269381511 0.51210857135493371 2.1693774993190527 110 91 67 1.3123340258929674 50 170 80 162 71 218
3623 5.52091219005837 -0.7496578602929409 3.1218567751927764 48 43 42 1.1362790726911964 28 172 80 219 71 228
3624 4.2255719816452775 0.39477253678052998 2.4120633396053281 117 103 84 1.1272525716801816 50 456 80 184 71 233
3625 4.7254184582638272 0.43767059538965608 2.6049306611605441 22 22 23 0.3193797235110819 22 153 71 252
3628 1.4304233758440796 -0.44414677132790475 2.9889377925102156 40 45 49 0.26682181474112709 50 255 71 322
3629 1.7366781106386622 -0.88229852378520623 3.5879564789032465 61 62 64 2.1336352913694161 50 272 71 334
3630 18.934475090374388 -6.3043245070560596 2.9624768429052781 255 230 215 0.51522034735458133 80 335 91 207 71 352
3631 8.2705848516969844 -2.9173021717630458 3.0293137923709712 138 111 84 2.2308532003110706 79 978 71 402
3632 4.4069835300313729 0.11050916107105398 1.958337817223933 94 116 60 0.62786438407429068 50 371 71 425
3634 7.0924193202086165 -3.1786947766720361 3.3183271127728382 124 93 31 0.52094641358934124 80 416 71 439
3636 4.8789369109899088 0.020738960159047897 2.1680345659178091 56 54 49 0.18742326480985227 50 112 71 450
3637 4.327415359413628 0.29113081165453358 1.9508087167653265 196 227 255 1.5825350314814024 50 375 71 455 85 776 100 655
3638 4.2848582809235944 0.5213995688983889 1.9090580346981336 238 253 255 1.714343058951562 50 121 80 85 71 458
3640 4.509175084401603 0.0024992309318078235 2.2768795910209958 1 1 1 0.18184114752340758 50 415 71 475
3641 4.509175084401603 0.0024992309318078235 2.2768795910209958 1 1 1 0.18184114752340758 50 416 71 476
3642 7.0016602978201545 -3.6592571948343524 3.8540967396065984 66 48 12 0.62343801114518116 80 461 71 482 50 400
3643 6.8809068945011891 -2.9038478616605992 3.5843452281406885 83 56 35 0.76046164920937243 8 398 13 337 100 408
3645 4.4940446878771834 -0.065076525622514994 2.3048702292034777 81 103 54 0.192308899212009 50 413 71 493
3646 4.2807073475859339 0.083790852290490506 2.2469964685976991 68 66 45 1.3059058763701701 59 344 79 692 55 428 12 55
3647 3.9959104848186486 0.3114515758878984 2.1030570093089995 62 66 49 0.21933232783667808 50 421 80 385 71 498
3648 3.9525568637779651 0.33859440300397042 2.3135793940145661 45 49 53 0.25085556047290747 22 425 71 518
3649 4.7962373618245966 0.49547756495003814 2.5916228078384482 97 93 88 0.28711051747353467 22 154 71 527
3651 2.7289035268778319 -0.25523585464155346 2.6535134722094127 114 108 99 0.16737139178145991 50 468 71 544
3653 1.5800577660627644 -0.42646010908196547 2.905993478910474 51 47 40 0.060994021057662183 50 488 71 579
3655 1.4331726490153207 -0.41900531596811752 2.9109139986265773 227 210 184 0.16254369475728564 50 496 71 585
3661 4.786059051415231 -0.026535626808920881 2.1905417899186226 255 255 255 0.10955648109451538 50 583 71 679
3662 6.9028266144113148 -3.4789577394814293 3.5714398189695795 162 118 62 0.1656792149337962 50 577 80 681 71 682
3663 4.5610777081573666 0.00042522011582647897 2.2327110566863553 52 21 21 0.097130775450565615 50 601 71 692
3666 6.6346887794460621 -2.7285596852533911 3.6138052066955169 0 0 0 1.0603663936554322 4 685 22 697 62 650
3667 6.5843477551751448 -3.2087934612507567 3.9611559757556014 87 51 26 2.0115787273228802 28 584 80 709 71 721 100 414 66 374 83 347 13 329
3668 2.5210478406457457 -0.2462537947015076 2.6782635710762421 39 39 41 0.56090031794222894 50 640 71 743
3669 2.9411886478813041 -1.2730263667947883 3.5241893301567302 0 0 0 0.40393936843991585 50 475 71 750
3670 2.3241212059315783 -2.2102675067465882 3.6768058367505008 95 93 60 2.1989187724756944 50 648 80 752 71 753
3671 4.3425574157021654 0.12295169294070499 1.9724470434352797 255 255 255 0.49036138809506863 50 730 71 834
3672 4.3425574157021654 0.12295169294070499 1.9724470434352797 255 255 255 0.49036138809506863 50 731 71 835
3673 7.3548345823270926 -3.8052083370934584 3.6277178277052777 255 255 206 0.63723131322055926 50 724 80 854 71 838
3674 7.3807662929364808 -2.8286821629837045 3.3486087397137236 50 22 13 1.4238868870681844 50 739 80 858 71 843
3676 4.5313154186918858 0.076914297674953933 2.1627405494113856 255 255 255 0.50638175337395019 50 744 71 852
3677 4.5313154186918858 0.076914297674953933 2.1627405494113856 255 255 255 0.50638175337395019 50 745 71 853
3682 1.4402237911346598 -0.41871800443954149 2.8709756296248821 12 13 13 1.1980373396468795 80 1039 71 918
3683 1.4334321960863272 -0.40324207149921476 2.8982915645724856 16 17 19 0.53351484783769232 50 677 71 924
3684 1.4347776027231873 -0.40018023076881198 2.9245518565522453 16 17 18 0.63100782244468223 50 806 71 925
3687 4.2410420763643968 0.45858861107864896 1.9332777322717754 42 44 36 0.81251902750918659 50 870 80 972 71 981
3688 4.4332110798477968 -0.013309172832087829 2.1963908707882696 255 255 255 0.20969004360351212 50 743 71 989
3689 4.3764911557687416 0.098438703379289477 2.1414369512439637 108 106 100 0.35350049684146517 50 866 71 990
3691 6.8838583916084124 -2.9505898061786326 3.8295878288634211 124 69 32 0.56663350138262991 28 807 50 877 71 999
3692 7.1340608772258891 -2.8900728557275626 3.9949905353178421 94 50 28 1.5351359968032157 50 880 80 1011 71 1004
3693 5.7329536952094919 -1.1921970680413352 3.2905408869424848 21 1 1 0.99057021001875845 22 965 80 1110 71 1005
3694 2.2936157825393613 0.27802271928753497 2.6854414410055472 0 0 0 0.50061682476362235 80 891 71 1035
3697 1.6130407761550158 -0.37415230384747206 2.8946422494153872 1 2 2 0.12294584470469286 50 920 71 1049
3698 2.1125783222423227 -2.4312246018707251 3.928993086189903 211 204 153 0.51602419853495507 50 923 71 1057
3699 1.8571808591971384 -2.2173014376689388 4.1066962979414683 216 207 152 0.86196069170721712 50 811 71 1066
3700 1.8571808591971384 -2.2173014376689388 4.1066962979414683 216 207 152 0.86196069170721712 50 810 71 1067
3701 18.954568786978108 -5.4690561399879725 2.7311886362375817 68 52 33 1.2994362369739598 13 834 50 945 80 1073 71 1072 28 886 100 916 100 986 13 912 66 846
3704 2.1347760039945531 -2.251608161025715 3.6646366575912639 102 102 58 1.5448243404467561 50 992 80 1139 71 1138
3708 9.7378895824026852 0.78055940791178824 0.75856730584468224 103 141 133 1.5745003017382249 22 1176 71 1170 80 1161
3711 6.7529289501412473 -3.0017790091489149 3.9782831271950556 89 51 28 0.56224482008587717 50 1038 80 1184 71 1194
3712 3.4208849472154177 -2.5413803764612735 3.6763216980308968 122 106 62 0.087230485205620614 50 1047 71 1202
3713 1.4765367692391271 -0.46716921470238365 2.938071146157764 98 105 122 0.21118668829967441 50 1065 71 1210
3714 1.6364458675861726 -1.1140516667446769 3.6028078279478364 45 46 50 2.4435583941429364 50 1069 71 1217
3715 1.2828751850494606 -0.19127738404366049 2.7272378971601361 61 66 73 1.3209194639904962 80 1251 71 1254
3716 6.5853886287779382 -2.9086156507199799 3.8410678777995408 101 57 29 0.134400215817539 50 1119 80 1273 71 1272
3719 8.5812843310163647 -3.7678979361276532 3.4558196795653453 84 66 32 0.56036140037958537 80 1305 71 1304
3720 7.0247768154668337 -2.7874259789342983 3.5795592899478375 40 3 1 0.31948804304847411 50 1157 80 1307 71 1308
3721 6.507798999567485 -3.1266989890801851 3.8052633558423055 56 15 2 0.25138361566184747 50 1158 71 1309 80 1308
3722 1.8550676010048479 0.16372178604799542 2.8458236307818403 53 58 56 1.0434187510934292 50 1185 71 1322
3723 1.534888574751341 -0.24689180539608968 3.0867964154767638 28 24 19 2.5198267517921233 50 1198 71 1339
3725 1.9600880524540145 -2.3648212447500838 4.0822035146644726 0 0 0 0.42610486192672148 50 1214 71 1361
3727 1.9108666988460163 -0.6460987471576678 2.9516189130122901 0 0 0 0.90389525288397554 50 1228 71 1374
3728 6.74440016757592 -3.2653111983942322 3.5060046218185454 119 87 28 1.3751377803808422 26 55 50 101 80 200 22 203 62 166 59 241 91 52 43 231 71 150 84 28
3729 4.3048789708302415 0.22216530056466707 1.9774585044939006 78 93 79 1.886770646301561 28 195 8 237 71 134 50 85 80 79 91 62 100 222 66 182 26 107 96 513 13 160 83 147 55 76
3730 6.6400133991218828 -3.0119280213412596 3.507997082226209 147 104 68 0.46091531563828114 26 276 91 258 28 387 71 469 50 384 80 441 100 407 66 349 84 308 83 328 13 320
3731 6.8539925691454808 -3.3301679070792534 3.4278958508649535 255 213 157 1.1621083453572352 28 372 50 355 71 436 4 462 80 427 22 473 100 384 42 778 55 788 12 777 62 420
3732 6.5371553281970893 -3.1282164517050517 3.6106193633819035 255 231 156 0.31061173337006975 22 694 4 697 71 700 50 591 80 689 26 433 100 596 66 527
3733 7.9449654102682032 -3.4003724467338827 3.3415221684769478 88 66 42 0.84502366790925632 50 53 71 98 80 143 4 171
3734 6.9710362920829967 -2.855829860210513 3.3388634230852965 109 72 43 1.4234348826035803 50 106 80 176 71 128 100 130
3748 4.1834168764266089 0.32919997348926122 2.0017775496289749 162 198 255 1.8012768367621288 76 160 81 74 69 18 46 8 2 122 25 19 17 18 67 243 8 254 13 195 79 261 28 218 100 239 66 199 26 136 7 13 30 39 54 20 91 65 83 163
3749 20.349255095122832 -7.3636830523640944 3.3672978601787871 152 101 85 1.337219328969883 22 367 100 17
3750 15.945577309061433 -5.2066253725107261 2.8104424941273924 86 71 18 0.50910732594271535 59 411 100 36
3751 19.106138599322346 -5.9584573583927893 2.7081365280749718 180 159 157 1.5069715161638035 50 7 100 38 66 20
3752 17.110571469626979 -5.5490272734407471 3.2715120092239971 161 135 101 0.32899022849242321 22 83 50 32 71 48 100 52 80 56
3754 7.6550750906626481 -3.9754353355458187 3.9085230633013386 92 56 35 0.21888108461459022 28 97 100 73
3755 7.5747901606303962 -3.5295457501595839 3.3728390148488208 163 123 85 2.423154464784262 28 76 79 65 100 77 12 217
3760 8.8416067446024567 -3.6856702197717719 3.5355630949632935 61 40 22 2.2170996519702424 8 87 100 104 79 418
3762 7.572333083340447 -3.1100213437560864 3.4407822779179869 106 81 47 0.46422178171996376 13 93 100 119 28 119 66 109
3763 6.2928231419119181 -3.0119055866187692 3.6771747979261864 70 40 10 0.18020833892303231 26 83 100 124 66 116
3765 6.5174091886785126 -2.9075854048271079 3.7308549713804373 112 62 28 1.1054261593355725 8 113 13 336 100 136 28 409 66 376
3769 4.876443396658602 0.20683555068595547 1.9496282787427452 252 255 255 0.70615709449903286 28 165 66 170
3770 4.3314512978606503 0.086148167061633404 2.1706839935944173 100 103 81 0.10955830903745525 8 477 100 208
3771 4.192384172324223 0.1209174521653127 2.1473951392919415 153 158 132 0.39631095108454112 8 227 100 218
3772 4.2068781605955028 0.12401989909256855 2.1446243507953668 153 158 132 1.4461425426983245 8 226 100 219 42 92
3775 4.4607669729021087 0.388273038488816 1.8689710465922837 203 239 255 1.0050464353359769 8 515 28 200 100 228
3778 4.420226334352594 0.51736120507798711 1.9277334091111988 81 99 71 1.2536107225493209 28 219 100 244 66 212 13 197
3780 4.0160087925928352 0.28318694338643441 2.1978880676701307 130 131 124 0.042540748814953497 13 202 100 256
3785 16.108992993322392 -5.6090713908962053 3.7368871556993084 64 23 7 0.9982352256041469 8 355 13 294 28 344 100 341 66 310
3787 16.178833523818643 -4.9829247461376633 3.7345246343668088 90 35 15 1.2780359238631731 8 406 100 361 83 319 26 267
3788 8.2608717567857681 -3.965417255532186 3.5423328420350781 152 110 81 0.75289266363137042 28 364 66 328
3789 9.8683950525873065 -4.156433715562776 3.6768291954203796 255 124 82 0.85287400456662554 13 291 100 376
3791 8.9352448845897641 -3.7854727879765617 3.4939936265480185 65 34 17 1.9153248802206049 8 575 13 293 100 379
3792 6.8904467172603452 -3.3325574554902402 3.4309929927939558 0 0 0 1.0420982802907275 13 306 71 437 100 385
3793 7.7092878972670267 -3.1099631412664674 3.5008321547368415 253 205 141 0.82330601521188407 8 401 13 322 100 398 28 388 66 353
3794 7.769083884016907 -3.1309684191877674 3.5178269564997109 253 205 141 0.57932729544954875 8 402 100 399
3795 8.1167551860122451 -3.0666324477557518 3.4315120195451763 127 69 33 0.64387032865470339 13 327 66 357 28 121
3798 6.3726044527890551 -2.9039986571063077 3.7902164828753269 49 22 6 1.4120273157378658 13 509 100 416 8 395 28 408 66 545
3799 1.7800157009357322 -2.2098234240378267 3.7043977196856406 131 118 60 1.7729182822675809 28 471 66 152 13 124
3802 4.5500417902013375 0.05394042141083108 2.23454050296146 255 255 255 0.679034023099225 8 471 28 448 100 461
3803 4.3387718478287871 0.042048732485980456 2.1278296782592911 84 84 85 1.2434383751567419 13 368 100 462 66 420 84 371 83 144
3804 4.3997162864469743 0.21165517432453598 1.9024861468694239 80 101 62 0.65179778536155797 28 440 100 465
3805 4.4966833480425379 0.39271266407962441 1.8294392419373695 50 57 40 0.69939384035311503 28 182 100 466
3807 4.2166522245953439 0.054507962952755618 2.2623914753412326 57 73 28 1.0531884313003956 28 209 100 477 66 438
3808 4.2785057867353844 0.24128133499623933 1.9794876944548951 255 255 255 1.5124807254029697 28 452 100 478 66 424 96 511 83 380
3809 4.5008791826154475 0.41624667775853424 1.9000853049820197 45 64 15 1.1762132321183731 13 403 28 453 100 481 66 443
3810 4.0470785600471704 0.40897112329733554 2.129144559342067 73 72 40 0.87537260100454928 8 522 100 499 84 420 83 414
3811 4.0470785600471704 0.40897112329733554 2.129144559342067 73 72 40 0.87537260100454928 8 523 100 500 84 419 83 415
3812 4.0008049541466209 0.42402117861484223 2.2776568696876818 85 80 73 0.64070536569794978 13 578 100 509 66 614 84 611
3815 17.873385533730819 -6.3357381775314652 3.1553590395456168 163 126 82 0.74721466596654673 13 455 100 544 66 491
3819 8.020195901124529 -3.1884126081380515 3.5402375304602614 110 78 36 0.36469976013857958 8 614 13 494 66 532
3820 8.181752650339531 -3.2178212035328029 3.4672350536271961 101 66 39 1.167444053376651 8 615 13 323 100 591 66 352 28 563
3822 12.626838429954097 -2.2151777580454661 2.2225454859253269 0 0 0 1.4786661155620464 8 178 28 695 100 593
3823 6.2541242247743929 -3.1759353103965191 3.7629988182822554 48 21 4 1.1360985006236588 8 343 13 491 100 594 66 535 28 576
3828 7.0413738620308273 -2.8341882796396201 3.6655220037385452 63 12 5 1.5915126659136964 8 634 13 510 100 605 66 546
3833 2.3169433056387598 -2.0381901984196826 3.7284735274811416 72 61 21 2.1512132590673532 8 607 13 666 100 627 66 708
3835 4.5088154080359653 -0.018650456512207373 2.3547635518906964 248 250 252 0.21059427443745771 28 742 100 640
3836 4.4378609732206966 -0.026385688815488507 2.2179498021475545 54 17 18 0.2027726506464029 28 606 100 641
3837 4.5611790270347328 0.20468578319175929 1.9541958529891406 255 255 255 1.4230113508441575 28 607 66 579 13 540 100 644
3839 4.6761615802411125 0.31307936233441164 1.8517677993266528 25 31 15 1.1517928854825568 8 805 100 648
3840 4.3972286593874612 0.35015895420690152 1.8613248936056495 85 101 96 0.29617050985445892 28 612 100 656
3841 4.3280589523786439 0.33114065973894458 1.8908430442860491 127 145 158 0.0023453424094162499 28 618 100 658
3842 4.2749160798530665 0.40088209206208381 2.0640273881069064 75 82 44 1.9503121403526364 13 559 66 604 38 249 65 199 84 595 100 674
3844 16.077417090767604 -5.4269807139152801 3.5425511696104719 122 67 29 0.51961958418080956 8 724 13 617 28 680 100 706 66 649 84 668 26 549 83 647
3845 17.024992188122194 -5.1802399080837729 3.5497139328807452 37 24 17 0.89912185330639849 8 748 100 712 66 657 42 819 55 834 12 826
3846 17.024992188122194 -5.1802399080837729 3.5497139328807452 37 24 17 0.89912185330639849 8 749 100 713 66 656 42 820 55 835 12 827
3847 17.411872866986347 -4.7939439206972443 3.4130084446729221 109 66 39 1.0653208724728127 13 737 22 616 28 795 100 715 4 626 66 764
3849 7.9903210549318038 -3.3974875559101689 3.4229364232032395 166 127 93 0.83137673217615604 13 625 100 723 8 734 66 667
3850 7.518391534176291 -3.1202426016698355 3.4778107295355052 100 70 28 0.75077565074670427 8 733 13 635 100 732 28 701
3852 7.4347043590393724 -2.9918908533786186 3.5229874360743025 75 16 8 0.80016352034313476 8 744 13 641 100 740
3854 6.410989191343365 -2.9367327216072878 3.7308505871270765 109 64 30 0.81654649914572042 28 714 100 746 26 574 66 682 83 671 13 639 8 741
3855 2.059379657421772 -2.2230836157220999 3.6443413275559582 0 0 0 0.50951923036526148 8 709 13 651 66 697
3856 2.4884028245930705 -2.2008968120989585 3.7508781225310779 66 54 23 1.4255733485349964 28 458 100 765 66 566
3860 4.7093787618853193 -0.01171686386388107 2.1822210245021547 255 255 255 0.07165471760375447 28 605 100 775
3861 4.413166145522208 -0.050338755106637843 2.2438013073944307 255 255 255 0.13252083656065067 28 738 100 780
3862 4.4241456140762709 0.3901994241393909 1.8550949901257237 157 180 194 0.44114342237910298 28 746 100 787
3865 7.367206194579718 -2.9373665075897821 3.6052999117591233 83 31 17 0.42720630865961245 8 856 28 708 100 829
3866 7.9565043506033888 -3.0509740626417616 3.5346494519470419 56 27 14 1.3053885028938268 13 642 100 830 8 745
3867 6.5318344175290788 -2.8609828450389463 3.6413087346723478 42 22 9 0.49519110180963644 13 742 100 833 8 742
3868 6.6880956357153147 -2.8595941114119587 3.6560055348701259 30 15 6 1.4061460791592857 8 854 13 850 100 835
3869 6.9655571190818684 -2.8444658383566224 3.7095142036272626 107 60 27 1.5470901689386372 8 867 13 746 100 836 28 809 66 774
3874 2.1851170018731261 -2.2367054475128101 3.6976494231746644 91 92 52 1.172362863990243 8 824 100 861 79 951 12 1178
3876 2.1925651959739971 -2.1081392032928701 3.670579464899689 107 112 79 0.62380023636905935 59 1029 72 1071 42 895 79 739 55 1056 12 1064 98 1060
3877 1.9893333857654805 -1.9124989249861866 3.5958082964533791 131 129 87 1.234135572434047 28 850 50 919 71 1047 66 803
3878 2.170971962502739 -2.0183334512788202 3.6709704172352455 140 141 93 0.86968780318333405 28 934 100 872 66 804 84 802 83 789 8 845 13 771
3883 4.2672339322659489 0.28958313065114655 1.9104202733023588 81 104 39 0.061863448286771684 28 838 100 893
3884 4.3799520927719007 0.4984802145986692 1.9636040731462558 70 72 44 1.4773294401860979 13 810 28 840 100 895 66 823 8 903
3886 7.2684128472899108 -3.0812189721147929 3.4202857203342516 58 43 21 0.41737174985821995 28 892 100 929 66 858
3887 7.0852704702843328 -2.8374319212658281 3.6081625991199817 41 3 1 0.90588046525495469 8 947 13 852 100 933 28 895 66 867
3888 6.9778501114553162 -2.8088189949937616 3.5777117577920978 41 3 1 0.65855629931531234 28 896 100 934 66 868
3889 7.850902722449649 -2.7690776398341708 4.1668548666367018 62 47 44 1.9457924962288704 8 875 100 937
3891 1.904040375880544 -2.2585116728719541 3.6851068446658273 107 96 54 1.5391146562593612 28 928 100 952 66 792
3893 2.2509547121758935 -2.2369374913903508 3.6767938328752758 224 214 149 1.8216361143562254 8 932 100 954 13 860 66 878
3895 2.2168224455415904 -1.9909758766239998 3.6739112805885186 58 42 20 0.18191775972334312 8 940 100 959
3900 17.145342115255609 -6.1579049402630801 3.8878071545113788 44 25 12 1.3570692740460786 8 928 13 911 28 968 100 988 66 922
3901 4.5779084002905464 -2.7424826388298995 3.7309685099077576 163 95 35 0.19391095510995393 13 919 100 994
3903 5.1574469626662545 -1.2881546527584018 2.739844983266102 168 49 47 0.81215496309659096 28 978 100 1002
3904 1.8305135902155039 -2.2464608659256453 3.728305875707608 92 83 34 1.5431281213413903 28 989 66 875 26 662
3905 2.1704385908537915 -2.1606561347970721 3.6551036744098142 53 52 17 0.97602164199006713 8 978 100 1006 13 925
3906 1.7955716713097485 -2.1242859117405271 3.6871971665114418 123 114 60 1.9263142214435294 28 991 100 1007 66 942 83 928 26 788 84 874 38 482 65 406
3908 1.9557031909918445 -2.0568811179086111 3.6155350581901344 104 109 78 1.3027832100840238 28 1023 100 1009 66 943 83 930 84 930 13 926 8 977 79 1013
3909 4.3362106413955148 0.47062060535021477 1.9600471863574731 55 62 41 0.4932554355233682 28 987 100 1016
3910 4.0347859324630635 0.30482780680959881 2.145695108536414 231 246 255 1.0388251642241695 26 838 100 1018 84 990 83 984
3911 1.5463360882511301 -1.159572621725925 3.2420410604533623 169 169 171 1.2227390706023176 28 998 100 1020 66 966 13 946
3913 1.1781572985684379 -0.35487708107291427 2.767621019714734 104 103 102 0.44048192682339871 28 1034 100 1025
3914 16.939750468065448 -5.9510901671940877 3.564464228503224 255 255 255 0.77847304571791553 8 1015 13 964 28 1004 100 1027 66 978
3917 4.0302759640677248 -2.4139501393032532 3.6204179247160249 82 79 49 0.38190116979837097 13 975 100 1035 66 991
3918 3.8146786841730966 -2.3078493570030023 3.6240747986221233 75 69 42 0.65215528702777537 28 1017 100 1037 66 990 13 974 8 1022
3919 5.2644271275098165 -1.0984801618594475 2.6372482113188611 72 21 13 1.2281238573347839 28 1013 100 1039 66 994 83 971 13 981 84 980
3924 2.0323568336492603 -2.1495089194627943 3.6192046601058352 90 93 52 0.82185135434904555 28 1059 100 1066 66 1026 13 1005
3926 4.091207010129243 0.45613766409449658 2.3249982327516809 93 86 75 1.5345206179325726 13 1044 66 1062 100 1073
3927 1.4953287912045703 -0.14231427663439897 2.8597006890831729 38 44 38 1.6252029721391525 8 1073 100 1077
3929 10.886436483306666 -1.1488277333575962 2.3233973219794453 46 31 32 0.94444770831398905 13 1029 100 1089 66 1045
3931 4.0573768470621081 0.41779488362694878 2.1407525216724821 61 62 29 0.92640524688724268 8 1090 13 1042 28 1087 100 1102 66 1059 84 1051 83 1036
3932 5.8073466125665636 1.2076438812863137 2.6241657620004659 45 49 52 2.4564209499323901 8 1093 100 1104
3935 2.7844445947901897 -1.2188472905253802 3.1360689809189375 255 255 234 1.4547551855287539 28 1120 100 1125 13 1064 8 1114
3938 3.091842132930644 -2.6446933209920145 4.0765351536212195 0 0 0 1.8898327274046753 13 1102 100 1147
3940 2.3613081001079608 -0.17423036101798417 2.5837268440932144 154 155 162 0.82376478957727395 28 1150 100 1150
3944 16.670187190850296 -5.3309909815881413 3.6571577595041824 39 6 2 1.1157500445552495 8 600 22 635 28 537 71 640 100 563 42 821 55 837 12 828
3945 6.6610446539031427 -3.2517313476736707 3.6918550947125888 189 139 82 1.0655837556565628 79 32 100 114 66 100 13 87
3946 4.8541822244110033 0.11741316231603294 2.0092463858456111 252 254 255 1.942297701589164 28 162 100 196
3953 13.349060636608419 -0.78375710921061048 1.2376120141921054 0 0 0 0.51003086601730907 13 1055 28 1070 66 1044
3954 11.015285039492714 -1.0608478772257228 1.6590334284606985 97 105 111 1.8618219481513918 28 1071 100 1110 66 1074 13 1054 26 880 83 1052 8 1100
3956 4.1822487811663756 0.59972192988546646 1.9761558038010549 0 0 0 1.4272829147522612 38 177 7 218 17 212 25 302 30 294 68 213 16 251 57 181 65 44 2 369 54 242
3963 8.0542561782105508 -3.1201735166960995 3.4994476685849567 224 139 81 1.188964454318139 100 592 8 616 13 495 28 389 66 355
3964 4.3627707459502938 0.24246465363874115 1.8836464173516343 64 81 38 2.4496728941364609 76 688 17 283 7 179 67 784 2 482 81 490
3965 22.478697705671777 -7.7690896821178193 2.8511937282140742 255 213 204 0.58203444150898187 8 336 13 4 66 1
3966 19.188760747634351 -6.0750715754122995 2.8298466815657766 149 126 100 0.793756028005286 26 13 66 19 83 9 84 17
3967 17.293734504533813 -5.595113475091896 3.287112660752753 168 140 107 0.42717629210591668 8 357 26 40 66 39 83 27
3969 6.920024787399722 -3.6543346584664849 3.6142329457313545 0 0 0 1.5638309279278797 13 39 28 95 66 48
3970 7.2460299061688085 -3.525333811062866 3.457594519821221 238 181 142 0.49188930206729642 28 79 66 51
3971 8.1230694119372373 -3.7632442921978244 3.4713592884441087 105 79 48 0.21956028988769455 28 75 66 53
3973 18.161088249047353 -4.9961880671947414 3.337782835711423 105 67 40 1.322470587768362 28 351 50 41 100 71 66 61 26 427 83 60
3977 7.8084407052784739 -3.47442208666167 3.405820648901718 93 74 41 0.18526179503651702 28 82 66 74
3978 7.4594427618484414 -3.0958330999040977 3.4897601563907572 0 0 0 0.66705115693474293 13 94 28 117 100 118 8 119 66 104
3983 4.6936379870380431 0.19598724297289716 1.9322299274181889 0 0 0 2.0197944378907202 13 373 100 202 66 171
3987 4.7350276428939697 0.39789593417542596 1.8557064971078083 30 40 17 1.7993831107843661 13 163 28 177 66 186
3988 4.1406921437100488 0.23067536167022012 2.0476058336973582 244 252 254 0.53231735346067799 8 249 66 194
3989 4.5816463369200706 0.47416603343777747 1.8135506683920184 60 63 57 0.27486302557723336 13 183 66 202
3992 4.4005692436492474 0.54866439351540452 1.9095258305395693 93 103 85 0.52608298713791335 13 424 66 213
3993 4.1186113388288685 -0.79870821480083709 3.6897255811336942 51 52 58 2.2269616157543046 13 548 66 220
3996 4.0796181143386345 0.50838027784420525 2.175053044810447 77 67 43 1.934268378054377 100 277 66 243 84 188 83 227
3998 4.4691015426682412 0.63427408124299367 2.1066406237354416 0 0 0 1.9987308093139535 13 223 26 359 83 434 84 438
4001 7.4909844731298936 -3.5763979794554697 3.4425170105123546 204 159 129 0.39396008298111262 28 368 66 331
4002 6.4889116637481834 -3.2464522625917964 3.631131286794445 0 0 0 0.22100472508146721 13 304 100 396 66 346
4004 6.8485336316371939 -3.0628811496176493 3.4599947338848711 85 63 21 0.66723134149661656 28 385 66 350 84 310 26 277 83 329
4006 6.3603501266285072 -3.1389233792732014 3.8578720844055279 46 20 6 0.95878438211109474 28 394 66 363 26 293 83 338 84 318 13 330
4009 7.0714855983704261 -2.8253244687180712 3.373921510609561 0 0 0 1.0416714240227132 28 390 71 445 66 371
4012 2.3880070304420484 -2.1853213543226042 3.7086770773133626 135 102 32 1.8476846880816664 28 457 66 394 13 518
4013 4.5582574069013502 0.15454583822345455 1.9089589704107166 0 0 0 1.3963845586645638 28 428 100 452
4014 4.3761955584972689 0.21230333311313515 2.0005521347395949 225 252 255 0.32943095044387849 13 388 28 451 66 422
4015 4.5162484040072144 0.43914789904005752 1.8347151250305438 48 56 36 0.26619185762227793 13 407 66 428
4016 4.2870393365443134 0.34762562710376654 1.9473787155337645 173 207 254 0.026613856295611846 13 397 66 441
4017 4.406749757617769 0.38491794670089235 1.9244161164545432 169 198 241 2.2358024328731716 66 442 84 387 83 382 13 398
4018 3.9898005851668632 0.11853401416143103 2.3318438949266445 95 94 95 1.0093520256868196 13 555 28 635 66 452
4019 4.5468207016439504 0.60903801417866965 1.8705492663263712 83 72 57 1.6912547288442965 13 427 28 222 66 455
4021 4.1044090487423324 0.4583930744034953 2.103366791136184 76 87 27 1.0307677300636875 50 440 71 193 13 422 26 355 66 462 20 218
4025 3.08671523419968 0.35349672029704088 2.9271397098431224 11 12 13 1.1655026970169042 13 251 66 484
4026 7.1412780789079768 -3.3139079698866296 3.38208787328997 195 158 130 1.0677975222656348 100 577 66 521
4027 8.3974917048334028 -3.5735587030489424 3.4155776675799778 42 27 13 2.0147156605016452 28 556 100 722 66 522
4032 7.4451105466379106 -2.9335532212235162 3.5398446547781677 63 9 4 0.89169724597046973 26 448 66 538 84 536 83 517 13 502
4033 1.8615384650766011 -2.2788270814895242 3.7051992567969818 160 144 84 1.6864513960644958 28 631 66 559
4035 5.3635438241426741 0.2567815371103081 1.3052460931682361 0 0 0 2.5018832981361712 7 304 66 563
4039 4.5223020683884192 0.20281584694940227 1.9470565970747138 255 255 255 1.5168952567036433 13 541 100 645 66 580
4040 4.1508154666728485 0.0317026975635612 2.2087720905400072 78 92 33 0.10431809239678842 28 617 66 586
4041 4.4867286022836055 0.23701183856652838 1.970568645577546 203 234 255 0.18784286871991715 28 610 66 588
4042 6.7396056777085258 1.0288539383944877 1.9010726105886733 72 90 75 0.79081873628421273 13 701 66 596
4044 3.9306139199273642 0.23663958228875792 2.1988161737023382 255 255 255 0.020630972334947612 13 698 66 601
4045 4.1080133180483145 0.36528304302191272 2.0647903619170189 67 76 39 0.095573031854068069 13 558 66 603
4046 4.3928241971230557 0.637095632172204 1.9579434214750187 107 103 92 0.77604851637434491 13 708 28 477 66 610
4047 3.9961120096006528 0.41982011336981762 2.2781822833104983 84 80 73 0.49986588029441348 100 508 66 613 84 610 83 591
4048 4.7643468507520073 0.88466930112010334 2.4755255686216122 65 63 46 0.43396843997932211 13 592 66 625
4051 8.1044370095866487 -2.5681562432160971 4.0523194236775488 58 31 17 1.5657248532444799 28 723 66 691
4060 4.1378511399914792 0.22931929754864544 2.0624483364286297 255 255 255 0.87145247596940689 28 628 79 700 59 533 66 729
4061 4.2105493451272835 0.35739445870672049 2.0267988747839136 60 65 36 1.0960370874356269 100 790 66 734 84 720
4067 8.2371753658957907 0.45631865727732085 1.0648183131930011 0 0 0 0.51592290662356111 13 784 66 790
4071 2.2479286839730084 -2.0096984164484226 3.7095402209204655 68 41 20 1.3668007648468947 28 846 66 805 83 790
4072 1.9696309778145673 -1.9078092814719048 3.6617668424507661 0 0 0 0.71948032923567506 8 850 13 670 100 876
4073 2.1131858155063195 -1.8915850259258287 3.7175758340137794 0 0 0 1.5989768487969089 13 780 100 877 8 861 66 809
4076 4.1940307817038445 0.39046851307923625 1.9654482485787357 51 58 40 1.4831222339780437 13 803 100 894 66 822 67 1074 46 657 81 742
4077 4.20723631615407 0.12725287078576059 2.6506028988072088 255 255 255 1.8484022268960654 13 805 66 830 100 897
4078 4.20723631615407 0.12725287078576059 2.6506028988072088 255 255 255 1.8484022268960654 13 806 66 831 100 898
4080 6.843883502554287 -3.3888237364463203 3.4965676085360196 255 251 186 0.71505410034480366 26 763 66 853 84 861 83 844 8 926
4083 2.3287695546644169 -2.2965935897970091 3.7380140757003968 224 213 149 1.1287890663569271 28 837 66 877 13 859
4088 6.3822578245788133 -0.61488315560658247 3.0991260178406423 31 32 34 1.724779027709876 13 944 28 832 66 894
4089 4.54053517668354 0.008500057742227651 2.0545757238177202 36 40 27 2.7236683212506301 13 884 26 451 66 896
4091 7.0693668017129188 -3.2360715836828717 3.395151517664559 146 115 76 0.63921943847504903 28 971 100 990 66 923
4093 5.6016110221091777 -0.6536700974268953 3.0765303003033511 0 0 0 0.8603553673129577 13 945 28 985 66 954
4094 4.4382993298338302 0.49581086555347825 1.974360179403708 44 48 39 0.76145166999371994 100 1017 66 963 84 946 83 938
4096 6.3463944388379367 -3.2526022040650986 3.6562646715337399 255 255 240 0.660840377554197 28 1007 66 982 83 965
4097 4.357767027957534 -2.856251835038107 3.6869001765976352 133 122 80 0.7812132163718043 28 1012 66 986 13 968
4100 1.753828356272281 -2.102623661301958 3.7346916293642978 0 0 0 1.8735637741899309 13 978 100 1043 66 998 83 1008 84 1022 38 535
4102 4.2697026229700796 0.60884837059585561 2.1218526299806668 98 88 74 0.45647544654207395 13 993 66 1007
4103 3.8467794981307488 -2.6065038349367322 3.578075430396745 69 68 39 1.4089867421657412 100 1064 66 1014 13 997
4107 4.1324770143684528 0.31068513687920035 2.0540790145948407 91 100 45 1.0415327204897622 8 1071 13 1014 100 1070 66 1033 83 1012 84 1028
4108 1.3836191754697622 -0.14655416228660917 2.8051997773286836 57 63 70 1.2757991464480989 13 1020 66 1038 28 1067
4109 6.3575683642744316 -3.0418296770583093 3.7780956077121521 0 0 0 1.2125767639035523 13 1026 100 1084 66 1042
4112 4.4372375864032128 0.61433737267752087 2.4967261800520473 37 40 42 0.60315164541126109 28 1092 66 1064
4113 7.744039281334226 -2.950679417901179 3.6867230143648047 0 0 0 0.80931163996427502 13 1053 28 1074 66 1073
4117 1.3316261046280125 -0.16000284116954733 2.9302721462878369 30 26 20 0.052925229980008551 13 1110 66 1132
4119 6.5398089841803584 -3.0628275759713954 3.5859091653846189 255 251 172 0.3110866946123737 22 227 4 236 71 172 100 126 66 103 28 397 50 407 80 443 84 57 83 69 13 91
4120 4.2217325149728699 0.14931754675870332 2.1071448612554442 139 149 118 1.2805856815630361 79 835 8 798 13 685 66 727 13 537 50 588 80 630 22 599 4 571 62 567 59 541 91 441 71 693 26 590 83 703 42 731 55 722
4124 9.5484235112972531 -1.7128451484290736 2.5117873256425121 0 0 0 2.1309357263892634 13 1095 66 1113
4127 4.1544616960188288 0.52050879536788619 2.2761044467640521 0 0 0 1.4380032149715012 30 99 38 52 68 69 65 39
4128 5.139941412856869 0.65029620740063176 2.7027548187511052 9 10 12 0.28203195201557607 28 491 66 479
4129 10.028874455243081 -4.3195052962704095 3.7414897769416662 0 0 0 1.5589492900182838 13 467 100 718
4130 4.6188529836848504 0.89029684882033489 2.4389437697565826 157 174 192 0.27481901769517358 13 719 66 626
4131 7.0354412891095128 -2.762325845800131 3.610168763454463 79 49 31 0.94600794898489571 100 607 66 684
4132 2.3688877651897551 -2.3178043440138967 3.7431783159452117 68 64 25 2.3050980958304255 100 856 66 694 13 754
4133 2.003269692888844 -2.3001839627098484 3.6299720727319817 75 68 30 0.65769522186930873 100 946 66 786
4136 8.6816849058007683 1.3629914262368736 1.7817414440205148 25 40 31 1.9590410349554317 13 1071 66 1054 100 1097
4137 11.301887640767019 -4.7217776139708665 3.4283594729551017 0 0 0 0.11801826587648188 8 1131 66 1118
4139 16.731630754561742 -5.4125931750315965 3.5306666919641256 71 43 19 0.36569790398969565 66 311 84 44 28 345
4140 16.104699980283101 -5.4326135131470652 3.9031419410469694 94 42 23 0.25489819870073765 13 53 26 64 84 60 83 56
4143 7.3501207758416021 -2.8385673953290875 3.5289090599831461 104 56 26 0.42761628587069977 26 91 84 72 83 345
4147 4.054510326685107 0.26475889872780334 2.1569870139575849 222 250 255 0.68622123959675285 100 485 84 159 83 182
4151 3.9913043209378665 0.34239039264409526 2.3047807591087457 61 65 72 1.3532867813331257 26 175 28 241 50 180 66 241 84 183 83 224
4154 4.1959313025628022 0.49916584055053809 2.1197902443068783 0 0 0 1.2746240354099798 16 37 17 195 25 288 38 56 57 46 68 55 65 33 2 361
4156 4.2637374873377158 0.55753690911829723 2.1675356809016382 117 98 71 0.61871143514914551 26 177 84 189 83 228
4160 17.420380686044709 -6.2556721060705245 3.7857414936890978 115 71 25 0.93425318226027088 26 249 66 309 84 291 83 299
4162 7.7756906570374227 -2.9991015278509661 3.3681076075575551 64 40 23 0.55320945343603001 26 282 84 315 83 332
4166 7.5288625944653544 -2.9021446981922248 3.4120642665722034 233 145 84 0.38058802521447371 26 284 84 327 83 331
4167 7.8556256673354881 -2.9764114141317557 3.3775906442612404 177 104 49 0.62521477349621313 26 283 84 328 83 333
4169 4.458800544111738 0.2098653000346774 1.9731129560115812 227 253 255 0.56136294348483895 26 316 84 373 83 379
4170 4.0934680731397632 0.33241066540388903 2.1227772609141611 229 239 251 0.15483178550948037 50 148 84 402
4171 4.228176923424372 0.43807251495946453 1.9888108172492862 0 0 0 0.084464751762429152 69 245 48 289
4179 4.2560237115856108 0.57468563346083235 1.9634139397037647 0 0 0 0.43984458044136571 69 304 76 500 81 372 46 300 67 593
4180 4.6012375647897281 0.51122471340479292 2.1087471285508075 0 0 0 0.76418631970585338 7 55 69 325 17 221
4182 7.2314763706241756 -2.9301908669198764 3.4680538151427802 80 16 8 0.59313040814190954 26 280 84 534 83 511
4186 4.3544196044248826 0.56736119053526846 1.9701679856197925 248 255 255 0.67612846845752339 65 208 84 604 83 582
4189 6.4402779641416013 -2.9351426438325028 3.7358759465645361 121 71 32 0.34785566524434408 26 573 84 698 83 672
4193 1.678129956504085 -2.0734092559990271 3.7307708083753885 77 68 19 1.1161964351877032 26 740 84 800 83 861
4194 1.9437441291819262 -1.8647098595152114 3.5921335868384641 130 128 87 1.7937371846750221 26 681 65 339 83 788 38 411
4196 1.9355796871684199 -1.8879755417831505 3.6374577416361817 53 49 27 0.30833773114675644 26 680 84 811 83 800
4199 3.9677673523649171 0.36715693430209789 2.2659593937351703 107 94 77 0.87160635638025408 13 814 84 835 83 818
4201 -0.92165251024396977 2.2534343592490593 1.577594295907639 0 0 0 0.73684232962431739 57 432 68 467
4203 4.2549223310510946 0.47755774981650051 2.3198825475323677 76 72 66 0.56004276274638798 26 686 84 900 83 890
4205 4.205810755022541 0.36443937014327016 2.2181649592696688 0 0 0 1.4374912476455854 38 513 68 524 57 500
4210 1.3507393454355128 -0.26493313100264076 3.1724412661391557 35 37 42 0.56068550376641368 84 1082 83 1067
4211 11.792178452283844 -1.6288756542431901 1.8376910978416476 206 211 224 0.68899925371169601 26 926 84 1091 83 1077
4214 6.6874060394951318 -3.0354444431948799 3.4630600470378892 74 54 17 0.59928804806103508 22 474 4 471 84 307 71 466 66 348
4215 6.6164540619659054 -3.0555258443128381 3.5117106608286259 74 52 24 0.47779640900641518 26 274 91 257 84 306 28 386 50 383 80 440 71 467 100 406 13 316
4216 4.3126541838215946 0.490944236826719 2.0149046553060046 95 97 62 0.8042568294517729 26 156 66 211 38 47 65 26 84 165
4220 3.4835723671674717 -2.7111635913419234 3.629599154810891 116 102 65 1.5551409584586853 66 772 84 516 13 738
4222 1.4501831792863622 -0.15101349091547747 2.9638908269292821 31 27 22 1.2478393268788563 26 945 83 1101 84 1114
4223 6.610331185998171 -2.8351397629909552 3.5429859333222953 78 52 33 1.9270770583074497 28 400 22 478 71 487 66 368 26 447 80 444 22 492 91 278 71 488 26 86 28 129 84 67 83 341 8 114
4224 6.4895485608836481 -2.8340479053301588 3.6344388169554511 27 13 6 1.6934014477685089 50 965 80 1105 22 1073 4 1105 26 715 28 902 91 669 71 1100 66 865 84 868 83 852
4225 19.370889643859218 -6.37347355757929 2.7980361623926204 255 203 185 0.83131190558432133 66 13 83 5
4226 8.1188775668370443 -3.9147679914134326 3.4776877169355678 135 99 71 0.62490334385298119 84 12 83 18
4227 17.327719614399356 -5.5093919047739845 3.2235375716962009 245 208 197 0.49460861238288967 62 75 83 28
4228 7.8586598299811374 -3.1636964816789432 3.2986702160332637 167 124 98 1.3341744250938357 26 62 84 312 83 50
4232 4.7185221195059786 0.20229084839212105 1.930926656379776 104 127 75 0.34077100355785706 84 122 83 132
4233 4.8268402297711175 0.21014212135026275 1.9182466010458759 0 0 0 1.0079907117533369 13 376 66 410
4234 4.3960895155700461 0.045101485650853569 2.1454104216226892 56 55 44 1.3503491048464626 26 123 83 145
4236 4.2599458115750197 0.012493232180335337 2.2368213753818553 255 255 255 2.0007885796999472 26 125 84 136 83 154
4237 4.1876623384943592 0.13357752840670933 2.1328791934936371 243 244 242 0.32571423822952195 84 140 83 159
4241 4.2650516820453248 0.45910561042586318 2.0599162462557556 67 75 43 1.0322008174275425 26 154 38 165 65 128 84 421 83 189
4242 4.0783620666808069 0.44644664189508348 2.1626218621733115 67 65 37 1.1457200554089573 28 245 84 187 83 213 26 170 20 24
4244 4.4157241569896897 0.63377793356292234 2.0269359180933706 61 56 38 0.40371565589606706 84 426 83 216
4245 4.5926981395849253 0.64800967291942269 2.0722784709954603 109 89 64 1.5713223924337374 13 221 83 217 84 191
4248 4.3100977423729505 0.64345421729856889 2.1102638121589452 115 103 84 0.22875946470525232 84 193 83 229
4249 7.288752091076109 -3.3784443988677304 3.434461834507788 149 116 75 0.35727674145139865 84 284 83 310
4251 7.8415376644966406 -3.0115514602803168 3.632999940502458 0 0 0 1.0434975389145993 13 110 66 372 8 146
4252 1.7520795876943818 -2.1939608754854003 3.6662703867578808 163 146 86 0.99488148057103221 84 338 83 353
4253 7.0961729028458365 0.47736542016175737 1.5461291849888283 0 0 0 1.1767491626121651 8 485 83 361
4254 4.2217685767447062 0.21787214862486876 2.2879364932576629 0 0 0 1.1002445414811999 38 147 57 128 68 172
4256 4.3496195641834952 0.52142882327414575 1.987310570472306 74 78 55 0.39010256398932952 84 403 83 399
4257 4.3496195641834952 0.52142882327414575 1.987310570472306 74 78 55 0.39010256398932952 84 404 83 400
4261 4.2545301383543803 0.61792114614973448 2.0555891793455965 0 0 0 0.62060968280573336 28 248 66 245
4262 4.1502961877471192 0.28427817496044322 2.4650110667969773 244 251 253 0.28218933948222025 84 445 83 438
4263 4.1502961877471192 0.28427817496044322 2.4650110667969773 244 251 253 0.28218933948222025 84 446 83 439
4264 4.2366033502088021 0.33372148467725798 2.4578127332891175 230 239 251 0.098146837417912344 84 208 83 442
4266 4.2258591666573189 0.33367033887419989 2.63109084610109 254 255 255 0.12939912063883152 84 466 83 450
4267 4.1335856125872832 0.59135155422006158 2.480347654167943 52 49 33 0.48813093361811777 84 469 83 453
4269 4.3498317730427383 0.70988933169635149 2.3716081087564964 26 28 22 1.2016546838071509 84 636 83 455
4270 20.511397833683748 -6.9544417390948965 2.8118800848364667 141 110 88 1.1620570428823747 66 493 83 468 28 519
4272 6.2595090492858079 -3.2640062633019977 3.722713705023414 107 63 19 0.76360101953826687 26 432 84 517 83 500
4275 2.2775005095539904 -2.3303760064369365 3.6838455615356946 89 90 50 0.26428846367400866 84 543 83 523
4276 1.8867881076407009 -2.2986353119916294 3.6761189929712255 199 188 125 1.6604059416839743 84 531 83 530
4277 2.2987855089984097 -2.0813854428512979 3.6583777087703577 52 45 14 1.1225548391313089 84 549 83 540
4278 4.4667783808228201 0.66501778338305617 1.9506028643506383 89 77 61 0.98298585551595785 26 347 84 606 83 583
4279 20.034877232449208 -6.7799381112887334 2.7643848384143861 143 112 90 0.61428977235615634 66 642 83 635 13 598
4280 21.98811072430582 -7.1514467862691484 2.4916586210667453 124 93 69 1.507177127736272 13 723 83 636 84 654
4281 8.2596337351002731 -3.4661627834911579 3.4128572160469623 170 126 96 0.20143018975843019 84 667 83 654
4282 7.4556168447210913 -2.9562668397644383 3.328665492498311 210 153 111 0.080679053272957102 26 555 83 661
4283 12.636069477712995 -0.32255157256104688 1.3044453793185211 0 0 0 1.3878023815713469 50 705 83 679
4284 4.0522661196916738 -2.1753753842016934 3.8197837278132636 21 13 3 3.4626432305671151 91 618 83 697
4285 4.2984569021606429 0.52568955241457138 1.9733178469401749 97 102 72 0.34468173014688869 26 596 84 823 83 719
4287 4.3811605311188311 0.65921690479051287 2.0275749916507251 112 107 95 0.14314263384079218 84 747 83 729
4292 2.3633866839541771 -2.1030807435410601 3.7142508419108964 39 32 8 1.5833296459282877 66 881 83 791 13 865
4293 4.9778439306896738 -1.1529614609122905 3.0000841974572263 55 19 19 0.83267332845854281 26 659 84 812 83 795
4294 4.3880294327531146 0.62751097969155456 1.9724892518254749 134 141 95 0.664528504951021 26 599 84 831 83 810
4300 2.3865366230453637 -2.3301329691085075 3.7104283704352183 228 217 153 0.93970715613357303 84 870 83 857
4302 4.1518711198435847 0.50966350659598025 1.7937742991050061 33 46 40 0.89730370986387453 68 501 83 867
4304 18.403954643292703 -5.8867208902794257 3.064173675458604 105 83 33 0.58824110597218915 28 967 84 913 83 901
4305 7.2359959962696383 -3.3953301394990927 3.2964130013458139 120 92 54 1.4853763684961767 66 979 83 904
4306 7.4143111617428508 -3.1292972855023939 3.4194063289748833 78 62 19 0.3384387488061964 84 924 83 912
4307 3.3161324517976323 -2.4947543572560615 3.6425409815125249 114 101 59 0.31977342256418306 26 774 84 866 83 913
4309 4.2883506444519126 0.49557248570912449 1.9644380296324095 44 48 45 0.64373873191366793 26 783 84 945 83 937
4310 5.7878480724898891 -0.98943973595316026 2.5452124158097158 63 20 14 0.13395530142578926 84 981 83 972
4312 4.3789276522465421 0.5788414416627955 2.0489840907084655 72 71 42 0.061503659550101036 84 993 83 987
4314 4.2389453819112966 0.4582979796803352 2.5029179779287611 6 6 6 0.029740925137858358 84 1005 83 996
4315 1.3284775963633688 -0.2412847971461877 2.8494819261226851 0 0 0 1.2181431206459756 26 879 84 1010 83 1000
4320 1.495076392988802 -1.1442626584658933 3.2744691145414659 255 255 255 0.22659194183907558 26 918 84 1074 83 1072
4325 4.0603306445681735 0.43266709374288737 2.2193099943608763 30 24 19 1.1601915751547978 13 430 66 469 28 246 26 169 84 185 83 226
4326 3.3921460575847817 -2.622387961687572 3.6646880381766591 126 110 69 1.4453758671571066 28 910 50 981 71 1123 66 861 83 849 26 713 84 865
4327 17.1989521626579 -5.6221149146782992 3.394075034276931 255 245 214 0.77741392588795355 28 337 79 670 50 303 80 347 13 279 59 632 71 377 100 343 66 312 83 300 26 250 62 576 84 293
4328 4.1666262031554782 0.13873094248203324 2.3562795589401784 101 100 99 2.0549515186594323 28 634 50 438 22 424 4 370 71 512 83 412 66 451 84 416
4329 4.0419473633627963 0.40304511169812801 2.2079592144600459 16 15 9 1.288784807333474 26 354 100 274 13 429 28 244 71 212 66 242 83 416 84 435 20 23
4330 16.945338144403699 -5.4290736958575625 4.1940893698713202 89 39 25 1.4708351208017085 28 69 83 80 13 83
4331 1.3995442821717385 -0.14987031063332074 2.7908146284490862 57 62 68 1.2687917358582441 26 876 83 1020 84 1034
4332 1.5813305629935284 -1.039392512563168 3.1787419648393374 78 86 90 1.6011540082688469 84 1050 83 1038 13 1038 66 1061
4352 30.380374941282025 -8.4975831312904386 3.1426548065564992 72 56 46 0.67100415721191453 36 80 96 343 52 82 99 86 32 236 97 246 94 54
4357 6.9995780394945806 -2.9404905214416113 3.3350444516894484 0 0 0 2.4428027353346318 8 118 79 399
4358 7.8106094611254813 -3.1158504887580953 3.4168358108718979 102 67 36 1.57647569575457 79 413 42 527 55 516 12 485
4361 4.1257672627043629 0.36698806953640628 2.0709757679404022 136 142 159 1.9348074900130747 79 527 96 506 85 534
4362 5.210250195325612 0.28411641847210733 1.9997183563195715 48 65 31 1.7601277170593153 79 284 42 137 55 109 12 73 98 131
4365 17.419984565858719 -5.2195695836360176 3.164723985681154 74 51 15 1.8467381981879101 79 453 96 586 42 597
4367 19.172124622845033 -6.493961271693081 2.8319900534332558 0 0 0 1.659264372437246 4 79 22 33 71 10 80 19 50 4 42 625 55 627 12 606 96 594
4368 21.975717597106662 -5.7869298121538799 3.5503198681832098 58 41 16 2.2949267142228083 96 607 42 611 55 586 12 566
4381 4.2657973521233838 0.49643241901397045 1.913737336079681 61 73 50 1.9754194084034842 79 714 42 735 55 706 12 679 59 314 96 787
4384 4.6323191084852882 0.28240376951203949 1.8331983011113171 255 255 255 2.1118465291108972 67 795 96 800 85 795
4386 4.3657482422028115 0.41608717491068531 1.7310486697799952 95 114 36 1.9715118850536371 79 725 85 800 96 812
4388 18.254368106835322 -5.2097378198717443 3.4695431817266011 162 45 39 0.97515360949331997 55 833 42 828 12 825 96 823
4390 22.903556299078719 -5.9951157637926009 2.9634105789811724 73 48 21 1.3069702280680002 67 491 12 831 55 847 85 1004 96 852
4398 2.1063793614636324 -1.9238076811462681 3.6834880778765169 0 0 0 1.0000555887180329 8 852 100 967 13 874 66 891
4401 7.3450142450463867 -3.5365965530261132 3.4874458387407503 0 0 0 0.6715646033117868 72 1116 79 776
4402 25.833110761269598 -6.2712832413240003 3.0902621834970323 114 72 45 1.0218363225745428 90 897 48 673 27 678 52 697 85 1235
4403 5.0855070918775498 0.29588160541405789 1.9828747233579578 255 255 255 1.2492932977707545 79 1001 42 1174 55 1075 12 1167 29 1210 98 1361
4414 4.6119260782445286 0.13500135558873633 2.1445769805640715 107 103 95 0.15045030358930109 79 518 96 782
4417 4.3187055383236999 0.47392451977616751 1.8456162936967706 253 254 255 1.18300398226257 96 181 42 96 55 54 12 37 29 33
4419 4.5601080768888114 0.40632292146083843 1.8695989144315475 86 104 81 0.019320162238004032 42 111 12 49
4422 6.3693899619620966 -3.0819957914948501 3.5751361051412549 113 73 50 1.6143228450790752 79 31 42 166 55 501 12 170 29 501
4423 7.2969852820880536 -3.4534217779465575 3.496099901209873 108 89 43 1.0683498521220753 72 187 42 195 55 198 12 200
4424 7.9505442516347724 -3.2336772792128077 3.4903571345047921 100 74 41 0.71254514649118417 79 87 42 217
4425 7.7542989184688924 -3.142008794174469 3.3110078144969419 108 75 39 1.5364109644603456 42 218 55 517 29 514
4426 8.8511966645433944 -3.4998022334023222 3.5813668925321172 150 111 55 1.7823296439905567 79 92 42 233 55 209 29 203
4427 8.0836104037714556 -3.451232496444208 3.4751777242640358 219 180 141 0.68738189425249718 79 78 42 235 55 211 12 195 29 529
4428 8.664626055591258 -3.5696457289066497 3.5697565803486047 95 73 43 0.92733384149984111 79 91 42 237 55 214 29 540
4429 8.9925546327741319 -3.6826985989734156 3.5953008095112891 79 56 40 0.95543953834217632 59 201 42 239 55 229 12 212 29 219
4432 17.382281224974705 -5.685550166708591 3.6377676214044565 73 46 23 1.3822567149335621 8 99 79 140 55 281 42 281 12 272 29 290
4435 17.234524170665939 -5.8516995622138044 3.5016316362985433 187 137 100 1.8054816171452568 59 190 72 266 55 284 42 292 8 59
4438 17.580435466512512 -6.4319953633718878 3.1596028777640313 199 144 102 2.0828276406084263 42 307 59 186 55 313 12 300 29 318 72 296
4440 7.6775088926144353 -3.3450040962650145 3.5129157068124477 0 0 0 1.9569799897122038 59 208 78 223
4441 4.078867399480032 0.42096397638419547 1.7988944683070089 0 0 0 0.21536123339847735 8 287 79 291
4447 33.193374877728182 -7.0868049268789575 2.9734026594832259 143 96 55 1.0921079886120311 36 529 69 205 52 387
4449 3.054128881264139 -1.016250484264527 3.6532230900248224 43 38 33 1.2889208959505478 79 343 42 404 55 30
4453 6.1440717448849016 -2.8620194501873826 3.4716944381010331 48 25 17 1.6509395473194868 79 607 42 490 55 490
4454 6.2312137492999664 -2.937227628299381 3.5210863611832006 130 86 63 1.6782713928669706 79 371 42 491 55 493 12 470
4456 6.3203134994906538 -3.0601501954977217 3.4543347781482896 164 119 84 0.7350513870640103 79 372 42 495
4457 6.6880840260335299 -2.7957603140844922 3.3356031472767254 45 17 9 1.4594207198951725 79 398 42 504 12 154
4458 6.3264520467792629 -2.7830711696614636 3.3332616757559546 80 52 34 1.4395976624283657 79 379 42 505 55 163 12 155 29 157
4459 6.5667078151054321 -2.8165550619305599 3.3450609174177504 77 49 33 1.1996130660308455 79 380 42 506 55 161 12 156
4460 7.135153021623581 -3.2434816355881706 3.3719640423953239 182 151 117 0.49880208664965309 28 104 42 517 55 521 12 489 29 517
4461 7.8833175503825386 -3.0840684826559266 3.4197475168797107 134 106 55 1.664468852596467 79 414 42 525 55 515 12 484
4462 7.6194511960297175 -3.1378983502106625 3.4487397123909989 90 62 37 0.99809309345037289 79 75 42 526
4463 7.3787467743533055 -3.2968276677531447 3.3940827190339262 180 146 104 0.68668869468248339 79 401 42 528 12 500 29 518
4464 7.8521556126142276 -3.515224245225069 3.4580669558555566 217 176 137 1.0431199631393242 79 408 42 532 55 534 12 515 29 532 98 647
4465 7.9492025679233196 -3.6572061414859349 3.54031532749597 93 79 27 0.072228962785324938 79 390 42 533
4466 7.6069963186381253 -3.7172817790088764 3.4403702099083464 134 106 56 2.1429680702766993 59 483 72 549 55 543 42 543 12 519 29 544
4467 9.7374235592338128 -4.0200788137998273 3.7353471105638052 255 146 83 1.2925208347388446 79 98 42 559 55 555 8 54 12 528 29 555 98 950 31 838
4470 6.5991413489811483 -3.4073544282914634 3.5202125634483878 0 0 0 0.79917904803400508 59 486 78 506
4471 20.996597790376196 -6.7672766760363796 3.0653304454423171 0 0 0 2.4187740100997011 72 567 78 141 42 624 12 605
4472 6.9879565729070565 -3.4380068161560566 3.3856602342866235 113 93 48 1.4692052974909717 4 187 22 183 29 535
4479 2.339170755943663 -2.0557286784897078 3.7071513943494141 68 64 33 1.1029122665082212 59 705 42 701 55 694 12 719
4480 2.4367955953034253 -2.1573625243472656 3.7543486135820903 85 75 39 0.19559284880636904 79 742 42 706 55 703
4481 2.4168399466780133 -2.2657844678076495 3.7903675328421973 79 72 33 1.6537581030566837 13 516 79 571 42 707 55 922 12 936 29 964
4483 6.8525051021608396 -2.8162263461766868 3.2784803762996066 124 39 25 1.4702444933027603 79 782 42 776 55 772 12 767 29 495
4484 8.2446822487846951 -2.9757082224040046 3.7080351750927596 91 47 30 0.84951138553108707 55 782 12 768 98 920
4485 7.6247794949276706 -3.0510064206418948 3.3930726083751672 71 42 17 1.6643507555425332 79 625 42 780 55 784 12 483
4487 7.7331789407151028 -3.1646944517330553 3.3389986016619533 255 195 134 1.2383852640572854 42 782 55 786 12 776 29 808
4488 7.5992349342556427 -3.4959420162715524 3.5140563833354586 100 88 23 1.0633325855360942 72 747 42 786 55 800 12 788 29 820
4489 7.491238929889966 -3.7155580408730802 3.570443698947106 255 223 171 1.1844804014621169 79 614 42 787 55 803 12 796 29 826 98 927
4490 7.6298209079964359 -3.7489734493472988 3.6188566784619316 255 223 171 0.3449797844913699 79 613 42 788 55 804 12 797 29 827
4491 8.2742426442311725 -4.0925961267527411 3.8169602994178637 252 190 121 0.50606116145241431 79 377 42 789 55 814 12 810
4492 8.0203778208460594 -3.487127281958879 3.4673295800302695 82 67 33 0.87983637244798141 79 621 42 795 55 799 12 794 29 818 98 924
4495 10.178032310418011 -3.9021617099598642 3.7804172325627405 68 22 7 0.8199464026951101 79 420 42 801 55 811 12 805
4504 1.8391325105474721 -2.0873669503799124 3.8217334767721538 248 223 134 1.0138782484006177 42 878 55 1048 12 1056 29 1095
4505 1.779986270404883 -1.9436133680550551 3.5523138528019182 81 78 48 1.7020435789950996 79 734 55 900 29 716 42 880
4533 4.7560158564127022 -2.8214824918313335 3.8397546031619005 147 88 35 1.5510489444335664 79 960 42 1167 55 1189 98 1364
4543 6.9130094950749168 -3.3915699701980682 3.5065839592546957 255 247 181 0.65518863804153094 79 1083 42 1331 55 1351 12 1371 29 1437
4554 5.0064265430382884 0.65553144183188927 1.9065700167677559 63 59 41 1.6767381766509104 79 304 42 109 12 47
4565 2.5743862712059777 -2.2841793309676741 3.8465143260788475 132 101 32 1.4758593732018124 79 745 42 898 12 942 29 963 98 1078
4566 7.9722228757219833 -3.8613713065092061 3.4339987735210644 0 0 0 1.1912521875368682 59 1000 72 1237
4572 3.4839321156825087 0.15114176630492732 4.2675656396880708 70 73 81 0.45412676953025211 42 16 78 96
4579 17.330562799156009 -4.8520248483128663 2.6990106936931175 75 46 37 1.8612995116107514 79 185 42 610 55 275 12 254 29 265
4581 4.211321799358636 0.43661961559665907 1.7970932063958303 0 0 0 1.1741548650328939 96 182 42 97 85 207
4592 4.0101113879015831 0.36616381855058028 1.9657528127517738 72 80 45 0.21717391200468686 42 77 55 46 12 23
4593 3.8824138650342142 0.23611039022087857 2.1545620503876672 79 83 67 0.85566457534186835 42 67 55 47 12 28
4594 3.8587879647060275 0.24042852671913723 2.0779349320031817 139 154 137 0.71390497990834123 42 65 55 48 12 27 79 240
4598 4.1846836082436463 0.2698337847021679 1.9204737046843019 191 222 255 0.87727530316504221 59 25 55 73 12 43 29 37
4600 5.0397611462935314 0.50132793174953927 1.8695693094731627 56 66 28 0.3803823441442768 42 132 55 91
4607 6.5672928192065871 -3.1743438318470112 3.5714429111101702 181 133 100 0.71808790743461559 72 194 55 166
4608 6.4953018497554362 -3.1359446357952239 3.671559458019154 71 43 21 1.5912181228016873 79 29 55 167 12 171
4609 6.8193099501751808 -3.2120757227596894 3.3629055657231284 146 117 73 0.65626705396774498 42 190 55 173 12 180 29 183
4623 8.7828544223505887 -3.5774854762585302 3.6331851033934957 225 180 135 0.93691937480001442 59 203 72 179 55 213 29 205
4624 8.8382828191392111 -3.6416680056458395 3.6330104799407295 72 53 35 0.67581828154722345 72 212 55 215 12 210
4625 9.2652784629509952 -3.6211690771408009 3.5622979154582026 92 48 23 0.7957008922905261 42 250 55 227 12 209
4628 9.77282667866141 -3.9791752623539787 3.7186498800053545 128 63 28 1.2764961221967617 42 255 55 233 29 237 98 679 31 578
4634 17.184284293221687 -5.6804505898339634 3.1634593688387298 155 121 75 0.88569656877490266 59 158 55 291 79 160 42 600 12 580 29 600
4653 3.8360140936396965 0.31800248066329373 2.0023057091629157 131 136 150 1.5970118847564405 42 429 55 405 12 381 29 403
4655 3.8818973926641567 0.27713989783424881 2.1107042952856507 255 255 255 0.4953286440297438 42 431 55 407 12 383
4659 5.2953440243405909 0.56490472229513267 1.925430708421459 30 38 14 0.99339613736382626 79 559 55 444 12 58 29 429
4663 5.0597237857499318 0.36951565018764687 1.9586261874339481 27 33 15 0.43981716917440822 42 462 55 451 12 410 29 432 98 562
4667 4.9751401299598275 -1.4057508111830554 3.6657490676178028 20 20 21 0.24757955716072452 42 61 55 464 12 129
4674 7.0035436683829166 -3.0113280287944639 3.3238806181889915 106 71 46 1.0223884666292946 42 515 55 508 12 487 29 496 79 400
4675 6.7201832158024768 -3.1631295860590463 3.3812045505169728 166 138 108 0.87061304297770747 79 383 55 509 12 490 29 521
4678 7.1283817652930042 -3.2170079253177453 3.3346985336471073 125 97 30 0.31470700132020213 42 518 55 518 12 488 29 516
4679 7.2982673652941736 -3.286853740502969 3.35916968581058 178 145 104 0.19170561067826808 42 529 55 520 12 501 29 519
4680 7.7007628764930951 -3.3892497971108888 3.5864250004662965 208 170 137 1.7794426333897115 72 515 55 522 12 503 29 520
4682 8.3227420773626246 -3.5816705780143741 3.4853530922495679 148 118 86 0.27144125788715273 42 541 55 533 12 514
4684 9.0759107083773021 -3.7545408288597728 3.5248143387862125 98 45 16 0.73074757134357593 42 558 59 199 55 542 12 527
4687 16.155678963681837 -4.6766779558072553 2.8193919237398464 66 38 29 1.7962296922727297 42 592 79 467 55 583 12 567 29 580
4689 16.947135383977148 -4.8918530683001986 2.8957120080935557 152 110 95 1.4105584751086608 42 594 79 456 55 585 12 568
4695 30.754161852133457 -9.2351350015807832 3.5270347108624747 82 73 40 0.93033347437768255 48 278 37 350 52 277 73 676
4703 1.3475552644196751 -0.45524738990275543 2.7925874797424064 13 13 15 0.73987243701455685 42 676 55 666 12 658 29 672
4705 2.4819169130190524 -0.30825427948010448 2.4539390784828123 24 24 26 0.27521334236555661 42 708 55 678 12 663
4707 3.9108999609010819 -0.1478926050402137 2.844874051559517 112 119 135 0.39163663915344293 42 721 55 690
4709 2.3199791120699693 -2.0221980314143324 3.6916718246865119 107 95 54 1.5017972357428224 42 699 55 693 59 699 79 573 12 718 29 742
4711 4.2442027639470368 0.4262241952152408 1.848497587676188 65 73 31 0.49429590736303924 42 736 55 707 29 697
4712 3.9248528107485559 0.28743627809792532 1.940320745693239 62 67 39 1.230329467211434 42 730 55 708 12 681 29 692
4713 3.8521914909645103 0.038685250244542932 2.1606720183666535 48 57 11 1.1960242385490119 42 728 59 548 55 709 12 687
4715 4.9034451585947032 0.50410433314668568 1.8528933210553176 104 123 37 0.30806451396824269 42 747 55 734 12 691
4717 6.2071431088106026 -1.5900951142535067 2.8749354547440547 52 5 6 1.6077455745364322 42 162 55 760 12 751 98 193
4718 5.6942615407093857 -1.5823391578784234 2.6578895915016574 109 106 114 0.67672082865646166 42 161 55 764 12 960
4720 6.7474712249983453 -3.352093674289423 3.8106197041299694 133 86 32 1.0226063462599493 79 601 55 776
4721 6.2030691984225763 -3.3162591428480397 3.5882414472636501 83 52 19 1.7614520826561404 42 768 59 694 55 777 12 778
4724 7.1382164855052794 -3.2599362164337609 3.469487385960889 158 125 79 1.5739236357619675 59 841 12 980 29 809 55 787
4725 9.9004807059572695 -3.4699070996743844 3.9104269997424308 229 142 83 1.0678727458880157 72 728 55 793 12 783
4726 9.3399845164633852 -3.5229297701025231 3.7611663759374387 255 207 146 1.5293688998255224 55 795 12 785 29 816 72 741
4732 4.0083693145606736 0.34022895860855967 2.0134600621069629 0 0 0 0.18300156489512673 8 689 79 705
4737 2.2343317892985941 -1.9544253409249837 3.7179753050997606 58 52 21 0.96270203976602364 42 888 72 700 55 902
4738 3.8165409995306305 0.27075566631432291 2.2086595837856864 65 56 46 0.72939600866191101 42 724 55 905 12 894
4761 4.4339058031184173 -0.028681976931114975 2.1456929268708111 244 247 247 0.046097620428798648 42 1081 55 1070 12 1058
4762 4.655266009459103 0.058304407010432158 1.9402008638432322 51 53 58 0.68526212652637575 42 1085 55 1076 12 922
4764 6.4331099868346904 -3.2218559014995152 3.5590308934514314 166 117 70 0.93087746389086845 42 1093 55 1102 12 1112
4765 6.6058620121208795 -3.2666033467397213 3.5380554863911629 255 249 190 0.4730267140229118 42 1099 55 1107 12 1111 72 1106
4766 6.5385353127482899 -3.3024458174155118 3.5793667556429312 194 138 86 0.72269783455522185 42 1096 55 1108 29 1148
4767 6.5385353127482952 -3.3024458174155131 3.5793667556429338 194 138 86 0.72269783455521763 42 1097 55 1109 29 1149
4768 8.0502218543740405 -3.2035331828597986 3.5921934563969717 71 46 21 2.009043045076651 42 1105 59 980 55 1110 12 1109
4770 8.3014258867228694 -3.4960954882198587 3.5139693737485604 156 122 81 0.7584750258491918 79 783 55 1112 29 1154
4772 7.4676677860001579 -3.5737207173814962 3.5269031765803192 147 120 72 0.46894154885302886 42 1106 55 1114 12 1115 59 1001 29 1155
4775 1.1789743750223634 -0.40551293177148962 2.6918042680017691 102 102 99 0.44675221298963552 42 1138 55 1142 12 1148
4778 1.4361027379112146 -1.1827120983473209 3.0937041764354234 169 169 170 0.3307320369355764 42 1141 55 1149 12 1154
4780 3.9576832934792523 -0.053231157216120803 2.8731612696209581 26 28 32 0.3859508914961059 42 1158 55 1158 12 1161
4785 3.9768923147488113 0.31640880532822357 1.9659922653041046 65 70 45 0.036059652518259974 42 1165 55 1170
4794 7.266310951573554 -3.3947967241508441 3.3676403534084529 96 82 26 0.0516447121553682 42 1192 55 1208
4797 18.639423623959928 -5.2711936054570865 2.9665529716951178 69 47 13 1.8753266859845223 42 1214 55 1219 96 1157 12 1228 79 919
4799 1.1628044547832641 -0.31357871641675455 2.6243026333103079 50 56 55 0.70427988804098851 42 1226 55 1227 12 1308
4800 1.1797376483023241 -0.44530127992483098 2.7221734418773398 255 243 212 0.75694875891093538 42 1227 55 1228 12 1235
4808 4.4817841811667645 0.40662134778311426 1.872470679740796 82 100 69 0.14550455724903882 42 1254 55 1245 12 1246
4812 3.7303499054500837 -2.8286886586006545 3.8933805017383074 6 4 2 0.31549748027084723 42 1159 55 1256 12 1273
4819 1.8737607784871979 -2.1250002339493785 3.6675897672791788 211 204 151 0.45435603744565212 42 1298 55 1294 12 1320
4820 3.8792831385064357 0.22693518512951705 1.9746836363715345 100 108 42 0.060015804634910908 42 1312 55 1299 12 1312
4824 3.3930138453691714 -2.3861548962318797 3.5611288396234202 73 66 37 1.2967440609996399 42 1303 55 1308 12 1331 29 1397
4827 4.8228618087551336 -1.1059789240890936 2.4839325013387801 74 23 14 0.53030651677874641 42 1320 55 1311 12 1327
4829 5.348508727769465 -1.0241122840096128 2.413358549028823 65 22 13 1.4626009409141982 42 1326 79 1094 55 1315 12 1326 29 1395
4836 1.406665019610676 -0.31518919565457038 2.6403372202486874 45 52 56 1.2619529957814761 42 1349 55 1342 12 1356
4840 7.4997644817486986 -3.5077817045404989 3.4957829749757208 145 120 67 0.7421203822094693 42 1360 55 1352 29 1438
4841 1.6899244297047558 -0.42250582926985236 2.8670019252710093 8 10 11 2.1016056917327117 42 1365 55 1359 12 1376
4843 7.1244722806737713 0.62851191899724368 2.3101501038136831 37 44 42 0.88121012649614272 42 1380 55 1371 12 1364
4845 5.8219398601565322 -1.2302604456606081 2.4800995956884337 67 23 22 0.34188710321802701 42 1381 55 1375 12 1382
4846 10.63138590865948 -1.0058815244654566 1.6750592409822882 82 92 97 1.2324711906545016 42 1384 55 1377 12 1386
4847 8.0885335909736114 -3.8806514681413042 3.6776904985041687 255 255 195 0.024996419503891958 42 1382 55 1379 12 1388
4849 3.4347850965432092 -2.6468984751158877 4.0238673609430498 0 0 0 1.1577543075074272 42 1372 55 1393 12 1416
4850 2.7553377690277623 -2.2651825879547247 3.912302084457032 43 37 13 0.50592812804108445 42 1404 55 1404 12 1414
4852 1.216812953666093 -0.41145967092178315 2.671465118168844 117 121 133 1.092688711996664 42 1418 55 1413 12 1427 29 1510
4854 2.1976997853144127 -0.24729064543540791 2.3948846330597156 147 150 163 1.3687842284726677 42 1423 55 1417 12 1436 29 1518
4855 4.1547299831685089 0.15031956652809103 2.0101968057067396 255 255 255 1.9917174381639753 42 1428 59 1325 55 1420 29 1520 12 1437
4858 10.081364022294965 -1.6059970965820496 1.5997398948307349 209 213 231 0.80419674048381451 42 1431 55 1425 12 1446
4866 19.296749436658462 -6.7265555144825084 3.1547187247460946 170 169 162 1.3438860174069995 42 1433 79 1165 55 1422 28 1122 13 1091 26 915 100 1140 66 1110 12 1441 29 1540 8 1126
4870 4.1341740838312067 0.18789002064978183 2.1036074277540373 91 101 77 0.6939205725765335 28 213 66 193 13 177 83 161 100 221 84 142
4871 4.9215147578067535 0.53990480652829576 1.8886655161571253 242 252 255 1.0567050357521295 55 440 12 397 29 415
4872 18.199631416937574 -5.3481444900303261 3.3274551584032506 76 51 19 0.55827423210128435 42 596 96 585 55 588 12 571
4918 4.2998759760369625 0.51929879084836816 2.0269697073590329 32 40 28 1.5002680205587573 13 423 100 501 26 157 66 465 83 190 84 423 8 525 38 167 65 35
4924 7.0633762452600832 -2.9268623661342392 3.4746787456021524 75 18 10 0.45078574520535547 28 707 100 739 66 675 13 501 26 439 84 533 83 506
4925 6.4531346396499814 -3.158705380040054 3.6661577408327557 255 235 162 0.58368868931456108 28 395 100 595 66 347 84 53 83 66 13 314
4926 6.4387725354195 -2.9756472126973748 3.6438232610213768 149 109 73 0.469315950053172 8 590 13 333 100 599 28 579 66 365 84 320
4929 3.3275382269845566 -2.5428230568352368 3.7407302043832389 255 255 151 1.4071671882826653 13 971 100 1032 28 1053 66 1019 83 969 26 823 84 974
4930 2.3602374399677184 -2.2241502184915123 3.7077467445636501 97 82 32 1.8566148544010215 13 349 100 619 28 444 66 392
4937 3.7394952129155414 0.18523168082057892 1.9256505391359242 75 84 29 1.5743706926963379 55 413 59 27 12 26 29 402
4939 4.2326881788392203 0.42288756995670801 1.8893166125245069 67 78 38 0.48877104659726128 42 95 12 38
4942 4.7839166496083187 0.38473733119820025 1.8958062767023862 135 157 191 0.25722490681672894 42 129 12 60
4951 6.8183632013920512 -3.478745251059761 3.6981988310536438 205 132 77 1.5086321157548295 55 179 59 282 12 188 29 195 13 64
4953 7.8720212487363064 -3.4176528926232819 3.3991008398040017 219 179 140 0.20370022096038221 42 236 12 196
4954 6.8263102654059491 -3.4122932889269024 3.5516213962130498 255 255 189 0.69282474491008506 100 89 12 204
4957 7.5667601164068214 -3.7366824453905445 3.6263882843424895 255 226 174 0.11729807876398944 42 222 12 222 29 225
4958 10.174361550461226 -4.1567095360562538 3.8440965535241145 239 113 60 1.2517013256704421 12 235 29 239 42 256 31 234 98 279
4973 7.9138661849702476 -3.6907837046183785 3.4886650168664244 0 0 0 0.39545470964745816 43 222 78 252
4980 1.4272390787397522 -0.47825247014421013 2.8062417397064299 30 28 27 0.28954102308734203 55 371 12 357
4982 2.7488901700096355 -0.26615582237504021 2.6647611994615286 103 102 106 0.15061828881137163 55 388 12 364
4985 5.1197449847605654 0.62103321766504893 1.9476114596967178 245 251 255 1.6278226349467717 55 439 59 315 12 396 29 414
4986 2.0764968309645981 -2.3642378763461358 3.958141318639147 69 63 29 0.19356700274365499 55 404 12 425 29 461
4987 2.1434726556814518 -2.4065064652154615 3.8968629847199527 212 206 153 0.27559725140676267 55 411 12 435 29 752
4995 7.8056861515901668 -3.5909586879282425 3.5187535227559197 159 129 87 0.25974166709642338 79 388 12 516
4996 9.8772895754697281 -4.1620639948919571 3.817772632088952 255 147 82 1.7046277280695279 12 529 29 556 78 251 31 579 98 681
4997 7.530227024118477 -3.7405528571951003 3.3643538817341678 255 226 167 1.4555671009706217 72 551 12 530 29 546
5003 16.1489593518282 -5.8111408519983527 3.2423094578739602 255 255 229 1.3724666502452836 72 586 12 594
5018 3.9142941913305154 0.29740965408488373 2.1615673282960763 49 57 40 1.2478185747173163 42 430 12 682 29 694
5021 4.4623835855027858 -0.0025473463245052758 2.3045212571410789 254 254 255 0.59597129609545096 55 726 12 706 29 712
5028 7.7213919032884721 -3.7858195104488899 3.4080098999424733 129 99 58 2.0142611239998613 59 682 72 768 12 809
5029 18.299988195186401 -6.1354739616822744 2.9426963371119887 255 238 225 1.1633428917175597 42 839 55 855 12 840 29 863 8 358
5030 15.873514461400836 -6.1261558474376621 2.956475724759144 255 248 203 2.0603635593450993 72 796 12 851 29 874
5031 1.3453709362511577 -0.47014123320042334 2.7191659942459387 97 99 107 0.32177750572546715 42 382 55 668 12 878
5036 1.8516578063858453 -1.9352650307390147 3.5730616881509825 0 0 0 2.1829896119047216 79 735 8 728 29 939
5045 7.48751181477461 -3.6201503195122235 3.4495257139343898 255 254 184 1.7312691904861666 42 980 55 982 12 988 29 1004 98 1127 72 932 31 1039
5054 2.5350675145447914 -2.4718852351797178 3.982769228143435 86 73 34 1.0511359712093657 55 923 12 1078 29 1119
5057 10.79429645883995 0.88871973096262413 0.96860023628444858 36 57 44 1.2501848056334905 42 1114 55 1098 12 1095
5068 2.4964540406759808 -2.3412651020314796 3.8455931167155302 62 58 25 2.7236306686974499 79 953 12 1185
5069 4.2091664286144397 -0.94368551457421179 2.0492889923905384 0 0 0 0.99314407102335955 59 942 79 1045
5071 10.337803571441629 -4.3654486809284139 4.0455265895691088 59 38 19 0.44163368474687692 42 1197 55 1214 12 1223 29 1269 98 1398
5087 5.0494072742006351 -1.3778306647551219 2.7383402820088989 255 190 166 0.80234983060640985 55 1313 12 1329 29 1396 42 1322
5096 6.9740547238758586 -3.5481715628565871 3.6440662905121632 187 131 73 1.7080745851442942 50 97 80 196 22 220 4 230 62 198 91 49 79 37 12 206 42 199 55 201 59 281
14 31.586589869205643 -9.3877754366343087 3.494479093559697 94 81 52 0.92765449233639596 36 43 90 99 48 30 52 279 99 54 37 125 73 200 32 185 97 182 94 26 85 331
5101 5.8398755896469767 -1.4805623244575736 2.8678453486933 121 116 121 0.66466802430576177 55 136 12 135 98 173
5106 8.2572143725169784 -3.5725321987437271 3.5073491677851929 0 0 0 1.8558438861556912 59 467 78 482
5123 7.0511513227619256 -3.1090332147086226 3.2870149499506165 109 86 54 0.16248489412101189 12 178 29 180 55 188
5127 7.621884137698558 -3.6038865660903747 3.468229839090295 104 87 31 1.2636026440241408 12 218 55 217 72 220 29 223 98 233
5129 9.371211835576192 -4.0127765097689405 3.7833778911206788 250 205 140 0.28809177263394253 12 234 55 235 29 240 31 233
5153 3.6984569487275496 -1.2111594474628811 3.3902440824887385 105 105 108 0.10064832500498269 59 377 29 447
5173 8.615773255621388 -3.5206733242950099 3.6290208646566597 0 0 0 0.1317602530853077 59 204 72 511
5180 30.231473541537689 -9.2678934309030918 2.827514642929764 55 40 18 1.4019631724886026 72 599 78 137 29 643
96 28.060315554026367 -7.5697811838870974 3.0422148397871642 255 255 251 0.82553892615356339 36 605 90 401 67 493 76 422 48 441 46 367 2 498 25 395 17 203 30 264 27 453 52 451 99 486 37 561 73 707 32 750 97 799 94 373
5183 7.476689520275495 -1.2904741051751036 3.2765131640345291 105 101 104 2.4705361114598565 59 590 29 769
5188 7.800902989623359 -3.3721731128405548 3.4183355748744138 60 51 13 0.23077084479224061 12 786 29 817 55 797
102 53.110440784692891 -15.34622626954463 5.0346422640806958 66 46 27 1.0187048392139739 36 633 90 616 76 423 81 343 69 338 48 473 46 179 27 285 52 463 99 499 37 576 73 719 32 771 97 830 9 833 94 638 11 618 82 637 85 857
5189 7.6322997885743167 -3.3843373814358357 3.4105873757587797 153 118 80 0.077758429188257538 12 787 29 819
5194 21.297318880488451 -6.9968191124675281 2.9933603459925076 220 194 199 0.48796996160330491 12 850 42 850 29 873
5195 18.584642869476674 -6.6121092078135719 3.4697712325886347 191 138 89 0.71979024323030938 55 613 42 306 29 875
5202 7.4944245996019019 -3.6255327212694159 3.4509999935965587 255 254 187 1.4843995473182432 12 989 55 983 72 933 29 1005 98 1128
5203 9.29327796449979 -3.8754495089613172 3.6725785196017537 56 36 14 1.3634898301104628 12 991 29 1010 31 1047 55 986 98 1141
124 28.798215517600784 -7.9480034592855597 3.0120760333187908 63 51 31 1.0818143253129326 36 757 90 594 67 752 76 673 81 499 69 472 48 442 46 365 25 396 17 362 30 476 2 632 27 438 54 346 85 853 96 866 99 620 37 719 32 944 73 883 97 967 9 1003 94 793 82 776 11 756 15 807
5212 2.0724055438712541 -1.9772419139118522 3.6912999887662568 70 70 32 0.91560714057005477 72 1199 29 1215
5216 10.439892623876485 -4.2102307214334651 3.9246254825662437 250 133 66 0.55892113008413968 12 1221 55 1213 29 1267
5218 8.8761711318261156 0.61056983290347067 1.2193114279311525 161 198 178 0.23936365040623223 12 1269 55 1195 29 1318
5220 19.117429289357542 -5.7181195843225519 2.7036418514763843 79 64 34 0.73564127740432728 42 1288 29 1360 12 1300 55 1282
5230 2.0508283880328944 -2.2600208545413647 3.7191437163665575 118 115 87 1.8313169635331643 55 909 12 930 29 957 59 881 50 793 71 911 55 696 79 569 12 720 98 821 42 696 80 1062
5233 11.170160893786761 -4.5875456609571508 4.2280210606816624 66 38 18 0.62831274348840183 12 241 29 257 55 243
5235 28.813151717563617 -6.4891626382511998 4.3403951728013128 154 96 72 1.9546005383505991 12 564 72 502
5245 11.023987659784545 -1.5692631982587038 1.7180878139448739 201 208 229 0.35737213060822642 12 1445 55 1426 29 1538
5275 6.4600525091579826 -2.988950433676612 3.6558226059633321 126 91 61 0.73571462399720311 28 578 50 593 80 693 26 294 22 707 4 699 71 703 100 598 66 364 84 319 83 339 8 591 13 332
5279 8.2112309360169196 0.82770153182235084 1.1371154634281837 120 148 133 2.0473700158747845 66 1133 83 1087 28 1143 55 1423 84 1104 100 1149 12 1443
5280 6.9205531330339918 -3.15737895018643 3.4433798071394022 19 14 4 0.84370890867693549 8 593 13 482 28 565 66 528 84 518 26 424 83 487
5281 6.6263096479925911 -3.322887676321344 3.6310267247921706 174 125 68 1.6885232353593171 42 179 55 177 12 186 29 194 28 114 50 129 80 199 22 223 62 202 4 234 78 281 71 151 100 395 66 99 59 259
5283 6.4634563565473959 -2.9558878063613183 3.6905320573034168 40 23 11 1.7308227846606627 26 84 50 753 28 127 50 153 80 696 26 571 28 580 22 853 22 237 4 700 4 857 71 863 100 135 100 603 66 366 84 65 84 690 66 537 83 93 83 674 13 334 8 612 13 499 20 93
5284 1.7923551328570799 -2.0686667971587025 3.7034612029829077 143 135 81 1.5072361452100367 80 1157 22 1114 4 1151 62 1065 91 690 71 1160 100 870 13 760 8 833
5285 2.2125390089941113 -2.0589717961450469 3.6730907319846113 50 50 30 1.1216366743932114 8 587 13 521 28 632 100 626 66 565 84 553 83 539
5286 1.9319775556840448 -1.8511904816220106 3.7033107266321523 22 19 8 1.4125388470752431 8 860 13 781 28 862 100 881 66 814
5288 6.552814710945535 -3.0669589768485337 3.584194727642648 207 205 143 0.67253733097887669 28 396 50 406 80 442 4 237 22 226 26 275 91 256 62 451 71 171 100 125 66 102 84 56 83 68 8 80 13 90 79 50
5291 1.8938793648520804 -1.8684767608089605 3.6603460399466163 66 57 30 1.3979021713419664 91 627 66 714 84 709 83 708 13 672 100 773 65 274 26 614
5296 2.0126814455123827 -1.8817297652181191 3.6857129846415786 43 36 16 1.6553474870629932 13 1008 100 1067 66 1030 83 1010
5298 6.4833580132453443 -2.8847581695535625 3.5704912398346313 126 89 62 1.0709755831038184 8 743 13 638 100 747 26 575 28 706 50 873 80 1009 22 848 4 852 62 932 59 831 91 594 71 995 84 688 66 674 83 673 20 486
5334 30.296469076783016 -8.5725639154226165 3.0282841470138404 193 163 156 1.2885063508068899 17 45 25 64 29 324 12 307 97 243 42 344
251 32.222843152867661 -9.4718011559118498 3.4221686749132316 156 135 129 0.96408436559716126 36 593 67 484 76 401 27 259 52 433 99 487 37 553 73 693 32 732 97 796 9 791 94 617 85 664
5358 4.8484511464676521 0.18846117101286083 1.932269895277883 255 250 226 2.3102969190339464 67 250 96 547 85 582
346 27.884810927618862 -7.5442073640282707 3.135644116484877 150 123 58 0.70739019910343792 90 144 67 173 76 140 81 100 69 108 48 59 46 146 2 156 25 66 17 51 7 47 27 48 54 55 85 358 96 340 52 74 99 331 37 384 73 515
5434 4.4898323289953908 0.31482684908596642 1.827208162417244 34 43 21 0.78393204470186151 96 1352 85 1342 67 1250
5460 8.3385069533093521 -3.6868896335053249 3.5180165366028908 61 49 7 0.25847487069027875 42 243 98 250
5461 7.9682908604290592 -3.6773077256674571 3.510334479829353 233 179 127 1.9564059523755404 29 220 98 251 31 213
5489 6.1881706543497819 0.52237058596610775 2.1091042411909919 37 44 35 0.13140907297813503 29 440 98 576
5491 6.8506808285603853 -3.3592321084642442 3.3607527255344678 121 95 58 3.2741878889946259 29 534 98 630
5492 7.9884920940407982 -3.3811891091341391 3.4311196795694525 95 76 35 0.2257072904391354 55 531 98 643 12 498
5499 6.7094033262464556 -3.341346480508931 3.6978334730368965 0 0 0 0.51084125526771695 29 523 55 513 12 494
5502 17.147131241623885 -5.87325991838616 2.6449129317538391 117 101 70 0.75816539216745737 59 154 98 748
5504 22.625846745333877 -7.3861340521185381 2.779287674220718 0 0 0 1.2422463613262609 59 147 98 760 31 332
5516 6.4246819513541507 -2.9818529640680995 3.2617413913894713 0 0 0 0.74139347826520385 29 498 55 507 12 480
5541 34.028580530784694 -9.727825527251829 3.3442754898177993 46 40 10 0.96836229014798525 36 759 90 595 69 476 27 440 85 855 98 1180 27 575 85 1014 52 540 99 622 37 721 73 885 32 945 97 968 9 1007 31 1084
5542 11.630674466069692 -4.6840328283927937 4.4161080930881482 64 40 17 0.25070390333957793 42 257 98 292
5548 40.465828066031783 -11.374317259977577 3.6049344057668393 125 105 28 1.2623335108226628 98 783 31 342 12 329 29 336 42 359
5554 6.1588725984904782 -3.1994256369077037 3.6176714577116691 134 81 49 0.27358586124391265 72 197 31 190
5561 6.3341532629132491 -3.1796537355085199 3.608541468331965 0 0 0 0.11708489411474624 43 235 72 195
5562 17.783224192680269 -5.8865306930494619 3.7478489642717761 163 96 63 1.5588805676270219 29 604 31 310 12 276 55 591 42 823
5573 5.0632024605252175 -3.1296919051834213 3.0203277491485374 157 108 68 2.4624876592409395 29 174 31 543
5575 9.6535077694744782 -3.8135574532351808 3.6267380968921064 164 101 43 0.27946418015782171 98 678 31 577
5598 29.621372729168069 -9.152683254287453 2.7834969078865677 56 42 20 1.345208988289172 72 600 78 138 31 911
5615 29.447460141334393 -9.3835710476553089 2.5860957685265538 69 45 16 1.0571663643303542 72 320 31 680
5637 26.132855361790678 -7.0543963257452758 3.1218016661965522 118 96 80 0.63176636405673159 36 73 52 72 37 122 73 198 32 182 97 236 9 194
5639 26.115347803964472 -6.9317513322251179 2.9273843152231045 255 238 196 0.50657658988111087 36 75 52 76 99 83 37 156 73 243 32 231 97 238 9 240
5645 48.482155644272844 -15.080560993117698 4.7004945987018258 255 250 239 0.73619395102710694 36 50 52 48 90 153 99 92 37 138 73 209 32 193 97 252 9 252 94 37
5646 28.031001569126456 -7.1153392456190527 3.2509994197641849 136 93 58 1.6710258260529838 25 82 27 51 30 112 54 57 2 178 48 96 52 115 99 118 73 547 32 550 36 423 97 280 9 269
5652 68.92022111472464 -21.584004463431974 6.403957182228166 252 216 173 1.3172101702089354 36 87 52 91 37 163 73 254 32 242 97 293 9 255 94 64
5656 44.853999290818486 -12.739912188691747 4.3214167561909536 86 66 34 0.6229170398005871 27 59 36 121 52 127 99 125 37 180 73 274 32 266 97 324 9 271 94 84 11 127
5679 47.271159358763306 -13.421070041988404 4.5453231452032501 152 98 58 0.79323044713363522 27 60 36 122 48 104 46 178 69 144 52 128 99 127 37 181 73 278 32 267 97 328 9 591 94 87 15 156 82 138 11 128
598 4.4702620750733226 0.24104641041820601 1.9131853904046772 82 103 64 1.4891519394419457 79 541 98 548 73 398 97 443 37 303 8 488 67 555
611 4.5769789342299374 0.21579253252269034 1.9491236552258722 99 119 74 1.6043478500486232 67 932 76 820 42 745 55 735 12 703 81 629 98 848 8 684 73 634 37 492 85 957 69 533
5711 27.251810285224394 -7.802116582012852 3.0893716206800477 0 0 0 0.90936550205878086 96 327 98 387
5720 24.124579722243553 -6.0050981886954586 3.0979669596776569 65 40 14 0.75115918835709494 90 180 52 110 99 114 37 154 32 230
5727 42.115829092082876 -9.5473302533336195 3.4352212354435463 184 118 70 1.6710431416515277 36 532 52 196 99 238 69 206 48 201 27 125
5731 34.124296601712722 -7.0550748647586987 3.1218405729496026 65 45 15 1.4614823641910757 36 268 52 228 99 256
5733 42.919062575666899 -9.5843564726923702 3.6066885360731096 154 99 59 0.1346942939341122 36 272 52 233
5735 65.742802634677886 -15.316868114043288 5.5913487952013821 64 42 25 1.1211188299263828 36 279 52 236 99 242
5747 24.531375316801387 -6.0082981657305119 4.283351507088863 65 40 28 1.8127688932908912 52 322 27 293 48 132
5754 56.188430812516678 -15.773985244654339 5.6388512662309678 53 33 19 1.2102693448625277 36 464 52 352 99 374 37 399 73 567 32 576 97 607 9 613 15 474 82 449
5756 25.705360480727286 -5.2243863957037178 2.8389754119961799 255 246 221 0.16813445094283158 69 190 52 380
5757 26.82879213615211 -5.5411484748297655 2.7794028110788025 255 254 252 0.98806961121758052 48 373 69 191 52 381
5771 4.2082452449963395 0.37897392549169157 1.9860048771592023 0 0 0 1.0848324384541339 69 537 90 718
5784 22.305052157390424 -4.1279836736959243 2.5744853623231587 83 59 24 1.3456195295588855 48 639 52 673 99 736
702 4.5281409735758889 0.22408395022266073 1.9821239204014947 255 255 255 1.0024525863920977 79 843 42 937 55 931 12 907 96 994 8 800 85 955
5789 28.880890330731471 -8.2563631966679054 3.0714473393297061 236 203 196 1.0609897730138986 81 101 69 77 90 141 48 56 17 42 25 43 2 154 30 59 7 31 27 27 54 36 52 43 67 175 99 81 37 126 73 201 32 186 97 240 94 27 9 200 36 45
708 30.983416875710518 -8.2667071051740297 3.1457511113798069 184 122 71 0.78492799040321093 36 861 67 915 76 676 81 641 69 564 48 562 48 667 46 518 27 730 52 619 99 633 99 796 37 936 73 1149 32 1092 32 1213 97 1130 9 1138 94 924 11 886 15 940 82 902 85 1236
5810 4.3036873834778557 0.14969046073884706 2.1615836074796699 0 0 0 1.1839571799714346 67 207 96 146
741 4.4396326755607598 0.35850540216652088 1.8421525790546296 147 172 212 1.5598699256831752 76 466 81 332 69 250 46 272 90 380 96 543 67 577 85 575
757 4.4579674867645087 0.30314668080298335 1.8712337943522235 41 63 6 1.459704097112472 67 794 76 831 81 743 69 539 46 579 96 798
7455 2.228648 -2.080002 3.420531 95.0 96.0 61.0 0.2 12 1456
7456 4.818874 -2.351377 3.240005 96.0 82.0 69.0 0.2 12 1457
7457 6.733823 -1.532259 2.790561 105.0 78.0 75.0 0.2 12 1458
7458 5.229568 0.154513 2.340198 124.0 121.0 110.0 0.2 12 1459
7459 2.228648 -2.080002 3.420531 95.0 96.0 61.0 0.2 12 1460
7460 4.818874 -2.351377 3.240005 96.0 82.0 69.0 0.2 12 1461
7461 6.733823 -1.532259 2.790561 105.0 78.0 75.0 0.2 12 1462
7462 5.229568 0.154513 2.340198 124.0 121.0 110.0 0.2 12 1463
7463 0.502250 -1.352489 3.334722 95.0 80.0 73.0 0.2 12 1464
7464 4.249624 -2.402946 3.316684 88.0 77.0 58.0 0.2 12 1465
7465 8.337254 -3.101797 3.249067 99.0 70.0 53.0 0.2 12 1466
7466 13.757650 -2.955945 2.815109 128.0 126.0 130.0 0.2 12 1467
7467 10.599238 -0.474049 2.246939 125.0 140.0 126.0 0.2 12 1468
7468 0.794204 -0.125403 2.748780 82.0 83.0 93.0 0.2 12 1469
7469 13.865858 -3.461804 2.946250 99.0 86.0 79.0 0.2 12 1470
7470 0.831178 -0.076568 2.725345 71.0 71.0 78.0 0.2 12 1471
7471 13.966368 -3.545499 2.961748 98.0 84.0 77.0 0.2 12 1472
7472 0.822370 -0.104896 2.740438 78.0 79.0 88.0 0.2 12 1473
7473 2.291389 -1.067450 2.978340 110.0 103.0 97.0 0.2 12 1474
7474 13.983027 -3.652802 2.989220 96.0 81.0 73.0 0.2 12 1475
7475 0.797873 -0.156377 2.767663 97.0 98.0 110.0 0.2 12 1476
7476 2.159236 -1.110175 3.009421 103.0 93.0 87.0 0.2 12 1477
7477 13.149104 -3.543590 3.018807 92.0 76.0 67.0 0.2 12 1478
7478 0.740039 -0.216033 2.796921 158.0 152.0 146.0 0.2 12 1479
7479 2.113737 -1.144681 3.028679 101.0 90.0 84.0 0.2 12 1480
7480 12.821812 -3.528440 3.037986 87.0 71.0 62.0 0.2 12 1481
7481 17.755039 -3.204614 2.604239 98.0 84.0 76.0 0.2 12 1482
7482 0.708543 -0.252226 2.815773 189.0 174.0 151.0 0.2 12 1483
7483 2.199827 -1.117243 3.008375 105.0 96.0 91.0 0.2 12 1484
7484 13.358643 -3.602220 3.019708 92.0 76.0 67.0 0.2 12 1485
7485 0.745921 -0.216287 2.797791 152.0 148.0 144.0 0.2 12 1486
7486 2.265846 -1.133207 3.008558 109.0 102.0 96.0 0.2 12 1487
7487 13.691586 -3.701299 3.022683 91.0 75.0 67.0 0.2 12 1488
7488 0.752996 -0.219307 2.800724 132.0 130.0 130.0 0.2 12 1489
7489 2.164169 -1.193552 3.044373 101.0 90.0 85.0 0.2 12 1490
7490 12.998092 -3.648751 3.057733 78.0 63.0 55.0 0.2 12 1491
7491 18.003233 -3.335855 2.623085 98.0 84.0 76.0 0.2 12 1492
7492 0.690095 -0.285476 2.835229 153.0 142.0 126.0 0.2 12 1493
7493 15.386944 -3.762626 2.920469 102.0 91.0 87.0 0.2 12 1494
7494 0.905869 -0.014097 2.699579 59.0 62.0 65.0 0.2 12 1495
7495 15.010125 -3.732043 2.938555 100.0 88.0 82.0 0.2 12 1496
7496 0.877812 -0.052316 2.717471 60.0 62.0 67.0 0.2 12 1497
7497 2.396820 -1.040688 2.957017 109.0 101.0 95.0 0.2 12 1498
7498 14.639592 -3.744616 2.967739 98.0 84.0 77.0 0.2 12 1499
7499 0.840241 -0.111006 2.746222 74.0 75.0 82.0 0.2 12 1500
7500 2.578673 -1.069902 2.951666 126.0 122.0 115.0 0.2 12 1501
7501 15.571403 -3.985818 2.966679 98.0 84.0 77.0 0.2 12 1502
7502 0.874765 -0.102460 2.745176 67.0 65.0 68.0 0.2 12 1503
7503 2.537197 -1.096595 2.966612 151.0 150.0 139.0 0.2 12 1504
7504 15.275169 -3.971796 2.983562 97.0 83.0 75.0 0.2 12 1505
7505 0.847753 -0.136530 2.761895 73.0 71.0 75.0 0.2 12 1506
7506 2.521789 -1.133288 2.983332 151.0 148.0 137.0 0.2 12 1507
7507 15.103913 -3.998142 3.002346 96.0 81.0 72.0 0.2 12 1508
7508 0.822261 -0.173259 2.780646 78.0 75.0 80.0 0.2 12 1509
7509 2.412760 -1.233177 3.036040 100.0 89.0 82.0 0.2 12 1510
7510 14.284628 -3.989314 3.057200 85.0 68.0 60.0 0.2 12 1511
7511 0.729352 -0.277469 2.835162 55.0 56.0 63.0 0.2 12 1512
7512 16.689024 -4.081668 2.914612 101.0 89.0 85.0 0.2 12 1513
7513 0.965544 0.006635 2.693489 79.0 72.0 69.0 0.2 12 1514
7514 2.710359 -1.064993 2.937382 108.0 100.0 93.0 0.2 12 1515
7515 16.309235 -4.122488 2.951527 99.0 86.0 79.0 0.2 12 1516
7516 0.918217 -0.068683 2.730020 73.0 67.0 66.0 0.2 12 1517
7517 2.745793 -1.131427 2.960896 176.0 174.0 158.0 0.2 12 1518
7518 6.002367 -2.299413 3.187639 98.0 82.0 73.0 0.2 12 1519
7519 16.320030 -4.239232 2.981308 98.0 83.0 75.0 0.2 12 1520
7520 0.890326 -0.126168 2.759569 71.0 65.0 64.0 0.2 12 1521
7521 2.562027 -1.168494 2.994108 131.0 127.0 118.0 0.2 12 1522
7522 15.240191 -4.083899 3.015354 95.0 80.0 71.0 0.2 12 1523
7523 0.813723 -0.196871 2.793578 72.0 70.0 73.0 0.2 12 1524
7524 2.429694 -1.348969 3.083069 95.0 80.0 72.0 0.2 12 1525
7525 14.131121 -4.136761 3.106602 65.0 50.0 44.0 0.2 12 1526
7526 19.289257 -3.839274 2.670212 98.0 84.0 76.0 0.2 12 1527
7527 0.657041 -0.365462 2.884423 54.0 49.0 52.0 0.2 12 1528
7528 2.910212 -1.098983 2.932578 103.0 92.0 86.0 0.2 12 1529
7529 6.633492 -2.363177 3.158043 98.0 82.0 73.0 0.2 12 1530
7530 17.297255 -4.369731 2.948013 99.0 85.0 78.0 0.2 12 1531
7531 0.964838 -0.056774 2.726606 85.0 74.0 69.0 0.2 12 1532
7532 2.987559 -1.125157 2.935805 104.0 94.0 87.0 0.2 12 1533
7533 6.787962 -2.429518 3.168076 98.0 81.0 72.0 0.2 12 1534
7534 17.631739 -4.477333 2.952916 98.0 84.0 77.0 0.2 12 1535
7535 0.978052 -0.065904 2.731484 86.0 75.0 70.0 0.2 12 1536
7536 2.878228 -1.135950 2.950182 135.0 132.0 123.0 0.2 12 1537
7537 6.392394 -2.376100 3.181930 97.0 82.0 72.0 0.2 12 1538
7538 17.013802 -4.381048 2.970376 98.0 84.0 76.0 0.2 12 1539
7539 0.930584 -0.101960 2.748875 79.0 70.0 67.0 0.2 12 1540
7540 2.878228 -1.135950 2.950182 135.0 132.0 123.0 0.2 12 1541
7541 6.392394 -2.376100 3.181930 97.0 82.0 72.0 0.2 12 1542
7542 17.013802 -4.381048 2.970376 98.0 84.0 76.0 0.2 12 1543
7543 0.930584 -0.101960 2.748875 79.0 70.0 67.0 0.2 12 1544
7544 2.848381 -1.252524 3.000725 58.0 56.0 57.0 0.2 12 1545
7545 5.961480 -2.461153 3.244877 95.0 76.0 67.0 0.2 12 1546
7546 16.571533 -4.486225 3.027824 97.0 81.0 72.0 0.2 12 1547
7547 0.850492 -0.214789 2.806264 39.0 39.0 42.0 0.2 12 1548
7548 2.848381 -1.252524 3.000725 58.0 56.0 57.0 0.2 12 1549
7549 5.961480 -2.461153 3.244877 95.0 76.0 67.0 0.2 12 1550
7550 16.571533 -4.486225 3.027824 97.0 81.0 72.0 0.2 12 1551
7551 0.850492 -0.214789 2.806264 39.0 39.0 42.0 0.2 12 1552
7552 2.835001 -1.472236 3.092861 91.0 74.0 65.0 0.2 12 1553
7553 5.455041 -2.654776 3.347786 91.0 63.0 51.0 0.2 12 1554
7554 16.012207 -4.710730 3.123577 93.0 69.0 60.0 0.2 12 1555
7555 0.700038 -0.394744 2.903081 77.0 61.0 54.0 0.2 12 1556
7556 7.404238 -2.609622 3.177055 97.0 80.0 70.0 0.2 12 1557
7557 18.680525 -4.751752 2.951781 98.0 84.0 76.0 0.2 12 1558
7558 1.041910 -0.064651 2.730503 90.0 76.0 70.0 0.2 12 1559
7559 3.122374 -1.317061 3.000162 59.0 51.0 50.0 0.2 12 1560
7560 6.653128 -2.675299 3.256290 92.0 63.0 53.0 0.2 12 1561
7561 17.836472 -4.830888 3.029262 97.0 81.0 72.0 0.2 12 1562
7562 0.912861 -0.219557 2.808489 61.0 56.0 56.0 0.2 12 1563
7563 3.142349 -1.340745 3.007878 60.0 49.0 48.0 0.2 12 1564
7564 6.658054 -2.708081 3.265899 90.0 58.0 49.0 0.2 12 1565
7565 17.882710 -4.877017 3.037821 97.0 80.0 71.0 0.2 12 1566
7566 0.905946 -0.236649 2.817114 55.0 51.0 50.0 0.2 12 1567
7567 3.193121 -1.443228 3.044682 84.0 68.0 61.0 0.2 12 1568
7568 6.579796 -2.829327 3.308879 71.0 37.0 28.0 0.2 12 1569
7569 17.901863 -5.039163 3.077352 96.0 77.0 67.0 0.2 12 1570
7570 0.861204 -0.315326 2.857315 54.0 44.0 41.0 0.2 12 1571
7571 3.360587 -1.417602 3.017615 82.0 67.0 61.0 0.2 12 1572
7572 7.188701 -2.906204 3.282582 96.0 49.0 37.0 0.2 12 1573
7573 18.786608 -5.165902 3.049173 96.0 79.0 69.0 0.2 12 1574
7574 0.949815 -0.265553 2.829322 40.0 35.0 36.0 0.2 12 1575
7575 2.522424 -2.540695 3.594923 107.0 96.0 74.0 0.2 12 1576
7576 16.855520 -5.500166 3.264068 53.0 29.0 25.0 0.2 12 1577
7577 14.185702 -2.997184 2.796692 143.0 143.0 149.0 0.2 12 1578
7578 6.257982 0.147917 2.251170 100.0 93.0 83.0 0.2 12 1579
7579 0.917159 0.223702 2.580234 93.0 80.0 73.0 0.2 12 1580
7580 6.560347 -3.319657 3.454934 148.0 125.0 86.0 0.2 12 1581
7581 3.195225 -1.259583 3.029913 90.0 73.0 65.0 0.2 12 1582
7582 0.714130 -0.606483 3.001217 96.0 83.0 77.0 0.2 12 1583
7583 2.881898 -2.642461 3.593414 111.0 100.0 75.0 0.2 12 1584
7584 18.801228 -6.010069 3.256959 194.0 163.0 136.0 0.2 12 1585
7585 15.791571 -3.406969 2.797096 139.0 141.0 149.0 0.2 12 1586
7586 2.536106 0.726001 2.325192 97.0 82.0 73.0 0.2 12 1587
7587 0.993743 0.242582 2.577387 94.0 80.0 73.0 0.2 12 1588
7588 2.881898 -2.642461 3.593414 111.0 100.0 75.0 0.2 12 1589
7589 18.801228 -6.010069 3.256959 194.0 163.0 136.0 0.2 12 1590
7590 15.791571 -3.406969 2.797096 139.0 141.0 149.0 0.2 12 1591
7591 2.536106 0.726001 2.325192 97.0 82.0 73.0 0.2 12 1592
7592 0.993743 0.242582 2.577387 94.0 80.0 73.0 0.2 12 1593
7593 26.512403 -7.448833 3.095670 96.0 81.0 69.0 0.2 12 1594
7594 11.933551 -0.759447 2.268634 108.0 114.0 102.0 0.2 12 1595
7595 4.377486 0.959350 2.085866 100.0 89.0 81.0 0.2 12 1596
7596 0.807187 -0.327376 2.865304 53.0 43.0 39.0 0.2 12 1597
7597 0.788142 -1.373882 3.308767 96.0 81.0 73.0 0.2 12 1598
7598 3.911780 -2.969714 3.572132 84.0 67.0 58.0 0.2 12 1599
7599 27.351851 -7.644020 3.087371 96.0 81.0 70.0 0.2 12 1600
7600 12.587641 -0.918396 2.278320 120.0 135.0 117.0 0.2 12 1601
7601 4.615333 0.929561 2.080393 99.0 87.0 78.0 0.2 12 1602
7602 0.862622 -0.323948 2.861435 57.0 46.0 42.0 0.2 12 1603
7603 14.974800 -2.527256 2.609229 98.0 84.0 77.0 0.2 12 1604
7604 5.505589 -0.013058 2.372746 65.0 56.0 48.0 0.2 12 1605
7605 1.973007 -0.143445 2.694138 100.0 95.0 94.0 0.2 12 1606
7606 0.812152 -0.957086 3.139171 95.0 88.0 85.0 0.2 12 1607
7607 2.449047 -2.225371 3.458550 118.0 114.0 74.0 0.2 12 1608
7608 14.464647 -2.484446 2.632998 98.0 85.0 79.0 0.2 12 1609
7609 5.266440 -0.106487 2.448319 93.0 84.0 85.0 0.2 12 1610
7610 1.829904 -0.180492 2.723140 108.0 100.0 97.0 0.2 12 1611
7611 0.714567 -0.991680 3.163996 96.0 88.0 85.0 0.2 12 1612
7612 2.360038 -2.239426 3.476655 111.0 112.0 77.0 0.2 12 1613
7613 14.767025 -2.525468 2.623408 98.0 85.0 78.0 0.2 12 1614
7614 5.418312 -0.091981 2.422991 127.0 119.0 117.0 0.2 12 1615
7615 1.909509 -0.168378 2.710518 105.0 98.0 96.0 0.2 12 1616
7616 0.769912 -0.980791 3.153430 95.0 88.0 84.0 0.2 12 1617
7617 2.417879 -2.239249 3.469006 122.0 121.0 80.0 0.2 12 1618
7618 14.380687 -2.540812 2.655110 98.0 87.0 81.0 0.2 12 1619
7619 5.210601 -0.161226 2.473383 100.0 92.0 90.0 0.2 12 1620
7620 1.788421 -0.226367 2.746117 104.0 94.0 89.0 0.2 12 1621
7621 0.683879 -1.034720 3.184988 96.0 86.0 82.0 0.2 12 1622
7622 2.364227 -2.278020 3.493590 112.0 109.0 78.0 0.2 12 1623
7623 25.415161 -6.874365 3.028571 98.0 84.0 75.0 0.2 12 1624
7624 14.351507 -2.754991 2.717848 105.0 100.0 100.0 0.2 12 1625
7625 1.710266 -0.361700 2.810242 98.0 85.0 78.0 0.2 12 1626
7626 0.638085 -1.165579 3.243352 87.0 74.0 70.0 0.2 12 1627
7627 2.427930 -2.402362 3.541598 80.0 70.0 48.0 0.2 12 1628
7628 25.167673 -6.868413 3.043451 99.0 84.0 75.0 0.2 12 1629
7629 14.127888 -2.749393 2.731905 109.0 104.0 106.0 0.2 12 1630
7630 1.645780 -0.385099 2.826338 98.0 84.0 77.0 0.2 12 1631
7631 0.586499 -1.185941 3.257775 83.0 71.0 67.0 0.2 12 1632
7632 2.390039 -2.419567 3.554003 76.0 66.0 44.0 0.2 12 1633
7633 16.721783 -2.988703 2.616915 98.0 84.0 77.0 0.2 12 1634
7634 6.295661 -0.139527 2.363008 71.0 63.0 56.0 0.2 12 1635
7635 2.551399 -0.251969 2.661954 98.0 85.0 78.0 0.2 12 1636
7636 2.913701 -2.332742 3.450788 100.0 88.0 57.0 0.2 12 1637
7637 16.903156 -3.045721 2.620107 98.0 84.0 77.0 0.2 12 1638
7638 6.380052 -0.162704 2.365328 75.0 65.0 58.0 0.2 12 1639
7639 1.943673 -1.165554 3.055411 98.0 84.0 77.0 0.2 12 1640
7640 2.961394 -2.351840 3.453243 98.0 85.0 55.0 0.2 12 1641
7641 16.903156 -3.045721 2.620107 98.0 84.0 77.0 0.2 12 1642
7642 6.380052 -0.162704 2.365328 75.0 65.0 58.0 0.2 12 1643
7643 1.943673 -1.165554 3.055411 98.0 84.0 77.0 0.2 12 1644
7644 2.961394 -2.351840 3.453243 98.0 85.0 55.0 0.2 12 1645
7645 16.529556 -3.037441 2.644091 97.0 85.0 79.0 0.2 12 1646
7646 6.203650 -0.212864 2.394271 84.0 69.0 60.0 0.2 12 1647
7647 2.436609 -0.303091 2.699796 98.0 85.0 78.0 0.2 12 1648
7648 2.897819 -2.372073 3.470893 88.0 74.0 38.0 0.2 12 1649
7649 15.977568 -3.019729 2.677938 96.0 89.0 87.0 0.2 12 1650
7650 5.973604 -0.341781 2.473161 96.0 83.0 78.0 0.2 12 1651
7651 2.188333 -0.344242 2.750153 97.0 83.0 77.0 0.2 12 1652
7652 1.081571 -1.172244 3.190645 97.0 83.0 75.0 0.2 12 1653
7653 2.802966 -2.402821 3.497116 79.0 69.0 36.0 0.2 12 1654
7654 16.236134 -3.120620 2.687883 96.0 91.0 89.0 0.2 12 1655
7655 6.096892 -0.394120 2.483791 96.0 82.0 76.0 0.2 12 1656
7656 2.267675 -0.382759 2.755187 97.0 83.0 76.0 0.2 12 1657
7657 2.874027 -2.440025 3.504629 84.0 72.0 38.0 0.2 12 1658
7658 16.383862 -3.232684 2.708411 95.0 95.0 95.0 0.2 12 1659
7659 2.280331 -0.435959 2.775771 97.0 83.0 76.0 0.2 12 1660
7660 2.928711 -2.493564 3.521376 91.0 78.0 46.0 0.2 12 1661
7661 27.409067 -7.382318 3.020486 98.0 83.0 74.0 0.2 12 1662
7662 16.101068 -3.208858 2.721608 97.0 100.0 103.0 0.2 12 1663
7663 2.149575 -0.443708 2.796711 98.0 84.0 76.0 0.2 12 1664
7664 2.876464 -2.501623 3.531775 99.0 87.0 55.0 0.2 12 1665
7665 26.479900 -7.287677 3.058936 98.0 83.0 73.0 0.2 12 1666
7666 15.227881 -3.110810 2.755494 121.0 124.0 130.0 0.2 12 1667
7667 1.860264 -0.474839 2.842247 98.0 84.0 76.0 0.2 12 1668
7668 0.814955 -1.290340 3.271838 95.0 80.0 72.0 0.2 12 1669
7669 2.712649 -2.515964 3.559444 128.0 118.0 76.0 0.2 12 1670
7670 27.087709 -7.393885 3.044525 98.0 83.0 73.0 0.2 12 1671
7671 15.783065 -3.212137 2.744698 107.0 112.0 117.0 0.2 12 1672
7672 2.011617 -0.474496 2.826197 98.0 84.0 77.0 0.2 12 1673
7673 0.997611 -1.306791 3.254984 97.0 82.0 74.0 0.2 12 1674
7674 2.827855 -2.528593 3.550187 115.0 105.0 69.0 0.2 12 1675
7675 26.838978 -7.448044 3.073972 97.0 82.0 72.0 0.2 12 1676
7676 15.532633 -3.256590 2.774285 132.0 135.0 142.0 0.2 12 1677
7677 1.904551 -0.527230 2.859543 97.0 84.0 76.0 0.2 12 1678
7678 0.882398 -1.348329 3.286672 96.0 81.0 73.0 0.2 12 1679
7679 2.801799 -2.575060 3.574201 120.0 111.0 76.0 0.2 12 1680
7680 17.267818 -3.160168 2.626323 97.0 84.0 77.0 0.2 12 1681
7681 6.551501 -0.210302 2.370085 81.0 70.0 62.0 0.2 12 1682
7682 2.835693 -0.235396 2.603997 94.0 79.0 70.0 0.2 12 1683
7683 2.019167 -1.183097 3.054807 98.0 86.0 81.0 0.2 12 1684
7684 3.056529 -2.391360 3.458559 94.0 80.0 52.0 0.2 12 1685
7685 17.860174 -3.436763 2.660840 97.0 85.0 79.0 0.2 12 1686
7686 6.838035 -0.374740 2.406858 92.0 78.0 68.0 0.2 12 1687
7687 2.976699 -0.340468 2.633668 93.0 78.0 69.0 0.2 12 1688
7688 2.137734 -1.276345 3.082471 98.0 87.0 82.0 0.2 12 1689
7689 3.228286 -2.512170 3.489339 75.0 62.0 36.0 0.2 12 1690
7690 17.860174 -3.436763 2.660840 97.0 85.0 79.0 0.2 12 1691
7691 6.838035 -0.374740 2.406858 92.0 78.0 68.0 0.2 12 1692
7692 2.976699 -0.340468 2.633668 93.0 78.0 69.0 0.2 12 1693
7693 2.137734 -1.276345 3.082471 98.0 87.0 82.0 0.2 12 1694
7694 3.228286 -2.512170 3.489339 75.0 62.0 36.0 0.2 12 1695
7695 16.880339 -3.258773 2.680858 96.0 88.0 85.0 0.2 12 1696
7696 6.373637 -0.366758 2.436936 93.0 77.0 68.0 0.2 12 1697
7697 1.940806 -1.298793 3.113015 97.0 86.0 82.0 0.2 12 1698
7698 3.018304 -2.471974 3.500025 90.0 74.0 40.0 0.2 12 1699
7699 16.736837 -3.325561 2.709183 95.0 93.0 93.0 0.2 12 1700
7700 6.298400 -0.444247 2.467741 95.0 79.0 70.0 0.2 12 1701
7701 2.421304 -0.464352 2.767411 98.0 83.0 76.0 0.2 12 1702
7702 1.894685 -1.365445 3.147223 98.0 84.0 77.0 0.2 12 1703
7703 3.010350 -2.521477 3.522983 91.0 77.0 47.0 0.2 12 1704
7704 16.962124 -3.405793 2.715299 95.0 93.0 93.0 0.2 12 1705
7705 6.381046 -0.459483 2.462687 96.0 80.0 71.0 0.2 12 1706
7706 1.950422 -1.381779 3.147835 97.0 86.0 82.0 0.2 12 1707
7707 3.066016 -2.553079 3.529345 93.0 78.0 50.0 0.2 12 1708
7708 16.962124 -3.405793 2.715299 95.0 93.0 93.0 0.2 12 1709
7709 6.381046 -0.459483 2.462687 96.0 80.0 71.0 0.2 12 1710
7710 1.950422 -1.381779 3.147835 97.0 86.0 82.0 0.2 12 1711
7711 3.066016 -2.553079 3.529345 93.0 78.0 50.0 0.2 12 1712
7712 27.315069 -7.453215 3.043820 98.0 83.0 73.0 0.2 12 1713
7713 15.990327 -3.268543 2.745679 105.0 110.0 115.0 0.2 12 1714
7714 2.064775 -0.486498 2.825342 97.0 84.0 76.0 0.2 12 1715
7715 2.875785 -2.544880 3.551149 111.0 100.0 67.0 0.2 12 1716
7716 27.639891 -7.641781 3.067838 97.0 82.0 72.0 0.2 12 1717
7717 16.270792 -3.443649 2.773725 115.0 118.0 124.0 0.2 12 1718
7718 2.071933 -0.555972 2.855071 97.0 84.0 77.0 0.2 12 1719
7719 2.964845 -2.626316 3.575239 108.0 97.0 71.0 0.2 12 1720
7720 27.639891 -7.641781 3.067838 97.0 82.0 72.0 0.2 12 1721
7721 16.270792 -3.443649 2.773725 115.0 118.0 124.0 0.2 12 1722
7722 2.071933 -0.555972 2.855071 97.0 84.0 77.0 0.2 12 1723
7723 2.964845 -2.626316 3.575239 108.0 97.0 71.0 0.2 12 1724
7724 19.039948 -3.641912 2.634075 98.0 84.0 76.0 0.2 12 1725
7725 3.281469 -0.304786 2.598926 91.0 75.0 66.0 0.2 12 1726
7726 2.375966 -1.254251 3.048671 98.0 86.0 79.0 0.2 12 1727
7727 3.478955 -2.570300 3.479314 99.0 83.0 69.0 0.2 12 1728
7728 18.402021 -3.588027 2.664068 97.0 84.0 78.0 0.2 12 1729
7729 7.109025 -0.436213 2.409656 94.0 79.0 70.0 0.2 12 1730
7730 3.111431 -0.365135 2.633314 93.0 78.0 69.0 0.2 12 1731
7731 2.246487 -1.301842 3.082031 97.0 85.0 78.0 0.2 12 1732
7732 3.352010 -2.571540 3.497821 91.0 75.0 55.0 0.2 12 1733
7733 18.917690 -3.630878 2.639641 98.0 84.0 76.0 0.2 12 1734
7734 7.360580 -0.399053 2.379650 94.0 80.0 71.0 0.2 12 1735
7735 3.248011 -0.315390 2.605191 92.0 75.0 66.0 0.2 12 1736
7736 2.350853 -1.262705 3.054758 98.0 86.0 79.0 0.2 12 1737
7737 3.455202 -2.569386 3.482368 99.0 83.0 67.0 0.2 12 1738
7738 18.820528 -3.673462 2.658039 98.0 84.0 77.0 0.2 12 1739
7739 7.317211 -0.453885 2.401398 95.0 80.0 71.0 0.2 12 1740
7740 3.219074 -0.362489 2.624633 93.0 77.0 68.0 0.2 12 1741
7741 2.331641 -1.302277 3.073481 97.0 83.0 76.0 0.2 12 1742
7742 3.445843 -2.598181 3.496420 97.0 82.0 65.0 0.2 12 1743
7743 18.591726 -3.647881 2.667102 97.0 84.0 77.0 0.2 12 1744
7744 7.204520 -0.463856 2.412581 95.0 80.0 71.0 0.2 12 1745
7745 3.159040 -0.379505 2.635248 94.0 78.0 69.0 0.2 12 1746
7746 2.285045 -1.315192 3.083718 97.0 83.0 77.0 0.2 12 1747
7747 3.398311 -2.595390 3.501826 94.0 78.0 60.0 0.2 12 1748
7748 19.033775 -3.758744 2.666264 98.0 84.0 77.0 0.2 12 1749
7749 7.425342 -0.501620 2.410056 95.0 81.0 71.0 0.2 12 1750
7750 3.273124 -0.393105 2.632072 94.0 78.0 69.0 0.2 12 1751
7751 2.376267 -1.329924 3.080559 96.0 82.0 74.0 0.2 12 1752
7752 3.500502 -2.636951 3.505604 98.0 82.0 68.0 0.2 12 1753
7753 18.021488 -3.635928 2.703763 97.0 87.0 82.0 0.2 12 1754
7754 2.169775 -1.382742 3.124488 95.0 84.0 80.0 0.2 12 1755
7755 3.285228 -2.625011 3.529691 83.0 68.0 48.0 0.2 12 1756
7756 17.890072 -3.651103 2.717005 96.0 88.0 85.0 0.2 12 1757
7757 6.924041 -0.632793 2.504188 98.0 83.0 75.0 0.2 12 1758
7758 2.142404 -1.410204 3.139151 95.0 85.0 82.0 0.2 12 1759
7759 3.263014 -2.643021 3.540424 87.0 71.0 51.0 0.2 12 1760
7760 18.295771 -3.741105 2.712995 97.0 87.0 82.0 0.2 12 1761
7761 7.138052 -0.658990 2.497074 98.0 83.0 75.0 0.2 12 1762
7762 2.224832 -1.414251 3.132067 94.0 82.0 76.0 0.2 12 1763
7763 3.350849 -2.672086 3.540790 91.0 75.0 58.0 0.2 12 1764
7764 18.466002 -3.804204 2.718127 97.0 86.0 81.0 0.2 12 1765
7765 7.227907 -0.694185 2.503051 98.0 83.0 75.0 0.2 12 1766
7766 2.259111 -1.432604 3.136256 94.0 80.0 74.0 0.2 12 1767
7767 3.386438 -2.702250 3.548260 95.0 79.0 64.0 0.2 12 1768
7768 17.437004 -3.698045 2.761163 100.0 96.0 96.0 0.2 12 1769
7769 2.439797 -0.596680 2.829377 97.0 83.0 76.0 0.2 12 1770
7770 2.024010 -1.508180 3.194148 97.0 84.0 78.0 0.2 12 1771
7771 3.185334 -2.705013 3.577173 95.0 80.0 64.0 0.2 12 1772
7772 19.238247 -3.963064 2.707099 98.0 85.0 78.0 0.2 12 1773
7773 2.419733 -1.435197 3.120403 92.0 77.0 69.0 0.2 12 1774
7774 3.542941 -2.757859 3.549118 98.0 83.0 72.0 0.2 12 1775
7775 19.937983 -4.071463 2.687483 98.0 84.0 76.0 0.2 12 1776
7776 3.508206 -0.487827 2.649796 93.0 77.0 67.0 0.2 12 1777
7777 2.569751 -1.416926 3.097181 92.0 76.0 68.0 0.2 12 1778
7778 18.352346 -3.872885 2.744474 98.0 88.0 84.0 0.2 12 1779
7779 7.158187 -0.770913 2.536061 98.0 83.0 75.0 0.2 12 1780
7780 2.232439 -1.493017 3.164724 93.0 81.0 75.0 0.2 12 1781
7781 3.362383 -2.756320 3.573457 97.0 82.0 69.0 0.2 12 1782
7782 20.221214 -4.302299 2.729369 98.0 84.0 76.0 0.2 12 1783
7783 2.631446 -1.530793 3.138311 86.0 70.0 61.0 0.2 12 1784
7784 20.480864 -4.355926 2.725607 98.0 84.0 76.0 0.2 12 1785
7785 2.689332 -1.533536 3.133400 88.0 71.0 62.0 0.2 12 1786
7786 13.725571 -1.418947 2.359333 97.0 85.0 77.0 0.2 12 1787
7787 5.973604 -0.341781 2.473161 96.0 83.0 78.0 0.2 12 1788
7788 3.510380 -1.121790 2.958683 80.0 61.0 54.0 0.2 12 1789
7789 3.564167 -2.585427 3.483670 121.0 85.0 54.0 0.2 12 1790
7790 3.673491 -1.323396 3.027061 94.0 77.0 68.0 0.2 12 1791
7791 3.705499 -2.833592 3.554909 99.0 83.0 72.0 0.2 12 1792
7792 4.308420 -1.433852 2.935409 84.0 68.0 59.0 0.2 12 1793
7793 3.304523 -2.812843 3.584999 101.0 84.0 70.0 0.2 12 1794
7794 5.417183 -0.500992 2.516352 96.0 79.0 69.0 0.2 12 1795
7795 4.081677 -1.446776 2.962023 120.0 115.0 115.0 0.2 12 1796
7796 3.315062 -2.859874 3.597250 98.0 83.0 71.0 0.2 12 1797
7797 5.583731 -0.531084 2.515083 95.0 78.0 68.0 0.2 12 1798
7798 4.215415 -1.478213 2.961566 107.0 103.0 103.0 0.2 12 1799
7799 3.181620 -2.861090 3.612539 99.0 83.0 72.0 0.2 12 1800
7800 5.750235 -0.503030 2.494336 96.0 80.0 70.0 0.2 12 1801
7801 4.329409 -1.461967 2.944355 61.0 51.0 49.0 0.2 12 1802
7802 3.298417 -2.849185 3.597642 100.0 83.0 72.0 0.2 12 1803
7803 5.724359 -0.516718 2.500688 96.0 79.0 70.0 0.2 12 1804
7804 4.315604 -1.471890 2.949562 52.0 48.0 51.0 0.2 12 1805
7805 3.276074 -2.859576 3.603179 99.0 83.0 72.0 0.2 12 1806
7806 5.502574 -0.556025 2.529200 95.0 77.0 67.0 0.2 12 1807
7807 4.160602 -1.497061 2.974264 111.0 104.0 103.0 0.2 12 1808
7808 3.125864 -2.877888 3.623501 99.0 83.0 72.0 0.2 12 1809
7809 3.653977 -1.366846 3.044963 95.0 79.0 70.0 0.2 12 1810
7810 3.712620 -2.885153 3.570957 98.0 83.0 73.0 0.2 12 1811
7811 5.927656 -0.557354 2.500821 96.0 79.0 70.0 0.2 12 1812
7812 4.473083 -1.517229 2.952213 75.0 60.0 53.0 0.2 12 1813
7813 3.913737 -1.553334 3.075218 97.0 81.0 72.0 0.2 12 1814
7814 6.264429 -0.698804 2.526498 97.0 80.0 70.0 0.2 12 1815
7815 4.739686 -1.654656 2.979582 93.0 76.0 67.0 0.2 12 1816
7816 6.264429 -0.698804 2.526498 97.0 80.0 70.0 0.2 12 1817
7817 4.739686 -1.654656 2.979582 93.0 76.0 67.0 0.2 12 1818
7818 6.198634 -0.708421 2.533959 96.0 79.0 69.0 0.2 12 1819
7819 4.697061 -1.658982 2.985151 87.0 71.0 62.0 0.2 12 1820
7820 6.414703 -0.814854 2.555811 97.0 78.0 69.0 0.2 12 1821
7821 5.563679 -1.690733 2.940603 97.0 71.0 62.0 0.2 12 1822
7822 5.177251 -3.277137 3.561440 96.0 80.0 69.0 0.2 12 1823
7823 5.563679 -1.690733 2.940603 97.0 71.0 62.0 0.2 12 1824
7824 5.177251 -3.277137 3.561440 96.0 80.0 69.0 0.2 12 1825
7825 5.316826 -1.642889 2.951090 98.0 81.0 72.0 0.2 12 1826
7826 4.925388 -3.196132 3.558948 96.0 80.0 69.0 0.2 12 1827
7827 5.783424 -3.518875 3.581653 98.0 82.0 72.0 0.2 12 1828
7828 5.633521 -3.560477 3.607990 98.0 83.0 73.0 0.2 12 1829
7829 5.587759 -3.587886 3.620685 98.0 83.0 74.0 0.2 12 1830
7830 5.478961 -3.562204 3.622622 98.0 83.0 74.0 0.2 12 1831
7831 6.204581 -3.695065 3.597996 99.0 84.0 75.0 0.2 12 1832
7832 1.766599 -1.954411 3.422660 92.0 83.0 59.0 0.2 12 1833
7833 5.616497 -1.187354 2.738930 98.0 71.0 63.0 0.2 12 1834
7834 4.298337 0.269291 2.373583 214.0 218.0 208.0 0.2 12 1835
7835 1.815189 -1.975800 3.426355 95.0 89.0 63.0 0.2 12 1836
7836 5.712748 -1.231521 2.747104 101.0 76.0 70.0 0.2 12 1837
7837 4.374593 0.240633 2.379519 210.0 213.0 209.0 0.2 12 1838
7838 1.929189 -2.022005 3.433085 100.0 98.0 71.0 0.2 12 1839
7839 5.952551 -1.333867 2.765558 123.0 81.0 82.0 0.2 12 1840
7840 4.565556 0.180248 2.389577 177.0 181.0 187.0 0.2 12 1841
7841 1.814881 -2.020000 3.446912 127.0 125.0 92.0 0.2 12 1842
7842 5.670578 -1.314592 2.779616 106.0 81.0 76.0 0.2 12 1843
7843 4.294680 0.174384 2.409043 172.0 178.0 183.0 0.2 12 1844
7844 2.540122 -2.201091 3.434456 92.0 84.0 52.0 0.2 12 1845
7845 7.496101 -1.809525 2.846771 95.0 76.0 69.0 0.2 12 1846
7846 5.793450 0.067665 2.325056 54.0 50.0 45.0 0.2 12 1847
7847 0.202348 -1.364579 3.375114 98.0 84.0 77.0 0.2 12 1848
7848 6.546498 -2.746679 3.286672 82.0 48.0 39.0 0.2 12 1849
7849 11.642277 -2.556221 2.850667 99.0 87.0 81.0 0.2 12 1850
7850 8.057911 0.028782 2.170752 104.0 99.0 92.0 0.2 12 1851
7851 5.113400 -2.825537 3.429045 67.0 39.0 29.0 0.2 12 1852
7852 5.497705 -1.136848 2.730316 101.0 65.0 60.0 0.2 12 1853
7853 2.234024 0.198056 2.537287 92.0 78.0 71.0 0.2 12 1854
7854 0.863789 0.355656 2.516428 97.0 83.0 74.0 0.2 12 1855
7855 1.990776 -1.180842 3.056821 98.0 86.0 80.0 0.2 12 1856
7856 12.083403 -3.417496 3.060842 82.0 66.0 57.0 0.2 12 1857
7857 17.124985 -3.124446 2.626410 97.0 84.0 77.0 0.2 12 1858
7858 0.659824 -0.296845 2.838192 104.0 99.0 91.0 0.2 12 1859
7859 13.318039 -3.435288 2.977720 97.0 82.0 74.0 0.2 12 1860
7860 0.786756 -0.140139 2.756399 88.0 90.0 100.0 0.2 12 1861
7861 0.799534 -0.132837 2.753871 88.0 89.0 101.0 0.2 12 1862
7862 2.106642 -1.100252 3.010494 100.0 89.0 83.0 0.2 12 1863
7863 12.882225 -3.465847 3.016814 92.0 76.0 67.0 0.2 12 1864
7864 0.733958 -0.214442 2.795007 149.0 144.0 137.0 0.2 12 1865
7865 2.510275 -1.047450 2.948983 113.0 106.0 100.0 0.2 12 1866
7866 15.252456 -3.882245 2.961501 98.0 85.0 78.0 0.2 12 1867
7867 0.867972 -0.094832 2.740053 65.0 65.0 70.0 0.2 12 1868
7868 16.671967 -4.106871 2.922405 100.0 88.0 83.0 0.2 12 1869
7869 0.959027 -0.009047 2.701144 78.0 72.0 68.0 0.2 12 1870
7870 16.795923 -4.197734 2.937670 99.0 86.0 80.0 0.2 12 1871
7871 0.950996 -0.038607 2.716314 80.0 71.0 68.0 0.2 12 1872
7872 16.795923 -4.197734 2.937670 99.0 86.0 80.0 0.2 12 1873
7873 0.950996 -0.038607 2.716314 80.0 71.0 68.0 0.2 12 1874
7874 2.637508 -1.146441 2.977506 176.0 173.0 157.0 0.2 12 1875
7875 5.664305 -2.258624 3.200356 98.0 83.0 74.0 0.2 12 1876
7876 15.701317 -4.141119 2.998340 97.0 82.0 74.0 0.2 12 1877
7877 0.849600 -0.162591 2.776634 69.0 65.0 67.0 0.2 12 1878
7878 2.785826 -1.192614 2.982146 138.0 135.0 125.0 0.2 12 1879
7879 5.939869 -2.374501 3.218092 97.0 80.0 71.0 0.2 12 1880
7880 16.384125 -4.352640 3.006214 97.0 82.0 73.0 0.2 12 1881
7881 0.866458 -0.174061 2.784665 60.0 56.0 56.0 0.2 12 1882
7882 2.785826 -1.192614 2.982146 138.0 135.0 125.0 0.2 12 1883
7883 5.939869 -2.374501 3.218092 97.0 80.0 71.0 0.2 12 1884
7884 16.384125 -4.352640 3.006214 97.0 82.0 73.0 0.2 12 1885
7885 0.866458 -0.174061 2.784665 60.0 56.0 56.0 0.2 12 1886
7886 2.636802 -1.167375 2.986324 148.0 145.0 133.0 0.2 12 1887
7887 5.612161 -2.278096 3.210993 98.0 82.0 74.0 0.2 12 1888
7888 15.647248 -4.164855 3.008314 96.0 81.0 72.0 0.2 12 1889
7889 0.836617 -0.181592 2.786541 67.0 63.0 65.0 0.2 12 1890
7890 2.901494 -1.109809 2.937576 108.0 100.0 94.0 0.2 12 1891
7891 6.561316 -2.367099 3.165154 98.0 82.0 73.0 0.2 12 1892
7892 17.212961 -4.373284 2.954705 98.0 85.0 77.0 0.2 12 1893
7893 0.954639 -0.070314 2.733284 83.0 73.0 69.0 0.2 12 1894
7894 3.006886 -1.216834 2.970646 127.0 123.0 114.0 0.2 12 1895
7895 6.551366 -2.519468 3.215913 96.0 77.0 67.0 0.2 12 1896
7896 17.481796 -4.603580 2.995554 98.0 83.0 74.0 0.2 12 1897
7897 0.929423 -0.151593 2.774258 75.0 67.0 65.0 0.2 12 1898
7898 2.951772 -1.272773 2.998854 47.0 45.0 48.0 0.2 12 1899
7899 6.221842 -2.536998 3.248114 93.0 72.0 62.0 0.2 12 1900
7900 17.064875 -4.614301 3.026868 97.0 81.0 72.0 0.2 12 1901
7901 0.875034 -0.212920 2.805483 45.0 44.0 47.0 0.2 12 1902
7902 3.218747 -1.193649 2.941674 100.0 88.0 81.0 0.2 12 1903
7903 7.371261 -2.627814 3.185049 97.0 79.0 69.0 0.2 12 1904
7904 18.666285 -4.777720 2.959383 98.0 84.0 76.0 0.2 12 1905
7905 1.034142 -0.080410 2.738157 88.0 75.0 69.0 0.2 12 1906
7906 3.199587 -1.328498 2.997240 70.0 60.0 57.0 0.2 12 1907
7907 6.881776 -2.731395 3.254977 93.0 62.0 52.0 0.2 12 1908
7908 18.202162 -4.917007 3.026198 97.0 81.0 72.0 0.2 12 1909
7909 0.937839 -0.215018 2.805570 60.0 55.0 54.0 0.2 12 1910
7910 3.109417 -1.436945 3.050474 84.0 67.0 60.0 0.2 12 1911
7911 6.332327 -2.774749 3.312574 69.0 40.0 31.0 0.2 12 1912
7912 17.499245 -4.951441 3.082642 96.0 76.0 67.0 0.2 12 1913
7913 0.831190 -0.323328 2.862439 54.0 44.0 40.0 0.2 12 1914
7914 7.009657 -2.810270 3.268459 93.0 55.0 44.0 0.2 12 1915
7915 0.941739 -0.238952 2.816990 48.0 44.0 44.0 0.2 12 1916
7916 5.200652 -2.886780 3.440379 58.0 33.0 24.0 0.2 12 1917
7917 2.820395 -1.140883 3.003110 96.0 83.0 75.0 0.2 12 1918
7918 0.556633 -0.562380 2.993959 95.0 81.0 74.0 0.2 12 1919
7919 5.867949 -3.055648 3.434928 100.0 70.0 48.0 0.2 12 1920
7920 2.889294 -1.135459 3.011368 86.0 71.0 65.0 0.2 12 1921
7921 0.644211 -0.554659 2.984084 95.0 81.0 73.0 0.2 12 1922
7922 2.660004 -2.568874 3.589884 113.0 103.0 76.0 0.2 12 1923
7923 17.626703 -5.686244 3.257128 97.0 75.0 62.0 0.2 12 1924
7924 14.812819 -3.141748 2.792977 158.0 159.0 167.0 0.2 12 1925
7925 6.462120 0.113596 2.242998 97.0 83.0 74.0 0.2 12 1926
7926 0.947352 0.240476 2.574783 93.0 80.0 73.0 0.2 12 1927
7927 9.044655 -3.749912 3.376463 139.0 115.0 76.0 0.2 12 1928
7928 4.946711 -1.275624 2.823146 98.0 82.0 73.0 0.2 12 1929
7929 1.119071 -0.486788 2.915020 95.0 79.0 70.0 0.2 12 1930
7930 25.731697 -7.442257 3.145442 88.0 73.0 54.0 0.2 12 1931
7931 11.328507 -0.741654 2.294733 100.0 95.0 88.0 0.2 12 1932
7932 4.215947 0.784671 2.186881 106.0 98.0 89.0 0.2 12 1933
7933 0.695515 -0.416664 2.914634 82.0 66.0 58.0 0.2 12 1934
7934 0.651094 -1.449309 3.355428 97.0 82.0 74.0 0.2 12 1935
7935 6.883649 -1.805345 2.878778 108.0 96.0 96.0 0.2 12 1936
7936 17.717552 -5.063118 3.095839 95.0 74.0 65.0 0.2 12 1937
7937 3.145159 -0.022067 2.504318 78.0 65.0 59.0 0.2 12 1938
7938 24.830145 -6.640920 3.010292 98.0 84.0 75.0 0.2 12 1939
7939 13.890882 -2.559893 2.694726 101.0 91.0 88.0 0.2 12 1940
7940 4.994346 -0.225272 2.491621 93.0 81.0 77.0 0.2 12 1941
7941 1.637030 -0.299124 2.791209 99.0 87.0 80.0 0.2 12 1942
7942 0.570662 -1.101307 3.225227 89.0 80.0 78.0 0.2 12 1943
7943 2.297246 -2.330636 3.525978 81.0 74.0 53.0 0.2 12 1944
7944 24.414595 -6.592286 3.025874 98.0 84.0 75.0 0.2 12 1945
7945 13.533383 -2.519242 2.707943 102.0 93.0 90.0 0.2 12 1946
7946 1.551209 -0.319812 2.807859 98.0 85.0 77.0 0.2 12 1947
7947 0.499152 -1.117231 3.240155 83.0 77.0 77.0 0.2 12 1948
7948 2.233363 -2.338614 3.537863 61.0 55.0 38.0 0.2 12 1949
7949 24.453928 -6.645414 3.036224 99.0 84.0 75.0 0.2 12 1950
7950 13.553108 -2.563808 2.719353 104.0 95.0 94.0 0.2 12 1951
7951 1.543614 -0.344145 2.818785 98.0 84.0 76.0 0.2 12 1952
7952 0.494097 -1.140553 3.250257 77.0 71.0 71.0 0.2 12 1953
7953 2.249406 -2.362411 3.546519 57.0 51.0 34.0 0.2 12 1954
7954 15.348720 -2.709725 2.634995 98.0 85.0 79.0 0.2 12 1955
7955 5.668122 -0.113196 2.396716 77.0 62.0 54.0 0.2 12 1956
7956 2.047327 -0.216098 2.715308 96.0 87.0 84.0 0.2 12 1957
7957 0.874572 -1.027998 3.160301 96.0 85.0 80.0 0.2 12 1958
7958 2.563625 -2.298148 3.476756 152.0 142.0 91.0 0.2 12 1959
7959 15.490534 -2.819162 2.655958 97.0 87.0 82.0 0.2 12 1960
7960 5.732986 -0.196525 2.423383 84.0 67.0 60.0 0.2 12 1961
7961 2.066064 -0.269777 2.734783 97.0 85.0 81.0 0.2 12 1962
7962 0.907101 -1.082999 3.178081 96.0 84.0 77.0 0.2 12 1963
7963 2.657490 -2.330664 3.482620 76.0 68.0 38.0 0.2 12 1964
7964 25.630217 -6.911110 3.023355 98.0 84.0 74.0 0.2 12 1965
7965 14.538088 -2.786501 2.713613 104.0 99.0 99.0 0.2 12 1966
7966 5.278833 -0.323191 2.507579 95.0 81.0 76.0 0.2 12 1967
7967 1.755937 -0.358450 2.804420 99.0 85.0 78.0 0.2 12 1968
7968 0.679569 -1.164971 3.238127 89.0 76.0 71.0 0.2 12 1969
7969 2.485123 -2.396531 3.533170 88.0 77.0 50.0 0.2 12 1970
7970 16.603043 -2.923823 2.607021 98.0 84.0 77.0 0.2 12 1971
7971 6.242561 -0.100764 2.353348 65.0 59.0 53.0 0.2 12 1972
7972 2.487779 -0.217286 2.660090 99.0 87.0 82.0 0.2 12 1973
7973 2.873321 -2.306332 3.443893 106.0 94.0 64.0 0.2 12 1974
7974 16.866053 -2.970846 2.601732 98.0 84.0 76.0 0.2 12 1975
7975 6.365747 -0.102589 2.345833 70.0 63.0 57.0 0.2 12 1976
7976 2.931797 -2.314072 3.439805 105.0 93.0 64.0 0.2 12 1977
7977 16.925453 -3.016596 2.610406 98.0 84.0 76.0 0.2 12 1978
7978 6.391893 -0.133756 2.354693 72.0 64.0 57.0 0.2 12 1979
7979 2.955666 -2.334821 3.446145 103.0 90.0 61.0 0.2 12 1980
7980 16.068983 -2.882254 2.632915 97.0 85.0 79.0 0.2 12 1981
7981 5.992893 -0.147090 2.385759 78.0 64.0 55.0 0.2 12 1982
7982 2.265295 -0.246427 2.701865 92.0 80.0 76.0 0.2 12 1983
7983 1.079416 -1.067631 3.150474 97.0 84.0 77.0 0.2 12 1984
7984 2.774235 -2.320552 3.463408 83.0 74.0 42.0 0.2 12 1985
7985 16.765287 -3.166814 2.663480 97.0 87.0 82.0 0.2 12 1986
7986 6.314610 -0.295210 2.415353 90.0 74.0 65.0 0.2 12 1987
7987 2.528178 -0.367592 2.710440 98.0 84.0 76.0 0.2 12 1988
7988 1.916411 -1.258879 3.098495 98.0 85.0 79.0 0.2 12 1989
7989 2.974595 -2.427831 3.486006 91.0 74.0 38.0 0.2 12 1990
7990 16.678362 -3.176479 2.672284 96.0 87.0 83.0 0.2 12 1991
7991 6.275898 -0.320255 2.427097 92.0 75.0 66.0 0.2 12 1992
7992 2.472563 -0.380536 2.724668 98.0 84.0 76.0 0.2 12 1993
7993 1.894499 -1.278604 3.109553 98.0 84.0 77.0 0.2 12 1994
7994 2.962702 -2.439365 3.492778 88.0 72.0 38.0 0.2 12 1995
7995 15.949075 -3.048355 2.687984 96.0 91.0 90.0 0.2 12 1996
7996 5.954232 -0.377970 2.494788 93.0 79.0 73.0 0.2 12 1997
7997 2.165054 -0.364278 2.761231 97.0 84.0 77.0 0.2 12 1998
7998 1.070705 -1.192521 3.200075 97.0 83.0 75.0 0.2 12 1999
7999 2.806263 -2.421061 3.504873 84.0 72.0 39.0 0.2 12 2000
8000 26.379654 -7.094424 3.018579 98.0 83.0 74.0 0.2 12 2001
8001 15.185808 -2.945844 2.712809 102.0 99.0 100.0 0.2 12 2002
8002 5.566322 -0.305672 2.461537 95.0 80.0 71.0 0.2 12 2003
8003 1.910112 -0.380955 2.797890 98.0 85.0 78.0 0.2 12 2004
8004 0.826052 -1.195517 3.232484 94.0 80.0 73.0 0.2 12 2005
8005 2.654648 -2.424722 3.525898 104.0 93.0 58.0 0.2 12 2006
8006 26.795166 -7.223789 3.022671 98.0 83.0 74.0 0.2 12 2007
8007 15.545378 -3.060195 2.719372 101.0 101.0 104.0 0.2 12 2008
8008 1.992213 -0.410531 2.801358 98.0 84.0 77.0 0.2 12 2009
8009 0.925953 -1.233056 3.234858 96.0 81.0 73.0 0.2 12 2010
8010 2.746229 -2.460564 3.530292 105.0 95.0 59.0 0.2 12 2011
8011 26.220425 -7.227316 3.061384 98.0 83.0 73.0 0.2 12 2012
8012 14.999271 -3.056901 2.756566 124.0 125.0 131.0 0.2 12 2013
8013 1.808922 -0.468947 2.844856 98.0 84.0 76.0 0.2 12 2014
8014 0.758135 -1.279732 3.274656 93.0 78.0 71.0 0.2 12 2015
8015 2.661665 -2.504039 3.560694 128.0 118.0 76.0 0.2 12 2016
8016 17.736790 -3.370554 2.651373 97.0 85.0 78.0 0.2 12 2017
8017 6.776243 -0.331403 2.396198 90.0 76.0 67.0 0.2 12 2018
8018 2.947288 -0.310997 2.624686 92.0 76.0 68.0 0.2 12 2019
8019 2.112878 -1.250748 3.074068 98.0 87.0 83.0 0.2 12 2020
8020 3.192864 -2.480761 3.480386 80.0 66.0 39.0 0.2 12 2021
8021 17.071756 -3.263420 2.668658 96.0 86.0 82.0 0.2 12 2022
8022 6.459477 -0.335821 2.419470 92.0 76.0 67.0 0.2 12 2023
8023 1.981282 -1.274154 3.097932 97.0 87.0 84.0 0.2 12 2024
8024 3.051621 -2.461475 3.490860 93.0 74.0 40.0 0.2 12 2025
8025 17.071756 -3.263420 2.668658 96.0 86.0 82.0 0.2 12 2026
8026 6.459477 -0.335821 2.419470 92.0 76.0 67.0 0.2 12 2027
8027 1.981282 -1.274154 3.097932 97.0 87.0 84.0 0.2 12 2028
8028 3.051621 -2.461475 3.490860 93.0 74.0 40.0 0.2 12 2029
8029 16.875933 -3.285425 2.688482 96.0 89.0 86.0 0.2 12 2030
8030 6.376107 -0.397257 2.448339 94.0 78.0 69.0 0.2 12 2031
8031 1.938458 -1.316445 3.120890 97.0 86.0 82.0 0.2 12 2032
8032 3.024116 -2.487648 3.506206 90.0 74.0 42.0 0.2 12 2033
8033 16.933619 -3.434451 2.725071 95.0 95.0 96.0 0.2 12 2034
8034 2.442780 -0.508213 2.784384 98.0 83.0 75.0 0.2 12 2035
8035 1.936117 -1.406245 3.160094 97.0 85.0 79.0 0.2 12 2036
8036 3.067350 -2.572378 3.537577 94.0 79.0 53.0 0.2 12 2037
8037 18.481358 -3.521609 2.640452 98.0 84.0 76.0 0.2 12 2038
8038 7.141695 -0.360975 2.381579 93.0 79.0 70.0 0.2 12 2039
8039 3.135152 -0.302092 2.608256 91.0 75.0 66.0 0.2 12 2040
8040 2.261093 -1.248955 3.058078 99.0 87.0 81.0 0.2 12 2041
8041 3.357630 -2.526459 3.477646 96.0 80.0 60.0 0.2 12 2042
8042 18.795198 -3.619771 2.645231 98.0 84.0 76.0 0.2 12 2043
8043 7.301816 -0.407269 2.386625 94.0 80.0 70.0 0.2 12 2044
8044 3.214982 -0.326179 2.611523 92.0 76.0 67.0 0.2 12 2045
8045 2.325784 -1.271182 3.060911 98.0 85.0 78.0 0.2 12 2046
8046 3.431224 -2.568584 3.485500 98.0 82.0 65.0 0.2 12 2047
8047 18.403004 -3.615944 2.671598 97.0 85.0 78.0 0.2 12 2048
8048 7.111270 -0.462773 2.418622 95.0 80.0 71.0 0.2 12 2049
8049 3.110591 -0.386335 2.641248 94.0 78.0 70.0 0.2 12 2050
8050 2.246975 -1.319493 3.089513 97.0 84.0 77.0 0.2 12 2051
8051 3.356847 -2.588153 3.504340 90.0 74.0 54.0 0.2 12 2052
8052 17.898451 -3.541061 2.686601 97.0 86.0 81.0 0.2 12 2053
8053 6.866304 -0.471657 2.438864 96.0 80.0 71.0 0.2 12 2054
8054 2.145451 -1.338212 3.108055 96.0 86.0 81.0 0.2 12 2055
8055 3.248569 -2.575016 3.513284 76.0 62.0 38.0 0.2 12 2056
8056 17.766727 -3.584024 2.707492 96.0 88.0 85.0 0.2 12 2057
8057 6.861518 -0.587462 2.492111 98.0 83.0 75.0 0.2 12 2058
8058 2.118401 -1.383491 3.130308 95.0 87.0 84.0 0.2 12 2059
8059 3.229203 -2.610714 3.531133 84.0 69.0 46.0 0.2 12 2060
8060 18.290697 -3.824727 2.735869 97.0 88.0 84.0 0.2 12 2061
8061 7.128404 -0.735799 2.525685 98.0 83.0 75.0 0.2 12 2062
8062 2.221425 -1.469623 3.155977 93.0 81.0 76.0 0.2 12 2063
8063 3.350644 -2.728238 3.563734 95.0 80.0 66.0 0.2 12 2064
8064 18.290697 -3.824727 2.735869 97.0 88.0 84.0 0.2 12 2065
8065 7.128404 -0.735799 2.525685 98.0 83.0 75.0 0.2 12 2066
8066 2.221425 -1.469623 3.155977 93.0 81.0 76.0 0.2 12 2067
8067 3.350644 -2.728238 3.563734 95.0 80.0 66.0 0.2 12 2068
8068 28.121344 -7.807987 3.076125 97.0 82.0 72.0 0.2 12 2069
8069 16.724676 -3.606947 2.786183 112.0 111.0 115.0 0.2 12 2070
8070 2.149261 -0.601227 2.867086 96.0 84.0 77.0 0.2 12 2071
8071 3.055586 -2.698364 3.592627 98.0 84.0 67.0 0.2 12 2072
8072 19.305305 -3.807394 2.660444 98.0 84.0 76.0 0.2 12 2073
8073 7.550023 -0.502115 2.400682 96.0 81.0 72.0 0.2 12 2074
8074 3.345442 -0.387237 2.624691 93.0 76.0 67.0 0.2 12 2075
8075 2.432947 -1.326537 3.073313 95.0 80.0 73.0 0.2 12 2076
8076 3.554500 -2.654237 3.504924 98.0 83.0 71.0 0.2 12 2077
8077 19.698977 -3.986890 2.681419 98.0 84.0 76.0 0.2 12 2078
8078 3.445221 -0.460852 2.644524 93.0 77.0 68.0 0.2 12 2079
8079 2.517696 -1.392254 3.092204 93.0 77.0 69.0 0.2 12 2080
8080 19.881662 -4.109859 2.701659 98.0 84.0 76.0 0.2 12 2081
8081 3.489193 -0.525397 2.664985 95.0 79.0 70.0 0.2 12 2082
8082 2.557704 -1.448479 3.111636 92.0 75.0 67.0 0.2 12 2083
8083 18.549974 -3.878250 2.732186 97.0 87.0 82.0 0.2 12 2084
8084 2.275327 -1.469691 3.150257 92.0 79.0 72.0 0.2 12 2085
8085 3.402442 -2.746171 3.563817 97.0 82.0 69.0 0.2 12 2086
8086 19.090975 -4.040308 2.738031 98.0 86.0 80.0 0.2 12 2087
8087 2.387140 -1.504016 3.152860 88.0 73.0 65.0 0.2 12 2088
8088 20.067783 -4.112436 2.689424 98.0 84.0 76.0 0.2 12 2089
8089 3.542633 -0.498789 2.651257 93.0 76.0 67.0 0.2 12 2090
8090 2.598238 -1.427223 3.098551 92.0 76.0 67.0 0.2 12 2091
8091 20.514238 -4.442819 2.746269 98.0 84.0 76.0 0.2 12 2092
8092 2.695207 -1.585999 3.154552 80.0 64.0 56.0 0.2 12 2093
8093 20.651690 -4.515004 2.755831 98.0 84.0 76.0 0.2 12 2094
8094 2.724862 -1.616304 3.164011 75.0 59.0 52.0 0.2 12 2095
8095 20.326200 -4.499120 2.774120 98.0 84.0 77.0 0.2 12 2096
8096 2.648612 -1.646787 3.184724 59.0 46.0 42.0 0.2 12 2097
8097 13.614149 -1.407888 2.363469 96.0 85.0 76.0 0.2 12 2098
8098 5.908169 -0.357572 2.491698 93.0 78.0 73.0 0.2 12 2099
8099 3.434002 -1.120880 2.966546 76.0 57.0 51.0 0.2 12 2100
8100 3.492779 -2.581673 3.489232 124.0 86.0 52.0 0.2 12 2101
8101 13.522318 -1.444537 2.381106 96.0 84.0 75.0 0.2 12 2102
8102 3.329611 -1.150750 2.988979 75.0 56.0 50.0 0.2 12 2103
8103 3.362242 -2.605201 3.510110 121.0 85.0 54.0 0.2 12 2104
8104 13.093996 -1.324109 2.372325 92.0 83.0 73.0 0.2 12 2105
8105 5.607382 -0.352252 2.513101 96.0 82.0 77.0 0.2 12 2106
8106 3.180471 -1.108810 2.985656 64.0 46.0 42.0 0.2 12 2107
8107 3.274779 -2.555907 3.500706 123.0 85.0 51.0 0.2 12 2108
8108 13.336288 -1.393350 2.377760 94.0 83.0 74.0 0.2 12 2109
8109 5.739099 -0.376287 2.506210 93.0 79.0 74.0 0.2 12 2110
8110 3.263085 -1.132837 2.987914 70.0 52.0 47.0 0.2 12 2111
8111 3.320053 -2.583727 3.506451 128.0 86.0 49.0 0.2 12 2112
8112 13.336288 -1.393350 2.377760 94.0 83.0 74.0 0.2 12 2113
8113 5.739099 -0.376287 2.506210 93.0 79.0 74.0 0.2 12 2114
8114 3.263085 -1.132837 2.987914 70.0 52.0 47.0 0.2 12 2115
8115 3.320053 -2.583727 3.506451 128.0 86.0 49.0 0.2 12 2116
8116 13.204879 -1.485623 2.415307 96.0 82.0 73.0 0.2 12 2117
8117 3.192775 -1.224087 3.024447 82.0 63.0 56.0 0.2 12 2118
8118 3.203237 -2.661611 3.543583 112.0 84.0 59.0 0.2 12 2119
8119 12.623422 -1.461669 2.446769 96.0 82.0 73.0 0.2 12 2120
8120 3.757137 -2.827954 3.538798 97.0 83.0 72.0 0.2 12 2121
8121 12.433665 -1.434291 2.450541 96.0 82.0 73.0 0.2 12 2122
8122 3.779261 -2.838900 3.539706 98.0 84.0 73.0 0.2 12 2123
8123 14.748281 -1.685844 2.370697 98.0 84.0 75.0 0.2 12 2124
8124 6.480145 -0.377793 2.432951 94.0 78.0 68.0 0.2 12 2125
8125 4.084711 -1.250115 2.944677 96.0 80.0 71.0 0.2 12 2126
8126 3.845498 -2.707179 3.500865 99.0 82.0 70.0 0.2 12 2127
8127 5.868116 -0.524499 2.493704 96.0 80.0 70.0 0.2 12 2128
8128 4.420496 -1.487246 2.945620 77.0 61.0 54.0 0.2 12 2129
8129 3.381941 -2.881468 3.600563 99.0 83.0 72.0 0.2 12 2130
8130 5.797863 -0.604868 2.525606 94.0 75.0 65.0 0.2 12 2131
8131 4.392310 -1.550043 2.972584 81.0 75.0 75.0 0.2 12 2132
8132 6.033798 -0.568002 2.497481 97.0 80.0 71.0 0.2 12 2133
8133 4.548858 -1.533499 2.951399 90.0 73.0 63.0 0.2 12 2134
8134 5.910901 -0.655527 2.535262 93.0 74.0 64.0 0.2 12 2135
8135 4.483205 -1.598733 2.982548 74.0 65.0 63.0 0.2 12 2136
8136 6.179987 -0.672643 2.523189 97.0 80.0 70.0 0.2 12 2137
8137 4.677946 -1.626107 2.974569 87.0 70.0 61.0 0.2 12 2138
8138 6.236551 -0.735311 2.540540 96.0 79.0 69.0 0.2 12 2139
8139 4.727120 -1.685513 2.992342 90.0 74.0 64.0 0.2 12 2140
8140 5.806459 -0.644561 2.538518 92.0 72.0 62.0 0.2 12 2141
8141 4.405710 -1.585612 2.984977 90.0 81.0 80.0 0.2 12 2142
8142 7.239319 -0.688120 2.499851 98.0 83.0 75.0 0.2 12 2143
8143 4.414344 -3.010462 3.546907 97.0 80.0 70.0 0.2 12 2144
8144 7.239319 -0.688120 2.499851 98.0 83.0 75.0 0.2 12 2145
8145 4.414344 -3.010462 3.546907 97.0 80.0 70.0 0.2 12 2146
8146 7.032711 -0.795330 2.554558 98.0 83.0 75.0 0.2 12 2147
8147 4.205434 -3.072603 3.585626 98.0 82.0 73.0 0.2 12 2148
8148 5.107191 -3.288530 3.571204 97.0 81.0 70.0 0.2 12 2149
8149 5.787728 -1.767960 2.949425 97.0 69.0 61.0 0.2 12 2150
8150 5.489052 -3.394379 3.569720 97.0 81.0 70.0 0.2 12 2151
8151 5.187592 -3.503974 3.631176 98.0 83.0 74.0 0.2 12 2152
8152 3.189946 -1.553600 3.090430 95.0 79.0 70.0 0.2 12 2153
8153 4.266699 -0.630928 2.645220 81.0 63.0 54.0 0.2 12 2154
8154 3.191075 0.678270 2.304127 92.0 77.0 69.0 0.2 12 2155
8155 1.661630 -1.967697 3.442301 116.0 109.0 82.0 0.2 12 2156
8156 5.359265 -1.207261 2.765764 99.0 77.0 70.0 0.2 12 2157
8157 4.032400 0.240895 2.400788 198.0 202.0 195.0 0.2 12 2158
8158 1.661630 -1.967697 3.442301 116.0 109.0 82.0 0.2 12 2159
8159 5.359265 -1.207261 2.765764 99.0 77.0 70.0 0.2 12 2160
8160 4.032400 0.240895 2.400788 198.0 202.0 195.0 0.2 12 2161
8161 1.996709 -2.044187 3.434586 99.0 99.0 71.0 0.2 12 2162
8162 4.418937 -2.282804 3.252257 95.0 81.0 68.0 0.2 12 2163
8163 6.106155 -1.439627 2.801175 197.0 100.0 94.0 0.2 12 2164
8164 4.692513 0.152951 2.391087 174.0 176.0 181.0 0.2 12 2165
8165 2.167690 -2.068544 3.423417 87.0 88.0 56.0 0.2 12 2166
8166 4.713431 -2.331297 3.242334 95.0 81.0 67.0 0.2 12 2167
8167 6.562252 -1.504241 2.792347 121.0 78.0 76.0 0.2 12 2168
8168 5.090840 0.145468 2.358907 95.0 108.0 90.0 0.2 12 2169
8169 0.205485 -1.278395 3.339923 100.0 88.0 82.0 0.2 12 2170
8170 6.736132 -2.655227 3.243403 94.0 68.0 58.0 0.2 12 2171
8171 11.777901 -2.440758 2.807023 100.0 88.0 83.0 0.2 12 2172
8172 8.041970 0.130023 2.135349 100.0 90.0 83.0 0.2 12 2173
8173 14.624229 -3.566296 2.921211 102.0 91.0 86.0 0.2 12 2174
8174 0.877119 -0.021954 2.700485 63.0 64.0 68.0 0.2 12 2175
8175 2.311775 -1.043910 2.966521 106.0 98.0 92.0 0.2 12 2176
8176 14.157286 -3.648493 2.975893 97.0 83.0 75.0 0.2 12 2177
8177 0.816379 -0.130091 2.754386 85.0 86.0 97.0 0.2 12 2178
8178 2.080054 -1.113760 3.018939 100.0 88.0 82.0 0.2 12 2179
8179 12.704867 -3.448570 3.024735 91.0 74.0 66.0 0.2 12 2180
8180 0.720128 -0.229827 2.802791 160.0 151.0 138.0 0.2 12 2181
8181 8.493878 -3.742232 3.418066 158.0 135.0 89.0 0.2 12 2182
8182 15.979300 -3.923532 2.921994 101.0 90.0 85.0 0.2 12 2183
8183 0.928429 -0.012667 2.701033 66.0 66.0 66.0 0.2 12 2184
8184 2.245769 -1.284174 3.074605 98.0 85.0 79.0 0.2 12 2185
8185 13.265099 -3.850526 3.092470 54.0 42.0 38.0 0.2 12 2186
8186 18.400879 -3.560231 2.656571 97.0 84.0 77.0 0.2 12 2187
8187 0.651595 -0.344564 2.869881 73.0 70.0 70.0 0.2 12 2188
8188 17.181658 -4.301695 2.938294 99.0 86.0 79.0 0.2 12 2189
8189 0.967622 -0.037685 2.716943 84.0 74.0 69.0 0.2 12 2190
8190 2.770880 -1.187519 2.981471 145.0 142.0 131.0 0.2 12 2191
8191 5.911581 -2.362033 3.216220 97.0 81.0 72.0 0.2 12 2192
8192 16.318478 -4.331231 3.005217 97.0 82.0 73.0 0.2 12 2193
8193 0.864816 -0.172418 2.783654 61.0 56.0 57.0 0.2 12 2194
8194 2.667823 -1.194619 2.994534 117.0 113.0 105.0 0.2 12 2195
8195 5.622123 -2.317672 3.223804 97.0 82.0 73.0 0.2 12 2196
8196 15.751678 -4.230186 3.018104 96.0 80.0 72.0 0.2 12 2197
8197 0.829234 -0.199223 2.796308 60.0 58.0 59.0 0.2 12 2198
8198 2.830087 -1.229697 2.993114 81.0 80.0 78.0 0.2 12 2199
8199 5.967709 -2.431052 3.234506 96.0 78.0 69.0 0.2 12 2200
8200 16.529261 -4.441240 3.019162 97.0 81.0 72.0 0.2 12 2201
8201 0.858549 -0.198325 2.797590 48.0 46.0 48.0 0.2 12 2202
8202 2.558538 -1.467057 3.119315 91.0 74.0 66.0 0.2 12 2203
8203 4.783433 -2.515005 3.358113 96.0 78.0 67.0 0.2 12 2204
8204 14.574363 -4.407475 3.145707 78.0 58.0 49.0 0.2 12 2205
8205 19.885454 -4.139250 2.709253 98.0 84.0 77.0 0.2 12 2206
8206 0.608277 -0.432745 2.924526 79.0 66.0 61.0 0.2 12 2207
8207 6.659286 -2.593811 3.230607 95.0 73.0 63.0 0.2 12 2208
8208 0.930713 -0.174556 2.785830 73.0 66.0 64.0 0.2 12 2209
8209 6.855123 -2.617246 3.222139 96.0 74.0 64.0 0.2 12 2210
8210 3.803309 -0.634134 2.681178 95.0 78.0 69.0 0.2 12 2211
8211 0.956711 -0.156586 2.776575 77.0 68.0 65.0 0.2 12 2212
8212 6.935754 -2.679488 3.234789 95.0 70.0 59.0 0.2 12 2213
8213 0.956737 -0.177995 2.787103 72.0 64.0 61.0 0.2 12 2214
8214 5.950710 -2.850877 3.366813 87.0 54.0 36.0 0.2 12 2215
8215 2.835449 -0.936728 2.949582 72.0 58.0 54.0 0.2 12 2216
8216 0.732284 -0.423970 2.916565 84.0 68.0 59.0 0.2 12 2217
8217 3.857429 -3.002686 3.590162 82.0 65.0 57.0 0.2 12 2218
8218 27.543980 -7.731988 3.095808 96.0 80.0 69.0 0.2 12 2219
8219 12.746305 -0.991096 2.291024 114.0 126.0 110.0 0.2 12 2220
8220 4.667297 0.895200 2.089007 99.0 87.0 78.0 0.2 12 2221
8221 0.861486 -0.345470 2.871926 65.0 51.0 45.0 0.2 12 2222
8222 24.412695 -6.704043 3.053234 100.0 85.0 75.0 0.2 12 2223
8223 13.500399 -2.613029 2.737012 107.0 100.0 100.0 0.2 12 2224
8224 1.517116 -0.381136 2.836606 98.0 83.0 75.0 0.2 12 2225
8225 0.471575 -1.174463 3.266802 74.0 67.0 67.0 0.2 12 2226
8226 2.256885 -2.395713 3.560513 62.0 54.0 33.0 0.2 12 2227
8227 15.492144 -2.618281 2.598752 98.0 84.0 76.0 0.2 12 2228
8228 5.736847 -0.004854 2.353709 57.0 50.0 44.0 0.2 12 2229
8229 2.113076 -0.137360 2.677644 86.0 79.0 79.0 0.2 12 2230
8230 0.908082 -0.951496 3.126367 96.0 87.0 83.0 0.2 12 2231
8231 2.551476 -2.240260 3.451522 93.0 84.0 45.0 0.2 12 2232
8232 15.889117 -2.698408 2.593529 98.0 84.0 76.0 0.2 12 2233
8233 5.917444 -0.012466 2.344476 56.0 51.0 45.0 0.2 12 2234
8234 2.229501 -0.141822 2.666719 76.0 69.0 69.0 0.2 12 2235
8235 0.995628 -0.957078 3.118459 96.0 86.0 80.0 0.2 12 2236
8236 2.629355 -2.260364 3.449681 94.0 79.0 40.0 0.2 12 2237
8237 25.255503 -6.773675 3.014554 98.0 84.0 75.0 0.2 12 2238
8238 14.236121 -2.671272 2.702301 102.0 94.0 92.0 0.2 12 2239
8239 5.138353 -0.274022 2.504823 90.0 78.0 77.0 0.2 12 2240
8240 1.701048 -0.324009 2.795583 99.0 86.0 79.0 0.2 12 2241
8241 0.624685 -1.128000 3.229775 88.0 77.0 73.0 0.2 12 2242
8242 2.381784 -2.365077 3.530539 83.0 75.0 53.0 0.2 12 2243
8243 25.303772 -6.941516 3.052277 99.0 84.0 75.0 0.2 12 2244
8244 14.230470 -2.810866 2.741894 113.0 110.0 113.0 0.2 12 2245
8245 1.657788 -0.410330 2.835560 98.0 84.0 76.0 0.2 12 2246
8246 0.601413 -1.211574 3.266310 85.0 72.0 67.0 0.2 12 2247
8247 2.452960 -2.434649 3.554909 103.0 93.0 60.0 0.2 12 2248
8248 6.403934 -0.047515 2.305272 98.0 86.0 77.0 0.2 12 2249
8249 2.859382 -0.130888 2.563273 83.0 69.0 63.0 0.2 12 2250
8250 3.033237 -2.323528 3.430428 102.0 86.0 60.0 0.2 12 2251
8251 17.207657 -3.114112 2.617721 98.0 84.0 77.0 0.2 12 2252
8252 6.523315 -0.178020 2.360933 79.0 69.0 61.0 0.2 12 2253
8253 2.821754 -0.212143 2.596183 94.0 79.0 71.0 0.2 12 2254
8254 2.006851 -1.163219 3.047605 98.0 86.0 80.0 0.2 12 2255
8255 3.032609 -2.370120 3.452038 98.0 85.0 57.0 0.2 12 2256
8256 16.254044 -3.219668 2.713901 95.0 97.0 98.0 0.2 12 2257
8257 2.218648 -0.437844 2.785141 97.0 83.0 76.0 0.2 12 2258
8258 2.904246 -2.496069 3.525694 94.0 82.0 50.0 0.2 12 2259
8259 25.838345 -7.231054 3.087436 98.0 84.0 72.0 0.2 12 2260
8260 14.646764 -3.058850 2.781615 146.0 147.0 154.0 0.2 12 2261
8261 1.714063 -0.514246 2.871998 98.0 83.0 76.0 0.2 12 2262
8262 0.668112 -1.316022 3.300195 93.0 78.0 71.0 0.2 12 2263
8263 2.609880 -2.535541 3.581417 115.0 106.0 76.0 0.2 12 2264
8264 17.918856 -3.264564 2.609313 98.0 84.0 76.0 0.2 12 2265
8265 6.664738 -0.156751 2.325910 98.0 85.0 76.0 0.2 12 2266
8266 2.997149 -0.200262 2.579965 76.0 63.0 58.0 0.2 12 2267
8267 2.146580 -1.160146 3.031947 102.0 91.0 86.0 0.2 12 2268
8268 3.199426 -2.410328 3.447931 98.0 83.0 60.0 0.2 12 2269
8269 18.045710 -3.385286 2.633701 98.0 84.0 77.0 0.2 12 2270
8270 6.923714 -0.298403 2.374789 90.0 77.0 68.0 0.2 12 2271
8271 3.026014 -0.270071 2.603966 87.0 72.0 64.0 0.2 12 2272
8272 2.173425 -1.219186 3.054393 100.0 89.0 83.0 0.2 12 2273
8273 3.251141 -2.471269 3.468157 92.0 76.0 53.0 0.2 12 2274
8274 18.045710 -3.385286 2.633701 98.0 84.0 77.0 0.2 12 2275
8275 6.923714 -0.298403 2.374789 90.0 77.0 68.0 0.2 12 2276
8276 3.026014 -0.270071 2.603966 87.0 72.0 64.0 0.2 12 2277
8277 2.173425 -1.219186 3.054393 100.0 89.0 83.0 0.2 12 2278
8278 3.251141 -2.471269 3.468157 92.0 76.0 53.0 0.2 12 2279
8279 17.590652 -3.361605 2.659143 97.0 85.0 79.0 0.2 12 2280
8280 6.706157 -0.345313 2.405683 91.0 76.0 67.0 0.2 12 2281
8281 2.910994 -0.330070 2.634377 94.0 79.0 71.0 0.2 12 2282
8282 2.084692 -1.264670 3.082990 97.0 87.0 83.0 0.2 12 2283
8283 3.165211 -2.484414 3.485790 82.0 67.0 38.0 0.2 12 2284
8284 17.463476 -3.376997 2.672309 97.0 86.0 81.0 0.2 12 2285
8285 6.647707 -0.380572 2.422008 93.0 78.0 68.0 0.2 12 2286
8286 2.059316 -1.291713 3.097214 97.0 88.0 85.0 0.2 12 2287
8287 3.146128 -2.501647 3.495973 87.0 70.0 40.0 0.2 12 2288
8288 17.367636 -3.467918 2.703853 96.0 89.0 87.0 0.2 12 2289
8289 6.654488 -0.534950 2.487892 98.0 83.0 75.0 0.2 12 2290
8290 2.038334 -1.363439 3.130283 95.0 90.0 90.0 0.2 12 2291
8291 3.146019 -2.562999 3.522607 91.0 74.0 47.0 0.2 12 2292
8292 17.319405 -3.499596 2.715877 95.0 91.0 90.0 0.2 12 2293
8293 6.628207 -0.573398 2.505239 98.0 83.0 75.0 0.2 12 2294
8294 2.026505 -1.390780 3.143335 94.0 90.0 90.0 0.2 12 2295
8295 3.142157 -2.586071 3.533021 92.0 76.0 51.0 0.2 12 2296
8296 18.354759 -3.454877 2.631069 98.0 84.0 76.0 0.2 12 2297
8297 7.043526 -0.304090 2.365851 96.0 81.0 72.0 0.2 12 2298
8298 3.104330 -0.272226 2.599334 88.0 73.0 65.0 0.2 12 2299
8299 2.234941 -1.222947 3.049696 100.0 89.0 83.0 0.2 12 2300
8300 3.322029 -2.494080 3.468424 96.0 80.0 60.0 0.2 12 2301
8301 17.984335 -3.503164 2.670249 97.0 85.0 79.0 0.2 12 2302
8302 6.901886 -0.418996 2.417856 94.0 79.0 70.0 0.2 12 2303
8303 3.006289 -0.370528 2.642811 94.0 79.0 70.0 0.2 12 2304
8304 2.162751 -1.302539 3.091018 97.0 86.0 81.0 0.2 12 2305
8305 3.261462 -2.544976 3.498899 74.0 61.0 37.0 0.2 12 2306
8306 18.171995 -3.617717 2.688302 97.0 86.0 80.0 0.2 12 2307
8307 7.003319 -0.502820 2.440255 96.0 81.0 71.0 0.2 12 2308
8308 2.200264 -1.350902 3.107719 96.0 84.0 78.0 0.2 12 2309
8309 3.311169 -2.604145 3.517263 83.0 68.0 47.0 0.2 12 2310
8310 17.611204 -3.733984 2.758720 99.0 94.0 94.0 0.2 12 2311
8311 2.509947 -0.604449 2.823405 97.0 83.0 76.0 0.2 12 2312
8312 2.070259 -1.505171 3.187648 96.0 86.0 81.0 0.2 12 2313
8313 3.219292 -2.715899 3.576956 95.0 79.0 64.0 0.2 12 2314
8314 17.611204 -3.733984 2.758720 99.0 94.0 94.0 0.2 12 2315
8315 2.509947 -0.604449 2.823405 97.0 83.0 76.0 0.2 12 2316
8316 2.070259 -1.505171 3.187648 96.0 86.0 81.0 0.2 12 2317
8317 3.219292 -2.715899 3.576956 95.0 79.0 64.0 0.2 12 2318
8318 3.419935 -0.361233 2.609803 89.0 72.0 63.0 0.2 12 2319
8319 2.488895 -1.305664 3.058818 94.0 80.0 72.0 0.2 12 2320
8320 18.978712 -3.853031 2.695573 97.0 85.0 78.0 0.2 12 2321
8321 2.365472 -1.397289 3.110108 94.0 79.0 71.0 0.2 12 2322
8322 3.492599 -2.700691 3.533081 98.0 82.0 69.0 0.2 12 2323
8323 18.852474 -3.955026 2.731767 97.0 86.0 80.0 0.2 12 2324
8324 2.337869 -1.479727 3.147851 91.0 76.0 69.0 0.2 12 2325
8325 3.461771 -2.777266 3.568081 98.0 83.0 72.0 0.2 12 2326
8326 18.852474 -3.955026 2.731767 97.0 86.0 80.0 0.2 12 2327
8327 2.337869 -1.479727 3.147851 91.0 76.0 69.0 0.2 12 2328
8328 3.461771 -2.777266 3.568081 98.0 83.0 72.0 0.2 12 2329
8329 18.307264 -4.042555 2.792866 100.0 91.0 87.0 0.2 12 2330
8330 2.505579 -0.686658 2.869522 94.0 85.0 79.0 0.2 12 2331
8331 2.194330 -1.614315 3.220362 97.0 83.0 76.0 0.2 12 2332
8332 3.579228 -0.467388 2.637080 88.0 72.0 63.0 0.2 12 2333
8333 2.624012 -1.400982 3.084928 92.0 76.0 67.0 0.2 12 2334
8334 3.469859 -2.819287 3.569161 82.0 66.0 58.0 0.2 12 2335
8335 12.731424 -1.340125 2.400873 91.0 80.0 70.0 0.2 12 2336
8336 3.061269 -1.176323 3.016351 79.0 61.0 55.0 0.2 12 2337
8337 3.140842 -2.606018 3.529669 106.0 82.0 59.0 0.2 12 2338
8338 12.434486 -1.381872 2.433782 95.0 81.0 72.0 0.2 12 2339
8339 3.825754 -2.806202 3.523294 98.0 84.0 73.0 0.2 12 2340
8340 12.434486 -1.381872 2.433782 95.0 81.0 72.0 0.2 12 2341
8341 3.825754 -2.806202 3.523294 98.0 84.0 73.0 0.2 12 2342
8342 12.408174 -1.487081 2.468630 97.0 82.0 74.0 0.2 12 2343
8343 5.180215 -0.435166 2.510394 96.0 79.0 70.0 0.2 12 2344
8344 3.879098 -1.386657 2.957232 127.0 122.0 122.0 0.2 12 2345
8345 3.714531 -2.872983 3.558538 98.0 83.0 73.0 0.2 12 2346
8346 4.074262 -1.386133 2.938766 84.0 79.0 81.0 0.2 12 2347
8347 3.252097 -2.777049 3.576091 101.0 83.0 67.0 0.2 12 2348
8348 6.628316 -0.392916 2.427713 94.0 78.0 69.0 0.2 12 2349
8349 3.967908 -2.741963 3.501426 98.0 81.0 70.0 0.2 12 2350
8350 13.619884 -1.611403 2.426261 97.0 83.0 74.0 0.2 12 2351
8351 3.299565 -1.264142 3.032485 86.0 68.0 60.0 0.2 12 2352
8352 3.295318 -2.718033 3.554391 105.0 84.0 66.0 0.2 12 2353
8353 4.151731 -1.393736 2.934483 68.0 58.0 56.0 0.2 12 2354
8354 3.213263 -2.770005 3.578626 103.0 84.0 67.0 0.2 12 2355
8355 5.655427 -0.684274 2.562434 86.0 63.0 53.0 0.2 12 2356
8356 4.300280 -1.617384 3.007495 101.0 91.0 87.0 0.2 12 2357
8357 4.468669 -3.199575 3.601582 98.0 83.0 73.0 0.2 12 2358
8358 6.346876 -0.823988 2.563226 97.0 78.0 68.0 0.2 12 2359
8359 4.806648 -1.773356 3.017840 96.0 80.0 71.0 0.2 12 2360
8360 5.475767 -3.479480 3.597141 98.0 82.0 73.0 0.2 12 2361
8361 1.758298 -1.965772 3.429038 99.0 92.0 67.0 0.2 12 2362
8362 5.585207 -1.207801 2.748477 99.0 74.0 66.0 0.2 12 2363
8363 4.256712 0.250915 2.383655 207.0 210.0 205.0 0.2 12 2364
8364 12.967917 -3.402063 2.993518 95.0 80.0 71.0 0.2 12 2365
8365 0.760187 -0.171753 2.772062 103.0 104.0 110.0 0.2 12 2366
8366 12.091138 -3.337764 3.038550 89.0 73.0 64.0 0.2 12 2367
8367 17.046804 -3.027727 2.604922 98.0 84.0 76.0 0.2 12 2368
8368 0.685727 -0.258400 2.816457 114.0 108.0 100.0 0.2 12 2369
8369 15.139572 -3.612014 2.897516 107.0 98.0 96.0 0.2 12 2370
8370 0.912816 0.029196 2.677001 61.0 64.0 66.0 0.2 12 2371
8371 14.306155 -3.534094 2.934850 100.0 88.0 82.0 0.2 12 2372
8372 0.855553 -0.050842 2.713931 67.0 67.0 73.0 0.2 12 2373
8373 2.149216 -1.139204 3.022753 102.0 92.0 86.0 0.2 12 2374
8374 13.030010 -3.566304 3.033370 88.0 72.0 63.0 0.2 12 2375
8375 17.936975 -3.234520 2.599697 98.0 84.0 76.0 0.2 12 2376
8376 0.720359 -0.242653 2.811213 188.0 175.0 155.0 0.2 12 2377
8377 2.306913 -1.328784 3.087231 96.0 83.0 76.0 0.2 12 2378
8378 13.507885 -3.972319 3.107375 48.0 37.0 34.0 0.2 12 2379
8379 18.697876 -3.690264 2.671180 97.0 84.0 77.0 0.2 12 2380
8380 0.636167 -0.369175 2.885001 57.0 55.0 58.0 0.2 12 2381
8381 2.758878 -1.221030 2.996525 89.0 86.0 83.0 0.2 12 2382
8382 5.790153 -2.385886 3.233811 97.0 80.0 71.0 0.2 12 2383
8383 16.174522 -4.357327 3.021910 96.0 81.0 72.0 0.2 12 2384
8384 0.840472 -0.204551 2.800238 50.0 48.0 50.0 0.2 12 2385
8385 2.758878 -1.221030 2.996525 89.0 86.0 83.0 0.2 12 2386
8386 5.790153 -2.385886 3.233811 97.0 80.0 71.0 0.2 12 2387
8387 16.174522 -4.357327 3.021910 96.0 81.0 72.0 0.2 12 2388
8388 0.840472 -0.204551 2.800238 50.0 48.0 50.0 0.2 12 2389
8389 0.791927 -0.222598 2.806904 70.0 69.0 72.0 0.2 12 2390
8390 2.245153 -0.776204 2.932341 88.0 83.0 80.0 0.2 12 2391
8391 0.627514 -0.397740 2.903036 64.0 56.0 55.0 0.2 12 2392
8392 8.770155 -4.624361 3.653388 99.0 85.0 76.0 0.2 12 2393
8393 6.862641 -2.535947 3.196263 97.0 79.0 69.0 0.2 12 2394
8394 3.762654 -0.561989 2.657969 90.0 73.0 64.0 0.2 12 2395
8395 0.972664 -0.111042 2.753872 84.0 73.0 68.0 0.2 12 2396
8396 6.094358 -2.407896 3.216723 97.0 80.0 70.0 0.2 12 2397
8397 0.882481 -0.166006 2.781024 63.0 58.0 58.0 0.2 12 2398
8398 6.397942 -2.511763 3.225844 96.0 76.0 66.0 0.2 12 2399
8399 0.907825 -0.171850 2.784429 68.0 62.0 61.0 0.2 12 2400
8400 3.117717 -1.256293 2.975940 104.0 97.0 91.0 0.2 12 2401
8401 6.806667 -2.619453 3.226694 95.0 73.0 63.0 0.2 12 2402
8402 17.958118 -4.756174 3.002008 98.0 82.0 74.0 0.2 12 2403
8403 0.948462 -0.165338 2.781045 75.0 67.0 64.0 0.2 12 2404
8404 3.076343 -1.361949 3.023062 65.0 51.0 48.0 0.2 12 2405
8405 6.393792 -2.688102 3.281213 83.0 54.0 45.0 0.2 12 2406
8406 17.500360 -4.837259 3.053770 96.0 79.0 70.0 0.2 12 2407
8407 0.865643 -0.266511 2.833112 42.0 38.0 39.0 0.2 12 2408
8408 3.115042 -1.410220 3.038924 78.0 62.0 56.0 0.2 12 2409
8409 6.407070 -2.753848 3.300135 74.0 44.0 35.0 0.2 12 2410
8410 17.588253 -4.927889 3.070666 96.0 78.0 68.0 0.2 12 2411
8411 0.850678 -0.300236 2.850333 48.0 40.0 38.0 0.2 12 2412
8412 2.999086 -1.478865 3.078799 90.0 73.0 65.0 0.2 12 2413
8413 5.914885 -2.750767 3.339434 74.0 47.0 36.0 0.2 12 2414
8414 16.845013 -4.886497 3.110878 95.0 73.0 63.0 0.2 12 2415
8415 0.759058 -0.374559 2.890821 71.0 56.0 49.0 0.2 12 2416
8416 6.270818 -2.711299 3.298323 76.0 48.0 39.0 0.2 12 2417
8417 3.209568 -0.835043 2.857378 97.0 83.0 75.0 0.2 12 2418
8418 0.838041 -0.298129 2.849699 44.0 37.0 36.0 0.2 12 2419
8419 5.970871 -2.849326 3.364655 85.0 53.0 36.0 0.2 12 2420
8420 2.845828 -0.932858 2.947235 72.0 58.0 54.0 0.2 12 2421
8421 0.736729 -0.419846 2.914345 83.0 67.0 59.0 0.2 12 2422
8422 7.012460 -2.861368 3.283426 91.0 47.0 36.0 0.2 12 2423
8423 0.930174 -0.267188 2.831003 44.0 38.0 38.0 0.2 12 2424
8424 7.287524 -3.060074 3.319656 92.0 47.0 29.0 0.2 12 2425
8425 0.928410 -0.337979 2.864574 62.0 49.0 44.0 0.2 12 2426
8426 6.367049 -3.035109 3.387239 93.0 69.0 42.0 0.2 12 2427
8427 3.010837 -1.026907 2.968822 57.0 41.0 39.0 0.2 12 2428
8428 0.755825 -0.464368 2.934416 90.0 74.0 65.0 0.2 12 2429
8429 7.736238 -3.134217 3.305278 114.0 66.0 42.0 0.2 12 2430
8430 0.994410 -0.313022 2.848878 57.0 46.0 42.0 0.2 12 2431
8431 13.324844 -4.569380 3.276145 93.0 70.0 57.0 0.2 12 2432
8432 26.472364 -7.113199 3.017044 98.0 83.0 74.0 0.2 12 2433
8433 1.932275 -0.382054 2.795954 98.0 85.0 78.0 0.2 12 2434
8434 26.373465 -7.406402 3.094660 97.0 81.0 69.0 0.2 12 2435
8435 11.827249 -0.726391 2.264534 105.0 108.0 97.0 0.2 12 2436
8436 4.345631 0.969942 2.085499 98.0 84.0 77.0 0.2 12 2437
8437 0.802152 -0.323340 2.863377 51.0 41.0 37.0 0.2 12 2438
8438 0.762631 -1.362912 3.307488 96.0 81.0 72.0 0.2 12 2439
8439 3.913076 -2.982207 3.576280 74.0 58.0 51.0 0.2 12 2440
8440 27.602385 -7.699862 3.084246 96.0 81.0 71.0 0.2 12 2441
8441 12.786500 -0.965314 2.280260 115.0 125.0 110.0 0.2 12 2442
8442 4.690742 0.920805 2.078604 99.0 86.0 77.0 0.2 12 2443
8443 0.881705 -0.322374 2.859794 57.0 46.0 42.0 0.2 12 2444
8444 3.913076 -2.982207 3.576280 74.0 58.0 51.0 0.2 12 2445
8445 27.602385 -7.699862 3.084246 96.0 81.0 71.0 0.2 12 2446
8446 12.786500 -0.965314 2.280260 115.0 125.0 110.0 0.2 12 2447
8447 4.690742 0.920805 2.078604 99.0 86.0 77.0 0.2 12 2448
8448 0.881705 -0.322374 2.859794 57.0 46.0 42.0 0.2 12 2449
8449 14.133808 -2.396168 2.630589 98.0 85.0 78.0 0.2 12 2450
8450 5.111508 -0.079230 2.450480 104.0 98.0 99.0 0.2 12 2451
8451 1.757419 -0.167553 2.724772 111.0 103.0 99.0 0.2 12 2452
8452 0.665572 -0.979216 3.164270 96.0 89.0 87.0 0.2 12 2453
8453 2.284558 -2.217022 3.476280 113.0 114.0 81.0 0.2 12 2454
8454 14.129048 -2.469199 2.652163 98.0 86.0 80.0 0.2 12 2455
8455 5.095125 -0.135520 2.471350 105.0 98.0 98.0 0.2 12 2456
8456 1.734109 -0.213182 2.745991 105.0 95.0 90.0 0.2 12 2457
8457 0.645590 -1.021720 3.184005 96.0 88.0 85.0 0.2 12 2458
8458 2.305501 -2.258125 3.492216 115.0 113.0 82.0 0.2 12 2459
8459 15.831494 -2.807241 2.628551 97.0 85.0 78.0 0.2 12 2460
8460 5.885204 -0.118114 2.383029 75.0 61.0 53.0 0.2 12 2461
8461 2.192091 -0.223391 2.701859 91.0 80.0 77.0 0.2 12 2462
8462 0.994422 -1.038671 3.150095 97.0 85.0 78.0 0.2 12 2463
8463 2.703405 -2.300923 3.462785 96.0 88.0 55.0 0.2 12 2464
8464 25.651520 -6.938013 3.028484 98.0 84.0 74.0 0.2 12 2465
8465 14.549923 -2.809054 2.719105 105.0 101.0 102.0 0.2 12 2466
8466 5.294703 -0.288182 2.474276 96.0 80.0 71.0 0.2 12 2467
8467 1.752198 -0.370858 2.809941 98.0 85.0 78.0 0.2 12 2468
8468 0.679306 -1.177290 3.243114 89.0 76.0 70.0 0.2 12 2469
8469 2.503898 -2.404404 3.535119 99.0 88.0 56.0 0.2 12 2470
8470 16.380232 -3.156866 2.687794 96.0 90.0 88.0 0.2 12 2471
8471 6.164246 -0.396222 2.474495 98.0 84.0 77.0 0.2 12 2472
8472 2.323565 -0.392879 2.751490 97.0 83.0 76.0 0.2 12 2473
8473 2.907954 -2.449771 3.504626 85.0 72.0 39.0 0.2 12 2474
8474 16.792376 -3.268406 2.689661 95.0 89.0 87.0 0.2 12 2475
8475 6.343591 -0.403395 2.454618 95.0 79.0 70.0 0.2 12 2476
8476 2.494815 -0.428102 2.740639 98.0 84.0 76.0 0.2 12 2477
8477 1.919157 -1.318305 3.123862 97.0 85.0 80.0 0.2 12 2478
8478 3.005770 -2.483657 3.506879 89.0 74.0 42.0 0.2 12 2479
8479 27.582045 -7.564368 3.053025 97.0 82.0 73.0 0.2 12 2480
8480 16.227911 -3.372664 2.757504 108.0 112.0 117.0 0.2 12 2481
8481 2.102589 -0.522135 2.836533 97.0 84.0 76.0 0.2 12 2482
8482 2.940533 -2.587392 3.561397 108.0 97.0 68.0 0.2 12 2483
8483 17.842625 -3.683353 2.729016 97.0 90.0 87.0 0.2 12 2484
8484 6.893662 -0.666835 2.518454 98.0 83.0 75.0 0.2 12 2485
8485 2.131063 -1.437876 3.152194 94.0 86.0 84.0 0.2 12 2486
8486 3.258075 -2.666484 3.551029 90.0 74.0 56.0 0.2 12 2487
8487 17.842625 -3.683353 2.729016 97.0 90.0 87.0 0.2 12 2488
8488 6.893662 -0.666835 2.518454 98.0 83.0 75.0 0.2 12 2489
8489 2.131063 -1.437876 3.152194 94.0 86.0 84.0 0.2 12 2490
8490 3.258075 -2.666484 3.551029 90.0 74.0 56.0 0.2 12 2491
8491 19.143671 -3.830381 2.677961 98.0 84.0 77.0 0.2 12 2492
8492 7.481502 -0.551615 2.422888 96.0 81.0 72.0 0.2 12 2493
8493 3.299430 -0.429648 2.643678 95.0 79.0 70.0 0.2 12 2494
8494 2.399604 -1.361780 3.091570 95.0 80.0 72.0 0.2 12 2495
8495 3.527501 -2.675759 3.518064 98.0 83.0 70.0 0.2 12 2496
8496 19.515659 -4.013107 2.701212 98.0 84.0 77.0 0.2 12 2497
8497 2.478798 -1.432044 3.112946 92.0 76.0 68.0 0.2 12 2498
8498 19.515659 -4.013107 2.701212 98.0 84.0 77.0 0.2 12 2499
8499 2.478798 -1.432044 3.112946 92.0 76.0 68.0 0.2 12 2500
8500 14.488972 -1.644636 2.376222 98.0 84.0 75.0 0.2 12 2501
8501 6.346651 -0.388868 2.447430 94.0 78.0 69.0 0.2 12 2502
8502 3.814009 -1.216177 2.967134 90.0 72.0 63.0 0.2 12 2503
8503 3.723204 -2.690023 3.506078 101.0 83.0 69.0 0.2 12 2504
8504 5.590377 -0.590688 2.534935 93.0 75.0 65.0 0.2 12 2505
8505 4.234967 -1.530318 2.980129 107.0 100.0 98.0 0.2 12 2506
8506 5.485306 -0.629760 2.555661 91.0 71.0 61.0 0.2 12 2507
8507 4.163245 -1.562246 2.999565 103.0 92.0 88.0 0.2 12 2508
8508 4.764466 -1.662135 2.980131 95.0 79.0 69.0 0.2 12 2509
8509 6.421888 -0.763317 2.538084 97.0 80.0 71.0 0.2 12 2510
8510 6.421888 -0.763317 2.538084 97.0 80.0 71.0 0.2 12 2511
8511 1.349772 -1.895560 3.448238 98.0 84.0 71.0 0.2 12 2512
8512 4.744298 -1.054506 2.760117 99.0 80.0 72.0 0.2 12 2513
8513 3.485049 0.330321 2.403973 74.0 77.0 72.0 0.2 12 2514
8514 0.120177 -1.327765 3.369823 99.0 85.0 78.0 0.2 12 2515
8515 6.096816 -2.591612 3.275491 87.0 63.0 54.0 0.2 12 2516
8516 0.408302 -1.341861 3.341741 96.0 81.0 74.0 0.2 12 2517
8517 4.068983 -2.367587 3.321851 92.0 79.0 64.0 0.2 12 2518
8518 7.857859 -2.989460 3.253959 99.0 66.0 50.0 0.2 12 2519
8519 13.200048 -2.833395 2.819952 114.0 109.0 110.0 0.2 12 2520
8520 0.825398 -0.176445 2.782652 75.0 72.0 76.0 0.2 12 2521
8521 2.654378 -1.290034 3.035612 84.0 71.0 65.0 0.2 12 2522
8522 5.377457 -2.399724 3.270397 97.0 80.0 71.0 0.2 12 2523
8523 15.460885 -4.322725 3.062274 92.0 75.0 65.0 0.2 12 2524
8524 0.763593 -0.281690 2.840485 54.0 49.0 49.0 0.2 12 2525
8525 2.654378 -1.290034 3.035612 84.0 71.0 65.0 0.2 12 2526
8526 5.377457 -2.399724 3.270397 97.0 80.0 71.0 0.2 12 2527
8527 15.460885 -4.322725 3.062274 92.0 75.0 65.0 0.2 12 2528
8528 0.763593 -0.281690 2.840485 54.0 49.0 49.0 0.2 12 2529
8529 5.820994 -2.298599 3.201952 98.0 82.0 73.0 0.2 12 2530
8530 0.865002 -0.155652 2.774086 67.0 62.0 63.0 0.2 12 2531
8531 5.637422 -2.302300 3.217430 97.0 82.0 73.0 0.2 12 2532
8532 0.835629 -0.189002 2.790825 63.0 60.0 62.0 0.2 12 2533
8533 5.471001 -2.389596 3.259683 97.0 80.0 71.0 0.2 12 2534
8534 2.842961 -0.707873 2.832684 97.0 83.0 75.0 0.2 12 2535
8535 0.783549 -0.260804 2.829359 53.0 50.0 51.0 0.2 12 2536
8536 2.207467 -0.798451 2.941530 88.0 83.0 79.0 0.2 12 2537
8537 0.600804 -0.418279 2.914169 70.0 60.0 59.0 0.2 12 2538
8538 2.749455 -1.434827 3.086141 91.0 74.0 65.0 0.2 12 2539
8539 5.287608 -2.574428 3.336377 92.0 69.0 58.0 0.2 12 2540
8540 15.645632 -4.581100 3.115872 90.0 69.0 59.0 0.2 12 2541
8541 0.695233 -0.379569 2.894902 72.0 58.0 52.0 0.2 12 2542
8542 12.972631 -4.562087 3.299771 94.0 69.0 55.0 0.2 12 2543
8543 5.038260 0.175375 2.351271 91.0 106.0 81.0 0.2 12 2544
8544 0.761714 0.133559 2.613555 94.0 79.0 70.0 0.2 12 2545
8545 6.598982 -2.517067 3.211320 96.0 77.0 68.0 0.2 12 2546
8546 3.676140 -0.592774 2.675681 95.0 79.0 69.0 0.2 12 2547
8547 0.936864 -0.142773 2.769801 77.0 69.0 66.0 0.2 12 2548
8548 5.613771 -2.516520 3.290956 91.0 70.0 61.0 0.2 12 2549
8549 2.821851 -0.757192 2.867730 94.0 83.0 77.0 0.2 12 2550
8550 0.776512 -0.298673 2.850586 41.0 36.0 36.0 0.2 12 2551
8551 3.253194 -1.430357 3.033444 82.0 66.0 60.0 0.2 12 2552
8552 6.802421 -2.853092 3.297904 81.0 39.0 30.0 0.2 12 2553
8553 18.229084 -5.081450 3.065765 96.0 78.0 68.0 0.2 12 2554
8554 0.895054 -0.294614 2.845751 50.0 41.0 39.0 0.2 12 2555
8555 6.524650 -2.697844 3.273577 87.0 56.0 47.0 0.2 12 2556
8556 0.885785 -0.251598 2.825122 48.0 45.0 45.0 0.2 12 2557
8557 6.524650 -2.697844 3.273577 87.0 56.0 47.0 0.2 12 2558
8558 0.885785 -0.251598 2.825122 48.0 45.0 45.0 0.2 12 2559
8559 5.752275 -2.696056 3.336075 80.0 53.0 43.0 0.2 12 2560
8560 2.770662 -0.847661 2.919282 83.0 74.0 69.0 0.2 12 2561
8561 0.744997 -0.370387 2.889187 70.0 55.0 49.0 0.2 12 2562
8562 6.026043 -2.793830 3.343388 72.0 44.0 33.0 0.2 12 2563
8563 2.894669 -0.887112 2.923982 80.0 67.0 63.0 0.2 12 2564
8564 0.766756 -0.380967 2.893669 73.0 58.0 51.0 0.2 12 2565
8565 7.312407 -2.971208 3.291773 99.0 48.0 34.0 0.2 12 2566
8566 0.956102 -0.283587 2.837517 41.0 35.0 35.0 0.2 12 2567
8567 7.939529 -3.236079 3.318451 127.0 83.0 51.0 0.2 12 2568
8568 4.403985 -0.992868 2.764743 98.0 82.0 73.0 0.2 12 2569
8569 1.008772 -0.341890 2.860994 70.0 56.0 50.0 0.2 12 2570
8570 7.377957 -3.365830 3.400709 162.0 129.0 81.0 0.2 12 2571
8571 3.441616 -1.159779 2.982346 79.0 60.0 53.0 0.2 12 2572
8572 0.868132 -0.505438 2.944280 94.0 78.0 69.0 0.2 12 2573
8573 8.016363 -3.398093 3.358558 118.0 93.0 56.0 0.2 12 2574
8574 4.499376 -1.127662 2.806001 97.0 82.0 73.0 0.2 12 2575
8575 0.985211 -0.426253 2.900365 88.0 71.0 63.0 0.2 12 2576
8576 6.003785 -1.667838 2.890943 110.0 75.0 69.0 0.2 12 2577
8577 15.550087 -4.602057 3.127846 89.0 67.0 57.0 0.2 12 2578
8578 2.532071 -0.111835 2.617576 103.0 95.0 92.0 0.2 12 2579
8579 17.412088 -5.173562 3.144208 99.0 67.0 58.0 0.2 12 2580
8580 3.113721 -0.145946 2.551965 79.0 65.0 59.0 0.2 12 2581
8581 15.941146 -2.769224 2.610013 98.0 84.0 77.0 0.2 12 2582
8582 5.937695 -0.066254 2.361591 65.0 56.0 48.0 0.2 12 2583
8583 2.236365 -0.184036 2.681816 85.0 75.0 73.0 0.2 12 2584
8584 1.013256 -0.999260 3.132678 97.0 85.0 79.0 0.2 12 2585
8585 2.673308 -2.289445 3.458248 100.0 88.0 48.0 0.2 12 2586
8586 14.780816 -2.621994 2.650181 98.0 86.0 81.0 0.2 12 2587
8587 5.404956 -0.177432 2.465415 93.0 82.0 80.0 0.2 12 2588
8588 1.885929 -0.227837 2.737116 102.0 93.0 88.0 0.2 12 2589
8589 0.755723 -1.037523 3.177969 96.0 85.0 81.0 0.2 12 2590
8590 2.448880 -2.292043 3.488897 113.0 110.0 76.0 0.2 12 2591
8591 25.606695 -7.056487 3.060309 99.0 84.0 74.0 0.2 12 2592
8592 14.475815 -2.908415 2.752007 120.0 119.0 124.0 0.2 12 2593
8593 1.700798 -0.440832 2.843800 98.0 84.0 76.0 0.2 12 2594
8594 0.645193 -1.243845 3.274033 89.0 74.0 68.0 0.2 12 2595
8595 2.535503 -2.463710 3.558625 120.0 110.0 73.0 0.2 12 2596
8596 16.717491 -3.041903 2.632129 97.0 85.0 78.0 0.2 12 2597
8597 6.291960 -0.187500 2.379650 79.0 67.0 59.0 0.2 12 2598
8598 2.539179 -0.289036 2.677929 98.0 85.0 77.0 0.2 12 2599
8599 2.929911 -2.361622 3.461875 93.0 79.0 46.0 0.2 12 2600
8600 26.560789 -7.221574 3.037553 98.0 83.0 74.0 0.2 12 2601
8601 15.321508 -3.055153 2.733623 107.0 108.0 112.0 0.2 12 2602
8602 1.913403 -0.431296 2.818579 98.0 84.0 77.0 0.2 12 2603
8603 0.854777 -1.249507 3.250433 95.0 80.0 72.0 0.2 12 2604
8604 2.710134 -2.476041 3.541896 118.0 107.0 68.0 0.2 12 2605
8605 26.560789 -7.221574 3.037553 98.0 83.0 74.0 0.2 12 2606
8606 15.321508 -3.055153 2.733623 107.0 108.0 112.0 0.2 12 2607
8607 1.913403 -0.431296 2.818579 98.0 84.0 77.0 0.2 12 2608
8608 0.854777 -1.249507 3.250433 95.0 80.0 72.0 0.2 12 2609
8609 2.710134 -2.476041 3.541896 118.0 107.0 68.0 0.2 12 2610
8610 26.065865 -7.128430 3.047549 98.0 83.0 74.0 0.2 12 2611
8611 14.880339 -2.971329 2.741219 114.0 114.0 118.0 0.2 12 2612
8612 1.800224 -0.430796 2.829969 98.0 84.0 77.0 0.2 12 2613
8613 0.739507 -1.240724 3.261236 92.0 77.0 70.0 0.2 12 2614
8614 2.616513 -2.464874 3.548862 124.0 114.0 72.0 0.2 12 2615
8615 28.013586 -7.765096 3.072886 97.0 82.0 72.0 0.2 12 2616
8616 16.622375 -3.564895 2.781977 112.0 113.0 117.0 0.2 12 2617
8617 2.135771 -0.588291 2.862679 96.0 84.0 77.0 0.2 12 2618
8618 3.037984 -2.676810 3.586406 100.0 87.0 68.0 0.2 12 2619
8619 17.332363 -3.550896 2.728821 96.0 93.0 92.0 0.2 12 2620
8620 2.025780 -1.422697 3.157134 95.0 88.0 87.0 0.2 12 2621
8621 3.149245 -2.618801 3.545731 93.0 77.0 55.0 0.2 12 2622
8622 19.306524 -4.041758 2.723428 98.0 85.0 78.0 0.2 12 2623
8623 2.433556 -1.477150 3.136623 90.0 74.0 66.0 0.2 12 2624
8624 18.446878 -4.028524 2.779472 99.0 89.0 86.0 0.2 12 2625
8625 2.632049 -0.679135 2.847975 96.0 84.0 77.0 0.2 12 2626
8626 2.239072 -1.583869 3.202537 94.0 82.0 76.0 0.2 12 2627
8627 20.399359 -4.245087 2.701791 98.0 84.0 76.0 0.2 12 2628
8628 3.630211 -0.548361 2.662918 93.0 77.0 67.0 0.2 12 2629
8629 2.671749 -1.471902 3.109590 91.0 75.0 66.0 0.2 12 2630
8630 13.263246 -1.556688 2.433645 97.0 83.0 74.0 0.2 12 2631
8631 3.209690 -2.711215 3.559508 107.0 84.0 64.0 0.2 12 2632
8632 5.755405 -0.584365 2.521452 94.0 76.0 66.0 0.2 12 2633
8633 4.357088 -1.530406 2.968366 85.0 79.0 80.0 0.2 12 2634
8634 4.946320 -0.622918 2.592241 93.0 74.0 64.0 0.2 12 2635
8635 3.867603 0.709590 2.242713 94.0 84.0 70.0 0.2 12 2636
8636 4.158062 -1.634210 3.028177 100.0 87.0 81.0 0.2 12 2637
8637 5.461648 -0.709090 2.584652 83.0 60.0 50.0 0.2 12 2638
8638 4.298144 0.758083 2.163977 106.0 96.0 90.0 0.2 12 2639
8639 1.372499 -1.845799 3.421565 96.0 81.0 70.0 0.2 12 2640
8640 4.879479 -0.954585 2.714090 97.0 76.0 68.0 0.2 12 2641
8641 3.649122 0.417991 2.364892 146.0 149.0 141.0 0.2 12 2642
8642 0.091389 -1.215654 3.326810 103.0 92.0 87.0 0.2 12 2643
8643 5.961666 -2.372931 3.215818 97.0 81.0 71.0 0.2 12 2644
8644 4.681711 -2.508288 3.363394 97.0 80.0 70.0 0.2 12 2645
8645 5.023513 -0.877128 2.675677 93.0 71.0 62.0 0.2 12 2646
8646 2.009141 0.351045 2.495838 96.0 82.0 74.0 0.2 12 2647
8647 0.243684 -1.344434 3.362122 98.0 84.0 77.0 0.2 12 2648
8648 6.855078 -2.782759 3.272645 90.0 53.0 43.0 0.2 12 2649
8649 12.008961 -2.599031 2.837169 101.0 89.0 85.0 0.2 12 2650
8650 8.257610 0.032346 2.158055 112.0 117.0 107.0 0.2 12 2651
8651 2.129941 -1.091130 3.004279 101.0 90.0 84.0 0.2 12 2652
8652 13.029414 -3.483624 3.011118 93.0 77.0 68.0 0.2 12 2653
8653 0.744459 -0.203182 2.789419 138.0 136.0 134.0 0.2 12 2654
8654 2.070529 -1.159147 3.039236 99.0 88.0 82.0 0.2 12 2655
8655 12.554650 -3.491582 3.047127 84.0 68.0 60.0 0.2 12 2656
8656 17.532991 -3.180321 2.613195 98.0 84.0 76.0 0.2 12 2657
8657 0.689716 -0.269906 2.824745 156.0 146.0 128.0 0.2 12 2658
8658 0.732951 -1.455012 3.348082 97.0 82.0 74.0 0.2 12 2659
8659 4.552386 -2.572398 3.352564 91.0 81.0 60.0 0.2 12 2660
8660 9.402192 -3.467716 3.270529 119.0 82.0 57.0 0.2 12 2661
8661 15.040690 -3.361243 2.836891 143.0 142.0 148.0 0.2 12 2662
8662 11.798453 -0.845413 2.302518 92.0 94.0 84.0 0.2 12 2663
8663 2.271132 -0.659518 2.882046 94.0 85.0 79.0 0.2 12 2664
8664 0.694143 -0.314379 2.855112 51.0 51.0 56.0 0.2 12 2665
8665 2.623960 -1.120803 2.968233 178.0 176.0 161.0 0.2 12 2666
8666 15.689431 -4.096400 2.987579 97.0 83.0 75.0 0.2 12 2667
8667 0.860043 -0.141726 2.765722 71.0 66.0 68.0 0.2 12 2668
8668 3.054482 -1.276393 2.990265 68.0 63.0 62.0 0.2 12 2669
8669 6.538685 -2.599542 3.242126 94.0 70.0 60.0 0.2 12 2670
8670 17.584431 -4.719163 3.018062 97.0 82.0 73.0 0.2 12 2671
8671 0.910904 -0.196336 2.796991 66.0 61.0 60.0 0.2 12 2672
8672 2.812703 -1.493875 3.104132 91.0 75.0 65.0 0.2 12 2673
8673 5.357758 -2.663685 3.358601 93.0 64.0 51.0 0.2 12 2674
8674 15.849282 -4.710013 3.134608 92.0 67.0 58.0 0.2 12 2675
8675 0.676887 -0.414792 2.914179 81.0 65.0 58.0 0.2 12 2676
8676 3.161779 -1.472708 3.059850 88.0 72.0 64.0 0.2 12 2677
8677 6.420284 -2.837825 3.324387 65.0 37.0 26.0 0.2 12 2678
8678 17.680065 -5.040750 3.092783 95.0 75.0 65.0 0.2 12 2679
8679 0.828766 -0.344403 2.872957 63.0 50.0 44.0 0.2 12 2680
8680 6.842114 -2.716515 3.253606 93.0 63.0 52.0 0.2 12 2681
8681 0.934517 -0.212844 2.804640 62.0 56.0 55.0 0.2 12 2682
8682 7.242346 -2.784612 3.242168 96.0 66.0 55.0 0.2 12 2683
8683 3.996087 -0.712581 2.695009 96.0 79.0 70.0 0.2 12 2684
8684 0.985032 -0.188986 2.791431 64.0 56.0 54.0 0.2 12 2685
8685 6.577826 -2.915930 3.334758 63.0 36.0 21.0 0.2 12 2686
8686 3.215508 -0.926426 2.905383 88.0 73.0 66.0 0.2 12 2687
8687 0.834911 -0.363947 2.882144 70.0 55.0 49.0 0.2 12 2688
8688 7.051839 -3.051818 3.336219 68.0 40.0 23.0 0.2 12 2689
8689 3.539657 -0.995647 2.893466 96.0 81.0 72.0 0.2 12 2690
8690 0.886144 -0.368925 2.881569 72.0 57.0 50.0 0.2 12 2691
8691 7.478186 -3.196297 3.343775 87.0 60.0 37.0 0.2 12 2692
8692 0.930321 -0.388341 2.887457 78.0 63.0 55.0 0.2 12 2693
8693 2.730411 -2.287963 3.445387 100.0 87.0 71.0 0.2 12 2694
8694 7.275856 -4.024718 3.603259 102.0 88.0 80.0 0.2 12 2695
8695 18.738819 -6.424340 3.366424 111.0 96.0 80.0 0.2 12 2696
8696 0.932291 -0.001927 2.695584 66.0 66.0 66.0 0.2 12 2697
8697 0.661576 -0.956482 3.155211 95.0 90.0 89.0 0.2 12 2698
8698 5.852875 -1.579024 2.870446 136.0 103.0 93.0 0.2 12 2699
8699 15.219767 -4.452395 3.112356 86.0 66.0 57.0 0.2 12 2700
8700 2.408340 -0.050669 2.612669 83.0 80.0 82.0 0.2 12 2701
8701 2.599373 -2.273521 3.461076 96.0 83.0 66.0 0.2 12 2702
8702 8.439804 -4.317196 3.589602 108.0 95.0 86.0 0.2 12 2703
8703 20.576889 -6.856730 3.347096 141.0 132.0 110.0 0.2 12 2704
8704 1.016482 0.038165 2.680361 90.0 78.0 72.0 0.2 12 2705
8705 0.885894 -0.972216 3.137031 96.0 87.0 82.0 0.2 12 2706
8706 6.090741 -1.762322 2.919144 95.0 47.0 44.0 0.2 12 2707
8707 15.719560 -4.730174 3.148699 92.0 65.0 56.0 0.2 12 2708
8708 3.807594 -2.790339 3.518163 102.0 90.0 77.0 0.2 12 2709
8709 23.526583 -7.861268 3.397257 99.0 86.0 78.0 0.2 12 2710
8710 1.164198 -0.115436 2.748643 90.0 75.0 68.0 0.2 12 2711
8711 2.166773 -1.333404 3.103787 96.0 85.0 80.0 0.2 12 2712
8712 27.321400 -7.874171 3.144654 87.0 70.0 58.0 0.2 12 2713
8713 12.615897 -1.114396 2.337850 79.0 86.0 76.0 0.2 12 2714
8714 4.589437 0.781864 2.133984 110.0 105.0 93.0 0.2 12 2715
8715 1.684934 0.439388 2.481745 97.0 82.0 74.0 0.2 12 2716
8716 0.779469 -0.443949 2.923342 88.0 71.0 62.0 0.2 12 2717
8717 18.719582 -5.601904 3.161772 103.0 70.0 53.0 0.2 12 2718
8718 3.418113 -0.243290 2.566816 88.0 71.0 62.0 0.2 12 2719
8719 0.820382 -0.497963 2.944688 93.0 77.0 68.0 0.2 12 2720
8720 14.453666 -2.628929 2.675104 99.0 89.0 85.0 0.2 12 2721
8721 5.235573 -0.220358 2.490356 97.0 88.0 86.0 0.2 12 2722
8722 1.781923 -0.271787 2.765773 101.0 89.0 84.0 0.2 12 2723
8723 0.682943 -1.079048 3.203089 94.0 83.0 78.0 0.2 12 2724
8724 2.400155 -2.322964 3.509085 103.0 98.0 71.0 0.2 12 2725
8725 19.917591 -4.074419 2.689675 98.0 84.0 76.0 0.2 12 2726
8726 3.502151 -0.493114 2.652185 93.0 77.0 68.0 0.2 12 2727
8727 2.565543 -1.421279 3.099460 92.0 76.0 67.0 0.2 12 2728
8728 19.917591 -4.074419 2.689675 98.0 84.0 76.0 0.2 12 2729
8729 3.502151 -0.493114 2.652185 93.0 77.0 68.0 0.2 12 2730
8730 2.565543 -1.421279 3.099460 92.0 76.0 67.0 0.2 12 2731
8731 19.850494 -4.204186 2.728989 98.0 84.0 77.0 0.2 12 2732
8732 2.550379 -1.513363 3.139559 87.0 70.0 62.0 0.2 12 2733
8733 13.856679 -1.526291 2.383523 97.0 84.0 75.0 0.2 12 2734
8734 5.975368 -0.337210 2.446596 94.0 79.0 70.0 0.2 12 2735
8735 3.461873 -1.176883 2.987483 81.0 63.0 55.0 0.2 12 2736
8736 3.463079 -2.640411 3.513003 110.0 84.0 62.0 0.2 12 2737
8737 5.971096 -0.600248 2.512462 96.0 78.0 69.0 0.2 12 2738
8738 4.515952 -1.554171 2.962350 68.0 55.0 50.0 0.2 12 2739
8739 5.899208 -3.628647 3.605022 98.0 83.0 74.0 0.2 12 2740
8740 5.696821 -3.635215 3.625484 98.0 83.0 74.0 0.2 12 2741
8741 1.428229 -1.890760 3.436146 96.0 82.0 68.0 0.2 12 2742
8742 4.911373 -1.049581 2.745222 100.0 78.0 71.0 0.2 12 2743
8743 3.646254 0.341239 2.390875 135.0 140.0 132.0 0.2 12 2744
8744 1.428229 -1.890760 3.436146 96.0 82.0 68.0 0.2 12 2745
8745 4.911373 -1.049581 2.745222 100.0 78.0 71.0 0.2 12 2746
8746 3.646254 0.341239 2.390875 135.0 140.0 132.0 0.2 12 2747
8747 2.544554 -2.637906 3.635035 100.0 87.0 73.0 0.2 12 2748
8748 5.101944 -0.544676 2.553653 95.0 77.0 67.0 0.2 12 2749
8749 4.789637 -2.745918 3.431784 82.0 57.0 46.0 0.2 12 2750
8750 5.281796 -1.107199 2.736552 105.0 70.0 66.0 0.2 12 2751
8751 2.107938 0.198983 2.546994 91.0 78.0 72.0 0.2 12 2752
8752 2.374612 -1.236729 3.041415 100.0 88.0 82.0 0.2 12 2753
8753 14.067347 -3.949057 3.061829 82.0 65.0 57.0 0.2 12 2754
8754 0.716382 -0.286841 2.839758 56.0 57.0 63.0 0.2 12 2755
8755 2.374612 -1.236729 3.041415 100.0 88.0 82.0 0.2 12 2756
8756 14.067347 -3.949057 3.061829 82.0 65.0 57.0 0.2 12 2757
8757 0.716382 -0.286841 2.839758 56.0 57.0 63.0 0.2 12 2758
8758 2.227038 -1.231658 3.054209 100.0 89.0 83.0 0.2 12 2759
8759 13.268428 -3.768852 3.070554 71.0 56.0 49.0 0.2 12 2760
8760 18.314148 -3.460330 2.635402 98.0 84.0 76.0 0.2 12 2761
8761 0.681140 -0.306349 2.848108 104.0 100.0 94.0 0.2 12 2762
8762 2.667195 -1.050853 2.935732 105.0 96.0 89.0 0.2 12 2763
8763 16.114647 -4.059244 2.948385 99.0 86.0 80.0 0.2 12 2764
8764 0.912829 -0.063774 2.727004 69.0 66.0 65.0 0.2 12 2765
8765 5.571152 -2.475671 3.281090 93.0 74.0 65.0 0.2 12 2766
8766 2.837765 -0.741530 2.855690 96.0 83.0 76.0 0.2 12 2767
8767 0.780598 -0.285133 2.843118 40.0 37.0 37.0 0.2 12 2768
8768 5.571152 -2.475671 3.281090 93.0 74.0 65.0 0.2 12 2769
8769 2.837765 -0.741530 2.855690 96.0 83.0 76.0 0.2 12 2770
8770 0.780598 -0.285133 2.843118 40.0 37.0 37.0 0.2 12 2771
8771 4.927031 -2.566873 3.363647 95.0 73.0 61.0 0.2 12 2772
8772 2.419944 -0.868929 2.953944 80.0 79.0 78.0 0.2 12 2773
8773 0.622312 -0.433704 2.925153 82.0 67.0 61.0 0.2 12 2774
8774 5.199305 -2.833101 3.424125 66.0 37.0 27.0 0.2 12 2775
8775 2.680383 -1.068066 2.998092 88.0 79.0 74.0 0.2 12 2776
8776 0.576621 -0.531873 2.978056 94.0 79.0 72.0 0.2 12 2777
8777 7.524396 -3.212773 3.344810 89.0 63.0 39.0 0.2 12 2778
8778 0.935004 -0.391003 2.888350 79.0 63.0 56.0 0.2 12 2779
8779 2.513187 -2.214795 3.441264 99.0 85.0 72.0 0.2 12 2780
8780 6.651787 -3.833317 3.600387 100.0 86.0 77.0 0.2 12 2781
8781 17.745476 -6.148141 3.366271 100.0 81.0 67.0 0.2 12 2782
8782 0.900808 -0.001862 2.692278 60.0 62.0 66.0 0.2 12 2783
8783 0.566755 -0.928464 3.153492 96.0 94.0 95.0 0.2 12 2784
8784 17.166058 -6.269793 3.440921 98.0 83.0 73.0 0.2 12 2785
8785 23.696833 -6.368369 3.018669 98.0 84.0 74.0 0.2 12 2786
8786 8.636168 0.317816 2.037257 99.0 88.0 81.0 0.2 12 2787
8787 0.815205 -0.162651 2.773446 87.0 85.0 92.0 0.2 12 2788
8788 0.428899 -1.077671 3.231798 104.0 102.0 103.0 0.2 12 2789
8789 12.864078 -4.089666 3.183830 79.0 60.0 51.0 0.2 12 2790
8790 6.137927 -0.933667 2.614239 94.0 69.0 59.0 0.2 12 2791
8791 1.874524 -0.142487 2.703303 110.0 104.0 102.0 0.2 12 2792
8792 0.497792 -0.502353 2.961464 91.0 76.0 70.0 0.2 12 2793
8793 5.843317 -1.787726 2.952073 97.0 70.0 62.0 0.2 12 2794
8794 15.125613 -4.661146 3.172320 88.0 62.0 52.0 0.2 12 2795
8795 2.448573 -0.213665 2.664925 98.0 87.0 83.0 0.2 12 2796
8796 14.516170 -4.991927 3.300064 88.0 63.0 51.0 0.2 12 2797
8797 7.239941 -1.668405 2.805894 100.0 85.0 81.0 0.2 12 2798
8798 2.202246 -0.498132 2.813856 97.0 84.0 76.0 0.2 12 2799
8799 0.384606 -0.720269 3.080980 95.0 86.0 82.0 0.2 12 2800
8800 17.428345 -3.274415 2.646619 97.0 85.0 78.0 0.2 12 2801
8801 6.626796 -0.289036 2.391786 88.0 74.0 65.0 0.2 12 2802
8802 2.872827 -0.292169 2.622802 94.0 79.0 70.0 0.2 12 2803
8803 2.051894 -1.231650 3.072180 98.0 87.0 83.0 0.2 12 2804
8804 3.116075 -2.444399 3.474640 87.0 72.0 42.0 0.2 12 2805
8805 27.124165 -7.474898 3.061645 97.0 82.0 72.0 0.2 12 2806
8806 15.800051 -3.284265 2.763218 118.0 122.0 129.0 0.2 12 2807
8807 1.982065 -0.514081 2.846262 97.0 84.0 76.0 0.2 12 2808
8808 0.979765 -1.345385 3.272954 97.0 82.0 74.0 0.2 12 2809
8809 2.850524 -2.569386 3.565313 118.0 108.0 73.0 0.2 12 2810
8810 27.124165 -7.474898 3.061645 97.0 82.0 72.0 0.2 12 2811
8811 15.800051 -3.284265 2.763218 118.0 122.0 129.0 0.2 12 2812
8812 1.982065 -0.514081 2.846262 97.0 84.0 76.0 0.2 12 2813
8813 0.979765 -1.345385 3.272954 97.0 82.0 74.0 0.2 12 2814
8814 2.850524 -2.569386 3.565313 118.0 108.0 73.0 0.2 12 2815
8815 28.747980 -7.977632 3.075625 97.0 82.0 73.0 0.2 12 2816
8816 17.345768 -3.784937 2.790753 105.0 101.0 101.0 0.2 12 2817
8817 2.279619 -0.637525 2.870304 95.0 84.0 78.0 0.2 12 2818
8818 3.174429 -2.769022 3.605141 97.0 82.0 69.0 0.2 12 2819
8819 6.704117 -0.586302 2.503998 98.0 83.0 75.0 0.2 12 2820
8820 3.913884 -1.327000 3.006415 95.0 78.0 69.0 0.2 12 2821
8821 3.925174 -2.851550 3.540678 98.0 82.0 72.0 0.2 12 2822
8822 4.781535 -0.755097 2.651026 93.0 73.0 63.0 0.2 12 2823
8823 3.638409 0.584527 2.305316 76.0 69.0 61.0 0.2 12 2824
8824 1.647839 -2.045710 3.479912 134.0 128.0 92.0 0.2 12 2825
8825 5.267633 -1.364829 2.830365 99.0 83.0 75.0 0.2 12 2826
8826 3.925340 0.129653 2.434265 67.0 69.0 61.0 0.2 12 2827
8827 4.917140 -0.663352 2.608526 92.0 73.0 63.0 0.2 12 2828
8828 2.293545 -1.083555 2.984912 112.0 106.0 100.0 0.2 12 2829
8829 13.956522 -3.674743 2.996904 95.0 80.0 72.0 0.2 12 2830
8830 0.789412 -0.170863 2.775324 104.0 105.0 116.0 0.2 12 2831
8831 2.466129 -1.077788 2.965706 132.0 129.0 122.0 0.2 12 2832
8832 14.929026 -3.869349 2.980592 97.0 83.0 75.0 0.2 12 2833
8833 0.839035 -0.133490 2.758953 76.0 75.0 81.0 0.2 12 2834
8834 2.466129 -1.077788 2.965706 132.0 129.0 122.0 0.2 12 2835
8835 14.929026 -3.869349 2.980592 97.0 83.0 75.0 0.2 12 2836
8836 0.839035 -0.133490 2.758953 76.0 75.0 81.0 0.2 12 2837
8837 2.370154 -1.298459 3.067912 97.0 83.0 76.0 0.2 12 2838
8838 13.912928 -4.012632 3.089415 67.0 52.0 46.0 0.2 12 2839
8839 19.007456 -3.704658 2.653429 98.0 84.0 76.0 0.2 12 2840
8840 0.674244 -0.336167 2.867189 51.0 50.0 54.0 0.2 12 2841
8841 2.932804 -1.185606 2.965056 150.0 146.0 134.0 0.2 12 2842
8842 6.405954 -2.449695 3.205237 97.0 79.0 70.0 0.2 12 2843
8843 17.174397 -4.494199 2.988517 98.0 83.0 75.0 0.2 12 2844
8844 0.920321 -0.137739 2.767173 75.0 67.0 65.0 0.2 12 2845
8845 5.969947 -2.475687 3.248882 94.0 75.0 66.0 0.2 12 2846
8846 0.848606 -0.220890 2.809492 36.0 36.0 40.0 0.2 12 2847
8847 5.156596 -2.526652 3.331758 94.0 73.0 63.0 0.2 12 2848
8848 2.486836 -0.797936 2.923795 85.0 83.0 79.0 0.2 12 2849
8849 0.685451 -0.376488 2.893126 70.0 57.0 52.0 0.2 12 2850
8850 3.212403 -1.248899 2.963863 108.0 100.0 92.0 0.2 12 2851
8851 7.157347 -2.670318 3.214424 96.0 75.0 64.0 0.2 12 2852
8852 18.465269 -4.835922 2.987759 98.0 83.0 74.0 0.2 12 2853
8853 0.993422 -0.138319 2.766942 80.0 69.0 65.0 0.2 12 2854
8854 6.596763 -2.845585 3.312351 69.0 36.0 26.0 0.2 12 2855
8855 3.340131 -0.892698 2.870604 96.0 82.0 74.0 0.2 12 2856
8856 0.859742 -0.321673 2.860489 56.0 45.0 41.0 0.2 12 2857
8857 7.285697 -3.240324 3.372010 94.0 76.0 50.0 0.2 12 2858
8858 3.493824 -1.087228 2.944815 82.0 64.0 57.0 0.2 12 2859
8859 0.882238 -0.444034 2.915928 88.0 72.0 63.0 0.2 12 2860
8860 2.959610 -2.393986 3.461348 105.0 95.0 71.0 0.2 12 2861
8861 8.091318 -4.295211 3.613365 102.0 89.0 80.0 0.2 12 2862
8862 19.958580 -6.787485 3.373051 117.0 107.0 91.0 0.2 12 2863
8863 0.971189 -0.018841 2.707231 84.0 74.0 69.0 0.2 12 2864
8864 0.801138 -1.014801 3.163615 96.0 86.0 81.0 0.2 12 2865
8865 7.082341 -4.124873 3.651225 98.0 84.0 76.0 0.2 12 2866
8866 18.209263 -6.471886 3.417319 100.0 85.0 74.0 0.2 12 2867
8867 24.621857 -6.515349 2.993344 98.0 83.0 75.0 0.2 12 2868
8868 0.870165 -0.113059 2.750599 69.0 66.0 69.0 0.2 12 2869
8869 0.563978 -1.058227 3.208316 95.0 88.0 86.0 0.2 12 2870
8870 3.658083 -2.644257 3.476062 71.0 56.0 49.0 0.2 12 2871
8871 18.914156 -6.783147 3.448025 99.0 85.0 76.0 0.2 12 2872
8872 25.439947 -6.871965 3.026345 98.0 84.0 75.0 0.2 12 2873
8873 0.857323 -0.181157 2.788107 58.0 54.0 55.0 0.2 12 2874
8874 0.643916 -1.161950 3.241193 87.0 75.0 70.0 0.2 12 2875
8875 3.567515 -2.755044 3.531884 55.0 43.0 39.0 0.2 12 2876
8876 24.848099 -6.973517 3.090073 102.0 88.0 76.0 0.2 12 2877
8877 4.016120 0.959665 2.145951 99.0 85.0 77.0 0.2 12 2878
8878 0.749648 -0.303063 2.852470 53.0 46.0 46.0 0.2 12 2879
8879 0.510268 -1.273937 3.302366 89.0 75.0 69.0 0.2 12 2880
8880 16.000526 -4.602976 3.096995 92.0 73.0 63.0 0.2 12 2881
8881 2.637226 -0.047987 2.581339 101.0 90.0 86.0 0.2 12 2882
8882 0.737749 -0.345265 2.875841 61.0 49.0 45.0 0.2 12 2883
8883 13.866461 -4.319302 3.172636 78.0 58.0 49.0 0.2 12 2884
8884 6.569013 -0.999916 2.608665 96.0 55.0 56.0 0.2 12 2885
8885 2.092030 -0.150473 2.684861 89.0 82.0 82.0 0.2 12 2886
8886 0.541790 -0.480521 2.951232 87.0 73.0 67.0 0.2 12 2887
8887 14.336747 -4.588373 3.208968 87.0 63.0 53.0 0.2 12 2888
8888 6.978007 -1.274259 2.687200 96.0 72.0 63.0 0.2 12 2889
8889 2.220194 -0.266004 2.715106 94.0 81.0 77.0 0.2 12 2890
8890 0.499222 -0.545324 2.988542 94.0 80.0 72.0 0.2 12 2891
8891 2.815455 -2.412708 3.490182 90.0 77.0 60.0 0.2 12 2892
8892 9.422571 -4.661041 3.607424 102.0 88.0 79.0 0.2 12 2893
8893 21.908983 -7.279518 3.361801 114.0 106.0 95.0 0.2 12 2894
8894 1.076132 -0.003517 2.700802 94.0 80.0 72.0 0.2 12 2895
8895 17.122156 -4.996877 3.119713 96.0 71.0 62.0 0.2 12 2896
8896 3.033096 -0.069754 2.529202 58.0 50.0 50.0 0.2 12 2897
8897 0.762535 -0.393435 2.900036 77.0 61.0 54.0 0.2 12 2898
8898 24.908724 -6.777211 3.038299 99.0 84.0 75.0 0.2 12 2899
8899 13.920497 -2.673237 2.724886 106.0 100.0 100.0 0.2 12 2900
8900 1.610499 -0.364261 2.821031 98.0 84.0 77.0 0.2 12 2901
8901 0.552662 -1.163480 3.252726 80.0 70.0 68.0 0.2 12 2902
8902 2.336150 -2.393269 3.549169 69.0 61.0 41.0 0.2 12 2903
8903 16.529781 -3.166870 2.680059 96.0 89.0 86.0 0.2 12 2904
8904 6.210258 -0.340508 2.439724 93.0 76.0 67.0 0.2 12 2905
8905 2.395479 -0.386577 2.738666 97.0 84.0 76.0 0.2 12 2906
8906 2.935427 -2.444520 3.498665 85.0 71.0 38.0 0.2 12 2907
8907 15.549240 -2.986303 2.698637 98.0 94.0 94.0 0.2 12 2908
8908 5.748407 -0.375848 2.510046 95.0 81.0 75.0 0.2 12 2909
8909 2.027070 -0.366561 2.778909 98.0 85.0 78.0 0.2 12 2910
8910 0.930777 -1.186508 3.215767 96.0 82.0 74.0 0.2 12 2911
8911 2.724041 -2.418105 3.514074 92.0 81.0 47.0 0.2 12 2912
8912 18.658503 -3.752187 2.690695 97.0 85.0 79.0 0.2 12 2913
8913 3.171934 -0.448649 2.659976 96.0 80.0 71.0 0.2 12 2914
8914 2.299241 -1.373689 3.107039 95.0 81.0 74.0 0.2 12 2915
8915 3.424611 -2.654849 3.523630 94.0 79.0 62.0 0.2 12 2916
8916 5.278781 -3.405765 3.592069 98.0 82.0 72.0 0.2 12 2917
8917 4.420624 -1.757892 3.049731 97.0 83.0 77.0 0.2 12 2918
8918 5.792879 -0.832913 2.603607 81.0 53.0 44.0 0.2 12 2919
8919 4.542546 0.677698 2.174374 172.0 178.0 166.0 0.2 12 2920
8920 4.328068 -1.848111 3.093980 98.0 83.0 76.0 0.2 12 2921
8921 5.655119 -0.937235 2.649253 88.0 51.0 44.0 0.2 12 2922
8922 4.449887 0.517634 2.254271 109.0 114.0 104.0 0.2 12 2923
8923 4.507272 -2.554811 3.394004 96.0 78.0 67.0 0.2 12 2924
8924 4.981407 -0.951790 2.705209 96.0 75.0 66.0 0.2 12 2925
8925 1.965579 0.285807 2.523904 95.0 80.0 74.0 0.2 12 2926
8926 3.010100 -2.845198 3.660439 98.0 83.0 73.0 0.2 12 2927
8927 6.412375 -2.654329 3.269345 88.0 60.0 51.0 0.2 12 2928
8928 5.972411 -0.756765 2.565289 92.0 70.0 60.0 0.2 12 2929
8929 2.617635 0.559018 2.383205 96.0 81.0 72.0 0.2 12 2930
8930 16.955364 -4.239102 2.937509 99.0 86.0 80.0 0.2 12 2931
8931 0.958411 -0.037334 2.716123 82.0 73.0 69.0 0.2 12 2932
8932 2.820350 -1.281423 3.015447 60.0 52.0 51.0 0.2 12 2933
8933 5.809422 -2.471954 3.260614 94.0 75.0 65.0 0.2 12 2934
8934 16.358267 -4.489728 3.043400 96.0 79.0 70.0 0.2 12 2935
8935 0.823159 -0.244792 2.821847 30.0 31.0 34.0 0.2 12 2936
8936 3.656505 -1.463400 3.009658 99.0 86.0 79.0 0.2 12 2937
8937 7.914224 -3.129227 3.289847 111.0 68.0 44.0 0.2 12 2938
8938 19.899168 -5.478129 3.052069 96.0 78.0 67.0 0.2 12 2939
8939 1.028022 -0.283164 2.833142 54.0 44.0 41.0 0.2 12 2940
8940 3.510214 -2.669218 3.503770 103.0 91.0 76.0 0.2 12 2941
8941 9.395591 -4.800547 3.651724 99.0 84.0 76.0 0.2 12 2942
8942 21.667133 -7.390381 3.407541 102.0 89.0 81.0 0.2 12 2943
8943 1.025187 -0.109411 2.752174 85.0 72.0 67.0 0.2 12 2944
8944 13.581191 -4.613922 3.269298 92.0 69.0 56.0 0.2 12 2945
8945 6.724785 -1.417497 2.751838 105.0 70.0 65.0 0.2 12 2946
8946 1.997633 -0.377338 2.786785 98.0 85.0 78.0 0.2 12 2947
8947 0.376787 -0.652180 3.048926 97.0 83.0 77.0 0.2 12 2948
8948 27.610466 -7.473545 3.029207 98.0 83.0 74.0 0.2 12 2949
8949 16.277309 -3.293286 2.732440 97.0 102.0 106.0 0.2 12 2950
8950 2.178833 -0.475398 2.806803 97.0 84.0 76.0 0.2 12 2951
8951 2.927550 -2.537014 3.540804 101.0 89.0 58.0 0.2 12 2952
8952 2.138241 -2.084935 3.434952 95.0 96.0 67.0 0.2 12 2953
8953 4.628149 -2.353334 3.259025 92.0 79.0 64.0 0.2 12 2954
8954 6.442222 -1.529065 2.809182 133.0 83.0 82.0 0.2 12 2955
8955 4.978097 0.107028 2.386223 186.0 182.0 178.0 0.2 12 2956
8956 1.951275 -2.225440 3.523093 88.0 79.0 49.0 0.2 12 2957
8957 9.222596 -4.507807 3.579058 110.0 96.0 84.0 0.2 12 2958
8958 14.831293 -4.554447 3.165545 85.0 61.0 52.0 0.2 12 2959
8959 5.426253 0.559739 2.158540 96.0 84.0 74.0 0.2 12 2960
8960 3.531394 -2.666000 3.499861 100.0 87.0 74.0 0.2 12 2961
8961 9.269051 -4.764909 3.652052 99.0 84.0 76.0 0.2 12 2962
8962 21.486967 -7.344700 3.408582 102.0 90.0 81.0 0.2 12 2963
8963 1.014032 -0.109515 2.752544 85.0 72.0 67.0 0.2 12 2964
8964 16.532070 -5.056714 3.175209 99.0 57.0 49.0 0.2 12 2965
8965 8.062356 -1.534937 2.762399 99.0 80.0 71.0 0.2 12 2966
8966 2.951393 -0.207962 2.585939 78.0 65.0 60.0 0.2 12 2967
8967 0.657919 -0.496832 2.956009 93.0 77.0 69.0 0.2 12 2968
8968 5.613957 -2.950709 3.424886 67.0 38.0 27.0 0.2 12 2969
8969 18.038956 -6.571429 3.456532 98.0 84.0 74.0 0.2 12 2970
8970 2.423043 0.191871 2.524108 94.0 80.0 73.0 0.2 12 2971
8971 2.779521 -1.085399 3.002253 84.0 72.0 67.0 0.2 12 2972
8972 7.602006 -3.544835 3.434037 194.0 171.0 115.0 0.2 12 2973
8973 21.319584 -7.453936 3.449493 99.0 85.0 76.0 0.2 12 2974
8974 4.766538 1.055607 2.027826 98.0 84.0 75.0 0.2 12 2975
8975 3.471829 -1.266937 3.022141 90.0 72.0 63.0 0.2 12 2976
8976 18.175310 -3.864654 2.754549 98.0 90.0 87.0 0.2 12 2977
8977 7.058825 -0.785149 2.548683 98.0 83.0 75.0 0.2 12 2978
8978 2.192720 -1.511986 3.177105 94.0 83.0 79.0 0.2 12 2979
8979 3.327192 -2.763404 3.581162 97.0 82.0 69.0 0.2 12 2980
8980 18.175310 -3.864654 2.754549 98.0 90.0 87.0 0.2 12 2981
8981 7.058825 -0.785149 2.548683 98.0 83.0 75.0 0.2 12 2982
8982 2.192720 -1.511986 3.177105 94.0 83.0 79.0 0.2 12 2983
8983 3.327192 -2.763404 3.581162 97.0 82.0 69.0 0.2 12 2984
8984 1.605387 -2.328965 3.613512 86.0 70.0 60.0 0.2 12 2985
8985 12.273724 -4.238676 3.265526 96.0 73.0 59.0 0.2 12 2986
8986 4.752625 0.328287 2.310251 75.0 83.0 59.0 0.2 12 2987
8987 2.508299 -2.364566 3.514827 88.0 79.0 53.0 0.2 12 2988
8988 11.697020 -5.192861 3.571458 102.0 85.0 72.0 0.2 12 2989
8989 17.871515 -5.352204 3.157435 104.0 65.0 56.0 0.2 12 2990
8990 14.815416 -2.762563 2.687478 99.0 92.0 89.0 0.2 12 2991
8991 6.449207 0.391382 2.150942 98.0 83.0 75.0 0.2 12 2992
8992 0.513514 -0.421107 2.900098 97.0 82.0 73.0 0.2 12 2993
8993 1.973123 -2.116880 3.470971 157.0 154.0 110.0 0.2 12 2994
8994 9.628262 -4.419509 3.519090 147.0 114.0 85.0 0.2 12 2995
8995 15.476723 -4.473926 3.100132 89.0 69.0 60.0 0.2 12 2996
8996 5.585149 0.692853 2.101066 98.0 83.0 75.0 0.2 12 2997
8997 4.472178 -2.743743 3.458145 91.0 71.0 59.0 0.2 12 2998
8998 3.088396 -1.174499 2.945929 109.0 101.0 94.0 0.2 12 2999
8999 0.442087 -0.600897 3.019766 96.0 82.0 75.0 0.2 12 3000
9000 8.258220 -3.192697 3.281051 110.0 73.0 48.0 0.2 12 3001
9001 4.479260 -0.885557 2.720461 97.0 78.0 70.0 0.2 12 3002
9002 1.076991 -0.268130 2.823217 65.0 53.0 48.0 0.2 12 3003
9003 11.833580 -4.309125 3.316522 94.0 60.0 44.0 0.2 12 3004
9004 6.002367 -1.343907 2.766344 108.0 82.0 78.0 0.2 12 3005
9005 1.601853 -0.422279 2.845775 98.0 84.0 76.0 0.2 12 3006
9006 0.244973 -0.730785 3.094217 98.0 84.0 77.0 0.2 12 3007
9007 1.480706 -1.852138 3.411267 92.0 77.0 63.0 0.2 12 3008
9008 5.078344 -0.978100 2.706954 98.0 73.0 65.0 0.2 12 3009
9009 3.843080 0.408003 2.354021 158.0 164.0 147.0 0.2 12 3010
9010 1.480706 -1.852138 3.411267 92.0 77.0 63.0 0.2 12 3011
9011 5.078344 -0.978100 2.706954 98.0 73.0 65.0 0.2 12 3012
9012 3.843080 0.408003 2.354021 158.0 164.0 147.0 0.2 12 3013
9013 4.892026 -2.571085 3.367919 95.0 73.0 61.0 0.2 12 3014
9014 5.218407 -0.907192 2.671361 90.0 63.0 55.0 0.2 12 3015
9015 2.117971 0.348866 2.489452 97.0 82.0 74.0 0.2 12 3016
9016 3.691233 -2.743179 3.511945 52.0 41.0 37.0 0.2 12 3017
9017 25.483753 -7.038711 3.064054 99.0 85.0 74.0 0.2 12 3018
9018 11.159297 -0.452382 2.215907 100.0 92.0 85.0 0.2 12 3019
9019 4.220425 1.000868 2.117355 98.0 85.0 76.0 0.2 12 3020
9020 0.809438 -0.255746 2.827528 32.0 32.0 35.0 0.2 12 3021
9021 0.622581 -1.245967 3.277640 88.0 74.0 68.0 0.2 12 3022
9022 3.691233 -2.743179 3.511945 52.0 41.0 37.0 0.2 12 3023
9023 25.483753 -7.038711 3.064054 99.0 85.0 74.0 0.2 12 3024
9024 11.159297 -0.452382 2.215907 100.0 92.0 85.0 0.2 12 3025
9025 4.220425 1.000868 2.117355 98.0 85.0 76.0 0.2 12 3026
9026 0.809438 -0.255746 2.827528 32.0 32.0 35.0 0.2 12 3027
9027 0.622581 -1.245967 3.277640 88.0 74.0 68.0 0.2 12 3028
9028 0.080163 -1.166634 3.307418 106.0 97.0 93.0 0.2 12 3029
9029 5.878989 -2.267025 3.186338 98.0 83.0 74.0 0.2 12 3030
9030 2.541135 -1.210712 3.013774 102.0 94.0 88.0 0.2 12 3031
9031 15.031614 -4.109375 3.036530 93.0 77.0 68.0 0.2 12 3032
9032 0.781933 -0.236947 2.814586 65.0 64.0 68.0 0.2 12 3033
9033 5.319636 -2.667341 3.362908 94.0 64.0 51.0 0.2 12 3034
9034 2.572079 -0.883701 2.949759 81.0 74.0 71.0 0.2 12 3035
9035 0.667689 -0.422766 2.918608 83.0 67.0 59.0 0.2 12 3036
9036 28.138021 -7.693725 3.047478 98.0 83.0 73.0 0.2 12 3037
9037 16.758314 -3.502286 2.755659 102.0 104.0 107.0 0.2 12 3038
9038 2.256507 -0.547394 2.829450 97.0 84.0 76.0 0.2 12 3039
9039 3.053046 -2.625957 3.562886 99.0 86.0 63.0 0.2 12 3040
9040 6.565023 -0.769849 2.531457 97.0 80.0 71.0 0.2 12 3041
9041 5.391435 -1.460984 2.869268 108.0 84.0 77.0 0.2 12 3042
9042 14.162860 -4.136648 3.104383 67.0 51.0 45.0 0.2 12 3043
9043 2.148241 0.011581 2.616626 68.0 62.0 64.0 0.2 12 3044
9044 5.391435 -1.460984 2.869268 108.0 84.0 77.0 0.2 12 3045
9045 14.162860 -4.136648 3.104383 67.0 51.0 45.0 0.2 12 3046
9046 2.148241 0.011581 2.616626 68.0 62.0 64.0 0.2 12 3047
9047 6.471838 -3.463737 3.504953 112.0 82.0 61.0 0.2 12 3048
9048 4.308407 0.941570 2.100525 97.0 83.0 75.0 0.2 12 3049
9049 2.949174 -0.003175 2.510004 80.0 67.0 61.0 0.2 12 3050
9050 4.066679 -1.436116 2.959245 123.0 118.0 118.0 0.2 12 3051
9051 6.471838 -3.463737 3.504953 112.0 82.0 61.0 0.2 12 3052
9052 4.308407 0.941570 2.100525 97.0 83.0 75.0 0.2 12 3053
9053 2.949174 -0.003175 2.510004 80.0 67.0 61.0 0.2 12 3054
9054 4.066679 -1.436116 2.959245 123.0 118.0 118.0 0.2 12 3055
9055 3.433245 -2.587545 3.493484 97.0 82.0 65.0 0.2 12 3056
9056 4.644955 -2.893437 3.489986 89.0 70.0 58.0 0.2 12 3057
9057 7.295632 -0.439322 2.398016 94.0 80.0 71.0 0.2 12 3058
9058 3.473272 0.978110 2.174720 98.0 83.0 74.0 0.2 12 3059
9059 3.930479 -2.886402 3.551366 98.0 82.0 72.0 0.2 12 3060
9060 12.780945 -4.655153 3.338366 95.0 64.0 48.0 0.2 12 3061
9061 0.747987 0.050477 2.652783 87.0 72.0 63.0 0.2 12 3062
9062 0.239784 -0.774469 3.117863 98.0 86.0 80.0 0.2 12 3063
9063 11.565975 -4.884286 3.494033 126.0 83.0 52.0 0.2 12 3064
9064 1.380183 0.253814 2.574114 96.0 82.0 75.0 0.2 12 3065
9065 0.608444 -0.270168 2.814893 95.0 80.0 71.0 0.2 12 3066
9066 23.438313 -7.612132 3.339701 108.0 99.0 92.0 0.2 12 3067
9067 3.576617 0.318617 2.402076 97.0 102.0 95.0 0.2 12 3068
9068 1.196168 0.028395 2.681946 96.0 82.0 75.0 0.2 12 3069
9069 0.308048 -0.780292 3.115206 96.0 88.0 84.0 0.2 12 3070
9070 1.403173 -1.904545 3.445752 99.0 86.0 72.0 0.2 12 3071
9071 7.968382 0.123499 2.142191 100.0 90.0 82.0 0.2 12 3072
9072 3.756495 0.124997 2.437740 90.0 76.0 68.0 0.2 12 3073
9073 2.053267 -0.726399 2.925483 94.0 83.0 78.0 0.2 12 3074
